customer_id,name,city,state,signup_date,care_plus
C100000,Vikram Singh,Chandigarh,CH,2022-08-14,Y
C100001,Imran George,Bengaluru,KA,2022-10-02,Y
C100002,Vikram Siddiqui,Kolkata,WB,2024-03-22,Y
C100003,Vihaan Mukherjee,Hyderabad,TS,2024-11-16,N
C100004,Siddharth Srivastava,Guwahati,AS,2023-10-05,N
C100005,Deepak Mathew,Kolkata,WB,2024-04-22,N
C100006,Priya Banerjee,Ahmedabad,GJ,2022-12-07,Y
C100007,Kavya Goyal,Vadodara,GJ,2022-08-20,N
C100008,Ishaan Mishra,Bhubaneswar,OR,2023-10-16,Y
C100009,Jaspreet Arora,Bengaluru,KA,2024-03-27,Y
C100010,Ayaan Reddy,Dehradun,UK,2024-12-21,N
C100011,Sunita Pillai,Lucknow,UP,2023-01-18,Y
C100012,Rajat Reddy,Delhi,DL,2023-06-27,Y
C100013,Harsh Kaur,Visakhapatnam,AP,2023-12-19,N
C100014,Yash Mukherjee,Guwahati,AS,2024-12-09,N
C100015,Tarun Pandey,Kolkata,WB,2022-08-17,N
C100016,Komal Naidu,Chandigarh,CH,2024-10-26,N
C100017,Vikram Dhillon,Nashik,MH,2024-04-02,N
C100018,Ayaan Yadav,Dehradun,UK,2024-01-06,Y
C100019,Simran Agarwal,Hyderabad,TS,2024-07-27,N
C100020,Simran Das,Chandigarh,CH,2024-09-27,N
C100021,Zoya Nair,Vadodara,GJ,2023-02-07,Y
C100022,Lobsang Joshi,Indore,MP,2022-11-16,N
C100023,Aarav Patil,Kolkata,WB,2023-05-03,N
C100024,Joseph Ghosh,Vadodara,GJ,2024-12-15,N
C100025,Dev Roy,Raipur,CG,2022-09-19,Y
C100026,Divya Joshi,Bhubaneswar,OR,2023-02-13,N
C100027,Sai Dhillon,Visakhapatnam,AP,2023-09-26,N
C100028,Kavya Kumar,Surat,GJ,2024-02-29,Y
C100029,Abhishek Jain,Visakhapatnam,AP,2023-06-21,Y
C100030,Nikhil Srivastava,Mumbai,MH,2022-10-31,N
C100031,Diya Patil,Patna,BR,2023-05-19,N
C100032,Arjun Mishra,Bhubaneswar,OR,2022-08-10,Y
C100033,Kunal Mittal,Chandigarh,CH,2023-11-28,Y
C100034,Tanvi Mukherjee,Kochi,KL,2024-11-05,Y
C100035,Saanvi Patil,Hyderabad,TS,2024-12-03,Y
C100036,Vivaan Nair,Chandigarh,CH,2023-11-12,N
C100037,Karan Pawar,Chennai,TN,2023-06-13,N
C100038,Gurpreet Bhatt,Visakhapatnam,AP,2024-12-11,N
C100039,Aishwarya Qureshi,Visakhapatnam,AP,2022-12-18,Y
C100040,Ankit Sethi,Ahmedabad,GJ,2023-04-16,N
C100041,Payal Deshpande,Guwahati,AS,2023-09-03,N
C100042,Thomas Mathew,Hyderabad,TS,2024-12-24,N
C100043,Tarun Bose,Bengaluru,KA,2023-09-21,N
C100044,Geeta Bhatt,Raipur,CG,2023-12-21,N
C100045,Nikhil Pereira,Mysuru,KA,2023-06-16,Y
C100046,Dev Desai,Chennai,TN,2023-08-06,N
C100047,Krishna Sheikh,Mysuru,KA,2022-08-15,Y
C100048,Jaspreet Ghosh,Jaipur,RJ,2024-02-14,N
C100049,Krishna Khanna,Indore,MP,2022-08-01,N
C100050,Anjali Chopra,Coimbatore,TN,2023-05-13,N
C100051,Riya Fernandes,Patna,BR,2023-11-09,Y
C100052,Sukhwinder Fernandes,Visakhapatnam,AP,2024-06-08,Y
C100053,Neha Chopra,Noida,UP,2024-03-10,Y
C100054,Aadhya Nair,Visakhapatnam,AP,2022-10-16,N
C100055,Jaspreet Das,Mumbai,MH,2023-12-01,N
C100056,Lakshmi Banerjee,Gurugram,HR,2024-04-28,N
C100057,Ayaan Malhotra,Ahmedabad,GJ,2022-08-03,Y
C100058,Harpreet Bansal,Bhubaneswar,OR,2023-01-20,N
C100059,Vivaan Nair,Kolkata,WB,2024-03-16,Y
C100060,Manpreet Patel,Pune,MH,2024-06-07,N
C100061,Joseph Arora,Guwahati,AS,2024-02-26,N
C100062,Sukhwinder Naidu,Nashik,MH,2022-11-25,Y
C100063,Aditya Iyer,Patna,BR,2023-07-25,N
C100064,Varun Joshi,Jaipur,RJ,2022-11-19,Y
C100065,Zoya D'Souza,Nagpur,MH,2022-10-09,N
C100066,Rahul Ansari,Kolkata,WB,2024-03-19,Y
C100067,Geeta Yadav,Visakhapatnam,AP,2024-09-06,N
C100068,Om Pawar,Jaipur,RJ,2023-08-24,N
C100069,Sameer Khanna,Nagpur,MH,2024-01-13,N
C100070,Deepak Rao,Mysuru,KA,2024-12-08,Y
C100071,Thomas Kaur,Indore,MP,2024-03-25,N
C100072,Steven Agarwal,Patna,BR,2023-02-16,N
C100073,Diya Chopra,Noida,UP,2023-05-07,N
C100074,Bhavna Reddy,Ahmedabad,GJ,2024-03-19,N
C100075,Bhavna Jadhav,Mumbai,MH,2022-12-15,Y
C100076,Reyansh Naidu,Coimbatore,TN,2023-08-03,N
C100077,Pranav Arora,Chennai,TN,2024-06-05,Y
C100078,Bhavna Das,Gurugram,HR,2023-12-21,N
C100079,Lobsang Jain,Ahmedabad,GJ,2024-04-21,Y
C100080,Daniel Dhillon,Dehradun,UK,2023-12-18,N
C100081,Ayaan Chauhan,Ranchi,JH,2023-12-03,Y
C100082,Swati Chopra,Visakhapatnam,AP,2023-10-23,Y
C100083,Deepak Pillai,Pune,MH,2023-11-12,N
C100084,Sameer Verma,Mysuru,KA,2023-02-17,N
C100085,Vihaan Sethi,Bhopal,MP,2024-12-25,Y
C100086,Vivaan Chopra,Guwahati,AS,2023-11-25,N
C100087,Rohan Dhillon,Indore,MP,2024-06-16,N
C100088,Suresh Iyer,Coimbatore,TN,2023-02-01,N
C100089,Nisha Mehta,Surat,GJ,2024-09-14,N
C100090,Neha Siddiqui,Bhubaneswar,OR,2023-01-06,N
C100091,Kavya Jain,Noida,UP,2022-10-02,Y
C100092,Meera Verma,Mysuru,KA,2023-10-27,Y
C100093,Sukhwinder Kapoor,Patna,BR,2024-08-16,N
C100094,Diya Banerjee,Ranchi,JH,2024-11-27,Y
C100095,Swati Mathew,Chennai,TN,2022-09-19,Y
C100096,Varun Joshi,Gurugram,HR,2024-02-09,N
C100097,Yash Fernandes,Mumbai,MH,2023-01-17,N
C100098,Sameer Malhotra,Gurugram,HR,2024-11-21,Y
C100099,Rohan Menon,Bhopal,MP,2023-10-23,N
C100100,Farah Pawar,Dehradun,UK,2023-06-07,N
C100101,Abhishek Gill,Visakhapatnam,AP,2023-08-24,N
C100102,Nikhil Trivedi,Nagpur,MH,2024-09-06,N
C100103,Ishaan Gill,Jaipur,RJ,2022-07-17,N
C100104,Sneha Sheikh,Delhi,DL,2024-11-20,N
C100105,Jaspreet Roy,Indore,MP,2022-07-29,N
C100106,Shreya Kapoor,Kochi,KL,2024-01-12,N
C100107,Farah George,Raipur,CG,2022-11-05,Y
C100108,Simran Jadhav,Noida,UP,2023-02-18,Y
C100109,Vikram Verma,Chennai,TN,2024-03-07,N
C100110,Meera Mehta,Pune,MH,2023-12-13,N
C100111,Harsh Mishra,Jaipur,RJ,2024-05-21,N
C100112,Tenzin Mehta,Surat,GJ,2024-05-24,N
C100113,Joseph Jadhav,Jaipur,RJ,2022-10-08,Y
C100114,Pranav Pereira,Hyderabad,TS,2024-05-25,Y
C100115,Sai Khan,Chennai,TN,2024-07-24,N
C100116,Mohammed Mathew,Ranchi,JH,2024-06-29,N
C100117,Lobsang Patel,Guwahati,AS,2024-04-20,N
C100118,Diya Kaur,Lucknow,UP,2023-03-04,N
C100119,Ritika Menon,Coimbatore,TN,2024-12-03,Y
C100120,Rohit Jain,Nagpur,MH,2024-10-10,N
C100121,Sneha Dutta,Surat,GJ,2024-02-15,N
C100122,Tanvi Varghese,Raipur,CG,2023-02-01,Y
C100123,Manish Gill,Ranchi,JH,2024-11-15,Y
C100124,Aditya Menon,Vadodara,GJ,2024-09-12,N
C100125,Geeta Jain,Lucknow,UP,2022-11-03,Y
C100126,Riya Banerjee,Pune,MH,2024-07-10,N
C100127,Manish Agarwal,Pune,MH,2024-10-04,Y
C100128,Nisha Verma,Chandigarh,CH,2023-03-20,N
C100129,Divya D'Souza,Kochi,KL,2023-07-11,Y
C100130,Neha Das,Kochi,KL,2024-03-23,N
C100131,Krishna Qureshi,Hyderabad,TS,2023-12-28,N
C100132,Ritika Dutta,Coimbatore,TN,2023-01-03,N
C100133,Siddharth Patil,Mumbai,MH,2023-01-03,Y
C100134,Imran Dutta,Surat,GJ,2024-02-22,N
C100135,Ishaan Gupta,Noida,UP,2022-07-21,N
C100136,Varun Gupta,Bhubaneswar,OR,2023-03-22,N
C100137,Lobsang Kaur,Kolkata,WB,2024-10-13,N
C100138,Meera Chauhan,Mysuru,KA,2023-09-06,N
C100139,Harsh Ansari,Thiruvananthapuram,KL,2022-11-08,N
C100140,Thomas Rao,Guwahati,AS,2024-04-23,N
C100141,Sukhwinder Singh,Guwahati,AS,2024-04-04,N
C100142,Aadhya Naidu,Noida,UP,2023-11-25,N
C100143,Aarav Khanna,Lucknow,UP,2024-03-17,N
C100144,Sunita Srivastava,Nashik,MH,2023-09-12,N
C100145,Priya Mehta,Delhi,DL,2023-07-21,N
C100146,Rohan Arora,Kolkata,WB,2023-07-15,N
C100147,Nikhil Gaikwad,Kolkata,WB,2024-01-07,N
C100148,Lakshmi Roy,Patna,BR,2023-10-11,N
C100149,Vivaan Jadhav,Ranchi,JH,2022-07-30,N
C100150,Simran Ansari,Mysuru,KA,2024-09-03,N
C100151,Nisha Agarwal,Lucknow,UP,2022-09-14,N
C100152,Simran Siddiqui,Delhi,DL,2023-02-06,N
C100153,Pooja Siddiqui,Pune,MH,2023-06-07,Y
C100154,Arjun Chopra,Delhi,DL,2024-11-11,N
C100155,Priya Patil,Thiruvananthapuram,KL,2024-08-28,Y
C100156,Kavya Fernandes,Bengaluru,KA,2023-06-27,N
C100157,Abhishek Pereira,Kolkata,WB,2024-03-29,N
C100158,Aadhya Chauhan,Mumbai,MH,2022-12-28,N
C100159,Lobsang Goyal,Surat,GJ,2023-02-22,Y
C100160,Payal Rathore,Indore,MP,2023-02-22,N
C100161,Amit Dutta,Patna,BR,2024-07-11,N
C100162,Vikram Sethi,Kolkata,WB,2024-06-08,N
C100163,Ananya Patel,Ahmedabad,GJ,2022-10-02,N
C100164,Ankit Jain,Dehradun,UK,2023-12-08,N
C100165,Vikram Menon,Ranchi,JH,2024-12-20,Y
C100166,Rohit Mathew,Patna,BR,2023-07-14,N
C100167,Neha Singh,Indore,MP,2022-10-19,Y
C100168,Arjun Ansari,Bhopal,MP,2023-04-22,N
C100169,Reyansh Agarwal,Noida,UP,2023-02-03,Y
C100170,Aditya Ansari,Gurugram,HR,2023-01-27,N
C100171,Bhavna Khan,Noida,UP,2023-06-13,Y
C100172,Sai Kumar,Coimbatore,TN,2024-04-15,N
C100173,Pranav Menon,Bhubaneswar,OR,2023-05-17,Y
C100174,Daniel Mehta,Jaipur,RJ,2024-03-26,Y
C100175,Simran Mukherjee,Mysuru,KA,2023-05-29,N
C100176,Shreya Bansal,Hyderabad,TS,2024-09-10,Y
C100177,Vivaan Shah,Vadodara,GJ,2024-04-15,N
C100178,Reyansh Dhillon,Nashik,MH,2023-02-10,N
C100179,Thomas Menon,Bhopal,MP,2022-08-31,Y
C100180,Geeta Pandey,Bhubaneswar,OR,2024-12-30,Y
C100181,Siddharth Arora,Nagpur,MH,2024-12-30,Y
C100182,Steven Siddiqui,Gurugram,HR,2024-12-13,Y
C100183,Harpreet Desai,Kolkata,WB,2023-03-11,Y
C100184,Kavya Srivastava,Chandigarh,CH,2024-07-20,N
C100185,Ishaan Mittal,Bengaluru,KA,2023-09-07,N
C100186,Shreya Mathew,Nagpur,MH,2022-11-04,N
C100187,Aishwarya Reddy,Patna,BR,2023-06-06,N
C100188,Daniel Pillai,Nashik,MH,2023-12-18,N
C100189,Komal Gaikwad,Hyderabad,TS,2023-12-12,N
C100190,Pranav Qureshi,Chandigarh,CH,2023-06-05,N
C100191,Vivaan Qureshi,Visakhapatnam,AP,2023-06-13,Y
C100192,Reyansh Chopra,Dehradun,UK,2022-10-27,Y
C100193,Siddharth Srivastava,Ahmedabad,GJ,2024-09-10,N
C100194,Tarun Jain,Jaipur,RJ,2023-02-23,N
C100195,Om Nair,Nagpur,MH,2023-10-14,N
C100196,Anjali Khanna,Mumbai,MH,2024-06-10,N
C100197,Tenzin Joshi,Mumbai,MH,2022-08-28,Y
C100198,Komal Joshi,Ahmedabad,GJ,2023-08-27,N
C100199,Om Sen,Jaipur,RJ,2024-01-11,N
C100200,Amit Varghese,Delhi,DL,2024-05-30,N
C100201,Ayaan Patel,Guwahati,AS,2024-05-08,N
C100202,Dev Rathore,Bhubaneswar,OR,2022-12-27,Y
C100203,Daniel George,Chandigarh,CH,2024-02-12,N
C100204,Faisal Gill,Ahmedabad,GJ,2023-02-26,N
C100205,Isha Kaur,Visakhapatnam,AP,2023-07-23,N
C100206,Arjun Gaikwad,Delhi,DL,2024-12-11,Y
C100207,Pooja Patel,Mumbai,MH,2023-04-13,Y
C100208,Ishaan Khan,Kolkata,WB,2022-11-06,N
C100209,Karan Goyal,Noida,UP,2024-01-21,N
C100210,Ishaan Rathore,Bhubaneswar,OR,2022-11-19,Y
C100211,Payal Dhillon,Dehradun,UK,2023-02-27,N
C100212,Reyansh Kulkarni,Kolkata,WB,2023-11-11,N
C100213,Nikhil Agarwal,Visakhapatnam,AP,2022-09-08,Y
C100214,Sukhwinder Mehta,Chennai,TN,2023-06-23,Y
C100215,Pranav Ghosh,Surat,GJ,2024-03-14,Y
C100216,Nisha Joshi,Chandigarh,CH,2023-12-31,Y
C100217,Daniel Ansari,Surat,GJ,2023-02-17,N
C100218,Zoya Sharma,Nashik,MH,2024-03-22,N
C100219,Meera Trivedi,Jaipur,RJ,2023-11-19,N
C100220,Tarun Khan,Guwahati,AS,2023-12-02,Y
C100221,Zaid Kapoor,Kolkata,WB,2024-03-14,N
C100222,Siddharth Chopra,Ranchi,JH,2023-10-13,N
C100223,Vikram Ansari,Delhi,DL,2024-09-29,N
C100224,Faisal Chopra,Chennai,TN,2022-12-16,N
C100225,Kavya Kumar,Hyderabad,TS,2022-10-29,N
C100226,Lakshmi Gupta,Indore,MP,2023-03-06,Y
C100227,Isha Shah,Lucknow,UP,2023-06-28,N
C100228,Steven Ghosh,Indore,MP,2022-08-04,Y
C100229,Aarav Dutta,Mumbai,MH,2024-11-23,N
C100230,Anjali Shah,Nashik,MH,2023-03-17,Y
C100231,Siddharth Kapoor,Guwahati,AS,2023-02-14,N
C100232,Steven D'Souza,Vadodara,GJ,2024-03-26,N
C100233,Vikram Dhillon,Thiruvananthapuram,KL,2023-02-05,N
C100234,Tarun Iyer,Ranchi,JH,2024-08-04,N
C100235,Varun Kumar,Ranchi,JH,2024-03-24,Y
C100236,Kavya Kapoor,Delhi,DL,2023-10-08,N
C100237,Riya Agarwal,Indore,MP,2022-08-26,N
C100238,Harsh Arora,Bhubaneswar,OR,2024-08-16,N
C100239,Kavya Kaur,Pune,MH,2023-08-21,N
C100240,Ayaan Reddy,Bhopal,MP,2023-02-01,Y
C100241,Harsh Naidu,Nashik,MH,2023-09-23,N
C100242,Vivaan Kumar,Coimbatore,TN,2022-08-18,N
C100243,Komal Siddiqui,Bhubaneswar,OR,2023-01-04,Y
C100244,Joseph Pillai,Raipur,CG,2023-04-20,N
C100245,Daniel Deshpande,Hyderabad,TS,2023-06-16,N
C100246,Zaid Sheikh,Chennai,TN,2023-09-26,Y
C100247,Sameer Kumar,Mysuru,KA,2023-05-10,Y
C100248,Megha Ansari,Gurugram,HR,2022-09-16,N
C100249,Aarav Patel,Gurugram,HR,2023-07-14,N
C100250,Amit Pillai,Vadodara,GJ,2022-09-15,N
C100251,Zaid Singh,Ahmedabad,GJ,2023-06-05,N
C100252,Isha Gupta,Coimbatore,TN,2023-02-20,N
C100253,Aditya Varghese,Raipur,CG,2023-01-17,N
C100254,Jaspreet Mittal,Bhopal,MP,2024-08-19,N
C100255,Manish Roy,Mumbai,MH,2023-09-13,N
C100256,Mohammed Khanna,Thiruvananthapuram,KL,2024-05-11,N
C100257,Vivaan Mittal,Thiruvananthapuram,KL,2023-03-15,N
C100258,Vikram Bose,Kolkata,WB,2023-06-02,Y
C100259,Faisal Verma,Bengaluru,KA,2022-07-19,N
C100260,Imran Kaur,Bhubaneswar,OR,2024-09-24,N
C100261,Reyansh Gupta,Vadodara,GJ,2022-11-13,N
C100262,Pooja Kapoor,Chennai,TN,2024-05-30,N
C100263,Sameer Sheikh,Nagpur,MH,2022-07-31,N
C100264,Zoya Ghosh,Gurugram,HR,2022-09-14,N
C100265,Tanvi Singh,Guwahati,AS,2023-07-06,N
C100266,Meera Arora,Surat,GJ,2024-12-25,N
C100267,Mohammed Roy,Ahmedabad,GJ,2024-09-22,N
C100268,Mohammed Goyal,Ranchi,JH,2024-04-24,N
C100269,Bhavna Fernandes,Chandigarh,CH,2023-04-28,N
C100270,Harpreet Sethi,Lucknow,UP,2023-02-10,N
C100271,Tanvi Mehta,Guwahati,AS,2023-06-12,N
C100272,Ayaan Pereira,Pune,MH,2023-11-28,N
C100273,Pooja Deshpande,Surat,GJ,2022-11-01,Y
C100274,Manpreet Deshpande,Kochi,KL,2024-07-04,N
C100275,Sai Bose,Patna,BR,2022-09-26,N
C100276,Shreya Sharma,Hyderabad,TS,2023-12-30,N
C100277,Harsh Bansal,Bengaluru,KA,2024-10-19,Y
C100278,Karan Das,Bengaluru,KA,2023-03-31,Y
C100279,Om Arora,Gurugram,HR,2024-01-27,Y
C100280,Dev Kulkarni,Bhubaneswar,OR,2024-04-30,Y
C100281,Payal Roy,Kolkata,WB,2024-08-27,Y
C100282,Vihaan Sen,Guwahati,AS,2024-04-25,N
C100283,Farah Tiwari,Guwahati,AS,2022-10-02,Y
C100284,Amit Goyal,Delhi,DL,2024-08-30,N
C100285,Lakshmi Goyal,Kochi,KL,2023-10-12,N
C100286,Suresh Siddiqui,Mysuru,KA,2024-11-25,N
C100287,Dev Banerjee,Pune,MH,2023-06-18,N
C100288,Rajat Banerjee,Indore,MP,2022-10-13,Y
C100289,Vivaan Yadav,Kolkata,WB,2022-08-06,N
C100290,Tenzin Malhotra,Ranchi,JH,2022-09-23,N
C100291,Pooja Pillai,Delhi,DL,2024-02-16,N
C100292,Pranav Sandhu,Coimbatore,TN,2023-11-25,N
C100293,Mohammed Shinde,Kolkata,WB,2024-12-26,N
C100294,Farah Shah,Bhubaneswar,OR,2023-10-05,Y
C100295,Sukhwinder Roy,Pune,MH,2023-08-30,Y
C100296,Gurpreet Jadhav,Ahmedabad,GJ,2023-07-04,N
C100297,Sameer Trivedi,Bengaluru,KA,2024-02-21,N
C100298,Zoya Arora,Bhopal,MP,2023-01-10,N
C100299,Daniel Kulkarni,Raipur,CG,2022-12-23,Y
C100300,Siddharth Kumar,Noida,UP,2024-12-19,Y
C100301,Meera Banerjee,Mysuru,KA,2024-02-08,N
C100302,Pranav Mukherjee,Ranchi,JH,2023-07-16,Y
C100303,Ankit Goyal,Visakhapatnam,AP,2022-10-01,N
C100304,Simran Naidu,Jaipur,RJ,2023-09-22,N
C100305,Zaid Desai,Lucknow,UP,2024-07-22,Y
C100306,Harsh Yadav,Thiruvananthapuram,KL,2024-07-22,Y
C100307,Yash Kulkarni,Vadodara,GJ,2023-03-14,N
C100308,Harpreet Goyal,Patna,BR,2022-09-20,N
C100309,Mohammed Khan,Hyderabad,TS,2022-10-11,Y
C100310,Sunita Jadhav,Indore,MP,2023-04-27,Y
C100311,Mohammed Arora,Raipur,CG,2022-09-09,N
C100312,Gurpreet Yadav,Coimbatore,TN,2023-04-19,N
C100313,Gurpreet Bhatt,Kolkata,WB,2023-06-08,N
C100314,Varun Pillai,Patna,BR,2024-04-09,N
C100315,Farah Mehta,Delhi,DL,2023-04-12,N
C100316,Joseph Chopra,Kolkata,WB,2023-09-05,N
C100317,Komal Sharma,Chennai,TN,2022-11-23,N
C100318,Om Tiwari,Coimbatore,TN,2024-11-16,N
C100319,Krishna Pillai,Kolkata,WB,2024-05-02,N
C100320,Farah Deshpande,Gurugram,HR,2024-01-22,N
C100321,Vivaan Sandhu,Nagpur,MH,2022-10-29,N
C100322,Aadhya Arora,Kolkata,WB,2024-09-22,Y
C100323,Sunita Pawar,Raipur,CG,2023-12-16,N
C100324,Pooja Bansal,Ahmedabad,GJ,2024-11-18,Y
C100325,Siddharth Kulkarni,Bhopal,MP,2023-03-28,Y
C100326,Rohit Pawar,Kochi,KL,2023-01-21,N
C100327,Lobsang Jadhav,Hyderabad,TS,2024-07-18,N
C100328,Deepak Bhatt,Ahmedabad,GJ,2024-07-14,N
C100329,Siddharth Das,Ranchi,JH,2024-03-14,N
C100330,Ramesh Siddiqui,Jaipur,RJ,2024-08-04,N
C100331,Yash Patil,Visakhapatnam,AP,2024-04-11,Y
C100332,Kabir Chauhan,Mumbai,MH,2024-06-15,N
C100333,Aditya Sheikh,Mumbai,MH,2024-12-17,Y
C100334,Payal Arora,Ranchi,JH,2023-12-15,Y
C100335,Kavya Mittal,Coimbatore,TN,2023-09-04,N
C100336,Tenzin Naidu,Coimbatore,TN,2023-07-24,N
C100337,Tarun Naidu,Visakhapatnam,AP,2022-10-21,N
C100338,Sneha Mittal,Indore,MP,2023-09-21,N
C100339,Daniel Mathew,Delhi,DL,2023-05-17,N
C100340,Gurpreet Mukherjee,Indore,MP,2022-12-11,Y
C100341,Ananya Mukherjee,Kolkata,WB,2022-12-09,N
C100342,Saanvi Reddy,Visakhapatnam,AP,2022-10-01,N
C100343,Nisha Bansal,Gurugram,HR,2024-09-13,Y
C100344,Rahul Mittal,Noida,UP,2023-09-22,Y
C100345,Nisha Jadhav,Jaipur,RJ,2023-10-01,N
C100346,Kabir Iyer,Delhi,DL,2024-10-10,N
C100347,Sameer Naidu,Ahmedabad,GJ,2024-08-28,Y
C100348,Farah Deshpande,Thiruvananthapuram,KL,2024-08-14,N
C100349,Nikhil Pandey,Kolkata,WB,2024-04-13,N
C100350,Bhavna Gaikwad,Hyderabad,TS,2024-02-21,N
C100351,Suresh Mehta,Kolkata,WB,2023-08-19,N
C100352,Kavya Rao,Bengaluru,KA,2023-09-27,N
C100353,Reyansh Das,Bhopal,MP,2024-12-14,Y
C100354,Tarun Pawar,Delhi,DL,2023-04-19,N
C100355,Yash Mathew,Guwahati,AS,2022-12-26,N
C100356,Pooja Ansari,Coimbatore,TN,2024-02-04,Y
C100357,Vivaan Tiwari,Coimbatore,TN,2023-07-21,N
C100358,Sunita Bose,Hyderabad,TS,2023-02-25,N
C100359,Thomas Malhotra,Visakhapatnam,AP,2024-11-18,N
C100360,Manpreet Naidu,Patna,BR,2024-07-30,N
C100361,Ankit Mishra,Mysuru,KA,2023-10-22,N
C100362,Saanvi Kaur,Thiruvananthapuram,KL,2024-12-02,Y
C100363,Mohammed George,Raipur,CG,2023-12-13,Y
C100364,Faisal Bansal,Lucknow,UP,2024-02-07,N
C100365,Steven Pandey,Kochi,KL,2024-10-19,N
C100366,Zaid Patil,Kolkata,WB,2023-02-24,Y
C100367,Reyansh Ansari,Indore,MP,2022-08-12,N
C100368,Vikram Iyer,Bhubaneswar,OR,2023-02-19,N
C100369,Riya Qureshi,Guwahati,AS,2024-02-24,Y
C100370,Thomas Kaur,Kochi,KL,2022-11-03,N
C100371,Kabir Kapoor,Bhubaneswar,OR,2023-03-10,Y
C100372,Sai Dutta,Thiruvananthapuram,KL,2022-10-11,N
C100373,Neha Arora,Bengaluru,KA,2024-09-19,Y
C100374,Sukhwinder Reddy,Vadodara,GJ,2023-02-09,N
C100375,Ritika Gill,Nagpur,MH,2023-04-26,N
C100376,Nisha Kaur,Bengaluru,KA,2023-04-12,Y
C100377,Steven Sharma,Kochi,KL,2023-07-25,N
C100378,Vikram Sharma,Bengaluru,KA,2022-10-19,Y
C100379,Ritika Naidu,Bengaluru,KA,2023-08-05,Y
C100380,Aarav Chopra,Bhubaneswar,OR,2024-09-04,Y
C100381,Neha Rathore,Kochi,KL,2024-07-26,N
C100382,Ritika Khanna,Jaipur,RJ,2024-12-01,N
C100383,Om Patil,Coimbatore,TN,2024-06-17,N
C100384,Gurpreet Srivastava,Nashik,MH,2022-10-06,N
C100385,Deepak Nair,Patna,BR,2022-08-06,N
C100386,Jaspreet Fernandes,Mysuru,KA,2024-02-04,N
C100387,Vikram Jain,Raipur,CG,2024-01-04,Y
C100388,Suresh Shinde,Vadodara,GJ,2023-07-08,N
C100389,Abhishek Agarwal,Thiruvananthapuram,KL,2023-12-06,N
C100390,Vihaan Jain,Bhopal,MP,2023-10-13,Y
C100391,Megha Banerjee,Kochi,KL,2023-02-23,Y
C100392,Faisal Chopra,Ranchi,JH,2024-03-28,N
C100393,Ayaan Saxena,Thiruvananthapuram,KL,2023-05-16,Y
C100394,Manish Khanna,Vadodara,GJ,2023-05-18,Y
C100395,Om Yadav,Jaipur,RJ,2024-07-23,N
C100396,Pooja Naidu,Surat,GJ,2024-12-07,N
C100397,Gurpreet Bansal,Guwahati,AS,2023-05-10,N
C100398,Lobsang Khan,Kochi,KL,2022-08-24,N
C100399,Gurpreet Deshpande,Delhi,DL,2022-11-06,N
C100400,Steven Nair,Thiruvananthapuram,KL,2024-03-31,N
C100401,Anjali Qureshi,Thiruvananthapuram,KL,2023-08-22,Y
C100402,Vivaan Khanna,Delhi,DL,2023-08-13,N
C100403,Jaspreet Verma,Dehradun,UK,2023-12-30,N
C100404,Vivaan Sandhu,Noida,UP,2023-12-21,N
C100405,Imran Naidu,Guwahati,AS,2024-07-17,N
C100406,Farah Kapoor,Visakhapatnam,AP,2023-08-30,N
C100407,Ishaan Bansal,Pune,MH,2024-07-18,N
C100408,Aarav Mathew,Ranchi,JH,2024-08-23,Y
C100409,Sai Gupta,Thiruvananthapuram,KL,2023-09-24,N
C100410,Isha Mishra,Bengaluru,KA,2023-01-25,N
C100411,Lakshmi Shinde,Nagpur,MH,2023-07-26,N
C100412,Rohit Singh,Jaipur,RJ,2023-01-06,N
C100413,Rohit Naidu,Noida,UP,2023-05-05,N
C100414,Kunal Chopra,Chennai,TN,2023-04-09,N
C100415,Gurpreet Kumar,Nashik,MH,2024-11-09,N
C100416,Dev Khanna,Nagpur,MH,2022-10-30,N
C100417,Jaspreet Rao,Nashik,MH,2022-12-04,N
C100418,Reyansh Verma,Coimbatore,TN,2024-01-06,Y
C100419,Rahul Reddy,Lucknow,UP,2023-02-24,N
C100420,Manish Singh,Thiruvananthapuram,KL,2023-05-21,Y
C100421,Divya Chauhan,Mumbai,MH,2022-09-16,N
C100422,Kavya Chopra,Chandigarh,CH,2023-04-28,N
C100423,Saanvi Kumar,Bhubaneswar,OR,2023-10-31,N
C100424,Sameer Gupta,Ahmedabad,GJ,2023-11-28,Y
C100425,Tanvi Trivedi,Indore,MP,2024-09-20,Y
C100426,Kunal Dutta,Guwahati,AS,2024-06-22,N
C100427,Yash Shah,Lucknow,UP,2024-11-04,N
C100428,Manpreet Dutta,Pune,MH,2024-12-25,N
C100429,Abhishek Malhotra,Ahmedabad,GJ,2023-05-05,N
C100430,Ankit Nair,Nashik,MH,2024-01-17,Y
C100431,Faisal Trivedi,Indore,MP,2022-12-15,Y
C100432,Faisal Varghese,Kolkata,WB,2024-10-24,N
C100433,Priya Naidu,Kochi,KL,2023-01-12,N
C100434,Ayaan Mathew,Kochi,KL,2023-09-05,N
C100435,Vivaan Kulkarni,Coimbatore,TN,2023-07-09,N
C100436,Ananya Verma,Chandigarh,CH,2023-04-28,N
C100437,Farah Sen,Surat,GJ,2023-02-19,N
C100438,Suresh Trivedi,Surat,GJ,2023-05-25,N
C100439,Aditya Khan,Lucknow,UP,2024-02-08,N
C100440,Harpreet Saxena,Bengaluru,KA,2024-11-17,N
C100441,Anjali Saxena,Vadodara,GJ,2022-10-13,N
C100442,Manish Arora,Jaipur,RJ,2023-05-15,N
C100443,Tenzin Desai,Kochi,KL,2023-07-26,N
C100444,Arjun Sethi,Nagpur,MH,2024-05-24,N
C100445,Meera Tiwari,Bhubaneswar,OR,2022-09-29,N
C100446,Ayaan Gill,Delhi,DL,2023-09-11,N
C100447,Manish Fernandes,Lucknow,UP,2023-02-11,Y
C100448,Steven Patil,Hyderabad,TS,2024-03-18,Y
C100449,Tarun Chauhan,Patna,BR,2023-10-12,N
C100450,Vivaan Varghese,Coimbatore,TN,2023-03-06,Y
C100451,Aadhya Shinde,Noida,UP,2024-11-21,Y
C100452,Pranav Yadav,Chennai,TN,2024-01-16,Y
C100453,Arjun Roy,Delhi,DL,2023-01-28,N
C100454,Riya Shinde,Dehradun,UK,2022-08-17,Y
C100455,Simran Roy,Hyderabad,TS,2023-07-31,N
C100456,Steven Bhatia,Mumbai,MH,2022-11-27,N
C100457,Diya Sen,Kolkata,WB,2024-02-13,N
C100458,Divya Malhotra,Indore,MP,2023-11-30,Y
C100459,Ramesh Bansal,Vadodara,GJ,2022-08-20,N
C100460,Zaid Varghese,Delhi,DL,2024-07-05,N
C100461,Sameer Sharma,Guwahati,AS,2023-08-16,N
C100462,Tanvi Shah,Noida,UP,2022-10-22,Y
C100463,Megha D'Souza,Bhopal,MP,2023-05-29,N
C100464,Karan Kaur,Coimbatore,TN,2023-03-07,N
C100465,Sukhwinder Ansari,Jaipur,RJ,2023-01-14,N
C100466,Amit Gill,Raipur,CG,2024-10-28,N
C100467,Kunal Sharma,Nashik,MH,2023-08-14,N
C100468,Kunal Nair,Guwahati,AS,2024-02-11,N
C100469,Vikram Tiwari,Chennai,TN,2022-07-18,N
C100470,Deepak Trivedi,Gurugram,HR,2024-06-16,N
C100471,Abhishek Sethi,Coimbatore,TN,2023-01-24,N
C100472,Kunal Dhillon,Patna,BR,2022-12-05,N
C100473,Zoya Naidu,Raipur,CG,2023-09-19,N
C100474,Aditya Pereira,Gurugram,HR,2024-01-16,N
C100475,Rahul Reddy,Kochi,KL,2023-02-20,Y
C100476,Divya Arora,Raipur,CG,2024-09-23,N
C100477,Swati Mishra,Chennai,TN,2023-08-03,Y
C100478,Nisha Dutta,Coimbatore,TN,2024-04-11,N
C100479,Mohammed Sharma,Hyderabad,TS,2024-07-11,N
C100480,Payal Rao,Mumbai,MH,2023-11-05,N
C100481,Lakshmi Iyer,Mumbai,MH,2022-10-07,N
C100482,Harpreet Sethi,Surat,GJ,2022-11-30,N
C100483,Lakshmi Chatterjee,Guwahati,AS,2022-12-17,N
C100484,Rohit Mittal,Patna,BR,2023-11-04,N
C100485,Kabir Siddiqui,Chennai,TN,2022-12-05,Y
C100486,Manish Gupta,Nashik,MH,2024-09-01,Y
C100487,Tanvi Gaikwad,Kolkata,WB,2024-03-08,N
C100488,Pooja Patel,Kochi,KL,2024-07-01,Y
C100489,Amit Desai,Lucknow,UP,2023-05-15,N
C100490,Om Agarwal,Nagpur,MH,2024-02-11,N
C100491,Saanvi Jadhav,Noida,UP,2023-02-05,N
C100492,Riya Sethi,Chennai,TN,2023-03-10,N
C100493,Swati Bhatt,Patna,BR,2023-11-30,N
C100494,Karan Jain,Jaipur,RJ,2023-01-19,N
C100495,Aadhya Banerjee,Patna,BR,2022-11-01,Y
C100496,Diya Goyal,Vadodara,GJ,2023-04-27,Y
C100497,Pranav Saxena,Jaipur,RJ,2023-10-07,N
C100498,Zoya Srivastava,Chandigarh,CH,2023-07-30,Y
C100499,Swati Malhotra,Nashik,MH,2024-09-17,N
C100500,Komal Bhatt,Vadodara,GJ,2023-10-19,N
C100501,Shreya Goyal,Chennai,TN,2024-04-14,Y
C100502,Manpreet Mishra,Jaipur,RJ,2024-01-27,Y
C100503,Neha Pillai,Chennai,TN,2023-01-02,Y
C100504,Tanvi Bhatt,Gurugram,HR,2022-08-03,Y
C100505,Vihaan Ansari,Raipur,CG,2023-06-30,Y
C100506,Rohan George,Thiruvananthapuram,KL,2022-10-15,N
C100507,Kunal Dhillon,Kolkata,WB,2023-03-09,N
C100508,Pooja Trivedi,Chandigarh,CH,2022-11-14,N
C100509,Sunita Reddy,Bhopal,MP,2024-02-26,N
C100510,Deepak Bhatt,Hyderabad,TS,2024-12-29,N
C100511,Amit Banerjee,Hyderabad,TS,2024-11-04,N
C100512,Tanvi Siddiqui,Kolkata,WB,2024-08-21,N
C100513,Imran Gupta,Delhi,DL,2023-02-12,N
C100514,Swati Jain,Kolkata,WB,2023-10-13,Y
C100515,Kavya Mathew,Mysuru,KA,2024-10-08,N
C100516,Jaspreet Qureshi,Chennai,TN,2022-10-22,N
C100517,Sukhwinder Patel,Patna,BR,2024-08-20,Y
C100518,Mohammed Jadhav,Mumbai,MH,2023-04-14,Y
C100519,Harpreet Chopra,Guwahati,AS,2024-03-27,N
C100520,Payal Chauhan,Chandigarh,CH,2024-06-19,N
C100521,Ritika Iyer,Bhubaneswar,OR,2024-04-09,N
C100522,Anjali Gupta,Surat,GJ,2024-12-14,N
C100523,Swati Chauhan,Noida,UP,2023-06-01,Y
C100524,Payal Bansal,Surat,GJ,2023-08-11,N
C100525,Sneha Rathore,Chandigarh,CH,2023-02-15,N
C100526,Sukhwinder Bhatia,Bengaluru,KA,2024-01-15,N
C100527,Pranav Rathore,Bhubaneswar,OR,2024-04-06,N
C100528,Lobsang Dhillon,Kochi,KL,2022-10-28,Y
C100529,Suresh Mehta,Surat,GJ,2023-12-09,N
C100530,Vivaan Sandhu,Bengaluru,KA,2022-07-17,Y
C100531,Gurpreet D'Souza,Nashik,MH,2024-06-23,N
C100532,Zaid Banerjee,Indore,MP,2024-05-31,N
C100533,Sneha Nair,Chennai,TN,2022-11-04,Y
C100534,Rahul Sethi,Bengaluru,KA,2022-07-26,Y
C100535,Ankit Mathew,Coimbatore,TN,2024-08-08,Y
C100536,Divya Chatterjee,Bhopal,MP,2024-07-08,N
C100537,Shreya Jadhav,Vadodara,GJ,2023-09-21,N
C100538,Meera Chatterjee,Surat,GJ,2024-02-27,Y
C100539,Kunal Banerjee,Surat,GJ,2022-11-09,N
C100540,Tanvi Kumar,Bengaluru,KA,2024-08-02,Y
C100541,Tenzin Jadhav,Kolkata,WB,2024-10-01,N
C100542,Manish Srivastava,Mumbai,MH,2022-11-27,N
C100543,Abhishek Desai,Nashik,MH,2024-03-15,N
C100544,Ananya Pawar,Chandigarh,CH,2022-10-04,Y
C100545,Komal Siddiqui,Kolkata,WB,2024-08-20,N
C100546,Vihaan Khan,Mumbai,MH,2024-10-01,N
C100547,Payal Sheikh,Delhi,DL,2023-07-27,N
C100548,Ishaan Fernandes,Lucknow,UP,2023-01-11,N
C100549,Varun Shah,Lucknow,UP,2023-02-02,N
C100550,Kavya Bose,Thiruvananthapuram,KL,2024-07-29,N
C100551,Deepak Patil,Raipur,CG,2023-04-14,Y
C100552,Kabir Kulkarni,Visakhapatnam,AP,2024-01-05,N
C100553,Suresh Goyal,Ranchi,JH,2023-08-15,N
C100554,Swati Sethi,Coimbatore,TN,2023-04-24,N
C100555,Zaid Chauhan,Noida,UP,2023-11-21,Y
C100556,Lobsang Ansari,Indore,MP,2022-09-07,Y
C100557,Sai Fernandes,Visakhapatnam,AP,2023-07-14,N
C100558,Ayaan Mathew,Jaipur,RJ,2024-02-01,Y
C100559,Jaspreet Kumar,Delhi,DL,2024-09-02,Y
C100560,Imran Sandhu,Dehradun,UK,2024-07-28,N
C100561,Steven Bose,Chandigarh,CH,2022-11-11,N
C100562,Aditya Qureshi,Patna,BR,2022-08-16,Y
C100563,Ramesh Shah,Hyderabad,TS,2024-05-29,N
C100564,Gurpreet Trivedi,Bengaluru,KA,2024-11-15,N
C100565,Rohan Joshi,Gurugram,HR,2024-09-27,N
C100566,Amit Varghese,Delhi,DL,2024-06-22,N
C100567,Karan Ansari,Bhopal,MP,2024-11-29,Y
C100568,Neha Deshpande,Gurugram,HR,2023-04-12,N
C100569,Om Verma,Gurugram,HR,2023-07-28,Y
C100570,Kavya Chauhan,Kochi,KL,2024-08-16,Y
C100571,Manpreet Kapoor,Mysuru,KA,2022-12-31,N
C100572,Ankit Sandhu,Bengaluru,KA,2023-10-17,N
C100573,Harsh Trivedi,Ahmedabad,GJ,2022-11-03,N
C100574,Saanvi Pawar,Chandigarh,CH,2022-11-03,N
C100575,Reyansh Menon,Coimbatore,TN,2023-05-29,N
C100576,Sneha Sharma,Pune,MH,2023-01-08,N
C100577,Priya Jain,Ranchi,JH,2022-08-17,N
C100578,Vikram Sandhu,Hyderabad,TS,2024-04-07,N
C100579,Zoya Gill,Bhubaneswar,OR,2024-05-10,Y
C100580,Jaspreet Fernandes,Raipur,CG,2024-10-31,N
C100581,Nisha Bose,Chandigarh,CH,2023-10-12,N
C100582,Krishna Pereira,Bhopal,MP,2023-11-15,N
C100583,Saanvi Fernandes,Indore,MP,2023-07-04,N
C100584,Aishwarya Qureshi,Bhubaneswar,OR,2023-04-23,Y
C100585,Sai Shah,Hyderabad,TS,2024-02-28,N
C100586,Rahul Dhillon,Delhi,DL,2022-11-25,N
C100587,Karan Patel,Kochi,KL,2024-02-03,N
C100588,Sameer Mathew,Mumbai,MH,2023-10-02,N
C100589,Zoya Dutta,Nashik,MH,2023-07-02,N
C100590,Yash Das,Delhi,DL,2022-10-16,N
C100591,Rohit Khanna,Bhopal,MP,2024-01-05,N
C100592,Kavya Saxena,Jaipur,RJ,2022-07-16,N
C100593,Ishaan Pandey,Guwahati,AS,2022-09-26,N
C100594,Zaid Chauhan,Visakhapatnam,AP,2022-10-25,N
C100595,Suresh Chatterjee,Raipur,CG,2022-09-16,Y
C100596,Isha Joshi,Kochi,KL,2023-04-29,N
C100597,Geeta Deshpande,Lucknow,UP,2023-03-16,N
C100598,Amit Kulkarni,Pune,MH,2023-09-06,N
C100599,Bhavna Verma,Nashik,MH,2024-08-15,Y
C100600,Harsh George,Dehradun,UK,2023-10-16,Y
C100601,Dev Mishra,Bengaluru,KA,2024-03-02,N
C100602,Sukhwinder Desai,Indore,MP,2023-12-27,Y
C100603,Zaid Sheikh,Hyderabad,TS,2023-03-14,N
C100604,Saanvi Kaur,Nashik,MH,2023-04-30,N
C100605,Anjali Sen,Dehradun,UK,2024-04-16,N
C100606,Siddharth Agarwal,Visakhapatnam,AP,2024-05-05,N
C100607,Farah Pawar,Gurugram,HR,2023-07-23,Y
C100608,Harsh Srivastava,Vadodara,GJ,2022-09-10,N
C100609,Pooja Nair,Nashik,MH,2024-07-29,N
C100610,Ishaan Joshi,Jaipur,RJ,2023-08-16,N
C100611,Sameer Reddy,Indore,MP,2024-02-28,N
C100612,Ayaan Reddy,Delhi,DL,2024-03-15,N
C100613,Sameer Joshi,Surat,GJ,2023-11-03,N
C100614,Sukhwinder Ansari,Vadodara,GJ,2022-09-04,N
C100615,Faisal Varghese,Ranchi,JH,2023-05-17,N
C100616,Anjali Fernandes,Coimbatore,TN,2024-01-27,N
C100617,Pooja Shinde,Hyderabad,TS,2022-10-05,N
C100618,Daniel Shinde,Chandigarh,CH,2022-08-11,Y
C100619,Varun Pereira,Jaipur,RJ,2022-09-27,N
C100620,Rahul Naidu,Kolkata,WB,2023-10-14,N
C100621,Divya Khanna,Dehradun,UK,2023-04-08,Y
C100622,Sai Pereira,Indore,MP,2024-10-22,N
C100623,Rahul Kaur,Visakhapatnam,AP,2022-08-29,N
C100624,Nikhil Verma,Coimbatore,TN,2022-07-22,N
C100625,Payal Chatterjee,Bengaluru,KA,2023-07-30,N
C100626,Nisha Jadhav,Thiruvananthapuram,KL,2023-01-29,N
C100627,Abhishek Roy,Bengaluru,KA,2023-02-11,Y
C100628,Farah Trivedi,Chandigarh,CH,2024-07-25,N
C100629,Aarav Varghese,Indore,MP,2022-10-16,Y
C100630,Vihaan Jadhav,Thiruvananthapuram,KL,2023-09-09,N
C100631,Anjali Dhillon,Jaipur,RJ,2024-03-15,N
C100632,Pooja Deshpande,Guwahati,AS,2023-11-12,Y
C100633,Vikram Mittal,Hyderabad,TS,2022-12-15,N
C100634,Riya Rathore,Kochi,KL,2024-01-20,Y
C100635,Manish Deshpande,Guwahati,AS,2023-03-27,Y
C100636,Komal Sen,Coimbatore,TN,2023-06-29,N
C100637,Imran Reddy,Gurugram,HR,2023-01-03,N
C100638,Abhishek Gill,Patna,BR,2024-10-31,N
C100639,Meera Khanna,Ahmedabad,GJ,2024-01-20,Y
C100640,Mohammed Srivastava,Bhubaneswar,OR,2022-09-25,N
C100641,Sameer Sharma,Kochi,KL,2023-10-13,Y
C100642,Om Sandhu,Nagpur,MH,2022-07-27,N
C100643,Sukhwinder Kapoor,Kochi,KL,2023-05-29,N
C100644,Meera Varghese,Bengaluru,KA,2024-02-12,N
C100645,Gurpreet Iyer,Ranchi,JH,2022-09-14,Y
C100646,Neha Saxena,Ahmedabad,GJ,2024-01-19,Y
C100647,Joseph Bansal,Hyderabad,TS,2023-07-17,N
C100648,Krishna Singh,Bhubaneswar,OR,2023-11-13,N
C100649,Deepak Pandey,Bhopal,MP,2024-07-26,Y
C100650,Lakshmi Jadhav,Nagpur,MH,2024-02-26,N
C100651,Daniel Sen,Coimbatore,TN,2024-12-09,Y
C100652,Aarav Singh,Dehradun,UK,2024-07-27,N
C100653,Anjali Saxena,Kolkata,WB,2023-06-20,N
C100654,Sameer Shah,Bhubaneswar,OR,2024-04-24,N
C100655,Shreya Deshpande,Dehradun,UK,2024-02-24,Y
C100656,Zoya Dutta,Mumbai,MH,2024-09-01,N
C100657,Vikram Patel,Guwahati,AS,2023-09-08,Y
C100658,Simran Jain,Gurugram,HR,2023-07-14,N
C100659,Thomas Sharma,Mumbai,MH,2024-09-21,N
C100660,Thomas Trivedi,Hyderabad,TS,2023-10-14,Y
C100661,Lakshmi Rathore,Kolkata,WB,2022-12-25,N
C100662,Sameer Rao,Ahmedabad,GJ,2023-08-25,N
C100663,Swati Dhillon,Ranchi,JH,2024-01-11,Y
C100664,Ramesh Patel,Visakhapatnam,AP,2022-10-16,N
C100665,Faisal Goyal,Kolkata,WB,2023-03-09,N
C100666,Rohit Reddy,Thiruvananthapuram,KL,2024-06-12,N
C100667,Zoya Malhotra,Jaipur,RJ,2023-12-28,N
C100668,Rohit Rathore,Ranchi,JH,2023-07-29,N
C100669,Pooja Menon,Guwahati,AS,2024-04-21,N
C100670,Krishna Arora,Jaipur,RJ,2022-12-04,N
C100671,Lobsang Ansari,Chandigarh,CH,2023-03-10,N
C100672,Yash Patil,Patna,BR,2024-10-18,N
C100673,Gurpreet Khan,Bengaluru,KA,2022-10-07,Y
C100674,Steven Verma,Ranchi,JH,2024-11-24,N
C100675,Joseph Shinde,Vadodara,GJ,2022-12-15,N
C100676,Megha Srivastava,Raipur,CG,2024-05-23,N
C100677,Vivaan Banerjee,Bhopal,MP,2023-08-03,N
C100678,Ritika Nair,Noida,UP,2023-06-29,N
C100679,Geeta Shah,Kochi,KL,2022-10-23,N
C100680,Tanvi Kapoor,Patna,BR,2023-05-23,N
C100681,Sai Patil,Lucknow,UP,2024-02-06,N
C100682,Krishna Pereira,Thiruvananthapuram,KL,2023-01-14,N
C100683,Ankit Sen,Chandigarh,CH,2023-06-16,N
C100684,Ananya Shah,Thiruvananthapuram,KL,2022-07-24,N
C100685,Sameer Malhotra,Hyderabad,TS,2023-04-08,Y
C100686,Tarun Yadav,Noida,UP,2022-09-11,Y
C100687,Shreya Nair,Bhopal,MP,2023-01-23,N
C100688,Neha Das,Visakhapatnam,AP,2023-02-21,N
C100689,Meera Pawar,Kolkata,WB,2023-03-06,N
C100690,Ananya Gill,Bhopal,MP,2023-06-15,Y
C100691,Meera Pereira,Dehradun,UK,2022-12-08,N
C100692,Zoya Yadav,Patna,BR,2022-08-25,Y
C100693,Ananya Dhillon,Noida,UP,2024-08-07,N
C100694,Aarav Khanna,Chandigarh,CH,2023-04-20,Y
C100695,Harsh Joshi,Delhi,DL,2024-11-15,N
C100696,Karan Chatterjee,Coimbatore,TN,2023-11-10,N
C100697,Geeta Agarwal,Raipur,CG,2022-12-16,Y
C100698,Imran Bhatia,Thiruvananthapuram,KL,2023-09-18,N
C100699,Sunita Pereira,Bhubaneswar,OR,2024-09-12,N
C100700,Geeta Fernandes,Lucknow,UP,2024-06-28,N
C100701,Deepak Qureshi,Guwahati,AS,2024-04-24,N
C100702,Sai Trivedi,Bhubaneswar,OR,2023-08-02,N
C100703,Ramesh Mehta,Guwahati,AS,2024-11-05,N
C100704,Aditya Kaur,Jaipur,RJ,2024-10-02,Y
C100705,Sai Verma,Kochi,KL,2022-07-17,N
C100706,Ananya Roy,Bhubaneswar,OR,2023-11-22,N
C100707,Sneha Mukherjee,Bhopal,MP,2024-01-26,N
C100708,Tanvi Pandey,Ahmedabad,GJ,2024-08-02,Y
C100709,Nikhil Ansari,Thiruvananthapuram,KL,2024-12-20,N
C100710,Priya Verma,Nashik,MH,2023-12-27,N
C100711,Rohit Shinde,Bhopal,MP,2022-08-13,Y
C100712,Pooja Bhatt,Ranchi,JH,2023-12-15,N
C100713,Harsh Chauhan,Bengaluru,KA,2024-01-02,N
C100714,Varun Yadav,Bhubaneswar,OR,2024-09-25,N
C100715,Aishwarya Yadav,Vadodara,GJ,2022-10-03,N
C100716,Rahul Arora,Jaipur,RJ,2023-12-01,Y
C100717,Gurpreet Naidu,Kochi,KL,2024-05-09,N
C100718,Rohan Menon,Mysuru,KA,2024-09-25,N
C100719,Ramesh Dutta,Bengaluru,KA,2022-07-21,N
C100720,Arjun Bansal,Dehradun,UK,2024-06-06,N
C100721,Aarav Dhillon,Kochi,KL,2023-09-09,N
C100722,Nisha Trivedi,Lucknow,UP,2022-12-13,Y
C100723,Farah D'Souza,Patna,BR,2024-06-21,Y
C100724,Rahul Sheikh,Chennai,TN,2023-01-10,Y
C100725,Priya Kaur,Chandigarh,CH,2024-04-27,N
C100726,Ishaan Joshi,Bhopal,MP,2024-01-28,Y
C100727,Megha Desai,Vadodara,GJ,2022-07-26,N
C100728,Vivaan Srivastava,Noida,UP,2023-01-02,Y
C100729,Siddharth Saxena,Lucknow,UP,2022-12-15,N
C100730,Imran Rao,Guwahati,AS,2023-01-14,N
C100731,Ishaan Sandhu,Noida,UP,2024-12-01,N
C100732,Tanvi Mishra,Thiruvananthapuram,KL,2024-06-30,N
C100733,Abhishek Patil,Bengaluru,KA,2022-08-06,N
C100734,Suresh Khanna,Dehradun,UK,2024-10-31,Y
C100735,Gurpreet Ansari,Lucknow,UP,2024-08-25,Y
C100736,Joseph Saxena,Thiruvananthapuram,KL,2024-09-10,N
C100737,Harsh Sethi,Chandigarh,CH,2024-04-19,N
C100738,Sukhwinder Varghese,Gurugram,HR,2022-08-06,Y
C100739,Saanvi Sen,Nagpur,MH,2022-08-24,Y
C100740,Kavya Varghese,Gurugram,HR,2022-07-17,N
C100741,Harpreet Mathew,Visakhapatnam,AP,2022-08-15,N
C100742,Harpreet Patel,Nagpur,MH,2024-03-31,N
C100743,Aditya Bhatia,Chandigarh,CH,2022-12-17,Y
C100744,Ritika Sandhu,Chennai,TN,2023-10-28,N
C100745,Swati Bhatia,Kochi,KL,2023-11-17,N
C100746,Simran Pillai,Delhi,DL,2024-10-13,N
C100747,Lobsang Pillai,Chandigarh,CH,2022-08-12,N
C100748,Rahul Yadav,Kolkata,WB,2024-08-06,N
C100749,Thomas Jadhav,Guwahati,AS,2022-10-27,N
C100750,Vivaan Siddiqui,Hyderabad,TS,2024-06-24,Y
C100751,Jaspreet Mathew,Coimbatore,TN,2022-12-10,N
C100752,Krishna Mukherjee,Bhopal,MP,2024-05-26,N
C100753,Zaid Sharma,Kochi,KL,2022-09-09,N
C100754,Amit Goyal,Pune,MH,2023-07-29,Y
C100755,Arjun Saxena,Surat,GJ,2023-01-06,N
C100756,Sameer Patel,Patna,BR,2023-05-13,Y
C100757,Vikram Jain,Mumbai,MH,2024-12-17,N
C100758,Varun Bose,Dehradun,UK,2023-03-20,N
C100759,Nisha Menon,Chennai,TN,2024-11-02,N
C100760,Nisha George,Kolkata,WB,2023-05-15,N
C100761,Tarun Banerjee,Pune,MH,2022-08-17,Y
C100762,Imran Arora,Indore,MP,2023-03-24,N
C100763,Isha Pillai,Bhubaneswar,OR,2024-07-24,N
C100764,Kunal Kaur,Chandigarh,CH,2023-02-05,N
C100765,Amit Kulkarni,Jaipur,RJ,2023-03-03,N
C100766,Reyansh Khan,Nagpur,MH,2024-03-18,Y
C100767,Sunita Ansari,Ahmedabad,GJ,2022-12-21,N
C100768,Sameer Deshpande,Nashik,MH,2024-07-30,N
C100769,Meera D'Souza,Pune,MH,2024-02-28,Y
C100770,Manish Gill,Kochi,KL,2022-10-04,N
C100771,Tanvi Srivastava,Mysuru,KA,2023-02-03,N
C100772,Riya Agarwal,Ranchi,JH,2022-08-26,Y
C100773,Ayaan Roy,Thiruvananthapuram,KL,2022-09-20,N
C100774,Aadhya Deshpande,Ranchi,JH,2024-12-18,N
C100775,Thomas Malhotra,Patna,BR,2024-08-15,N
C100776,Arjun Dhillon,Thiruvananthapuram,KL,2023-10-05,N
C100777,Dev Varghese,Nagpur,MH,2024-11-13,N
C100778,Megha Rathore,Bhopal,MP,2022-10-11,N
C100779,Amit George,Nashik,MH,2023-01-30,N
C100780,Kunal Sandhu,Bhopal,MP,2024-08-10,N
C100781,Neha Pandey,Gurugram,HR,2023-11-19,N
C100782,Ishaan Gill,Bhubaneswar,OR,2023-08-11,N
C100783,Pranav Kulkarni,Nagpur,MH,2023-12-16,N
C100784,Vivaan Yadav,Pune,MH,2023-02-26,N
C100785,Ananya Reddy,Indore,MP,2022-11-13,N
C100786,Divya Gill,Chennai,TN,2024-02-18,N
C100787,Neha Rathore,Surat,GJ,2025-01-01,N
C100788,Ayaan Kumar,Pune,MH,2023-08-09,N
C100789,Sameer Pawar,Vadodara,GJ,2024-03-02,N
C100790,Mohammed Malhotra,Gurugram,HR,2024-09-26,N
C100791,Harpreet Rao,Bhubaneswar,OR,2024-11-28,N
C100792,Priya Dutta,Jaipur,RJ,2024-02-01,N
C100793,Sunita Pawar,Lucknow,UP,2022-10-01,N
C100794,Tanvi Goyal,Hyderabad,TS,2023-03-03,N
C100795,Ananya Shah,Chennai,TN,2025-01-01,Y
C100796,Aarav Banerjee,Nagpur,MH,2024-08-03,Y
C100797,Sameer Nair,Ahmedabad,GJ,2022-10-03,N
C100798,Harpreet Jadhav,Jaipur,RJ,2023-12-21,Y
C100799,Deepak Chauhan,Bengaluru,KA,2024-03-15,N
C100800,Riya Chopra,Delhi,DL,2024-07-18,N
C100801,Tarun Chopra,Hyderabad,TS,2022-11-17,N
C100802,Nikhil Sheikh,Mysuru,KA,2022-10-09,N
C100803,Komal Pereira,Patna,BR,2022-08-28,N
C100804,Ayaan Jadhav,Vadodara,GJ,2024-09-05,N
C100805,Sai Pillai,Raipur,CG,2023-02-15,Y
C100806,Shreya Bhatia,Chennai,TN,2022-08-26,N
C100807,Rohan Banerjee,Kolkata,WB,2023-04-14,N
C100808,Daniel Patel,Ranchi,JH,2023-07-18,Y
C100809,Aishwarya Dutta,Visakhapatnam,AP,2024-10-10,Y
C100810,Kunal Das,Nashik,MH,2024-02-23,Y
C100811,Sneha Shinde,Chennai,TN,2023-12-15,N
C100812,Sunita Gaikwad,Gurugram,HR,2024-09-12,N
C100813,Sukhwinder Kumar,Jaipur,RJ,2024-10-24,Y
C100814,Reyansh Khan,Ahmedabad,GJ,2024-04-14,N
C100815,Vihaan Gill,Coimbatore,TN,2022-11-17,N
C100816,Shreya Mehta,Surat,GJ,2023-06-04,N
C100817,Manpreet Khanna,Bhopal,MP,2023-06-14,Y
C100818,Payal Khanna,Hyderabad,TS,2023-06-11,N
C100819,Isha Patil,Patna,BR,2023-11-25,N
C100820,Priya Roy,Ranchi,JH,2022-12-15,Y
C100821,Aditya Sharma,Bengaluru,KA,2023-12-08,N
C100822,Manish Joshi,Kochi,KL,2023-10-06,N
C100823,Sameer Fernandes,Kochi,KL,2023-10-16,Y
C100824,Reyansh Bose,Guwahati,AS,2023-01-02,N
C100825,Suresh Saxena,Guwahati,AS,2024-09-03,Y
C100826,Dev Gupta,Indore,MP,2023-05-09,Y
C100827,Arjun Sharma,Lucknow,UP,2024-08-26,N
C100828,Abhishek Sen,Gurugram,HR,2022-07-16,N
C100829,Priya Desai,Nashik,MH,2024-04-20,N
C100830,Vikram Pandey,Chennai,TN,2022-07-18,N
C100831,Manpreet Mittal,Patna,BR,2023-10-24,N
C100832,Aarav Ghosh,Nashik,MH,2024-12-01,N
C100833,Reyansh Varghese,Patna,BR,2023-08-05,Y
C100834,Diya Roy,Noida,UP,2023-09-15,N
C100835,Arjun Sheikh,Coimbatore,TN,2024-08-29,N
C100836,Saanvi Ansari,Ranchi,JH,2023-12-25,N
C100837,Rohit Pillai,Vadodara,GJ,2023-07-16,N
C100838,Komal Bose,Guwahati,AS,2024-04-24,Y
C100839,Sneha Jadhav,Bengaluru,KA,2023-03-18,N
C100840,Daniel Bose,Chennai,TN,2023-05-08,N
C100841,Zaid Desai,Thiruvananthapuram,KL,2022-08-06,Y
C100842,Rohan Srivastava,Chandigarh,CH,2025-01-01,Y
C100843,Zaid Chopra,Nagpur,MH,2023-06-05,N
C100844,Kabir Menon,Nagpur,MH,2022-09-10,N
C100845,Isha Tiwari,Lucknow,UP,2024-12-29,N
C100846,Imran Verma,Bhopal,MP,2023-04-09,N
C100847,Abhishek Bhatt,Delhi,DL,2023-10-21,N
C100848,Nikhil Kumar,Jaipur,RJ,2022-10-11,N
C100849,Aishwarya Ansari,Ahmedabad,GJ,2023-04-05,N
C100850,Lakshmi D'Souza,Hyderabad,TS,2022-10-17,Y
C100851,Om Sethi,Chennai,TN,2024-12-29,Y
C100852,Simran Deshpande,Surat,GJ,2024-08-13,N
C100853,Diya Sheikh,Patna,BR,2022-09-26,N
C100854,Ananya Sen,Ranchi,JH,2023-05-20,N
C100855,Divya Arora,Bhubaneswar,OR,2024-09-06,Y
C100856,Kavya George,Kolkata,WB,2024-01-28,Y
C100857,Ramesh Pereira,Visakhapatnam,AP,2023-03-18,N
C100858,Lobsang Iyer,Ranchi,JH,2024-10-02,N
C100859,Saanvi Reddy,Pune,MH,2022-09-21,Y
C100860,Farah Menon,Nagpur,MH,2022-09-20,N
C100861,Ayaan Mittal,Ranchi,JH,2024-07-06,N
C100862,Reyansh Qureshi,Patna,BR,2022-08-31,Y
C100863,Bhavna Pandey,Guwahati,AS,2023-06-18,N
C100864,Neha Bhatt,Nashik,MH,2023-04-29,N
C100865,Harsh Nair,Bhopal,MP,2023-06-24,Y
C100866,Dev Kaur,Bhopal,MP,2023-06-02,Y
C100867,Swati Mathew,Surat,GJ,2024-09-25,Y
C100868,Sameer Saxena,Vadodara,GJ,2023-08-06,Y
C100869,Amit Dutta,Chennai,TN,2022-12-12,N
C100870,Ritika Sethi,Ranchi,JH,2024-06-02,Y
C100871,Megha Rao,Guwahati,AS,2022-12-30,N
C100872,Abhishek Kaur,Coimbatore,TN,2023-05-12,Y
C100873,Aishwarya Malhotra,Ahmedabad,GJ,2024-11-14,Y
C100874,Steven Nair,Visakhapatnam,AP,2022-12-29,N
C100875,Shreya Patil,Guwahati,AS,2023-08-26,N
C100876,Megha Srivastava,Nashik,MH,2023-06-19,N
C100877,Tanvi Kapoor,Ranchi,JH,2022-09-20,N
C100878,Vivaan Arora,Dehradun,UK,2023-04-26,N
C100879,Ayaan Rao,Visakhapatnam,AP,2023-04-30,N
C100880,Faisal Arora,Indore,MP,2023-10-20,N
C100881,Payal Saxena,Nashik,MH,2024-03-31,Y
C100882,Riya Deshpande,Dehradun,UK,2024-06-15,N
C100883,Jaspreet Singh,Noida,UP,2023-11-17,N
C100884,Manpreet Mukherjee,Thiruvananthapuram,KL,2023-04-16,N
C100885,Shreya Roy,Surat,GJ,2022-08-28,N
C100886,Vikram Kapoor,Chandigarh,CH,2023-06-19,Y
C100887,Sameer Trivedi,Mysuru,KA,2024-08-25,N
C100888,Simran Deshpande,Pune,MH,2024-07-26,N
C100889,Deepak Naidu,Noida,UP,2024-02-18,N
C100890,Imran Joshi,Mumbai,MH,2023-09-08,N
C100891,Shreya Joshi,Lucknow,UP,2022-11-07,Y
C100892,Abhishek Mathew,Nashik,MH,2024-01-09,N
C100893,Pranav Gupta,Coimbatore,TN,2024-03-30,Y
C100894,Tanvi Fernandes,Jaipur,RJ,2022-08-16,N
C100895,Arjun Das,Hyderabad,TS,2022-07-23,Y
C100896,Ishaan Gupta,Bhubaneswar,OR,2022-12-23,N
C100897,Rajat Ghosh,Raipur,CG,2023-04-08,N
C100898,Krishna Das,Mumbai,MH,2022-11-27,N
C100899,Reyansh Sandhu,Bhubaneswar,OR,2024-06-28,N
C100900,Imran Reddy,Gurugram,HR,2022-09-18,Y
C100901,Manish Pandey,Bengaluru,KA,2023-01-26,N
C100902,Rajat Reddy,Surat,GJ,2024-11-10,Y
C100903,Bhavna Nair,Coimbatore,TN,2023-06-29,Y
C100904,Gurpreet Dhillon,Vadodara,GJ,2023-04-12,Y
C100905,Kunal Dhillon,Kolkata,WB,2022-12-09,Y
C100906,Suresh Nair,Guwahati,AS,2023-02-19,Y
C100907,Sukhwinder Tiwari,Ahmedabad,GJ,2024-10-02,N
C100908,Nikhil George,Dehradun,UK,2023-01-14,N
C100909,Isha Mittal,Pune,MH,2024-06-05,N
C100910,Zoya Bose,Dehradun,UK,2024-05-01,N
C100911,Deepak Fernandes,Chandigarh,CH,2022-09-19,N
C100912,Sai Naidu,Mumbai,MH,2022-09-06,N
C100913,Ayaan Iyer,Surat,GJ,2023-03-31,Y
C100914,Om Pillai,Surat,GJ,2023-03-20,N
C100915,Harpreet Patil,Bhubaneswar,OR,2024-01-12,N
C100916,Reyansh Yadav,Vadodara,GJ,2022-09-22,Y
C100917,Geeta George,Noida,UP,2022-12-02,Y
C100918,Aishwarya D'Souza,Coimbatore,TN,2023-08-09,Y
C100919,Diya Varghese,Hyderabad,TS,2023-08-20,N
C100920,Karan Kulkarni,Bhopal,MP,2024-03-01,N
C100921,Nisha Jadhav,Guwahati,AS,2023-07-20,Y
C100922,Divya Trivedi,Raipur,CG,2022-12-26,N
C100923,Harsh Mishra,Surat,GJ,2022-08-06,N
C100924,Rohan Shah,Bhubaneswar,OR,2022-11-22,N
C100925,Gurpreet Pereira,Chennai,TN,2023-03-29,N
C100926,Zoya Naidu,Nagpur,MH,2024-02-29,Y
C100927,Rohit Rathore,Dehradun,UK,2023-06-21,N
C100928,Harsh Kaur,Indore,MP,2022-12-13,N
C100929,Kavya Yadav,Dehradun,UK,2022-10-31,N
C100930,Zaid Jain,Surat,GJ,2024-02-12,Y
C100931,Kavya Srivastava,Visakhapatnam,AP,2024-03-23,N
C100932,Sukhwinder Mukherjee,Mysuru,KA,2023-04-17,N
C100933,Rohit Singh,Dehradun,UK,2024-03-19,Y
C100934,Rohit Fernandes,Visakhapatnam,AP,2024-01-18,Y
C100935,Sai Fernandes,Lucknow,UP,2023-08-02,Y
C100936,Kavya Pillai,Bengaluru,KA,2024-05-02,Y
C100937,Sunita Mukherjee,Nashik,MH,2023-12-09,N
C100938,Jaspreet Pawar,Bengaluru,KA,2022-12-21,N
C100939,Ayaan Siddiqui,Vadodara,GJ,2024-11-30,N
C100940,Harpreet Saxena,Mumbai,MH,2023-04-22,N
C100941,Aadhya George,Vadodara,GJ,2023-05-13,N
C100942,Rahul George,Gurugram,HR,2023-08-07,N
C100943,Shreya Bansal,Kolkata,WB,2024-07-28,N
C100944,Om Yadav,Thiruvananthapuram,KL,2022-10-15,Y
C100945,Suresh Kaur,Ranchi,JH,2023-01-29,N
C100946,Bhavna Deshpande,Noida,UP,2024-08-04,N
C100947,Geeta Shah,Lucknow,UP,2024-07-18,N
C100948,Sneha Mathew,Mumbai,MH,2023-08-08,N
C100949,Lakshmi Shah,Hyderabad,TS,2023-07-18,N
C100950,Priya Iyer,Kolkata,WB,2023-03-20,Y
C100951,Nikhil Mukherjee,Guwahati,AS,2023-08-06,Y
C100952,Aishwarya Saxena,Surat,GJ,2023-11-14,N
C100953,Megha Tiwari,Mumbai,MH,2022-10-18,N
C100954,Nisha Shah,Nashik,MH,2023-03-17,N
C100955,Dev Bhatt,Mumbai,MH,2022-10-27,N
C100956,Farah Agarwal,Indore,MP,2023-06-04,Y
C100957,Jaspreet D'Souza,Coimbatore,TN,2024-04-02,N
C100958,Karan Sethi,Bengaluru,KA,2024-12-29,Y
C100959,Dev Pillai,Ahmedabad,GJ,2023-03-22,N
C100960,Priya Jadhav,Delhi,DL,2024-03-24,N
C100961,Lakshmi Banerjee,Guwahati,AS,2022-07-25,Y
C100962,Priya Desai,Bengaluru,KA,2022-12-26,N
C100963,Joseph Singh,Indore,MP,2022-07-30,N
C100964,Varun Pereira,Surat,GJ,2023-05-20,N
C100965,Deepak Sandhu,Dehradun,UK,2023-12-22,N
C100966,Kunal Patil,Indore,MP,2023-10-01,N
C100967,Yash Srivastava,Nagpur,MH,2023-11-08,N
C100968,Kavya Rao,Nagpur,MH,2023-05-02,N
C100969,Siddharth Sen,Bhopal,MP,2024-06-16,N
C100970,Tanvi Reddy,Patna,BR,2023-08-16,N
C100971,Vihaan Sethi,Lucknow,UP,2023-04-08,N
C100972,Priya Dutta,Ahmedabad,GJ,2024-08-28,N
C100973,Saanvi Mehta,Patna,BR,2023-07-03,N
C100974,Joseph Roy,Chandigarh,CH,2024-11-17,Y
C100975,Lakshmi Roy,Bhubaneswar,OR,2023-02-04,Y
C100976,Om Chauhan,Indore,MP,2024-12-08,N
C100977,Ishaan Rao,Chennai,TN,2023-11-24,N
C100978,Diya Chatterjee,Chennai,TN,2024-02-17,Y
C100979,Kunal Fernandes,Nashik,MH,2023-11-21,Y
C100980,Geeta Roy,Noida,UP,2024-03-29,N
C100981,Joseph Dutta,Gurugram,HR,2023-06-22,Y
C100982,Sneha Khan,Ranchi,JH,2022-10-22,N
C100983,Sameer Kapoor,Patna,BR,2022-10-04,N
C100984,Anjali Pillai,Gurugram,HR,2023-11-09,N
C100985,Jaspreet Verma,Kolkata,WB,2023-12-22,Y
C100986,Rohan Iyer,Hyderabad,TS,2024-04-05,Y
C100987,Amit Srivastava,Chandigarh,CH,2024-07-23,N
C100988,Zoya Pandey,Nagpur,MH,2024-01-07,Y
C100989,Gurpreet Kapoor,Bhubaneswar,OR,2024-07-25,N
C100990,Tanvi Bose,Chennai,TN,2024-03-09,N
C100991,Thomas Mittal,Ahmedabad,GJ,2022-12-24,N
C100992,Megha Pereira,Chandigarh,CH,2024-10-20,N
C100993,Aishwarya Rao,Coimbatore,TN,2024-01-26,Y
C100994,Manish Kulkarni,Pune,MH,2022-11-13,N
C100995,Geeta Patel,Dehradun,UK,2024-08-17,N
C100996,Faisal Bose,Kolkata,WB,2024-12-01,N
C100997,Lobsang Kulkarni,Coimbatore,TN,2024-10-18,N
C100998,Faisal Varghese,Jaipur,RJ,2022-11-22,N
C100999,Shreya Varghese,Thiruvananthapuram,KL,2022-12-06,N
C101000,Arjun D'Souza,Raipur,CG,2023-12-02,Y
C101001,Tenzin Fernandes,Nagpur,MH,2022-12-06,Y
C101002,Reyansh Kapoor,Dehradun,UK,2022-11-30,N
C101003,Lakshmi Goyal,Lucknow,UP,2023-01-26,N
C101004,Swati Jadhav,Guwahati,AS,2023-07-26,Y
C101005,Lobsang Banerjee,Guwahati,AS,2023-08-25,Y
C101006,Lobsang Khanna,Raipur,CG,2023-01-05,N
C101007,Imran Gaikwad,Indore,MP,2022-09-13,N
C101008,Krishna Verma,Bengaluru,KA,2022-12-15,Y
C101009,Lakshmi Sethi,Raipur,CG,2024-07-26,Y
C101010,Ishaan Pawar,Delhi,DL,2024-10-01,Y
C101011,Siddharth Chatterjee,Guwahati,AS,2024-08-12,N
C101012,Shreya Mathew,Noida,UP,2024-02-07,Y
C101013,Swati Malhotra,Kochi,KL,2023-06-17,N
C101014,Kunal Shah,Mysuru,KA,2023-09-16,N
C101015,Shreya Ghosh,Chandigarh,CH,2024-07-10,N
C101016,Joseph Mukherjee,Lucknow,UP,2023-04-24,N
C101017,Ishaan Malhotra,Lucknow,UP,2024-03-09,Y
C101018,Tenzin Mishra,Nagpur,MH,2023-01-22,Y
C101019,Rohan Khan,Noida,UP,2024-09-30,N
C101020,Lobsang Khan,Thiruvananthapuram,KL,2022-11-01,N
C101021,Ananya Iyer,Bengaluru,KA,2023-09-04,Y
C101022,Ramesh George,Visakhapatnam,AP,2024-09-27,Y
C101023,Isha Chopra,Dehradun,UK,2022-11-25,N
C101024,Harpreet Ansari,Indore,MP,2024-09-15,N
C101025,Ayaan Kulkarni,Patna,BR,2024-07-02,N
C101026,Arjun Mukherjee,Kolkata,WB,2024-04-05,N
C101027,Nisha Mittal,Nagpur,MH,2022-12-02,Y
C101028,Jaspreet Khanna,Jaipur,RJ,2024-12-09,N
C101029,Joseph Pereira,Chennai,TN,2023-03-23,N
C101030,Yash Rathore,Raipur,CG,2023-03-10,N
C101031,Sunita Iyer,Lucknow,UP,2024-08-06,N
C101032,Sunita Siddiqui,Surat,GJ,2024-11-25,Y
C101033,Ankit George,Mumbai,MH,2024-02-21,N
C101034,Om Iyer,Chennai,TN,2022-11-30,Y
C101035,Sunita Sharma,Noida,UP,2022-10-08,N
C101036,Siddharth George,Kolkata,WB,2022-07-27,N
C101037,Aishwarya Mittal,Vadodara,GJ,2023-06-30,N
C101038,Bhavna Desai,Indore,MP,2023-05-03,N
C101039,Yash Trivedi,Kolkata,WB,2023-11-18,N
C101040,Karan Sharma,Noida,UP,2023-05-07,Y
C101041,Nikhil Mehta,Mysuru,KA,2024-08-12,Y
C101042,Farah Saxena,Pune,MH,2023-11-20,N
C101043,Ayaan Bhatt,Nagpur,MH,2024-07-28,N
C101044,Reyansh Siddiqui,Noida,UP,2023-04-29,N
C101045,Rahul Pawar,Bhubaneswar,OR,2023-07-27,Y
C101046,Manish Chauhan,Kolkata,WB,2024-02-07,Y
C101047,Deepak Jadhav,Visakhapatnam,AP,2024-08-16,Y
C101048,Bhavna Agarwal,Hyderabad,TS,2024-08-11,Y
C101049,Sukhwinder Rathore,Pune,MH,2024-11-06,Y
C101050,Ananya Dhillon,Coimbatore,TN,2023-02-25,N
C101051,Tenzin Agarwal,Hyderabad,TS,2024-01-30,Y
C101052,Ishaan Deshpande,Delhi,DL,2022-08-24,N
C101053,Thomas Sen,Surat,GJ,2024-12-04,N
C101054,Geeta Chopra,Thiruvananthapuram,KL,2024-09-21,N
C101055,Vihaan Malhotra,Jaipur,RJ,2023-06-12,N
C101056,Karan Mathew,Surat,GJ,2024-03-28,N
C101057,Pooja Sharma,Pune,MH,2022-09-12,Y
C101058,Tanvi Bhatt,Mysuru,KA,2022-11-15,N
C101059,Payal Das,Chennai,TN,2023-07-04,N
C101060,Pranav Rathore,Lucknow,UP,2022-08-20,N
C101061,Simran Kapoor,Thiruvananthapuram,KL,2023-08-27,Y
C101062,Vihaan Sheikh,Delhi,DL,2024-01-20,N
C101063,Karan Jadhav,Kolkata,WB,2023-02-13,Y
C101064,Saanvi Sen,Bhopal,MP,2024-08-01,N
C101065,Karan Mishra,Mysuru,KA,2023-07-30,Y
C101066,Tanvi Gaikwad,Chennai,TN,2024-01-15,N
C101067,Sneha Singh,Lucknow,UP,2023-02-19,N
C101068,Riya Deshpande,Pune,MH,2022-08-01,N
C101069,Zoya Menon,Mumbai,MH,2024-05-27,N
C101070,Varun Banerjee,Chandigarh,CH,2024-08-03,N
C101071,Meera Khan,Jaipur,RJ,2023-10-14,N
C101072,Zoya Chopra,Noida,UP,2022-11-30,N
C101073,Priya Pereira,Patna,BR,2023-03-17,N
C101074,Zaid Goyal,Lucknow,UP,2023-09-21,N
C101075,Gurpreet Siddiqui,Pune,MH,2022-09-20,N
C101076,Ayaan Goyal,Raipur,CG,2023-05-29,N
C101077,Karan Patil,Lucknow,UP,2023-08-19,N
C101078,Shreya Arora,Guwahati,AS,2024-06-01,Y
C101079,Joseph Deshpande,Hyderabad,TS,2022-10-24,N
C101080,Sai Banerjee,Thiruvananthapuram,KL,2024-12-31,N
C101081,Simran Shah,Ranchi,JH,2024-09-23,Y
C101082,Riya Gill,Vadodara,GJ,2023-07-15,Y
C101083,Arjun Rao,Ranchi,JH,2024-12-08,N
C101084,Aadhya Verma,Chennai,TN,2023-07-22,N
C101085,Sai Agarwal,Noida,UP,2023-01-21,Y
C101086,Sukhwinder Shinde,Ranchi,JH,2024-09-25,N
C101087,Ritika Sheikh,Chennai,TN,2022-10-07,N
C101088,Reyansh Bose,Raipur,CG,2024-07-19,N
C101089,Sai Rao,Patna,BR,2024-11-11,N
C101090,Diya Gupta,Noida,UP,2023-06-06,Y
C101091,Vivaan Mishra,Nagpur,MH,2024-05-03,N
C101092,Divya Shinde,Chandigarh,CH,2023-06-14,N
C101093,Simran Mukherjee,Bengaluru,KA,2024-10-03,Y
C101094,Karan Chatterjee,Coimbatore,TN,2023-11-06,N
C101095,Suresh Sethi,Noida,UP,2022-10-16,N
C101096,Varun Pandey,Chennai,TN,2024-11-09,N
C101097,Harsh Qureshi,Nagpur,MH,2023-01-27,Y
C101098,Divya Srivastava,Bengaluru,KA,2024-03-21,N
C101099,Farah Joshi,Gurugram,HR,2023-02-24,N
C101100,Lobsang Agarwal,Gurugram,HR,2024-06-15,N
C101101,Steven Kaur,Raipur,CG,2023-10-29,N
C101102,Aarav Agarwal,Thiruvananthapuram,KL,2024-01-07,Y
C101103,Anjali Pillai,Hyderabad,TS,2023-10-03,N
C101104,Rahul Rao,Nagpur,MH,2022-09-22,N
C101105,Simran Roy,Lucknow,UP,2024-01-13,N
C101106,Ananya Mukherjee,Thiruvananthapuram,KL,2024-01-12,Y
C101107,Sai Malhotra,Hyderabad,TS,2024-10-01,N
C101108,Rahul Ghosh,Kochi,KL,2023-02-19,N
C101109,Anjali Deshpande,Guwahati,AS,2023-10-05,N
C101110,Divya Joshi,Coimbatore,TN,2022-09-14,N
C101111,Zaid Jain,Patna,BR,2023-03-20,N
C101112,Priya Deshpande,Mysuru,KA,2024-06-25,Y
C101113,Varun Jain,Ahmedabad,GJ,2022-10-15,Y
C101114,Sneha Srivastava,Nashik,MH,2024-11-05,Y
C101115,Daniel Joshi,Chennai,TN,2023-12-30,N
C101116,Kabir Menon,Kochi,KL,2024-10-29,N
C101117,Rohan Sen,Raipur,CG,2024-11-09,N
C101118,Pranav Mishra,Pune,MH,2024-02-11,Y
C101119,Aishwarya Mehta,Chennai,TN,2024-03-05,N
C101120,Isha Sheikh,Bengaluru,KA,2023-03-28,Y
C101121,Mohammed Menon,Bengaluru,KA,2023-02-25,Y
C101122,Kavya Mittal,Dehradun,UK,2023-12-21,Y
C101123,Rajat Siddiqui,Bengaluru,KA,2024-01-15,N
C101124,Rohit Qureshi,Indore,MP,2022-12-29,N
C101125,Zaid Das,Chandigarh,CH,2023-01-30,N
C101126,Aadhya Kaur,Ahmedabad,GJ,2023-07-19,Y
C101127,Ramesh Chatterjee,Jaipur,RJ,2024-07-07,Y
C101128,Om George,Mysuru,KA,2023-01-06,N
C101129,Aarav Mehta,Chandigarh,CH,2022-08-03,N
C101130,Deepak Roy,Kochi,KL,2024-07-25,Y
C101131,Aarav Banerjee,Dehradun,UK,2024-07-28,Y
C101132,Harsh Bose,Surat,GJ,2024-04-15,N
C101133,Jaspreet Dhillon,Chennai,TN,2024-03-08,N
C101134,Aarav Sharma,Visakhapatnam,AP,2024-10-09,N
C101135,Rajat Kumar,Bhopal,MP,2023-07-26,Y
C101136,Arjun Yadav,Visakhapatnam,AP,2023-03-14,Y
C101137,Pranav Jadhav,Mumbai,MH,2024-06-09,Y
C101138,Om Jain,Nagpur,MH,2023-01-15,N
C101139,Steven Mathew,Coimbatore,TN,2022-09-09,N
C101140,Neha Siddiqui,Pune,MH,2022-12-31,N
C101141,Sneha Mukherjee,Bhubaneswar,OR,2023-11-21,N
C101142,Harsh Jain,Bengaluru,KA,2024-10-01,N
C101143,Saanvi Srivastava,Jaipur,RJ,2023-06-02,Y
C101144,Aarav Mittal,Guwahati,AS,2023-02-23,N
C101145,Harpreet Khan,Thiruvananthapuram,KL,2024-12-06,N
C101146,Rohit Naidu,Visakhapatnam,AP,2022-12-02,N
C101147,Ritika Kumar,Kochi,KL,2022-10-10,Y
C101148,Tanvi Desai,Pune,MH,2024-07-26,Y
C101149,Varun Kulkarni,Vadodara,GJ,2024-11-02,Y
C101150,Ayaan Gill,Guwahati,AS,2024-05-19,Y
C101151,Dev Gaikwad,Ahmedabad,GJ,2024-09-08,Y
C101152,Aadhya Arora,Kolkata,WB,2024-05-22,Y
C101153,Pooja Saxena,Lucknow,UP,2023-08-24,Y
C101154,Simran Roy,Guwahati,AS,2024-11-07,Y
C101155,Ishaan Das,Ahmedabad,GJ,2024-05-31,N
C101156,Ritika Singh,Indore,MP,2024-02-20,N
C101157,Saanvi Qureshi,Chandigarh,CH,2022-12-24,N
C101158,Nisha Das,Kochi,KL,2023-12-18,N
C101159,Krishna Pawar,Coimbatore,TN,2024-06-16,Y
C101160,Mohammed Sen,Raipur,CG,2023-02-08,N
C101161,Jaspreet Sheikh,Noida,UP,2023-08-09,N
C101162,Tarun Gupta,Hyderabad,TS,2023-04-28,N
C101163,Nikhil Nair,Bengaluru,KA,2024-02-24,N
C101164,Sameer Pandey,Dehradun,UK,2024-12-14,N
C101165,Deepak Pillai,Raipur,CG,2023-08-23,N
C101166,Aditya Ansari,Dehradun,UK,2023-10-13,N
C101167,Reyansh Sharma,Chennai,TN,2023-10-23,N
C101168,Rahul Dhillon,Mysuru,KA,2023-08-28,Y
C101169,Neha Sandhu,Dehradun,UK,2023-01-29,Y
C101170,Dev Roy,Vadodara,GJ,2023-10-30,N
C101171,Suresh Iyer,Gurugram,HR,2024-01-03,N
C101172,Farah Kulkarni,Dehradun,UK,2024-02-02,N
C101173,Siddharth Sethi,Jaipur,RJ,2023-12-13,N
C101174,Lakshmi Reddy,Indore,MP,2023-11-06,N
C101175,Gurpreet Naidu,Mysuru,KA,2023-11-05,N
C101176,Arjun Chopra,Ahmedabad,GJ,2023-06-18,N
C101177,Rohan Khan,Raipur,CG,2023-01-24,N
C101178,Steven Joshi,Coimbatore,TN,2023-10-20,N
C101179,Rohan Siddiqui,Bhubaneswar,OR,2024-04-22,N
C101180,Pranav Mehta,Hyderabad,TS,2024-12-27,N
C101181,Anjali Arora,Bhopal,MP,2024-01-31,Y
C101182,Kabir Mishra,Raipur,CG,2022-11-19,Y
C101183,Lobsang Malhotra,Chennai,TN,2024-08-12,N
C101184,Karan Pawar,Jaipur,RJ,2023-05-31,N
C101185,Pranav Bansal,Hyderabad,TS,2024-10-22,N
C101186,Deepak Naidu,Kochi,KL,2023-09-07,Y
C101187,Bhavna Pawar,Patna,BR,2023-01-10,N
C101188,Imran Banerjee,Indore,MP,2023-08-13,N
C101189,Sneha Pawar,Mysuru,KA,2024-10-14,N
C101190,Siddharth Goyal,Jaipur,RJ,2024-07-12,N
C101191,Reyansh Malhotra,Mumbai,MH,2024-05-20,Y
C101192,Vikram Dutta,Thiruvananthapuram,KL,2024-03-23,Y
C101193,Reyansh Bose,Thiruvananthapuram,KL,2023-05-04,Y
C101194,Rahul Qureshi,Kolkata,WB,2024-07-07,Y
C101195,Swati Rao,Ahmedabad,GJ,2024-02-03,Y
C101196,Aadhya Sheikh,Dehradun,UK,2022-08-12,Y
C101197,Aadhya Desai,Pune,MH,2024-07-13,N
C101198,Saanvi D'Souza,Chandigarh,CH,2022-11-19,Y
C101199,Harpreet Pillai,Patna,BR,2024-10-26,N
C101200,Aarav Qureshi,Indore,MP,2023-11-20,N
C101201,Riya Bhatt,Bhopal,MP,2024-06-28,Y
C101202,Faisal D'Souza,Hyderabad,TS,2024-08-11,N
C101203,Lobsang Fernandes,Hyderabad,TS,2022-09-29,Y
C101204,Varun Shinde,Lucknow,UP,2024-11-12,Y
C101205,Manish Roy,Bhubaneswar,OR,2023-10-02,Y
C101206,Priya Mishra,Delhi,DL,2024-05-12,N
C101207,Ayaan Khanna,Kochi,KL,2022-08-20,Y
C101208,Tenzin Srivastava,Pune,MH,2023-10-02,N
C101209,Farah Ghosh,Mumbai,MH,2023-11-08,Y
C101210,Diya Gill,Vadodara,GJ,2024-04-07,N
C101211,Ramesh Trivedi,Jaipur,RJ,2023-12-29,N
C101212,Meera Malhotra,Bhopal,MP,2022-10-07,N
C101213,Payal Varghese,Indore,MP,2024-06-29,N
C101214,Rohan Varghese,Mysuru,KA,2023-10-19,N
C101215,Sukhwinder Naidu,Hyderabad,TS,2022-08-17,N
C101216,Faisal Agarwal,Chandigarh,CH,2023-06-20,Y
C101217,Isha Ansari,Ranchi,JH,2023-01-01,N
C101218,Varun Kumar,Hyderabad,TS,2023-01-10,N
C101219,Ishaan Khan,Jaipur,RJ,2024-11-05,N
C101220,Suresh Shinde,Mumbai,MH,2022-10-26,N
C101221,Nisha Mehta,Nashik,MH,2023-09-14,N
C101222,Divya Kaur,Thiruvananthapuram,KL,2023-09-22,N
C101223,Isha Sethi,Gurugram,HR,2022-07-22,Y
C101224,Deepak Menon,Lucknow,UP,2023-10-21,N
C101225,Vikram Sandhu,Bhubaneswar,OR,2023-04-30,Y
C101226,Nikhil Roy,Vadodara,GJ,2024-05-06,N
C101227,Priya Srivastava,Gurugram,HR,2023-03-28,Y
C101228,Nisha Sethi,Vadodara,GJ,2023-03-28,Y
C101229,Neha Gaikwad,Kochi,KL,2024-08-03,N
C101230,Nisha Dutta,Coimbatore,TN,2022-08-23,N
C101231,Joseph Singh,Bengaluru,KA,2024-11-29,N
C101232,Faisal Gupta,Kolkata,WB,2022-10-24,N
C101233,Amit Bhatia,Bhubaneswar,OR,2023-03-20,N
C101234,Pranav Desai,Vadodara,GJ,2023-10-25,Y
C101235,Karan Chatterjee,Thiruvananthapuram,KL,2024-01-29,N
C101236,Rohan Roy,Thiruvananthapuram,KL,2023-01-25,N
C101237,Ankit Menon,Noida,UP,2023-04-06,N
C101238,Nisha Bansal,Surat,GJ,2024-04-11,Y
C101239,Tenzin Ansari,Surat,GJ,2023-06-21,N
C101240,Krishna Kapoor,Dehradun,UK,2024-10-30,N
C101241,Aarav Pawar,Bengaluru,KA,2023-08-28,N
C101242,Joseph Mathew,Ranchi,JH,2023-02-22,N
C101243,Gurpreet Ansari,Nashik,MH,2022-09-26,Y
C101244,Faisal Goyal,Nagpur,MH,2024-06-14,N
C101245,Divya Das,Raipur,CG,2024-03-19,N
C101246,Zoya Verma,Raipur,CG,2023-07-21,N
C101247,Daniel Bhatt,Dehradun,UK,2023-09-24,N
C101248,Kabir Arora,Visakhapatnam,AP,2023-07-14,N
C101249,Kunal Qureshi,Ranchi,JH,2022-10-25,N
C101250,Om Malhotra,Nashik,MH,2023-12-01,N
C101251,Priya Gaikwad,Indore,MP,2023-10-03,N
C101252,Faisal Sethi,Raipur,CG,2024-08-12,N
C101253,Meera Sethi,Raipur,CG,2024-12-30,N
C101254,Saanvi Mittal,Chennai,TN,2024-08-23,N
C101255,Abhishek Joshi,Nashik,MH,2024-12-04,Y
C101256,Lakshmi Nair,Chandigarh,CH,2022-12-01,N
C101257,Sai Goyal,Gurugram,HR,2024-01-19,N
C101258,Daniel Shah,Ahmedabad,GJ,2022-12-25,N
C101259,Sukhwinder Pawar,Lucknow,UP,2024-05-23,N
C101260,Gurpreet Gill,Nagpur,MH,2024-07-08,N
C101261,Jaspreet Chatterjee,Gurugram,HR,2023-05-02,N
C101262,Shreya Kulkarni,Visakhapatnam,AP,2024-07-12,N
C101263,Sneha Kulkarni,Lucknow,UP,2024-09-06,N
C101264,Rohit Deshpande,Jaipur,RJ,2024-02-24,N
C101265,Joseph D'Souza,Nashik,MH,2024-02-20,N
C101266,Meera Bose,Lucknow,UP,2023-07-31,N
C101267,Daniel Kaur,Chennai,TN,2022-09-20,N
C101268,Dev Pawar,Ahmedabad,GJ,2023-06-24,Y
C101269,Anjali Nair,Coimbatore,TN,2024-03-31,Y
C101270,Steven Kapoor,Kolkata,WB,2024-12-05,N
C101271,Kunal Dhillon,Hyderabad,TS,2024-07-26,N
C101272,Siddharth Sethi,Lucknow,UP,2024-08-12,Y
C101273,Tenzin Mukherjee,Raipur,CG,2024-07-12,Y
C101274,Geeta Banerjee,Chandigarh,CH,2025-01-01,N
C101275,Aadhya Sen,Patna,BR,2024-04-30,N
C101276,Simran Ghosh,Bengaluru,KA,2023-05-05,N
C101277,Manpreet Das,Bhopal,MP,2023-04-27,N
C101278,Ritika Khan,Nashik,MH,2022-11-12,Y
C101279,Aadhya Dhillon,Lucknow,UP,2024-02-01,N
C101280,Arjun Kumar,Mysuru,KA,2024-01-16,N
C101281,Aditya Banerjee,Lucknow,UP,2024-06-19,N
C101282,Karan D'Souza,Mysuru,KA,2024-08-25,N
C101283,Steven Kapoor,Bengaluru,KA,2024-09-27,Y
C101284,Meera Srivastava,Patna,BR,2024-09-28,N
C101285,Aishwarya Pawar,Indore,MP,2023-11-19,N
C101286,Mohammed Shinde,Bengaluru,KA,2024-03-08,Y
C101287,Nikhil Patel,Jaipur,RJ,2024-11-06,N
C101288,Sai Shah,Hyderabad,TS,2024-04-19,Y
C101289,Anjali Khanna,Guwahati,AS,2022-09-08,Y
C101290,Siddharth Qureshi,Kolkata,WB,2022-09-22,N
C101291,Ishaan Pawar,Bhopal,MP,2024-03-31,N
C101292,Aishwarya Khanna,Lucknow,UP,2024-04-14,N
C101293,Aishwarya Bhatia,Noida,UP,2024-12-19,Y
C101294,Manpreet Jain,Lucknow,UP,2022-11-03,Y
C101295,Vikram Verma,Mysuru,KA,2024-12-15,N
C101296,Shreya Singh,Ranchi,JH,2023-05-15,Y
C101297,Sai Chauhan,Chennai,TN,2024-05-04,Y
C101298,Sunita Arora,Patna,BR,2023-10-02,N
C101299,Saanvi Chopra,Guwahati,AS,2022-09-16,Y
C101300,Lakshmi Saxena,Raipur,CG,2024-03-03,N
C101301,Thomas Banerjee,Kolkata,WB,2023-07-26,N
C101302,Aishwarya Jadhav,Kolkata,WB,2024-06-06,N
C101303,Kabir Khan,Mumbai,MH,2023-08-21,Y
C101304,Farah Mukherjee,Dehradun,UK,2022-11-26,N
C101305,Ankit Verma,Jaipur,RJ,2023-02-23,Y
C101306,Divya Reddy,Coimbatore,TN,2022-10-25,N
C101307,Farah Ansari,Mumbai,MH,2023-07-31,N
C101308,Swati Pereira,Bhopal,MP,2024-11-06,N
C101309,Amit Pereira,Mumbai,MH,2023-06-03,Y
C101310,Abhishek Gupta,Surat,GJ,2024-11-29,Y
C101311,Geeta Bhatt,Dehradun,UK,2023-04-06,N
C101312,Bhavna Sen,Ahmedabad,GJ,2024-05-05,N
C101313,Simran Roy,Vadodara,GJ,2022-09-06,N
C101314,Varun Mishra,Guwahati,AS,2024-09-09,Y
C101315,Shreya Fernandes,Guwahati,AS,2023-04-26,N
C101316,Arjun Agarwal,Nashik,MH,2023-12-30,N
C101317,Aishwarya Sheikh,Chandigarh,CH,2023-11-25,Y
C101318,Zoya Malhotra,Mumbai,MH,2024-03-16,Y
C101319,Joseph Joshi,Patna,BR,2023-04-14,N
C101320,Aditya Kaur,Dehradun,UK,2023-09-07,N
C101321,Geeta Gill,Nagpur,MH,2024-03-07,N
C101322,Deepak Ansari,Jaipur,RJ,2022-09-14,N
C101323,Diya Kulkarni,Ranchi,JH,2024-11-21,Y
C101324,Imran Kaur,Lucknow,UP,2023-05-13,Y
C101325,Kabir Chatterjee,Gurugram,HR,2024-01-01,N
C101326,Payal Shinde,Nagpur,MH,2022-07-26,N
C101327,Manish George,Gurugram,HR,2023-07-28,N
C101328,Lakshmi Khanna,Dehradun,UK,2024-12-07,N
C101329,Divya Rao,Coimbatore,TN,2024-08-17,N
C101330,Ishaan Deshpande,Guwahati,AS,2024-09-22,N
C101331,Manpreet Jain,Thiruvananthapuram,KL,2024-10-05,N
C101332,Nikhil Rathore,Bengaluru,KA,2024-10-05,N
C101333,Sai Menon,Ahmedabad,GJ,2023-04-26,N
C101334,Kavya Pereira,Jaipur,RJ,2023-10-14,Y
C101335,Abhishek Kumar,Chandigarh,CH,2023-01-02,N
C101336,Imran Banerjee,Delhi,DL,2023-11-02,N
C101337,Joseph Sharma,Nashik,MH,2024-05-12,Y
C101338,Gurpreet Kapoor,Coimbatore,TN,2022-08-04,Y
C101339,Isha Khanna,Nagpur,MH,2022-11-04,Y
C101340,Krishna Gupta,Bhubaneswar,OR,2023-04-07,N
C101341,Anjali Bansal,Kolkata,WB,2022-11-19,N
C101342,Riya Chauhan,Gurugram,HR,2022-11-04,N
C101343,Daniel Pawar,Dehradun,UK,2024-08-17,N
C101344,Nikhil Kapoor,Mysuru,KA,2023-11-21,Y
C101345,Aarav Sen,Jaipur,RJ,2023-08-06,N
C101346,Saanvi Patil,Kolkata,WB,2022-10-27,N
C101347,Jaspreet Pandey,Thiruvananthapuram,KL,2024-04-27,Y
C101348,Simran Menon,Raipur,CG,2023-09-22,N
C101349,Sneha Bansal,Patna,BR,2024-05-05,N
C101350,Manish Desai,Gurugram,HR,2023-04-27,N
C101351,Vikram Pawar,Thiruvananthapuram,KL,2022-07-26,N
C101352,Sunita Das,Ranchi,JH,2023-01-07,N
C101353,Yash Roy,Bhubaneswar,OR,2022-08-04,N
C101354,Imran Qureshi,Noida,UP,2023-12-27,Y
C101355,Lakshmi Mehta,Visakhapatnam,AP,2024-02-06,N
C101356,Nikhil Pillai,Chandigarh,CH,2024-04-15,N
C101357,Rohan Mathew,Visakhapatnam,AP,2024-12-01,N
C101358,Steven Rathore,Surat,GJ,2022-08-08,N
C101359,Kavya Mishra,Kolkata,WB,2024-08-29,Y
C101360,Siddharth Sandhu,Coimbatore,TN,2023-08-07,N
C101361,Krishna Singh,Hyderabad,TS,2023-04-10,Y
C101362,Sameer Kulkarni,Guwahati,AS,2023-05-04,Y
C101363,Steven Ghosh,Thiruvananthapuram,KL,2022-11-05,N
C101364,Ritika Tiwari,Chandigarh,CH,2023-01-25,N
C101365,Manish Chauhan,Mumbai,MH,2022-07-27,N
C101366,Ramesh Sharma,Nagpur,MH,2022-12-01,N
C101367,Meera Sethi,Indore,MP,2022-12-18,N
C101368,Sukhwinder Sheikh,Visakhapatnam,AP,2022-12-27,N
C101369,Shreya Ghosh,Ahmedabad,GJ,2022-10-24,N
C101370,Shreya Chatterjee,Kochi,KL,2024-11-11,N
C101371,Kavya Fernandes,Bengaluru,KA,2024-01-26,N
C101372,Rajat Desai,Raipur,CG,2023-12-08,N
C101373,Ananya Khanna,Bhubaneswar,OR,2024-07-19,Y
C101374,Ayaan Shinde,Patna,BR,2023-01-12,N
C101375,Divya Kulkarni,Ahmedabad,GJ,2024-02-03,N
C101376,Ritika Kulkarni,Visakhapatnam,AP,2023-02-23,Y
C101377,Saanvi Pereira,Bhopal,MP,2023-03-18,N
C101378,Mohammed Bhatia,Bhopal,MP,2023-03-24,Y
C101379,Ishaan Desai,Ranchi,JH,2024-12-10,N
C101380,Faisal Agarwal,Surat,GJ,2024-03-19,N
C101381,Tarun Dutta,Kolkata,WB,2023-02-02,Y
C101382,Manpreet Iyer,Thiruvananthapuram,KL,2024-01-07,Y
C101383,Ayaan Shah,Mysuru,KA,2024-09-02,N
C101384,Yash Pandey,Ranchi,JH,2022-09-26,Y
C101385,Zaid Mehta,Ahmedabad,GJ,2023-02-08,Y
C101386,Harsh Banerjee,Bengaluru,KA,2022-08-19,N
C101387,Rahul Roy,Hyderabad,TS,2023-07-26,N
C101388,Imran Bhatt,Ranchi,JH,2024-11-05,N
C101389,Sneha Patel,Noida,UP,2024-03-08,N
C101390,Reyansh Goyal,Indore,MP,2023-01-15,Y
C101391,Ananya Nair,Bengaluru,KA,2023-01-24,Y
C101392,Isha Patil,Delhi,DL,2024-11-12,Y
C101393,Yash Roy,Kolkata,WB,2024-12-04,Y
C101394,Ritika Sandhu,Kolkata,WB,2024-10-20,N
C101395,Zaid Goyal,Dehradun,UK,2023-08-08,N
C101396,Riya Qureshi,Ahmedabad,GJ,2023-02-27,N
C101397,Karan Singh,Delhi,DL,2023-04-07,N
C101398,Tanvi Mehta,Ahmedabad,GJ,2023-12-05,N
C101399,Isha Dhillon,Patna,BR,2023-07-13,N
C101400,Diya D'Souza,Pune,MH,2024-09-06,N
C101401,Reyansh Shinde,Mumbai,MH,2024-03-16,N
C101402,Steven Pereira,Gurugram,HR,2024-02-06,N
C101403,Sai Ansari,Kolkata,WB,2023-11-22,Y
C101404,Dev Verma,Nagpur,MH,2024-06-15,Y
C101405,Vihaan Ghosh,Chennai,TN,2023-02-19,N
C101406,Sneha Iyer,Bengaluru,KA,2024-07-25,Y
C101407,Zaid Gupta,Dehradun,UK,2024-07-24,N
C101408,Tanvi Mishra,Gurugram,HR,2024-12-08,Y
C101409,Ramesh Deshpande,Ranchi,JH,2023-04-29,N
C101410,Deepak Ansari,Surat,GJ,2024-05-30,N
C101411,Farah Das,Raipur,CG,2023-07-28,N
C101412,Krishna Ansari,Coimbatore,TN,2024-01-16,N
C101413,Nikhil Chauhan,Hyderabad,TS,2024-05-30,Y
C101414,Lobsang Naidu,Pune,MH,2023-09-03,N
C101415,Sai Jadhav,Kolkata,WB,2024-06-30,Y
C101416,Steven Dutta,Dehradun,UK,2023-07-28,Y
C101417,Ananya Chauhan,Surat,GJ,2023-10-07,N
C101418,Sai Bose,Gurugram,HR,2023-01-02,N
C101419,Karan Ansari,Raipur,CG,2024-06-29,N
C101420,Gurpreet Desai,Raipur,CG,2023-02-13,N
C101421,Sunita Arora,Hyderabad,TS,2022-07-16,N
C101422,Ritika Kulkarni,Chandigarh,CH,2024-11-07,N
C101423,Aadhya Chopra,Delhi,DL,2023-04-21,N
C101424,Geeta Sen,Bengaluru,KA,2024-07-20,Y
C101425,Ananya Fernandes,Delhi,DL,2024-12-25,N
C101426,Riya Bhatia,Ahmedabad,GJ,2022-12-17,Y
C101427,Steven Iyer,Ahmedabad,GJ,2024-05-08,N
C101428,Suresh Kumar,Ahmedabad,GJ,2023-07-14,N
C101429,Zoya Pillai,Chandigarh,CH,2023-06-19,N
C101430,Diya Nair,Hyderabad,TS,2024-01-15,N
C101431,Lobsang Pillai,Chennai,TN,2022-10-17,N
C101432,Tarun Bhatia,Mumbai,MH,2022-08-12,Y
C101433,Tarun Shinde,Patna,BR,2023-02-13,N
C101434,Arjun Bhatt,Chennai,TN,2022-10-21,N
C101435,Neha Saxena,Nashik,MH,2023-03-21,N
C101436,Amit Arora,Mumbai,MH,2024-02-10,N
C101437,Mohammed Dutta,Bengaluru,KA,2023-05-31,N
C101438,Lakshmi Gill,Nagpur,MH,2024-10-11,Y
C101439,Farah Pereira,Jaipur,RJ,2024-12-14,Y
C101440,Rahul Dutta,Bhubaneswar,OR,2023-04-27,N
C101441,Harsh Reddy,Bhubaneswar,OR,2023-01-16,N
C101442,Manish Rathore,Guwahati,AS,2024-12-02,N
C101443,Bhavna Srivastava,Ranchi,JH,2022-09-15,N
C101444,Ananya Khanna,Chandigarh,CH,2023-01-26,N
C101445,Aarav Sen,Hyderabad,TS,2024-07-20,N
C101446,Nisha Kapoor,Thiruvananthapuram,KL,2024-07-19,Y
C101447,Harpreet Banerjee,Guwahati,AS,2024-01-06,N
C101448,Nisha Ghosh,Vadodara,GJ,2024-12-13,N
C101449,Faisal Dhillon,Nagpur,MH,2024-05-26,N
C101450,Sukhwinder Menon,Surat,GJ,2022-09-11,Y
C101451,Vivaan Chatterjee,Nashik,MH,2023-10-30,N
C101452,Deepak Chauhan,Coimbatore,TN,2024-03-13,N
C101453,Sneha Naidu,Visakhapatnam,AP,2022-11-03,Y
C101454,Rohan Rao,Ahmedabad,GJ,2023-10-27,N
C101455,Sai Iyer,Vadodara,GJ,2024-12-12,Y
C101456,Vivaan Saxena,Ahmedabad,GJ,2023-12-25,N
C101457,Sneha Khan,Jaipur,RJ,2024-05-08,N
C101458,Dev Trivedi,Gurugram,HR,2022-12-24,N
C101459,Om Naidu,Coimbatore,TN,2023-11-10,N
C101460,Simran Sen,Indore,MP,2023-12-14,N
C101461,Abhishek Kumar,Noida,UP,2022-12-05,N
C101462,Geeta Gupta,Kolkata,WB,2023-10-05,N
C101463,Zoya Dutta,Gurugram,HR,2022-09-10,N
C101464,Steven Singh,Surat,GJ,2024-02-03,N
C101465,Bhavna Roy,Coimbatore,TN,2024-07-08,Y
C101466,Geeta Khanna,Coimbatore,TN,2024-11-29,N
C101467,Priya Mehta,Pune,MH,2023-05-03,Y
C101468,Manpreet Siddiqui,Delhi,DL,2023-03-13,N
C101469,Amit Menon,Guwahati,AS,2024-11-21,N
C101470,Karan Rathore,Mysuru,KA,2023-10-15,N
C101471,Aishwarya Bose,Guwahati,AS,2023-12-21,N
C101472,Joseph Tiwari,Chennai,TN,2023-09-08,Y
C101473,Pooja Gaikwad,Vadodara,GJ,2022-07-17,Y
C101474,Lakshmi Shah,Kolkata,WB,2024-02-03,Y
C101475,Payal Kaur,Bhubaneswar,OR,2023-04-10,N
C101476,Faisal Kumar,Mumbai,MH,2023-08-05,N
C101477,Yash Roy,Kolkata,WB,2024-03-12,N
C101478,Geeta Mehta,Visakhapatnam,AP,2024-05-18,Y
C101479,Bhavna Shah,Bengaluru,KA,2022-10-06,N
C101480,Tenzin Rao,Thiruvananthapuram,KL,2023-05-27,N
C101481,Sameer Goyal,Chandigarh,CH,2024-09-29,N
C101482,Sunita Shah,Mumbai,MH,2022-10-02,Y
C101483,Sai Mukherjee,Nashik,MH,2023-10-31,N
C101484,Karan Ghosh,Bengaluru,KA,2024-12-31,Y
C101485,Geeta Dhillon,Visakhapatnam,AP,2023-09-13,N
C101486,Siddharth George,Nagpur,MH,2024-12-20,N
C101487,Tenzin Nair,Nagpur,MH,2022-08-24,N
C101488,Aditya Patel,Bengaluru,KA,2022-10-11,N
C101489,Ananya Rathore,Lucknow,UP,2022-12-08,N
C101490,Harsh Arora,Chennai,TN,2023-12-16,N
C101491,Suresh Pillai,Gurugram,HR,2024-05-13,N
C101492,Harsh Saxena,Visakhapatnam,AP,2024-06-11,N
C101493,Manish Agarwal,Delhi,DL,2022-08-02,N
C101494,Jaspreet Jadhav,Gurugram,HR,2022-11-26,N
C101495,Yash Kumar,Dehradun,UK,2023-07-02,N
C101496,Bhavna Agarwal,Ranchi,JH,2024-01-14,N
C101497,Sameer Deshpande,Coimbatore,TN,2024-10-30,Y
C101498,Mohammed Shah,Visakhapatnam,AP,2024-07-12,N
C101499,Mohammed Mathew,Chennai,TN,2024-02-19,Y
C101500,Ritika Chauhan,Ahmedabad,GJ,2024-11-14,N
C101501,Om Verma,Noida,UP,2024-09-25,N
C101502,Lakshmi Bhatt,Delhi,DL,2024-08-17,N
C101503,Aadhya Goyal,Nashik,MH,2022-11-02,N
C101504,Kunal Banerjee,Ahmedabad,GJ,2024-09-24,Y
C101505,Siddharth Mishra,Mysuru,KA,2023-08-31,N
C101506,Rajat Naidu,Pune,MH,2024-09-08,N
C101507,Aarav Verma,Bhopal,MP,2024-08-14,N
C101508,Nikhil Pereira,Raipur,CG,2023-08-19,N
C101509,Mohammed Iyer,Hyderabad,TS,2022-09-11,N
C101510,Anjali Dhillon,Jaipur,RJ,2023-05-28,Y
C101511,Om Varghese,Ahmedabad,GJ,2023-12-14,N
C101512,Ishaan Sheikh,Mysuru,KA,2023-02-10,N
C101513,Amit Pereira,Pune,MH,2023-07-25,Y
C101514,Arjun Saxena,Nagpur,MH,2023-09-14,Y
C101515,Lobsang Fernandes,Dehradun,UK,2024-03-04,N
C101516,Rohit Das,Noida,UP,2022-08-26,N
C101517,Pranav Reddy,Nashik,MH,2024-10-08,N
C101518,Krishna Sharma,Visakhapatnam,AP,2023-07-15,N
C101519,Payal Ghosh,Gurugram,HR,2024-08-07,N
C101520,Nisha Deshpande,Surat,GJ,2024-12-16,N
C101521,Harsh Pawar,Indore,MP,2024-07-22,Y
C101522,Tarun Nair,Indore,MP,2023-01-26,Y
C101523,Meera George,Patna,BR,2024-02-20,N
C101524,Lakshmi Tiwari,Mumbai,MH,2023-04-08,N
C101525,Joseph Bose,Vadodara,GJ,2024-08-02,Y
C101526,Suresh Reddy,Patna,BR,2022-07-20,Y
C101527,Karan Gill,Bhubaneswar,OR,2024-07-04,Y
C101528,Swati Sandhu,Nashik,MH,2022-08-31,N
C101529,Lakshmi Qureshi,Indore,MP,2024-08-14,N
C101530,Tenzin Singh,Kolkata,WB,2024-01-10,N
C101531,Meera Pandey,Vadodara,GJ,2023-11-20,Y
C101532,Aditya Srivastava,Kolkata,WB,2022-12-02,N
C101533,Saanvi Joshi,Bengaluru,KA,2023-09-07,N
C101534,Simran Yadav,Guwahati,AS,2024-04-19,N
C101535,Simran Verma,Ahmedabad,GJ,2024-08-01,N
C101536,Rohan Deshpande,Chennai,TN,2022-09-16,Y
C101537,Priya Sharma,Chennai,TN,2023-11-13,N
C101538,Karan Jain,Thiruvananthapuram,KL,2024-11-16,Y
C101539,Steven Malhotra,Noida,UP,2024-08-14,N
C101540,Harpreet Agarwal,Nagpur,MH,2022-11-29,Y
C101541,Lakshmi Gill,Mysuru,KA,2024-11-05,N
C101542,Sneha Shinde,Lucknow,UP,2022-09-19,Y
C101543,Diya George,Bengaluru,KA,2023-09-19,N
C101544,Amit Ghosh,Mumbai,MH,2022-09-05,N
C101545,Harpreet Srivastava,Mumbai,MH,2024-10-14,N
C101546,Rohit Agarwal,Chandigarh,CH,2024-10-11,N
C101547,Karan Patel,Indore,MP,2022-08-12,N
C101548,Pooja Verma,Indore,MP,2023-06-28,Y
C101549,Farah Saxena,Hyderabad,TS,2023-01-03,Y
C101550,Payal Pereira,Noida,UP,2024-11-04,N
C101551,Reyansh Siddiqui,Surat,GJ,2023-03-04,N
C101552,Tanvi Chopra,Lucknow,UP,2024-02-10,Y
C101553,Saanvi Nair,Mysuru,KA,2024-09-01,N
C101554,Tanvi Sheikh,Bhubaneswar,OR,2022-11-24,Y
C101555,Ramesh Shah,Noida,UP,2023-06-19,Y
C101556,Sneha Khan,Ranchi,JH,2023-02-04,Y
C101557,Krishna Verma,Delhi,DL,2022-11-18,Y
C101558,Rohan Gaikwad,Noida,UP,2024-11-30,N
C101559,Vihaan Srivastava,Noida,UP,2024-12-01,N
C101560,Ankit Patil,Chennai,TN,2023-11-01,N
C101561,Mohammed Pereira,Mumbai,MH,2023-11-06,N
C101562,Yash Das,Lucknow,UP,2022-12-30,Y
C101563,Suresh Dutta,Mysuru,KA,2024-06-27,Y
C101564,Zoya Menon,Guwahati,AS,2024-02-04,N
C101565,Daniel Patil,Lucknow,UP,2024-05-12,Y
C101566,Nisha Gaikwad,Chennai,TN,2024-06-17,N
C101567,Sukhwinder Sandhu,Indore,MP,2023-05-19,N
C101568,Ankit Bhatia,Chennai,TN,2024-07-13,N
C101569,Aditya Dutta,Ahmedabad,GJ,2023-03-19,N
C101570,Siddharth Sandhu,Kolkata,WB,2024-01-08,N
C101571,Amit Joshi,Vadodara,GJ,2024-12-23,N
C101572,Lakshmi Gill,Hyderabad,TS,2022-11-17,Y
C101573,Suresh Reddy,Patna,BR,2024-02-09,Y
C101574,Isha Srivastava,Ranchi,JH,2023-12-05,N
C101575,Sameer Kulkarni,Ahmedabad,GJ,2024-06-25,N
C101576,Daniel Arora,Hyderabad,TS,2022-08-16,N
C101577,Sai Khanna,Mumbai,MH,2022-10-08,N
C101578,Sameer Kaur,Indore,MP,2023-04-03,Y
C101579,Geeta Kulkarni,Pune,MH,2022-09-08,N
C101580,Geeta Mittal,Lucknow,UP,2024-09-14,Y
C101581,Megha Verma,Kochi,KL,2024-01-28,Y
C101582,Om Banerjee,Noida,UP,2023-08-10,N
C101583,Jaspreet Siddiqui,Surat,GJ,2023-05-15,Y
C101584,Harpreet Pawar,Nagpur,MH,2024-05-03,N
C101585,Gurpreet Rao,Jaipur,RJ,2023-02-16,N
C101586,Priya Mittal,Mumbai,MH,2023-11-13,N
C101587,Lobsang Bhatia,Ranchi,JH,2023-06-06,N
C101588,Ayaan Pawar,Bhopal,MP,2024-10-27,Y
C101589,Deepak Deshpande,Visakhapatnam,AP,2023-09-16,N
C101590,Meera Saxena,Dehradun,UK,2024-12-11,N
C101591,Yash Singh,Nashik,MH,2024-06-14,Y
C101592,Dev Nair,Ranchi,JH,2023-10-06,N
C101593,Manpreet Bose,Bhubaneswar,OR,2022-10-03,N
C101594,Tanvi Gill,Mysuru,KA,2024-09-23,N
C101595,Siddharth Singh,Patna,BR,2023-12-17,Y
C101596,Rohan Gill,Bhopal,MP,2023-01-26,Y
C101597,Lobsang Kapoor,Guwahati,AS,2023-01-17,N
C101598,Sukhwinder Khanna,Jaipur,RJ,2024-10-03,N
C101599,Rajat Naidu,Bhubaneswar,OR,2023-04-16,N
C101600,Vikram Deshpande,Lucknow,UP,2023-04-22,N
C101601,Daniel Kapoor,Coimbatore,TN,2023-12-10,N
C101602,Anjali Sharma,Dehradun,UK,2024-07-12,N
C101603,Om Pillai,Ahmedabad,GJ,2022-12-31,N
C101604,Arjun Bose,Chandigarh,CH,2024-06-27,N
C101605,Siddharth Goyal,Vadodara,GJ,2023-04-18,Y
C101606,Steven Sheikh,Jaipur,RJ,2023-10-03,Y
C101607,Simran Menon,Jaipur,RJ,2023-01-10,Y
C101608,Neha Rathore,Kochi,KL,2024-10-09,N
C101609,Lobsang Roy,Guwahati,AS,2023-01-20,N
C101610,Aditya Shinde,Noida,UP,2023-07-07,N
C101611,Aarav Fernandes,Raipur,CG,2022-09-15,N
C101612,Aadhya Pillai,Bhopal,MP,2023-05-30,N
C101613,Sukhwinder Rathore,Jaipur,RJ,2023-07-23,N
C101614,Zaid Gaikwad,Thiruvananthapuram,KL,2024-06-12,Y
C101615,Manish Pereira,Nashik,MH,2024-05-02,N
C101616,Arjun Patil,Raipur,CG,2023-03-03,Y
C101617,Ayaan Agarwal,Ahmedabad,GJ,2024-11-13,Y
C101618,Aditya Shinde,Ahmedabad,GJ,2024-08-12,N
C101619,Manpreet Joshi,Noida,UP,2024-06-15,N
C101620,Bhavna Nair,Chandigarh,CH,2024-08-15,N
C101621,Megha Sethi,Ahmedabad,GJ,2023-12-24,N
C101622,Simran Chatterjee,Raipur,CG,2023-10-11,Y
C101623,Abhishek Joshi,Delhi,DL,2023-01-11,N
C101624,Meera Kapoor,Lucknow,UP,2024-12-17,N
C101625,Anjali Bhatia,Indore,MP,2024-03-06,N
C101626,Nisha Kulkarni,Raipur,CG,2023-11-03,Y
C101627,Kabir Mittal,Chandigarh,CH,2023-08-30,Y
C101628,Joseph Joshi,Nagpur,MH,2023-11-26,N
C101629,Ananya Joshi,Noida,UP,2022-12-27,N
C101630,Aditya Gill,Pune,MH,2022-08-05,N
C101631,Aarav Verma,Indore,MP,2023-11-16,N
C101632,Suresh Fernandes,Kochi,KL,2023-08-11,N
C101633,Rohit Saxena,Kochi,KL,2023-08-12,N
C101634,Priya Sheikh,Mumbai,MH,2024-10-27,N
C101635,Ramesh Joshi,Kolkata,WB,2022-12-30,Y
C101636,Om Gaikwad,Delhi,DL,2022-07-31,Y
C101637,Faisal Bhatt,Bengaluru,KA,2022-12-07,N
C101638,Kunal Goyal,Visakhapatnam,AP,2023-12-28,N
C101639,Rohit Shah,Chandigarh,CH,2023-03-07,Y
C101640,Ananya Pawar,Visakhapatnam,AP,2022-08-07,N
C101641,Aishwarya Bose,Lucknow,UP,2023-12-31,N
C101642,Isha Malhotra,Guwahati,AS,2023-08-26,N
C101643,Sai Saxena,Vadodara,GJ,2023-02-18,Y
C101644,Rajat Khan,Vadodara,GJ,2024-12-18,Y
C101645,Pooja Sethi,Delhi,DL,2024-01-03,N
C101646,Aarav Banerjee,Chennai,TN,2023-06-17,Y
C101647,Siddharth D'Souza,Guwahati,AS,2023-07-03,N
C101648,Yash Singh,Raipur,CG,2024-07-14,N
C101649,Sai Kaur,Dehradun,UK,2023-10-12,N
C101650,Vikram Trivedi,Nagpur,MH,2024-08-06,N
C101651,Harpreet Arora,Visakhapatnam,AP,2022-10-25,Y
C101652,Sai Qureshi,Surat,GJ,2023-05-04,Y
C101653,Aishwarya Pawar,Gurugram,HR,2022-08-02,N
C101654,Thomas Fernandes,Delhi,DL,2022-09-23,N
C101655,Sai Rathore,Jaipur,RJ,2022-11-04,Y
C101656,Krishna Patel,Chennai,TN,2023-07-19,N
C101657,Abhishek Saxena,Bhopal,MP,2022-08-12,N
C101658,Sneha Arora,Dehradun,UK,2024-05-18,Y
C101659,Harsh Deshpande,Kochi,KL,2023-05-02,N
C101660,Faisal Trivedi,Guwahati,AS,2024-12-03,N
C101661,Sameer Bansal,Dehradun,UK,2023-02-20,N
C101662,Rohan Kapoor,Dehradun,UK,2024-03-22,N
C101663,Lakshmi Sethi,Visakhapatnam,AP,2023-02-21,Y
C101664,Nisha Mathew,Gurugram,HR,2024-07-03,N
C101665,Nisha Dutta,Mumbai,MH,2023-04-01,Y
C101666,Sukhwinder Nair,Delhi,DL,2024-07-29,N
C101667,Pranav Kumar,Raipur,CG,2023-11-08,Y
C101668,Abhishek Kapoor,Gurugram,HR,2024-12-27,N
C101669,Suresh Iyer,Visakhapatnam,AP,2024-08-07,Y
C101670,Zaid Gaikwad,Bhubaneswar,OR,2024-08-22,Y
C101671,Kabir Varghese,Indore,MP,2022-09-27,N
C101672,Payal Srivastava,Nashik,MH,2024-12-11,N
C101673,Payal Deshpande,Mumbai,MH,2024-10-24,Y
C101674,Varun Gaikwad,Ahmedabad,GJ,2022-09-06,N
C101675,Nisha Iyer,Hyderabad,TS,2022-07-29,Y
C101676,Kunal Siddiqui,Patna,BR,2023-03-06,Y
C101677,Joseph Banerjee,Indore,MP,2024-06-21,N
C101678,Vivaan Desai,Chandigarh,CH,2023-06-09,N
C101679,Nisha Sheikh,Bhubaneswar,OR,2024-01-11,N
C101680,Payal Mukherjee,Chandigarh,CH,2023-01-08,N
C101681,Anjali Rao,Pune,MH,2023-05-10,Y
C101682,Om Kaur,Jaipur,RJ,2022-08-16,N
C101683,Priya Khan,Gurugram,HR,2023-07-19,N
C101684,Kunal Ansari,Nashik,MH,2024-11-13,N
C101685,Kunal Gaikwad,Mumbai,MH,2023-01-24,N
C101686,Geeta D'Souza,Vadodara,GJ,2022-08-27,N
C101687,Ramesh Iyer,Pune,MH,2023-08-13,Y
C101688,Krishna Mittal,Kolkata,WB,2022-11-04,Y
C101689,Farah Arora,Chandigarh,CH,2022-10-08,N
C101690,Siddharth Ghosh,Mysuru,KA,2024-04-25,N
C101691,Jaspreet Joshi,Delhi,DL,2024-05-17,N
C101692,Karan Mittal,Chennai,TN,2023-03-27,N
C101693,Faisal Mehta,Bhubaneswar,OR,2023-12-05,N
C101694,Rohan Shah,Delhi,DL,2023-10-21,N
C101695,Neha Dutta,Ranchi,JH,2024-10-19,Y
C101696,Zoya Roy,Raipur,CG,2022-10-16,N
C101697,Lobsang Trivedi,Dehradun,UK,2022-09-15,N
C101698,Thomas Agarwal,Noida,UP,2024-09-28,Y
C101699,Farah Shinde,Bengaluru,KA,2024-07-31,Y
C101700,Meera Kulkarni,Jaipur,RJ,2022-11-09,N
C101701,Sai Kumar,Ranchi,JH,2024-02-15,N
C101702,Geeta Mishra,Bhubaneswar,OR,2024-09-28,N
C101703,Abhishek Pandey,Kolkata,WB,2022-10-06,Y
C101704,Manish Banerjee,Raipur,CG,2023-09-10,N
C101705,Lakshmi Khanna,Nagpur,MH,2022-12-09,Y
C101706,Ishaan Mathew,Noida,UP,2024-07-16,N
C101707,Deepak Bhatt,Thiruvananthapuram,KL,2022-12-14,N
C101708,Arjun Dutta,Gurugram,HR,2024-07-19,N
C101709,Ritika Sandhu,Jaipur,RJ,2024-04-07,N
C101710,Zaid Saxena,Patna,BR,2022-08-21,N
C101711,Kavya Mishra,Kolkata,WB,2024-02-25,N
C101712,Lobsang Naidu,Bhubaneswar,OR,2024-03-23,Y
C101713,Tenzin Patil,Ranchi,JH,2024-05-27,N
C101714,Faisal Kapoor,Patna,BR,2023-08-29,N
C101715,Zaid Bansal,Hyderabad,TS,2023-07-30,N
C101716,Mohammed Qureshi,Jaipur,RJ,2024-12-15,N
C101717,Diya Bhatia,Chandigarh,CH,2023-04-12,N
C101718,Saanvi Saxena,Nashik,MH,2022-09-13,N
C101719,Vivaan Khan,Patna,BR,2023-10-27,Y
C101720,Pranav Sen,Bhopal,MP,2023-04-23,N
C101721,Payal Gaikwad,Bengaluru,KA,2024-08-02,Y
C101722,Zaid Dhillon,Bhubaneswar,OR,2023-12-31,N
C101723,Ritika Shah,Hyderabad,TS,2022-08-03,N
C101724,Dev Mathew,Vadodara,GJ,2024-01-31,N
C101725,Vikram Bhatia,Guwahati,AS,2023-11-06,N
C101726,Ritika Chatterjee,Raipur,CG,2022-11-29,N
C101727,Joseph Rao,Hyderabad,TS,2024-01-23,N
C101728,Pranav Varghese,Noida,UP,2024-08-13,N
C101729,Bhavna Mishra,Ahmedabad,GJ,2022-07-27,N
C101730,Ankit George,Lucknow,UP,2023-07-19,N
C101731,Aadhya Agarwal,Mysuru,KA,2022-11-23,Y
C101732,Ankit Nair,Nagpur,MH,2023-06-23,N
C101733,Sameer Agarwal,Delhi,DL,2024-09-07,N
C101734,Ramesh Menon,Bhopal,MP,2024-08-06,N
C101735,Neha Sethi,Chennai,TN,2023-11-12,N
C101736,Sneha Mathew,Gurugram,HR,2022-07-30,N
C101737,Sai Pillai,Patna,BR,2024-07-23,Y
C101738,Deepak Singh,Bengaluru,KA,2024-12-09,N
C101739,Priya Rao,Lucknow,UP,2024-12-18,Y
C101740,Joseph Ghosh,Lucknow,UP,2024-11-12,N
C101741,Pooja Pandey,Hyderabad,TS,2023-05-26,N
C101742,Meera Gupta,Indore,MP,2022-10-22,N
C101743,Joseph Patel,Chennai,TN,2023-01-06,Y
C101744,Vikram Kumar,Pune,MH,2024-07-26,Y
C101745,Varun Agarwal,Coimbatore,TN,2024-02-05,N
C101746,Manpreet Bhatia,Indore,MP,2024-06-25,N
C101747,Rajat Mehta,Vadodara,GJ,2022-09-23,N
C101748,Ankit Gupta,Jaipur,RJ,2023-03-06,N
C101749,Payal Pillai,Indore,MP,2023-05-06,N
C101750,Om Sethi,Bhopal,MP,2024-01-26,N
C101751,Swati Gupta,Dehradun,UK,2024-02-13,N
C101752,Sneha Pawar,Patna,BR,2023-10-28,N
C101753,Vivaan Pandey,Hyderabad,TS,2024-09-07,Y
C101754,Manpreet Shah,Delhi,DL,2024-07-27,N
C101755,Rajat Roy,Mysuru,KA,2024-12-27,Y
C101756,Gurpreet Arora,Dehradun,UK,2024-08-25,Y
C101757,Krishna Saxena,Kochi,KL,2024-03-28,N
C101758,Ramesh Gill,Jaipur,RJ,2022-07-24,N
C101759,Sukhwinder Pawar,Bengaluru,KA,2023-07-16,N
C101760,Daniel Kumar,Indore,MP,2024-02-04,Y
C101761,Imran Dutta,Hyderabad,TS,2023-10-09,N
C101762,Siddharth Sethi,Vadodara,GJ,2023-10-21,N
C101763,Ishaan Shah,Raipur,CG,2024-01-19,N
C101764,Divya Reddy,Pune,MH,2023-02-28,N
C101765,Tenzin Kapoor,Dehradun,UK,2023-08-11,N
C101766,Isha Arora,Noida,UP,2024-12-13,Y
C101767,Priya Jain,Pune,MH,2022-08-17,N
C101768,Kavya Singh,Coimbatore,TN,2023-09-18,Y
C101769,Aishwarya Ansari,Lucknow,UP,2024-06-05,N
C101770,Aadhya Patil,Visakhapatnam,AP,2022-07-21,N
C101771,Rohit Pillai,Ranchi,JH,2024-04-02,N
C101772,Kunal Khan,Visakhapatnam,AP,2022-08-26,N
C101773,Gurpreet Joshi,Gurugram,HR,2024-06-01,N
C101774,Faisal Pandey,Lucknow,UP,2024-10-16,Y
C101775,Swati Das,Surat,GJ,2022-07-30,N
C101776,Saanvi Patil,Nashik,MH,2024-01-12,N
C101777,Varun Rathore,Pune,MH,2023-03-01,Y
C101778,Harsh Patel,Bhopal,MP,2024-12-10,Y
C101779,Varun Singh,Ranchi,JH,2022-08-07,N
C101780,Gurpreet Naidu,Kolkata,WB,2023-05-24,Y
C101781,Suresh Chopra,Mumbai,MH,2024-12-24,N
C101782,Ishaan Goyal,Visakhapatnam,AP,2023-08-06,Y
C101783,Ritika Sharma,Thiruvananthapuram,KL,2022-11-27,N
C101784,Zoya Mittal,Ahmedabad,GJ,2023-02-24,N
C101785,Mohammed Khanna,Nashik,MH,2022-12-24,Y
C101786,Ananya Jadhav,Nagpur,MH,2024-06-01,N
C101787,Harsh Chauhan,Nagpur,MH,2023-02-14,N
C101788,Pranav D'Souza,Hyderabad,TS,2023-12-07,N
C101789,Anjali Siddiqui,Visakhapatnam,AP,2023-10-26,N
C101790,Abhishek Reddy,Nashik,MH,2022-12-18,N
C101791,Sneha Gaikwad,Lucknow,UP,2023-03-14,Y
C101792,Siddharth Kapoor,Thiruvananthapuram,KL,2024-11-06,N
C101793,Ankit Patil,Pune,MH,2023-01-10,Y
C101794,Lobsang Mathew,Jaipur,RJ,2024-12-18,N
C101795,Kunal Sandhu,Jaipur,RJ,2023-07-10,N
C101796,Nikhil Gill,Pune,MH,2023-08-24,N
C101797,Kunal Pillai,Bengaluru,KA,2022-09-08,N
C101798,Rajat Rao,Delhi,DL,2024-08-08,Y
C101799,Meera Pereira,Noida,UP,2024-01-11,Y
C101800,Aadhya Khanna,Dehradun,UK,2022-07-21,N
C101801,Riya Gupta,Dehradun,UK,2022-12-28,N
C101802,Isha Naidu,Surat,GJ,2024-06-21,N
C101803,Dev Goyal,Jaipur,RJ,2022-12-24,N
C101804,Divya Tiwari,Kochi,KL,2022-12-07,N
C101805,Gurpreet Tiwari,Hyderabad,TS,2023-04-30,N
C101806,Aishwarya Bose,Pune,MH,2024-02-24,N
C101807,Farah Bhatia,Guwahati,AS,2024-10-01,N
C101808,Tarun Bansal,Guwahati,AS,2022-09-03,N
C101809,Shreya Chopra,Guwahati,AS,2023-09-11,N
C101810,Sameer Singh,Ranchi,JH,2024-04-01,N
C101811,Vivaan Siddiqui,Nashik,MH,2024-06-11,N
C101812,Suresh Varghese,Chennai,TN,2024-05-29,Y
C101813,Reyansh Gupta,Bengaluru,KA,2022-08-05,Y
C101814,Zaid Kapoor,Bhubaneswar,OR,2023-05-02,N
C101815,Rohit Goyal,Noida,UP,2023-11-21,N
C101816,Aishwarya Singh,Nagpur,MH,2024-12-24,N
C101817,Priya Fernandes,Bengaluru,KA,2024-10-23,N
C101818,Neha Gill,Indore,MP,2023-07-13,N
C101819,Lobsang Singh,Noida,UP,2023-04-11,N
C101820,Riya Pawar,Indore,MP,2024-04-22,N
C101821,Manpreet Kumar,Indore,MP,2024-08-01,N
C101822,Pranav Gupta,Bengaluru,KA,2023-02-20,N
C101823,Dev Saxena,Pune,MH,2023-10-01,Y
C101824,Saanvi Pillai,Pune,MH,2024-12-17,Y
C101825,Meera Chopra,Raipur,CG,2023-04-11,N
C101826,Meera Shah,Kochi,KL,2023-05-25,Y
C101827,Varun Kulkarni,Lucknow,UP,2022-10-14,N
C101828,Vivaan Iyer,Visakhapatnam,AP,2023-04-03,N
C101829,Nikhil Mukherjee,Coimbatore,TN,2024-04-02,N
C101830,Kabir Ghosh,Kochi,KL,2024-05-22,N
C101831,Tanvi Sandhu,Hyderabad,TS,2024-06-27,Y
C101832,Aditya Khanna,Mumbai,MH,2023-01-22,N
C101833,Meera Mehta,Noida,UP,2022-12-01,Y
C101834,Geeta Sen,Dehradun,UK,2023-02-19,Y
C101835,Simran Pandey,Coimbatore,TN,2023-01-29,N
C101836,Rahul Malhotra,Dehradun,UK,2023-04-14,Y
C101837,Kabir Chauhan,Mumbai,MH,2023-12-24,N
C101838,Aishwarya Desai,Vadodara,GJ,2023-02-10,N
C101839,Manpreet Dutta,Chennai,TN,2024-06-02,N
C101840,Deepak Khanna,Delhi,DL,2023-02-06,N
C101841,Om Dutta,Gurugram,HR,2022-08-23,N
C101842,Harpreet Verma,Nashik,MH,2024-08-15,N
C101843,Ananya Mishra,Noida,UP,2024-09-11,Y
C101844,Kavya Chopra,Kolkata,WB,2022-08-30,N
C101845,Amit Reddy,Lucknow,UP,2023-09-04,Y
C101846,Ishaan Gupta,Gurugram,HR,2024-01-12,Y
C101847,Harsh Gaikwad,Patna,BR,2024-03-11,N
C101848,Ankit Chauhan,Dehradun,UK,2024-05-06,Y
C101849,Nikhil Nair,Delhi,DL,2024-04-08,N
C101850,Tarun Jadhav,Delhi,DL,2024-09-02,N
C101851,Dev Srivastava,Delhi,DL,2022-11-26,N
C101852,Zaid Ansari,Surat,GJ,2024-01-09,Y
C101853,Mohammed Varghese,Mysuru,KA,2022-08-10,N
C101854,Tarun Banerjee,Ahmedabad,GJ,2022-07-26,Y
C101855,Rajat Patel,Dehradun,UK,2023-02-20,N
C101856,Ankit Desai,Surat,GJ,2022-12-13,N
C101857,Daniel Gill,Bhubaneswar,OR,2024-02-28,N
C101858,Meera Khan,Dehradun,UK,2023-10-28,N
C101859,Vivaan Bansal,Chandigarh,CH,2022-08-21,Y
C101860,Mohammed Chopra,Jaipur,RJ,2023-11-10,Y
C101861,Faisal Patil,Delhi,DL,2023-04-11,N
C101862,Kabir Deshpande,Guwahati,AS,2022-09-15,Y
C101863,Meera Reddy,Indore,MP,2023-06-07,N
C101864,Karan Verma,Dehradun,UK,2024-07-05,Y
C101865,Sukhwinder Pawar,Chandigarh,CH,2024-05-07,N
C101866,Pooja Varghese,Thiruvananthapuram,KL,2024-10-13,N
C101867,Ritika Ansari,Coimbatore,TN,2022-07-21,N
C101868,Sneha Goyal,Delhi,DL,2024-02-26,Y
C101869,Aadhya Pawar,Noida,UP,2024-01-12,N
C101870,Aishwarya Mukherjee,Thiruvananthapuram,KL,2023-09-06,N
C101871,Lobsang Kulkarni,Noida,UP,2022-09-13,N
C101872,Neha Pawar,Hyderabad,TS,2023-12-23,N
C101873,Geeta Arora,Ranchi,JH,2024-06-02,Y
C101874,Harpreet Shah,Mysuru,KA,2023-11-29,Y
C101875,Suresh Chatterjee,Noida,UP,2022-08-11,N
C101876,Diya Joshi,Bhubaneswar,OR,2023-09-28,N
C101877,Om Mukherjee,Mysuru,KA,2022-07-30,N
C101878,Sukhwinder Jain,Vadodara,GJ,2022-12-29,N
C101879,Varun Mukherjee,Raipur,CG,2024-09-14,Y
C101880,Sai Bhatt,Guwahati,AS,2022-07-27,N
C101881,Saanvi Shinde,Gurugram,HR,2024-08-10,Y
C101882,Anjali Mishra,Coimbatore,TN,2023-02-22,N
C101883,Ayaan Shah,Kochi,KL,2023-02-03,N
C101884,Isha Bhatia,Dehradun,UK,2022-11-19,N
C101885,Reyansh Pillai,Raipur,CG,2023-12-06,N
C101886,Komal Qureshi,Gurugram,HR,2023-06-17,N
C101887,Lobsang Varghese,Nagpur,MH,2022-09-13,N
C101888,Nisha Chauhan,Patna,BR,2024-05-16,Y
C101889,Saanvi Khanna,Noida,UP,2023-07-25,N
C101890,Kunal George,Vadodara,GJ,2024-08-15,N
C101891,Harpreet Pillai,Nashik,MH,2023-05-26,Y
C101892,Joseph Bhatt,Mumbai,MH,2022-08-21,N
C101893,Kunal Siddiqui,Vadodara,GJ,2022-12-12,N
C101894,Pooja Gupta,Kolkata,WB,2023-11-10,N
C101895,Sameer Deshpande,Surat,GJ,2024-06-22,N
C101896,Harpreet D'Souza,Jaipur,RJ,2024-11-22,Y
C101897,Bhavna Iyer,Kochi,KL,2024-06-08,Y
C101898,Komal Tiwari,Thiruvananthapuram,KL,2024-10-18,N
C101899,Vivaan Ghosh,Jaipur,RJ,2023-11-18,N
C101900,Sukhwinder Dhillon,Nagpur,MH,2024-06-25,N
C101901,Geeta Tiwari,Gurugram,HR,2024-10-03,N
C101902,Lobsang Trivedi,Patna,BR,2024-04-14,Y
C101903,Karan Rao,Bengaluru,KA,2024-04-18,Y
C101904,Gurpreet Banerjee,Patna,BR,2022-08-28,N
C101905,Dev Singh,Ahmedabad,GJ,2024-03-01,Y
C101906,Divya Dhillon,Chandigarh,CH,2023-08-26,Y
C101907,Mohammed Kapoor,Surat,GJ,2022-10-24,N
C101908,Steven Chauhan,Delhi,DL,2022-09-09,N
C101909,Aditya Malhotra,Bhopal,MP,2023-06-10,N
C101910,Steven Sheikh,Mysuru,KA,2024-01-23,N
C101911,Pranav D'Souza,Coimbatore,TN,2024-06-28,N
C101912,Lobsang Chauhan,Patna,BR,2022-07-19,Y
C101913,Pooja Patel,Guwahati,AS,2023-06-02,N
C101914,Nikhil Bhatia,Dehradun,UK,2023-10-14,Y
C101915,Karan Chopra,Chandigarh,CH,2024-03-29,N
C101916,Krishna Dhillon,Ranchi,JH,2023-10-18,N
C101917,Farah Sandhu,Mysuru,KA,2023-01-09,N
C101918,Neha Goyal,Bhopal,MP,2023-07-04,Y
C101919,Sameer Gill,Thiruvananthapuram,KL,2024-07-09,Y
C101920,Aadhya Jadhav,Chandigarh,CH,2023-08-08,N
C101921,Tanvi Pawar,Kolkata,WB,2024-07-16,N
C101922,Farah Menon,Vadodara,GJ,2023-04-08,N
C101923,Zaid Naidu,Pune,MH,2023-03-07,Y
C101924,Ayaan Sandhu,Thiruvananthapuram,KL,2024-04-11,Y
C101925,Harpreet Bose,Hyderabad,TS,2022-11-03,N
C101926,Neha Agarwal,Ahmedabad,GJ,2022-10-10,N
C101927,Arjun Patil,Lucknow,UP,2024-09-27,N
C101928,Nisha Shah,Noida,UP,2023-08-23,N
C101929,Komal Kapoor,Ahmedabad,GJ,2022-11-27,Y
C101930,Ritika Qureshi,Bhopal,MP,2023-09-07,N
C101931,Rohit Banerjee,Dehradun,UK,2023-02-13,N
C101932,Abhishek Tiwari,Bhubaneswar,OR,2024-04-12,N
C101933,Manish Dutta,Guwahati,AS,2023-06-01,N
C101934,Megha Chatterjee,Raipur,CG,2023-06-12,Y
C101935,Anjali Kapoor,Vadodara,GJ,2024-09-02,N
C101936,Sameer Jadhav,Mysuru,KA,2023-04-07,N
C101937,Deepak Pereira,Surat,GJ,2023-03-23,N
C101938,Zoya Goyal,Gurugram,HR,2023-07-29,N
C101939,Divya Dhillon,Nagpur,MH,2024-02-01,N
C101940,Swati Deshpande,Lucknow,UP,2022-09-06,Y
C101941,Aadhya Khan,Gurugram,HR,2022-08-02,N
C101942,Tenzin Mishra,Vadodara,GJ,2023-05-22,N
C101943,Swati D'Souza,Mysuru,KA,2023-11-04,N
C101944,Zaid Fernandes,Gurugram,HR,2024-06-29,N
C101945,Simran Kulkarni,Vadodara,GJ,2024-11-18,N
C101946,Zoya Dutta,Ranchi,JH,2022-12-29,N
C101947,Lobsang Qureshi,Kolkata,WB,2024-02-01,N
C101948,Shreya Mehta,Jaipur,RJ,2023-10-11,N
C101949,Thomas Khan,Vadodara,GJ,2024-05-28,N
C101950,Sneha Chauhan,Surat,GJ,2023-03-18,N
C101951,Ishaan Iyer,Ranchi,JH,2023-06-26,N
C101952,Ishaan Pillai,Mumbai,MH,2023-01-25,N
C101953,Rohan Kumar,Visakhapatnam,AP,2024-02-26,Y
C101954,Abhishek Dutta,Raipur,CG,2023-08-05,N
C101955,Megha Verma,Thiruvananthapuram,KL,2024-04-17,N
C101956,Siddharth Patil,Hyderabad,TS,2024-12-25,Y
C101957,Isha Jain,Ahmedabad,GJ,2023-11-14,N
C101958,Harsh Rao,Bhopal,MP,2023-06-29,N
C101959,Aishwarya Reddy,Ranchi,JH,2024-09-08,N
C101960,Deepak Ansari,Nashik,MH,2024-07-18,N
C101961,Arjun Pereira,Lucknow,UP,2022-10-04,N
C101962,Neha Kaur,Visakhapatnam,AP,2022-08-12,N
C101963,Vivaan Singh,Nashik,MH,2024-02-23,N
C101964,Bhavna Deshpande,Delhi,DL,2023-04-29,N
C101965,Isha Khan,Hyderabad,TS,2024-01-10,Y
C101966,Sameer Khanna,Guwahati,AS,2024-10-05,N
C101967,Gurpreet Pereira,Bhopal,MP,2023-02-07,N
C101968,Sneha Sethi,Ahmedabad,GJ,2023-07-21,N
C101969,Geeta Jadhav,Kochi,KL,2024-08-15,Y
C101970,Isha Mathew,Thiruvananthapuram,KL,2024-10-26,N
C101971,Karan Rathore,Patna,BR,2022-09-06,Y
C101972,Dev Gill,Visakhapatnam,AP,2022-10-16,Y
C101973,Sai Rathore,Bhubaneswar,OR,2022-11-29,N
C101974,Rajat Shinde,Chandigarh,CH,2023-06-26,Y
C101975,Rohan Dutta,Raipur,CG,2023-02-03,Y
C101976,Anjali Roy,Coimbatore,TN,2022-09-20,N
C101977,Zoya Bansal,Bhopal,MP,2023-09-02,Y
C101978,Lobsang Bhatia,Kolkata,WB,2024-10-04,Y
C101979,Rahul Kumar,Lucknow,UP,2023-07-06,N
C101980,Harsh Ghosh,Kolkata,WB,2023-11-15,Y
C101981,Abhishek Shah,Kochi,KL,2023-06-08,N
C101982,Vivaan Fernandes,Vadodara,GJ,2023-11-20,Y
C101983,Bhavna Kumar,Ahmedabad,GJ,2024-02-13,N
C101984,Komal Chatterjee,Ahmedabad,GJ,2022-12-06,Y
C101985,Megha Jadhav,Dehradun,UK,2024-09-10,Y
C101986,Sameer Pawar,Surat,GJ,2024-07-16,N
C101987,Thomas Mittal,Vadodara,GJ,2024-11-09,Y
C101988,Riya Pandey,Visakhapatnam,AP,2022-07-25,Y
C101989,Bhavna Nair,Indore,MP,2024-10-18,N
C101990,Suresh Sethi,Kolkata,WB,2023-10-30,N
C101991,Anjali George,Indore,MP,2024-01-07,Y
C101992,Pooja Malhotra,Thiruvananthapuram,KL,2023-09-25,Y
C101993,Mohammed Jadhav,Dehradun,UK,2023-08-13,N
C101994,Kavya Shinde,Thiruvananthapuram,KL,2024-12-08,N
C101995,Lakshmi Pawar,Surat,GJ,2023-06-02,N
C101996,Nisha Pandey,Guwahati,AS,2022-10-20,N
C101997,Zoya Mathew,Nagpur,MH,2023-07-24,N
C101998,Aditya Sheikh,Noida,UP,2022-07-30,Y
C101999,Mohammed Verma,Mumbai,MH,2024-12-12,N
C102000,Anjali Kaur,Chennai,TN,2024-04-10,Y
C102001,Lakshmi Bhatia,Indore,MP,2023-03-16,Y
C102002,Geeta Roy,Raipur,CG,2024-09-29,N
C102003,Jaspreet Ansari,Dehradun,UK,2024-08-18,N
C102004,Pranav Gaikwad,Ahmedabad,GJ,2023-05-16,N
C102005,Manish Shinde,Coimbatore,TN,2023-08-19,Y
C102006,Ramesh Kumar,Patna,BR,2023-11-07,Y
C102007,Simran Mehta,Raipur,CG,2024-03-26,N
C102008,Krishna Qureshi,Mysuru,KA,2024-10-30,N
C102009,Yash Chauhan,Guwahati,AS,2023-01-20,Y
C102010,Aditya Varghese,Vadodara,GJ,2023-08-08,N
C102011,Tarun Malhotra,Ahmedabad,GJ,2024-01-18,N
C102012,Harpreet Chatterjee,Guwahati,AS,2023-06-27,Y
C102013,Varun Sheikh,Ahmedabad,GJ,2023-03-15,Y
C102014,Sai Verma,Pune,MH,2024-08-29,N
C102015,Riya Sandhu,Coimbatore,TN,2023-07-26,Y
C102016,Aditya Shah,Chennai,TN,2024-05-08,N
C102017,Krishna Patil,Hyderabad,TS,2022-10-03,Y
C102018,Shreya Dhillon,Indore,MP,2023-03-01,N
C102019,Manpreet Jadhav,Gurugram,HR,2024-05-14,Y
C102020,Komal Sen,Chandigarh,CH,2024-06-01,N
C102021,Meera Roy,Chennai,TN,2023-04-27,N
C102022,Vihaan Kaur,Kochi,KL,2024-10-12,N
C102023,Steven Gaikwad,Lucknow,UP,2022-08-03,N
C102024,Ayaan Singh,Bhopal,MP,2023-05-10,N
C102025,Ramesh Menon,Ahmedabad,GJ,2023-08-25,N
C102026,Vivaan Patel,Visakhapatnam,AP,2022-12-27,N
C102027,Amit Mehta,Mumbai,MH,2023-11-12,N
C102028,Ayaan Roy,Mysuru,KA,2024-07-29,N
C102029,Ankit Verma,Gurugram,HR,2024-12-31,N
C102030,Sneha Kulkarni,Mumbai,MH,2024-02-07,Y
C102031,Kabir Saxena,Bengaluru,KA,2024-08-28,N
C102032,Nisha Sheikh,Kochi,KL,2022-08-21,N
C102033,Harsh Das,Bhopal,MP,2023-04-22,Y
C102034,Vihaan Bansal,Pune,MH,2024-03-14,N
C102035,Megha Chopra,Mysuru,KA,2023-05-24,N
C102036,Kabir Bhatia,Ahmedabad,GJ,2024-07-24,Y
C102037,Sameer Jain,Pune,MH,2024-07-06,Y
C102038,Rahul Sen,Coimbatore,TN,2023-04-02,N
C102039,Ananya Sheikh,Kolkata,WB,2024-10-13,N
C102040,Kabir Dhillon,Visakhapatnam,AP,2023-05-11,N
C102041,Ishaan Shinde,Hyderabad,TS,2022-11-12,N
C102042,Bhavna Gaikwad,Coimbatore,TN,2024-07-01,N
C102043,Abhishek Khan,Bhopal,MP,2023-06-24,Y
C102044,Nisha Yadav,Nashik,MH,2023-05-24,N
C102045,Siddharth Kaur,Chennai,TN,2024-12-27,N
C102046,Yash Khanna,Raipur,CG,2023-09-23,N
C102047,Tenzin Ghosh,Surat,GJ,2023-03-06,Y
C102048,Imran Malhotra,Chandigarh,CH,2023-04-06,N
C102049,Shreya Pillai,Guwahati,AS,2024-07-03,N
C102050,Reyansh Yadav,Raipur,CG,2024-03-09,Y
C102051,Faisal Pereira,Visakhapatnam,AP,2023-10-08,N
C102052,Geeta Desai,Guwahati,AS,2023-05-23,N
C102053,Megha Reddy,Patna,BR,2023-11-25,N
C102054,Payal Mittal,Pune,MH,2024-12-30,Y
C102055,Ishaan Sen,Nashik,MH,2023-07-20,Y
C102056,Anjali Qureshi,Guwahati,AS,2024-02-03,Y
C102057,Lobsang D'Souza,Kolkata,WB,2023-03-11,N
C102058,Kavya Patel,Ahmedabad,GJ,2024-01-11,N
C102059,Arjun Malhotra,Hyderabad,TS,2023-07-04,N
C102060,Mohammed Patel,Mysuru,KA,2023-02-11,N
C102061,Tanvi Banerjee,Raipur,CG,2022-10-30,Y
C102062,Siddharth Gaikwad,Indore,MP,2022-08-02,N
C102063,Deepak Sandhu,Nagpur,MH,2024-03-15,N
C102064,Manpreet Verma,Bengaluru,KA,2022-12-24,N
C102065,Harpreet Rathore,Dehradun,UK,2024-01-06,N
C102066,Bhavna Singh,Lucknow,UP,2023-08-18,Y
C102067,Nikhil Mittal,Guwahati,AS,2024-08-13,Y
C102068,Aadhya Pereira,Indore,MP,2024-12-11,N
C102069,Megha Pandey,Dehradun,UK,2023-03-14,Y
C102070,Yash Jadhav,Vadodara,GJ,2023-07-21,N
C102071,Swati Menon,Surat,GJ,2022-09-14,N
C102072,Vikram Pandey,Guwahati,AS,2023-03-12,N
C102073,Vikram Mukherjee,Thiruvananthapuram,KL,2023-04-18,N
C102074,Lobsang Pillai,Indore,MP,2023-02-27,N
C102075,Bhavna Mukherjee,Bengaluru,KA,2024-06-02,Y
C102076,Rohan Dutta,Dehradun,UK,2023-09-27,Y
C102077,Krishna Kulkarni,Gurugram,HR,2023-01-20,Y
C102078,Ishaan Jadhav,Mumbai,MH,2022-08-29,N
C102079,Manish Fernandes,Bengaluru,KA,2024-12-20,N
C102080,Ayaan Jadhav,Gurugram,HR,2024-01-15,N
C102081,Aarav Verma,Bhubaneswar,OR,2022-07-22,N
C102082,Siddharth Malhotra,Chennai,TN,2022-10-07,Y
C102083,Simran Khan,Delhi,DL,2024-12-31,Y
C102084,Dev Bose,Patna,BR,2024-08-18,Y
C102085,Ramesh Nair,Mysuru,KA,2023-05-15,N
C102086,Jaspreet Siddiqui,Visakhapatnam,AP,2023-04-29,Y
C102087,Sai Shinde,Indore,MP,2023-04-01,Y
C102088,Varun Shah,Mysuru,KA,2024-12-03,N
C102089,Joseph Jadhav,Surat,GJ,2022-07-27,Y
C102090,Dev Kaur,Indore,MP,2023-07-02,N
C102091,Zoya Sharma,Dehradun,UK,2023-11-06,N
C102092,Aadhya Pereira,Ranchi,JH,2022-11-10,N
C102093,Gurpreet Pawar,Visakhapatnam,AP,2023-01-23,N
C102094,Deepak Banerjee,Bhubaneswar,OR,2022-09-05,N
C102095,Megha Mishra,Bhopal,MP,2024-08-23,N
C102096,Tanvi Chopra,Visakhapatnam,AP,2024-03-06,Y
C102097,Sneha Das,Patna,BR,2024-12-29,N
C102098,Manpreet Dhillon,Kolkata,WB,2023-05-03,N
C102099,Reyansh Iyer,Mysuru,KA,2024-02-16,N
C102100,Om Rathore,Thiruvananthapuram,KL,2024-06-17,N
C102101,Shreya Desai,Vadodara,GJ,2024-10-02,N
C102102,Sameer Siddiqui,Mumbai,MH,2022-08-02,N
C102103,Anjali Joshi,Nagpur,MH,2024-09-16,N
C102104,Nisha Chauhan,Visakhapatnam,AP,2022-12-28,N
C102105,Rahul Singh,Kochi,KL,2024-10-17,N
C102106,Vivaan Reddy,Patna,BR,2022-12-08,Y
C102107,Faisal Saxena,Surat,GJ,2022-07-24,N
C102108,Megha Agarwal,Mysuru,KA,2023-05-27,N
C102109,Thomas D'Souza,Raipur,CG,2022-07-22,N
C102110,Gurpreet Varghese,Jaipur,RJ,2024-06-30,N
C102111,Krishna Bose,Chennai,TN,2024-12-28,Y
C102112,Lobsang Bansal,Bhopal,MP,2023-03-07,Y
C102113,Bhavna Sen,Raipur,CG,2023-05-05,Y
C102114,Joseph Ghosh,Thiruvananthapuram,KL,2022-08-17,N
C102115,Vikram Siddiqui,Surat,GJ,2023-08-31,Y
C102116,Riya Tiwari,Patna,BR,2024-07-03,N
C102117,Saanvi Kulkarni,Vadodara,GJ,2023-09-29,N
C102118,Simran Shinde,Coimbatore,TN,2023-05-29,N
C102119,Steven Trivedi,Ranchi,JH,2024-11-11,Y
C102120,Nisha Kumar,Vadodara,GJ,2024-01-11,Y
C102121,Kabir Kumar,Guwahati,AS,2023-01-16,N
C102122,Divya Chauhan,Lucknow,UP,2023-12-30,N
C102123,Arjun Joshi,Surat,GJ,2023-12-22,Y
C102124,Nisha Das,Bhopal,MP,2024-01-29,N
C102125,Rohit Verma,Ahmedabad,GJ,2022-11-13,N
C102126,Ankit Arora,Nashik,MH,2023-03-06,Y
C102127,Pranav Jadhav,Nagpur,MH,2024-01-30,Y
C102128,Abhishek Iyer,Surat,GJ,2023-10-23,Y
C102129,Dev Chauhan,Kochi,KL,2023-10-03,Y
C102130,Lakshmi Sheikh,Lucknow,UP,2024-01-20,N
C102131,Aadhya Mukherjee,Gurugram,HR,2023-07-16,N
C102132,Priya Dhillon,Vadodara,GJ,2023-10-12,N
C102133,Meera Shah,Pune,MH,2024-03-05,N
C102134,Payal Siddiqui,Surat,GJ,2022-08-31,Y
C102135,Daniel Tiwari,Dehradun,UK,2024-02-12,N
C102136,Ritika Chopra,Lucknow,UP,2024-06-06,N
C102137,Ayaan Siddiqui,Lucknow,UP,2023-10-18,N
C102138,Nisha Qureshi,Delhi,DL,2023-08-06,Y
C102139,Aishwarya Pillai,Jaipur,RJ,2024-10-26,N
C102140,Divya Sethi,Bengaluru,KA,2025-01-01,N
C102141,Lobsang Bansal,Delhi,DL,2022-12-18,N
C102142,Kunal Jadhav,Hyderabad,TS,2023-03-19,N
C102143,Aarav Bhatia,Mumbai,MH,2023-11-25,N
C102144,Riya Ansari,Vadodara,GJ,2024-12-08,Y
C102145,Aditya Pillai,Hyderabad,TS,2023-09-07,N
C102146,Megha George,Kolkata,WB,2024-04-04,N
C102147,Sunita Desai,Delhi,DL,2022-11-23,N
C102148,Tanvi Ansari,Kochi,KL,2022-12-12,N
C102149,Yash Kapoor,Jaipur,RJ,2024-02-18,N
C102150,Priya Bhatia,Indore,MP,2023-04-06,Y
C102151,Sameer Trivedi,Kochi,KL,2024-10-21,Y
C102152,Daniel Fernandes,Coimbatore,TN,2023-11-24,N
C102153,Daniel Mathew,Surat,GJ,2023-08-19,N
C102154,Sameer Joshi,Ahmedabad,GJ,2023-02-23,Y
C102155,Sai Trivedi,Bhopal,MP,2022-09-29,N
C102156,Priya Verma,Vadodara,GJ,2022-11-03,N
C102157,Zoya Kapoor,Coimbatore,TN,2024-12-12,N
C102158,Ishaan Mehta,Thiruvananthapuram,KL,2023-08-04,N
C102159,Swati Pillai,Visakhapatnam,AP,2023-01-17,Y
C102160,Rajat Saxena,Lucknow,UP,2022-09-09,N
C102161,Siddharth Naidu,Nagpur,MH,2023-12-04,N
C102162,Diya Gill,Noida,UP,2024-04-12,N
C102163,Aarav Jadhav,Vadodara,GJ,2023-12-08,N
C102164,Pooja Khanna,Coimbatore,TN,2023-10-30,N
C102165,Aditya Das,Indore,MP,2022-09-28,N
C102166,Sukhwinder Bose,Visakhapatnam,AP,2023-01-26,N
C102167,Krishna Ansari,Ahmedabad,GJ,2022-09-13,N
C102168,Kabir Roy,Kochi,KL,2023-12-28,N
C102169,Harpreet Chopra,Indore,MP,2024-08-20,Y
C102170,Zaid Kapoor,Nashik,MH,2022-12-26,N
C102171,Imran Pandey,Bengaluru,KA,2023-12-16,N
C102172,Jaspreet Bhatt,Chandigarh,CH,2023-04-09,N
C102173,Ayaan Sharma,Ahmedabad,GJ,2024-01-18,N
C102174,Gurpreet Gaikwad,Surat,GJ,2022-10-29,Y
C102175,Daniel Nair,Nashik,MH,2022-08-15,N
C102176,Yash Gupta,Kolkata,WB,2023-11-14,N
C102177,Karan Khanna,Bhopal,MP,2023-12-29,N
C102178,Thomas Siddiqui,Jaipur,RJ,2024-01-04,N
C102179,Anjali Goyal,Thiruvananthapuram,KL,2024-11-23,N
C102180,Suresh Sharma,Raipur,CG,2022-12-10,Y
C102181,Neha Mehta,Mumbai,MH,2024-03-05,N
C102182,Lobsang Patel,Nashik,MH,2024-10-18,N
C102183,Tanvi Mehta,Raipur,CG,2024-11-04,Y
C102184,Saanvi Chopra,Bhubaneswar,OR,2023-08-24,N
C102185,Manish Sheikh,Ranchi,JH,2023-06-03,N
C102186,Ayaan Siddiqui,Noida,UP,2023-02-26,Y
C102187,Varun Dutta,Mysuru,KA,2024-12-29,Y
C102188,Lakshmi Jadhav,Pune,MH,2024-05-11,N
C102189,Abhishek Varghese,Hyderabad,TS,2024-11-01,N
C102190,Ayaan Arora,Delhi,DL,2024-02-14,Y
C102191,Sai Banerjee,Chandigarh,CH,2023-06-21,Y
C102192,Gurpreet Jadhav,Ranchi,JH,2022-08-13,Y
C102193,Shreya Kumar,Ahmedabad,GJ,2024-12-01,N
C102194,Meera Rathore,Guwahati,AS,2023-09-12,N
C102195,Priya Mittal,Surat,GJ,2022-09-02,N
C102196,Kavya Patil,Hyderabad,TS,2024-06-01,N
C102197,Komal Rathore,Nagpur,MH,2022-11-28,N
C102198,Sukhwinder D'Souza,Delhi,DL,2023-07-17,Y
C102199,Farah Agarwal,Hyderabad,TS,2024-02-18,N
C102200,Manish Sethi,Jaipur,RJ,2023-12-25,Y
C102201,Om Das,Raipur,CG,2024-12-18,N
C102202,Daniel Trivedi,Ahmedabad,GJ,2023-02-24,Y
C102203,Nisha Deshpande,Hyderabad,TS,2022-11-16,N
C102204,Priya Qureshi,Nagpur,MH,2024-09-06,N
C102205,Sukhwinder Sethi,Thiruvananthapuram,KL,2024-10-17,N
C102206,Imran Joshi,Ahmedabad,GJ,2024-08-04,N
C102207,Payal Srivastava,Ahmedabad,GJ,2022-08-10,N
C102208,Kavya Malhotra,Visakhapatnam,AP,2023-12-11,N
C102209,Yash Sen,Nagpur,MH,2024-11-15,Y
C102210,Jaspreet D'Souza,Hyderabad,TS,2024-11-29,N
C102211,Ankit Reddy,Bengaluru,KA,2024-11-20,N
C102212,Sunita Srivastava,Raipur,CG,2023-12-07,N
C102213,Abhishek Kulkarni,Bhubaneswar,OR,2024-02-27,Y
C102214,Sukhwinder Chopra,Mumbai,MH,2024-03-04,Y
C102215,Pranav Agarwal,Nashik,MH,2023-11-27,N
C102216,Sunita Sheikh,Vadodara,GJ,2024-05-07,N
C102217,Rahul Jain,Mumbai,MH,2024-02-02,Y
C102218,Meera Patil,Coimbatore,TN,2022-07-22,N
C102219,Reyansh Joshi,Jaipur,RJ,2024-01-14,N
C102220,Sneha Goyal,Dehradun,UK,2024-02-13,N
C102221,Sunita Mukherjee,Hyderabad,TS,2024-09-10,N
C102222,Ayaan Reddy,Delhi,DL,2024-09-25,N
C102223,Manpreet Verma,Vadodara,GJ,2024-12-14,Y
C102224,Ramesh Jain,Chennai,TN,2022-11-07,N
C102225,Thomas Shinde,Kochi,KL,2024-04-04,N
C102226,Kabir Dutta,Mumbai,MH,2024-03-19,N
C102227,Vikram Ghosh,Indore,MP,2023-11-17,Y
C102228,Dev Singh,Coimbatore,TN,2023-04-11,N
C102229,Simran Varghese,Surat,GJ,2023-05-14,Y
C102230,Nikhil Agarwal,Nagpur,MH,2024-07-15,N
C102231,Riya Mishra,Indore,MP,2023-02-17,N
C102232,Ankit Bhatt,Gurugram,HR,2022-08-18,N
C102233,Diya Mehta,Surat,GJ,2024-12-22,N
C102234,Kunal Fernandes,Vadodara,GJ,2023-03-17,Y
C102235,Diya Das,Delhi,DL,2024-08-02,N
C102236,Om Menon,Visakhapatnam,AP,2023-11-15,Y
C102237,Kavya Kumar,Ahmedabad,GJ,2022-12-22,N
C102238,Thomas Varghese,Chandigarh,CH,2022-09-14,Y
C102239,Meera Menon,Bengaluru,KA,2022-12-26,Y
C102240,Jaspreet Qureshi,Lucknow,UP,2023-11-19,N
C102241,Isha Bhatia,Mysuru,KA,2023-01-23,N
C102242,Imran Shinde,Patna,BR,2024-01-12,Y
C102243,Farah Joshi,Bhopal,MP,2024-04-18,Y
C102244,Tenzin Singh,Kolkata,WB,2024-07-11,N
C102245,Vivaan Mathew,Coimbatore,TN,2023-01-19,N
C102246,Rohit Menon,Ahmedabad,GJ,2024-06-28,N
C102247,Priya Dhillon,Chandigarh,CH,2023-11-26,Y
C102248,Simran Shinde,Thiruvananthapuram,KL,2023-06-15,N
C102249,Aarav Rao,Chennai,TN,2022-11-05,N
C102250,Harsh Sandhu,Patna,BR,2023-06-05,N
C102251,Saanvi Dhillon,Mumbai,MH,2024-07-20,N
C102252,Meera Dhillon,Chandigarh,CH,2023-03-26,Y
C102253,Sunita Patil,Surat,GJ,2024-04-22,N
C102254,Manpreet Pillai,Vadodara,GJ,2022-11-19,N
C102255,Ramesh Reddy,Thiruvananthapuram,KL,2024-09-19,Y
C102256,Yash Pawar,Visakhapatnam,AP,2023-08-09,Y
C102257,Harpreet Kapoor,Chennai,TN,2022-10-17,N
C102258,Rohit Sandhu,Pune,MH,2024-10-23,Y
C102259,Geeta Nair,Dehradun,UK,2023-10-06,Y
C102260,Pooja Kaur,Coimbatore,TN,2024-05-21,N
C102261,Diya Sharma,Vadodara,GJ,2024-03-30,Y
C102262,Meera Desai,Chandigarh,CH,2024-09-05,N
C102263,Meera Goyal,Bhubaneswar,OR,2022-11-27,N
C102264,Neha Goyal,Dehradun,UK,2022-11-17,Y
C102265,Arjun Rao,Raipur,CG,2024-11-02,N
C102266,Dev Patil,Indore,MP,2024-03-31,Y
C102267,Aishwarya Kulkarni,Nashik,MH,2024-11-18,N
C102268,Komal Desai,Indore,MP,2024-11-18,N
C102269,Neha Pillai,Indore,MP,2022-12-16,N
C102270,Sameer Sen,Mumbai,MH,2024-03-29,N
C102271,Kunal Bose,Bhopal,MP,2024-07-25,N
C102272,Simran Ansari,Jaipur,RJ,2022-08-02,Y
C102273,Divya Bansal,Ranchi,JH,2024-04-27,Y
C102274,Ishaan Singh,Mumbai,MH,2024-12-07,N
C102275,Sukhwinder Sethi,Nashik,MH,2023-11-27,N
C102276,Vikram Gupta,Mysuru,KA,2024-01-18,Y
C102277,Aarav Dutta,Visakhapatnam,AP,2024-02-04,N
C102278,Tanvi Naidu,Thiruvananthapuram,KL,2023-03-16,N
C102279,Zoya Joshi,Kolkata,WB,2023-11-17,N
C102280,Komal Iyer,Indore,MP,2023-05-22,N
C102281,Swati Jain,Patna,BR,2024-05-01,N
C102282,Ramesh Sen,Nashik,MH,2022-11-27,N
C102283,Swati Qureshi,Raipur,CG,2023-10-02,N
C102284,Zaid Chopra,Ahmedabad,GJ,2022-09-15,Y
C102285,Priya Chauhan,Nagpur,MH,2024-11-09,N
C102286,Tarun Bose,Nagpur,MH,2023-01-20,N
C102287,Arjun Roy,Bengaluru,KA,2023-04-14,N
C102288,Zoya Srivastava,Bengaluru,KA,2024-10-10,N
C102289,Deepak Joshi,Kochi,KL,2022-12-06,Y
C102290,Sai Agarwal,Kolkata,WB,2024-11-09,Y
C102291,Daniel Agarwal,Mumbai,MH,2023-12-21,N
C102292,Pooja Ansari,Thiruvananthapuram,KL,2023-08-15,N
C102293,Arjun Bhatt,Indore,MP,2022-07-18,Y
C102294,Riya Pillai,Coimbatore,TN,2023-12-01,N
C102295,Joseph Jadhav,Delhi,DL,2023-05-26,N
C102296,Meera Reddy,Jaipur,RJ,2023-08-22,N
C102297,Bhavna Qureshi,Kochi,KL,2023-03-17,N
C102298,Bhavna Verma,Thiruvananthapuram,KL,2023-07-20,N
C102299,Geeta Menon,Hyderabad,TS,2022-08-27,N
C102300,Daniel Fernandes,Nashik,MH,2023-11-04,N
C102301,Ishaan Sandhu,Raipur,CG,2024-09-07,N
C102302,Divya Iyer,Surat,GJ,2023-03-02,N
C102303,Komal George,Chandigarh,CH,2024-02-17,N
C102304,Payal Sheikh,Kochi,KL,2023-04-11,N
C102305,Shreya Rao,Indore,MP,2024-09-08,N
C102306,Rohit Rathore,Jaipur,RJ,2022-09-10,Y
C102307,Amit Reddy,Mysuru,KA,2024-07-19,N
C102308,Karan Jadhav,Raipur,CG,2024-11-02,Y
C102309,Meera Desai,Bhopal,MP,2023-07-27,N
C102310,Priya Ansari,Bhubaneswar,OR,2023-07-01,N
C102311,Yash Bose,Kolkata,WB,2023-01-06,N
C102312,Ramesh Siddiqui,Bhopal,MP,2024-07-21,N
C102313,Rajat Chopra,Dehradun,UK,2024-09-26,N
C102314,Harsh George,Thiruvananthapuram,KL,2024-01-11,N
C102315,Swati Dhillon,Ranchi,JH,2023-11-06,N
C102316,Siddharth Sethi,Noida,UP,2022-11-08,Y
C102317,Aadhya Dutta,Bengaluru,KA,2023-05-08,N
C102318,Arjun Rao,Chandigarh,CH,2022-08-06,N
C102319,Zaid Fernandes,Guwahati,AS,2022-08-31,N
C102320,Krishna Varghese,Ahmedabad,GJ,2024-05-30,N
C102321,Diya Desai,Mysuru,KA,2023-06-20,Y
C102322,Harsh Bhatia,Guwahati,AS,2022-08-12,N
C102323,Kabir Varghese,Bhopal,MP,2024-06-30,N
C102324,Pooja Mittal,Mumbai,MH,2024-03-22,N
C102325,Jaspreet Mathew,Surat,GJ,2024-09-25,N
C102326,Aditya Malhotra,Bengaluru,KA,2024-03-02,Y
C102327,Priya Joshi,Chandigarh,CH,2024-11-13,N
C102328,Farah Mehta,Guwahati,AS,2024-02-11,N
C102329,Nisha Jain,Patna,BR,2024-08-19,N
C102330,Varun Ghosh,Delhi,DL,2023-11-05,Y
C102331,Riya Ghosh,Nashik,MH,2024-10-29,Y
C102332,Pranav Singh,Hyderabad,TS,2023-04-17,Y
C102333,Pooja Dhillon,Patna,BR,2024-06-10,Y
C102334,Dev Trivedi,Bhubaneswar,OR,2024-09-22,N
C102335,Geeta Trivedi,Gurugram,HR,2023-04-18,N
C102336,Geeta Sen,Dehradun,UK,2024-05-22,Y
C102337,Shreya Kulkarni,Lucknow,UP,2024-09-24,N
C102338,Kavya Qureshi,Thiruvananthapuram,KL,2024-05-18,Y
C102339,Faisal Mehta,Delhi,DL,2024-08-16,N
C102340,Siddharth Iyer,Hyderabad,TS,2024-07-22,N
C102341,Saanvi Chauhan,Indore,MP,2023-01-07,N
C102342,Rohan Gill,Hyderabad,TS,2024-08-14,N
C102343,Harsh Siddiqui,Patna,BR,2024-10-04,N
C102344,Abhishek Mishra,Bengaluru,KA,2024-06-24,N
C102345,Saanvi Mukherjee,Nagpur,MH,2024-09-16,N
C102346,Vikram Kapoor,Coimbatore,TN,2024-02-19,N
C102347,Karan Desai,Chennai,TN,2022-07-21,N
C102348,Divya Banerjee,Noida,UP,2023-01-01,N
C102349,Dev Menon,Surat,GJ,2022-07-26,N
C102350,Ishaan Tiwari,Nashik,MH,2024-08-06,N
C102351,Abhishek Kapoor,Pune,MH,2024-07-09,N
C102352,Aarav Shinde,Ranchi,JH,2024-05-17,N
C102353,Zoya Chopra,Gurugram,HR,2024-04-17,Y
C102354,Sai Mathew,Patna,BR,2023-03-24,Y
C102355,Ankit Singh,Visakhapatnam,AP,2024-10-09,N
C102356,Bhavna Mathew,Ranchi,JH,2023-06-09,N
C102357,Nikhil Mittal,Chandigarh,CH,2023-02-03,Y
C102358,Steven Sheikh,Bhopal,MP,2024-10-02,Y
C102359,Kavya Varghese,Pune,MH,2024-10-02,N
C102360,Vikram Saxena,Patna,BR,2024-05-06,Y
C102361,Kunal Kumar,Visakhapatnam,AP,2023-01-23,N
C102362,Reyansh Malhotra,Visakhapatnam,AP,2024-01-28,N
C102363,Mohammed Srivastava,Vadodara,GJ,2024-05-31,N
C102364,Rajat Gaikwad,Dehradun,UK,2023-06-11,N
C102365,Lobsang Jain,Dehradun,UK,2023-04-05,N
C102366,Tanvi Nair,Lucknow,UP,2023-08-08,N
C102367,Sneha Roy,Bhopal,MP,2024-06-19,N
C102368,Imran Rathore,Vadodara,GJ,2022-08-21,N
C102369,Vivaan Pereira,Vadodara,GJ,2023-01-06,Y
C102370,Sai Shinde,Bhubaneswar,OR,2023-08-22,N
C102371,Nikhil Sheikh,Chennai,TN,2024-11-13,Y
C102372,Sunita Kumar,Visakhapatnam,AP,2023-02-24,Y
C102373,Arjun Naidu,Raipur,CG,2023-10-21,N
C102374,Sneha Varghese,Bengaluru,KA,2024-01-22,N
C102375,Dev Sen,Vadodara,GJ,2022-11-04,N
C102376,Sukhwinder Patil,Hyderabad,TS,2022-10-07,N
C102377,Shreya Arora,Noida,UP,2024-12-27,Y
C102378,Nisha Patel,Mysuru,KA,2022-08-28,Y
C102379,Anjali Nair,Indore,MP,2023-04-13,N
C102380,Ramesh Chauhan,Mysuru,KA,2022-08-03,N
C102381,Suresh Das,Bhopal,MP,2023-09-05,N
C102382,Dev Gill,Bhopal,MP,2023-01-24,N
C102383,Payal Pillai,Bengaluru,KA,2023-02-19,N
C102384,Suresh Singh,Mumbai,MH,2024-02-14,N
C102385,Harpreet Bansal,Dehradun,UK,2022-11-23,N
C102386,Komal Khan,Nashik,MH,2023-09-28,N
C102387,Meera Menon,Ahmedabad,GJ,2022-08-13,N
C102388,Zoya Yadav,Chennai,TN,2023-05-10,N
C102389,Kavya Sen,Chandigarh,CH,2024-02-07,N
C102390,Sai Qureshi,Vadodara,GJ,2024-01-19,N
C102391,Tenzin Gupta,Nashik,MH,2024-05-02,N
C102392,Harpreet Qureshi,Raipur,CG,2024-06-18,N
C102393,Divya Dutta,Chandigarh,CH,2024-05-31,N
C102394,Manpreet Khanna,Thiruvananthapuram,KL,2023-08-29,N
C102395,Kunal Yadav,Jaipur,RJ,2023-05-01,Y
C102396,Steven Malhotra,Nashik,MH,2023-09-09,Y
C102397,Deepak George,Indore,MP,2023-02-03,N
C102398,Reyansh Chatterjee,Patna,BR,2023-04-18,Y
C102399,Aadhya Banerjee,Chandigarh,CH,2024-05-25,N
C102400,Vihaan Gupta,Chandigarh,CH,2024-05-30,N
C102401,Harsh Khanna,Nashik,MH,2024-06-13,N
C102402,Ramesh Khan,Chennai,TN,2024-01-22,N
C102403,Kabir Sethi,Bhopal,MP,2023-07-12,Y
C102404,Imran Bhatia,Coimbatore,TN,2022-09-11,N
C102405,Ishaan Ghosh,Chennai,TN,2023-11-14,N
C102406,Sai Khan,Kochi,KL,2023-04-03,N
C102407,Diya Patel,Bhopal,MP,2024-11-03,Y
C102408,Karan Mathew,Jaipur,RJ,2024-03-15,N
C102409,Amit Pillai,Delhi,DL,2023-10-23,N
C102410,Riya Kumar,Mumbai,MH,2024-10-15,N
C102411,Sneha Ghosh,Mysuru,KA,2024-03-12,N
C102412,Saanvi Dhillon,Gurugram,HR,2022-12-31,N
C102413,Ananya Verma,Vadodara,GJ,2023-12-23,Y
C102414,Rohan Kaur,Coimbatore,TN,2023-02-20,N
C102415,Jaspreet Patil,Bhopal,MP,2024-04-21,Y
C102416,Swati Pillai,Mumbai,MH,2024-06-07,N
C102417,Ankit Deshpande,Noida,UP,2024-03-17,N
C102418,Reyansh Mathew,Nagpur,MH,2024-08-18,N
C102419,Zaid Yadav,Chandigarh,CH,2023-06-25,N
C102420,Zoya George,Dehradun,UK,2023-05-03,Y
C102421,Mohammed Desai,Chandigarh,CH,2023-12-22,Y
C102422,Priya Kulkarni,Coimbatore,TN,2024-11-26,N
C102423,Payal Nair,Bhopal,MP,2024-10-05,N
C102424,Ananya Varghese,Dehradun,UK,2023-01-24,Y
C102425,Ishaan Kaur,Nagpur,MH,2022-09-26,N
C102426,Sukhwinder Nair,Lucknow,UP,2023-04-13,N
C102427,Pranav Kaur,Indore,MP,2024-06-04,Y
C102428,Tenzin Bose,Nagpur,MH,2023-07-12,N
C102429,Dev Tiwari,Gurugram,HR,2024-06-13,N
C102430,Tanvi Yadav,Raipur,CG,2024-07-24,Y
C102431,Diya Patil,Kolkata,WB,2024-05-20,N
C102432,Thomas Verma,Raipur,CG,2022-11-29,N
C102433,Aadhya Chatterjee,Coimbatore,TN,2022-12-23,Y
C102434,Arjun Pereira,Guwahati,AS,2023-02-14,N
C102435,Tarun Banerjee,Ranchi,JH,2023-02-16,N
C102436,Pooja Patil,Lucknow,UP,2023-04-16,N
C102437,Zoya Patel,Surat,GJ,2023-03-16,N
C102438,Ayaan Menon,Dehradun,UK,2023-10-07,Y
C102439,Saanvi Varghese,Delhi,DL,2023-04-03,Y
C102440,Deepak Jadhav,Bhopal,MP,2024-06-25,N
C102441,Varun Reddy,Mysuru,KA,2023-02-16,N
C102442,Nisha Yadav,Coimbatore,TN,2022-12-05,N
C102443,Tarun Srivastava,Guwahati,AS,2024-06-20,N
C102444,Abhishek Khan,Hyderabad,TS,2024-11-14,N
C102445,Sunita Mehta,Mumbai,MH,2023-09-05,N
C102446,Divya Saxena,Pune,MH,2023-02-14,Y
C102447,Vihaan Pawar,Kolkata,WB,2024-06-07,Y
C102448,Kavya Patel,Patna,BR,2023-12-05,Y
C102449,Bhavna Verma,Ranchi,JH,2023-02-03,N
C102450,Ritika Reddy,Thiruvananthapuram,KL,2024-08-07,N
C102451,Swati Varghese,Mysuru,KA,2022-08-06,Y
C102452,Steven Mathew,Chennai,TN,2024-10-02,N
C102453,Gurpreet Das,Bhopal,MP,2024-03-09,N
C102454,Reyansh Fernandes,Mysuru,KA,2023-03-04,N
C102455,Saanvi Sheikh,Nashik,MH,2023-10-22,N
C102456,Faisal Mukherjee,Indore,MP,2023-04-10,N
C102457,Daniel Sethi,Kolkata,WB,2022-08-12,N
C102458,Harpreet Desai,Visakhapatnam,AP,2023-05-06,N
C102459,Swati Malhotra,Noida,UP,2023-08-07,N
C102460,Rahul Chauhan,Hyderabad,TS,2024-07-29,N
C102461,Tanvi Patel,Thiruvananthapuram,KL,2024-10-19,N
C102462,Komal Arora,Bhubaneswar,OR,2022-11-07,N
C102463,Deepak Khanna,Mumbai,MH,2023-08-16,N
C102464,Kunal Tiwari,Raipur,CG,2023-07-23,N
C102465,Neha Bhatia,Bengaluru,KA,2024-01-24,N
C102466,Aditya Mukherjee,Guwahati,AS,2023-02-11,Y
C102467,Nisha Yadav,Hyderabad,TS,2024-04-17,Y
C102468,Krishna Ansari,Noida,UP,2023-03-26,N
C102469,Nikhil Singh,Mumbai,MH,2023-12-30,N
C102470,Rajat Gaikwad,Dehradun,UK,2023-06-09,N
C102471,Om Roy,Coimbatore,TN,2023-09-10,Y
C102472,Steven Mukherjee,Coimbatore,TN,2023-06-29,Y
C102473,Tenzin Sandhu,Thiruvananthapuram,KL,2024-03-28,N
C102474,Ishaan Bhatt,Indore,MP,2022-10-08,N
C102475,Rohit Gill,Chennai,TN,2023-10-07,N
C102476,Simran Jadhav,Nagpur,MH,2023-01-12,N
C102477,Pranav Mukherjee,Delhi,DL,2023-05-21,N
C102478,Faisal Khan,Kochi,KL,2024-11-30,Y
C102479,Krishna Sheikh,Indore,MP,2022-11-06,Y
C102480,Saanvi Bhatia,Thiruvananthapuram,KL,2024-12-02,N
C102481,Zoya Trivedi,Chandigarh,CH,2022-11-29,N
C102482,Varun Malhotra,Nagpur,MH,2024-10-14,Y
C102483,Pranav Mehta,Jaipur,RJ,2024-01-24,N
C102484,Ayaan Sharma,Ahmedabad,GJ,2023-08-11,N
C102485,Sameer Kulkarni,Visakhapatnam,AP,2023-02-06,Y
C102486,Varun Khan,Guwahati,AS,2023-07-22,N
C102487,Ritika Bhatia,Mumbai,MH,2024-10-22,Y
C102488,Aarav Tiwari,Guwahati,AS,2023-09-04,N
C102489,Divya Pandey,Bhopal,MP,2022-11-27,Y
C102490,Payal Naidu,Vadodara,GJ,2023-04-05,Y
C102491,Mohammed Chopra,Patna,BR,2023-06-25,N
C102492,Aarav Kaur,Kolkata,WB,2023-12-02,N
C102493,Sai Mittal,Bhubaneswar,OR,2024-10-23,N
C102494,Aditya Siddiqui,Coimbatore,TN,2024-06-01,N
C102495,Isha Dhillon,Nashik,MH,2024-04-18,Y
C102496,Sukhwinder Sheikh,Chandigarh,CH,2024-03-09,Y
C102497,Joseph Joshi,Hyderabad,TS,2022-12-27,Y
C102498,Pooja Bansal,Kolkata,WB,2022-12-25,N
C102499,Vihaan Sen,Visakhapatnam,AP,2024-08-24,Y
C102500,Sai Shah,Kolkata,WB,2022-09-07,N
C102501,Karan Arora,Delhi,DL,2024-07-09,Y
C102502,Ankit Fernandes,Nashik,MH,2023-04-05,N
C102503,Lobsang Shah,Kochi,KL,2023-08-27,Y
C102504,Shreya Saxena,Coimbatore,TN,2023-01-27,N
C102505,Jaspreet Pawar,Delhi,DL,2024-01-23,N
C102506,Diya Chopra,Bhopal,MP,2024-03-28,Y
C102507,Swati Mittal,Patna,BR,2023-03-20,Y
C102508,Mohammed George,Guwahati,AS,2024-01-03,N
C102509,Rohit Malhotra,Ranchi,JH,2023-04-14,Y
C102510,Rajat Kapoor,Kolkata,WB,2023-10-12,N
C102511,Divya Nair,Patna,BR,2023-05-28,Y
C102512,Daniel Sharma,Mumbai,MH,2024-05-06,N
C102513,Payal Kaur,Thiruvananthapuram,KL,2023-06-19,N
C102514,Priya Iyer,Guwahati,AS,2023-07-25,Y
C102515,Imran Sethi,Hyderabad,TS,2024-12-27,N
C102516,Kabir Siddiqui,Ranchi,JH,2023-10-03,N
C102517,Amit Kaur,Noida,UP,2024-10-15,Y
C102518,Swati Mathew,Bengaluru,KA,2024-08-30,N
C102519,Ishaan Joshi,Noida,UP,2023-11-16,Y
C102520,Geeta Goyal,Kolkata,WB,2023-01-11,Y
C102521,Aishwarya Nair,Delhi,DL,2023-03-28,N
C102522,Saanvi Sethi,Thiruvananthapuram,KL,2024-03-25,N
C102523,Sneha Srivastava,Bengaluru,KA,2023-02-07,N
C102524,Sameer Saxena,Lucknow,UP,2024-07-05,N
C102525,Faisal Nair,Bhubaneswar,OR,2022-12-08,Y
C102526,Kunal Bhatt,Bhubaneswar,OR,2023-11-10,N
C102527,Rohit Shah,Raipur,CG,2024-06-09,N
C102528,Anjali Iyer,Nashik,MH,2023-07-04,Y
C102529,Om George,Patna,BR,2023-03-18,N
C102530,Swati Srivastava,Surat,GJ,2023-06-21,N
C102531,Rohan Bose,Visakhapatnam,AP,2023-11-21,N
C102532,Sukhwinder Saxena,Vadodara,GJ,2024-01-18,N
C102533,Yash Ansari,Mysuru,KA,2022-07-19,N
C102534,Payal Khan,Surat,GJ,2024-04-14,Y
C102535,Harsh Kaur,Indore,MP,2024-03-20,Y
C102536,Jaspreet Sandhu,Patna,BR,2023-06-25,N
C102537,Ankit Trivedi,Kolkata,WB,2024-01-24,Y
C102538,Varun Qureshi,Guwahati,AS,2024-07-01,Y
C102539,Ishaan Jadhav,Indore,MP,2022-09-20,N
C102540,Rohan Qureshi,Jaipur,RJ,2022-09-12,N
C102541,Rajat Naidu,Nagpur,MH,2023-10-01,Y
C102542,Vivaan Roy,Nashik,MH,2023-11-07,Y
C102543,Daniel Patel,Gurugram,HR,2022-09-29,Y
C102544,Suresh Desai,Guwahati,AS,2022-07-30,Y
C102545,Mohammed Menon,Ranchi,JH,2022-11-21,Y
C102546,Tenzin Sen,Thiruvananthapuram,KL,2022-12-09,N
C102547,Gurpreet Kulkarni,Coimbatore,TN,2023-09-03,N
C102548,Reyansh Sen,Bhubaneswar,OR,2024-11-01,N
C102549,Nisha Sheikh,Patna,BR,2024-01-01,N
C102550,Steven Srivastava,Lucknow,UP,2023-02-14,Y
C102551,Om Srivastava,Bhubaneswar,OR,2024-12-14,Y
C102552,Diya Patil,Vadodara,GJ,2022-10-31,N
C102553,Faisal Srivastava,Raipur,CG,2022-09-17,N
C102554,Reyansh Jain,Noida,UP,2024-10-24,N
C102555,Mohammed Roy,Delhi,DL,2024-05-23,Y
C102556,Priya Bhatt,Guwahati,AS,2024-10-27,Y
C102557,Megha Gill,Hyderabad,TS,2023-06-02,N
C102558,Siddharth Goyal,Nagpur,MH,2024-08-06,N
C102559,Joseph Mathew,Mysuru,KA,2022-09-30,N
C102560,Sunita Banerjee,Indore,MP,2023-12-17,N
C102561,Swati Banerjee,Pune,MH,2022-12-23,N
C102562,Riya Gupta,Ranchi,JH,2023-04-02,Y
C102563,Sameer Chopra,Lucknow,UP,2022-11-08,Y
C102564,Faisal Mehta,Bengaluru,KA,2023-08-21,N
C102565,Faisal Gupta,Lucknow,UP,2023-04-08,Y
C102566,Aarav Dhillon,Hyderabad,TS,2023-01-10,N
C102567,Ritika Bhatia,Gurugram,HR,2024-08-28,N
C102568,Thomas Deshpande,Mysuru,KA,2022-11-06,N
C102569,Shreya Srivastava,Mysuru,KA,2024-09-26,N
C102570,Abhishek Saxena,Ranchi,JH,2024-05-03,N
C102571,Manpreet Mukherjee,Bengaluru,KA,2024-12-02,N
C102572,Tenzin Agarwal,Surat,GJ,2024-11-07,N
C102573,Ramesh George,Bhubaneswar,OR,2023-08-09,Y
C102574,Farah Saxena,Bengaluru,KA,2024-11-04,N
C102575,Vikram Qureshi,Surat,GJ,2024-01-22,N
C102576,Nikhil D'Souza,Gurugram,HR,2023-03-17,N
C102577,Swati Mehta,Nagpur,MH,2024-05-14,N
C102578,Geeta Yadav,Coimbatore,TN,2023-09-24,N
C102579,Yash Arora,Lucknow,UP,2023-09-20,Y
C102580,Lakshmi Gupta,Bengaluru,KA,2022-08-04,N
C102581,Deepak Dhillon,Jaipur,RJ,2024-03-21,N
C102582,Steven Pereira,Gurugram,HR,2024-04-09,Y
C102583,Sameer Mukherjee,Bengaluru,KA,2023-05-14,N
C102584,Bhavna Agarwal,Vadodara,GJ,2024-05-22,N
C102585,Kabir Deshpande,Bhopal,MP,2023-07-04,N
C102586,Dev Khanna,Guwahati,AS,2024-01-22,Y
C102587,Zoya Iyer,Jaipur,RJ,2024-09-26,Y
C102588,Aditya Siddiqui,Raipur,CG,2023-11-08,Y
C102589,Zaid Ansari,Noida,UP,2023-07-20,Y
C102590,Mohammed Kaur,Bengaluru,KA,2022-07-25,N
C102591,Thomas D'Souza,Coimbatore,TN,2022-11-25,N
C102592,Lobsang Mittal,Kolkata,WB,2023-04-14,N
C102593,Priya Pandey,Visakhapatnam,AP,2023-01-04,N
C102594,Krishna Rathore,Jaipur,RJ,2024-08-04,N
C102595,Thomas Bhatt,Patna,BR,2022-11-04,N
C102596,Priya Rathore,Patna,BR,2024-10-26,N
C102597,Thomas Mishra,Coimbatore,TN,2024-02-07,N
C102598,Ankit Chopra,Raipur,CG,2023-12-23,Y
C102599,Deepak Kulkarni,Patna,BR,2023-10-14,N
C102600,Reyansh Mehta,Bhopal,MP,2024-08-19,Y
C102601,Tarun Siddiqui,Bhopal,MP,2024-03-20,N
C102602,Sukhwinder Fernandes,Dehradun,UK,2024-12-18,N
C102603,Tenzin Reddy,Delhi,DL,2022-07-21,N
C102604,Riya Jadhav,Mumbai,MH,2023-06-23,N
C102605,Kunal Naidu,Raipur,CG,2024-08-16,N
C102606,Lobsang Tiwari,Kochi,KL,2022-08-12,N
C102607,Gurpreet Gaikwad,Bhopal,MP,2022-11-25,N
C102608,Ramesh Dhillon,Visakhapatnam,AP,2022-09-24,N
C102609,Farah Shah,Ahmedabad,GJ,2022-12-11,N
C102610,Simran Naidu,Dehradun,UK,2024-09-26,N
C102611,Zaid Menon,Raipur,CG,2024-06-24,Y
C102612,Daniel Saxena,Delhi,DL,2022-11-11,N
C102613,Kavya Trivedi,Chennai,TN,2022-11-05,Y
C102614,Shreya Singh,Patna,BR,2023-03-21,Y
C102615,Om Bhatia,Indore,MP,2022-09-13,N
C102616,Harpreet Nair,Nagpur,MH,2024-06-01,N
C102617,Sunita Sandhu,Visakhapatnam,AP,2023-01-27,N
C102618,Sai Mathew,Jaipur,RJ,2023-07-26,N
C102619,Priya Das,Nashik,MH,2023-10-25,N
C102620,Payal Kulkarni,Visakhapatnam,AP,2023-04-30,Y
C102621,Mohammed Ansari,Chandigarh,CH,2024-07-06,Y
C102622,Om Banerjee,Jaipur,RJ,2024-11-24,N
C102623,Anjali Joshi,Thiruvananthapuram,KL,2022-11-08,N
C102624,Aarav Tiwari,Bhubaneswar,OR,2023-06-21,Y
C102625,Gurpreet Gupta,Chennai,TN,2024-07-21,N
C102626,Siddharth Sheikh,Lucknow,UP,2024-03-04,Y
C102627,Arjun Goyal,Surat,GJ,2023-06-25,Y
C102628,Riya Roy,Jaipur,RJ,2023-11-22,N
C102629,Aadhya Arora,Kochi,KL,2024-07-31,Y
C102630,Siddharth Agarwal,Raipur,CG,2022-12-25,N
C102631,Saanvi Das,Bhopal,MP,2024-07-04,N
C102632,Yash Kapoor,Dehradun,UK,2022-08-25,N
C102633,Ayaan Rathore,Raipur,CG,2024-03-14,N
C102634,Ishaan Shah,Gurugram,HR,2022-08-27,N
C102635,Zaid Chatterjee,Bengaluru,KA,2023-10-11,N
C102636,Thomas Reddy,Kochi,KL,2023-05-23,Y
C102637,Deepak Malhotra,Hyderabad,TS,2024-03-20,N
C102638,Priya Desai,Mysuru,KA,2024-03-23,N
C102639,Tarun Kumar,Bengaluru,KA,2024-09-27,N
C102640,Sukhwinder Sheikh,Vadodara,GJ,2024-04-21,N
C102641,Rohit Tiwari,Nashik,MH,2024-06-17,N
C102642,Sunita Jain,Patna,BR,2024-04-24,Y
C102643,Diya Fernandes,Kolkata,WB,2023-04-18,N
C102644,Sameer Qureshi,Patna,BR,2023-03-08,N
C102645,Deepak Mehta,Kochi,KL,2023-12-01,N
C102646,Thomas Chatterjee,Vadodara,GJ,2022-08-16,N
C102647,Arjun Rao,Nagpur,MH,2024-05-12,Y
C102648,Steven Shinde,Surat,GJ,2023-03-03,N
C102649,Imran Dutta,Thiruvananthapuram,KL,2023-04-09,N
C102650,Pooja Singh,Delhi,DL,2024-06-03,N
C102651,Varun Jadhav,Hyderabad,TS,2023-04-19,N
C102652,Sunita Verma,Kochi,KL,2024-01-07,Y
C102653,Saanvi Singh,Ahmedabad,GJ,2024-09-24,Y
C102654,Kavya Pillai,Chennai,TN,2023-09-19,N
C102655,Lobsang Siddiqui,Kochi,KL,2023-11-16,N
C102656,Reyansh Agarwal,Surat,GJ,2024-05-22,Y
C102657,Aadhya Verma,Raipur,CG,2023-02-02,N
C102658,Varun Fernandes,Lucknow,UP,2022-12-11,N
C102659,Ankit Dutta,Coimbatore,TN,2022-08-19,Y
C102660,Kunal Patel,Mysuru,KA,2024-11-08,N
C102661,Suresh Srivastava,Mumbai,MH,2024-02-19,Y
C102662,Lakshmi Mehta,Patna,BR,2022-08-21,N
C102663,Yash Malhotra,Hyderabad,TS,2024-05-26,N
C102664,Tarun Gill,Jaipur,RJ,2024-03-02,N
C102665,Siddharth Chopra,Mumbai,MH,2023-12-23,Y
C102666,Gurpreet Rao,Dehradun,UK,2024-08-13,Y
C102667,Dev Gupta,Visakhapatnam,AP,2024-08-17,Y
C102668,Harpreet Reddy,Pune,MH,2023-04-28,N
C102669,Ishaan Dhillon,Nashik,MH,2023-11-04,N
C102670,Ramesh Agarwal,Lucknow,UP,2024-02-20,Y
C102671,Rajat Gill,Bhubaneswar,OR,2023-07-08,Y
C102672,Reyansh Reddy,Kolkata,WB,2023-02-19,N
C102673,Ritika Shinde,Dehradun,UK,2024-06-28,N
C102674,Vikram Roy,Noida,UP,2023-09-26,N
C102675,Ananya Gaikwad,Dehradun,UK,2024-06-06,N
C102676,Steven Chopra,Vadodara,GJ,2024-01-30,N
C102677,Manpreet Mathew,Bengaluru,KA,2024-02-01,Y
C102678,Siddharth Malhotra,Chennai,TN,2024-05-14,N
C102679,Faisal Sen,Pune,MH,2023-03-10,N
C102680,Suresh Khanna,Surat,GJ,2024-10-27,N
C102681,Vihaan Jain,Bhubaneswar,OR,2024-07-19,N
C102682,Pranav Bhatia,Patna,BR,2024-10-20,N
C102683,Jaspreet D'Souza,Indore,MP,2023-09-17,N
C102684,Harsh Naidu,Thiruvananthapuram,KL,2023-10-04,N
C102685,Faisal Reddy,Noida,UP,2023-06-16,N
C102686,Aishwarya Qureshi,Indore,MP,2023-08-08,Y
C102687,Nikhil Kulkarni,Chennai,TN,2023-12-05,Y
C102688,Nikhil Shinde,Kochi,KL,2022-07-22,N
C102689,Arjun Bansal,Thiruvananthapuram,KL,2024-04-30,Y
C102690,Geeta Shah,Indore,MP,2024-07-12,N
C102691,Vihaan Reddy,Guwahati,AS,2022-09-22,N
C102692,Lakshmi Jain,Gurugram,HR,2023-11-26,N
C102693,Saanvi Pillai,Coimbatore,TN,2024-03-15,N
C102694,Om Srivastava,Indore,MP,2024-05-27,N
C102695,Reyansh Mittal,Chandigarh,CH,2023-09-09,N
C102696,Mohammed Khan,Nashik,MH,2023-03-13,Y
C102697,Aarav Gaikwad,Coimbatore,TN,2022-12-10,N
C102698,Sukhwinder Reddy,Ranchi,JH,2022-07-18,Y
C102699,Simran Jadhav,Visakhapatnam,AP,2023-08-21,N
C102700,Sameer Arora,Dehradun,UK,2024-09-28,N
C102701,Krishna Qureshi,Lucknow,UP,2023-09-29,N
C102702,Vihaan Joshi,Chennai,TN,2023-06-26,N
C102703,Harsh Mehta,Nagpur,MH,2024-03-04,N
C102704,Anjali Desai,Visakhapatnam,AP,2023-06-16,N
C102705,Ayaan Yadav,Bhubaneswar,OR,2023-11-04,Y
C102706,Bhavna Dhillon,Surat,GJ,2024-07-23,Y
C102707,Reyansh Patil,Thiruvananthapuram,KL,2024-06-10,N
C102708,Deepak Jadhav,Bengaluru,KA,2022-08-21,N
C102709,Riya Desai,Nagpur,MH,2023-01-13,Y
C102710,Amit Roy,Surat,GJ,2023-04-12,Y
C102711,Geeta Banerjee,Lucknow,UP,2023-03-28,N
C102712,Lakshmi Siddiqui,Pune,MH,2022-11-12,N
C102713,Priya Pandey,Chennai,TN,2023-03-09,Y
C102714,Amit Menon,Nagpur,MH,2024-05-22,N
C102715,Anjali D'Souza,Indore,MP,2024-07-19,N
C102716,Deepak Bhatia,Mysuru,KA,2024-02-16,N
C102717,Sneha Srivastava,Visakhapatnam,AP,2022-11-21,Y
C102718,Tanvi Trivedi,Nagpur,MH,2023-02-18,Y
C102719,Ayaan Fernandes,Indore,MP,2023-07-22,Y
C102720,Daniel Yadav,Mumbai,MH,2024-09-24,N
C102721,Aditya Sen,Surat,GJ,2024-11-14,N
C102722,Divya D'Souza,Ahmedabad,GJ,2023-12-29,N
C102723,Sneha Agarwal,Nashik,MH,2022-07-22,N
C102724,Anjali Yadav,Thiruvananthapuram,KL,2024-08-09,N
C102725,Aishwarya Deshpande,Nashik,MH,2024-06-27,N
C102726,Ramesh Chauhan,Bengaluru,KA,2023-03-20,N
C102727,Kavya Sharma,Thiruvananthapuram,KL,2022-12-10,N
C102728,Rahul Goyal,Bhopal,MP,2023-07-25,N
C102729,Swati Rao,Pune,MH,2023-10-21,N
C102730,Diya Tiwari,Thiruvananthapuram,KL,2023-08-26,Y
C102731,Reyansh Roy,Chennai,TN,2024-09-12,N
C102732,Om Sethi,Visakhapatnam,AP,2024-01-06,Y
C102733,Suresh Kulkarni,Dehradun,UK,2024-05-06,N
C102734,Tarun Mishra,Indore,MP,2023-10-23,N
C102735,Ananya Kulkarni,Mysuru,KA,2022-10-02,Y
C102736,Tarun Saxena,Patna,BR,2024-02-12,Y
C102737,Aadhya Kulkarni,Indore,MP,2024-03-01,N
C102738,Shreya George,Nagpur,MH,2022-07-24,N
C102739,Vikram Malhotra,Nashik,MH,2022-11-30,N
C102740,Tanvi Bhatia,Ahmedabad,GJ,2023-09-14,Y
C102741,Daniel Verma,Dehradun,UK,2022-11-26,Y
C102742,Nikhil Yadav,Nashik,MH,2024-01-21,Y
C102743,Tarun Gupta,Vadodara,GJ,2022-12-16,N
C102744,Swati Khanna,Vadodara,GJ,2022-09-13,Y
C102745,Tarun Bhatia,Guwahati,AS,2022-08-02,N
C102746,Jaspreet Ansari,Nashik,MH,2022-10-23,N
C102747,Aditya Tiwari,Gurugram,HR,2023-09-05,N
C102748,Ramesh Mukherjee,Guwahati,AS,2023-06-14,N
C102749,Aditya Pawar,Lucknow,UP,2024-10-30,Y
C102750,Pranav Banerjee,Guwahati,AS,2024-02-08,Y
C102751,Suresh Nair,Noida,UP,2023-03-10,Y
C102752,Simran Fernandes,Coimbatore,TN,2024-07-13,Y
C102753,Harsh Bansal,Lucknow,UP,2024-05-10,N
C102754,Nisha Bansal,Kochi,KL,2024-12-12,Y
C102755,Gurpreet Pillai,Bhopal,MP,2023-09-11,N
C102756,Ankit Goyal,Bhopal,MP,2024-01-28,N
C102757,Lakshmi Siddiqui,Bhopal,MP,2023-06-23,N
C102758,Imran Reddy,Surat,GJ,2024-04-19,Y
C102759,Isha Singh,Delhi,DL,2022-12-31,N
C102760,Shreya Kapoor,Mumbai,MH,2023-05-09,Y
C102761,Isha Srivastava,Gurugram,HR,2024-10-10,N
C102762,Yash Menon,Chandigarh,CH,2023-09-09,N
C102763,Manpreet Gaikwad,Bhubaneswar,OR,2023-02-28,N
C102764,Rohit Kaur,Pune,MH,2022-10-18,N
C102765,Yash Arora,Noida,UP,2023-12-28,N
C102766,Aditya Mittal,Nagpur,MH,2023-11-09,N
C102767,Om Chauhan,Kolkata,WB,2023-04-13,Y
C102768,Zoya Shah,Kochi,KL,2023-04-24,N
C102769,Tarun Arora,Surat,GJ,2023-11-13,N
C102770,Gurpreet Sethi,Surat,GJ,2023-01-29,N
C102771,Vihaan Fernandes,Patna,BR,2024-05-20,Y
C102772,Imran Pawar,Pune,MH,2023-03-07,N
C102773,Shreya Sandhu,Nagpur,MH,2024-04-10,Y
C102774,Manpreet Bose,Bhubaneswar,OR,2024-04-23,N
C102775,Krishna Kulkarni,Kochi,KL,2024-02-25,N
C102776,Abhishek Kaur,Mumbai,MH,2024-05-18,Y
C102777,Ishaan Goyal,Chandigarh,CH,2024-01-21,N
C102778,Harsh Mathew,Dehradun,UK,2023-01-23,Y
C102779,Rohan Verma,Nagpur,MH,2022-09-12,N
C102780,Vikram Pereira,Raipur,CG,2023-10-12,N
C102781,Aditya Trivedi,Noida,UP,2024-01-21,Y
C102782,Rahul Kaur,Guwahati,AS,2023-04-08,N
C102783,Kunal Singh,Gurugram,HR,2024-05-13,Y
C102784,Anjali Pandey,Bhopal,MP,2024-05-05,N
C102785,Rajat Kumar,Hyderabad,TS,2024-09-20,Y
C102786,Gurpreet Iyer,Mysuru,KA,2022-09-02,N
C102787,Tenzin Chatterjee,Indore,MP,2023-01-20,N
C102788,Vivaan Gupta,Vadodara,GJ,2023-06-19,Y
C102789,Abhishek Rathore,Hyderabad,TS,2024-05-14,N
C102790,Isha Khanna,Patna,BR,2024-11-02,Y
C102791,Vivaan Pillai,Bhubaneswar,OR,2024-06-05,Y
C102792,Diya Rao,Dehradun,UK,2022-09-22,Y
C102793,Sunita Singh,Guwahati,AS,2023-10-23,N
C102794,Rahul Bose,Mysuru,KA,2023-11-14,N
C102795,Harpreet Gupta,Ranchi,JH,2024-10-15,N
C102796,Daniel Iyer,Bengaluru,KA,2024-10-21,N
C102797,Om Varghese,Nagpur,MH,2023-04-05,N
C102798,Nisha Bhatt,Dehradun,UK,2023-08-12,N
C102799,Meera Naidu,Hyderabad,TS,2024-06-10,N
C102800,Aditya Mukherjee,Indore,MP,2022-09-15,N
C102801,Farah Mishra,Delhi,DL,2023-07-25,Y
C102802,Simran Ghosh,Vadodara,GJ,2023-09-01,N
C102803,Meera Verma,Chandigarh,CH,2024-02-15,Y
C102804,Megha Chopra,Jaipur,RJ,2022-08-12,Y
C102805,Neha Varghese,Ahmedabad,GJ,2024-02-22,N
C102806,Kabir Reddy,Ahmedabad,GJ,2022-12-10,Y
C102807,Neha Jain,Raipur,CG,2024-08-12,N
C102808,Saanvi Pillai,Surat,GJ,2022-09-26,Y
C102809,Mohammed Reddy,Kolkata,WB,2024-08-18,N
C102810,Rahul Bose,Dehradun,UK,2024-02-24,N
C102811,Abhishek Saxena,Vadodara,GJ,2024-09-26,N
C102812,Sneha D'Souza,Mumbai,MH,2023-07-28,N
C102813,Reyansh Mishra,Dehradun,UK,2023-10-07,Y
C102814,Aadhya Menon,Lucknow,UP,2023-09-20,Y
C102815,Swati Gill,Ranchi,JH,2023-12-08,N
C102816,Aishwarya Srivastava,Coimbatore,TN,2023-01-26,N
C102817,Aishwarya Goyal,Indore,MP,2024-09-25,N
C102818,Sai Mehta,Coimbatore,TN,2022-08-17,N
C102819,Lakshmi Bhatia,Lucknow,UP,2024-08-17,N
C102820,Sameer Pawar,Delhi,DL,2024-10-31,Y
C102821,Dev Sandhu,Pune,MH,2024-02-21,N
C102822,Om Pereira,Visakhapatnam,AP,2023-03-14,N
C102823,Anjali Pandey,Raipur,CG,2024-05-11,Y
C102824,Siddharth Jadhav,Ranchi,JH,2024-06-19,N
C102825,Imran Goyal,Dehradun,UK,2023-09-05,N
C102826,Yash Khanna,Raipur,CG,2024-08-18,N
C102827,Steven Pawar,Delhi,DL,2022-12-12,N
C102828,Kunal Shinde,Guwahati,AS,2024-02-07,N
C102829,Vikram Pawar,Kolkata,WB,2023-01-08,N
C102830,Om Patil,Noida,UP,2023-05-09,Y
C102831,Sukhwinder Khan,Chennai,TN,2023-08-04,Y
C102832,Sunita Fernandes,Vadodara,GJ,2024-01-24,N
C102833,Lobsang Qureshi,Kochi,KL,2023-03-20,N
C102834,Rohit Mishra,Vadodara,GJ,2024-02-26,N
C102835,Manish Siddiqui,Raipur,CG,2024-11-17,Y
C102836,Payal Pereira,Mysuru,KA,2022-11-18,N
C102837,Ayaan Sandhu,Nashik,MH,2022-09-03,N
C102838,Kunal Nair,Kochi,KL,2023-06-10,N
C102839,Harsh Kapoor,Guwahati,AS,2022-12-21,N
C102840,Diya Das,Pune,MH,2024-09-01,Y
C102841,Bhavna Das,Surat,GJ,2023-08-13,N
C102842,Amit Kulkarni,Thiruvananthapuram,KL,2023-01-04,Y
C102843,Neha Bhatt,Lucknow,UP,2022-08-17,Y
C102844,Bhavna Gupta,Mumbai,MH,2024-05-12,N
C102845,Zoya Sen,Guwahati,AS,2023-06-02,N
C102846,Nisha Gill,Surat,GJ,2022-11-18,N
C102847,Yash Dutta,Coimbatore,TN,2022-07-26,N
C102848,Rajat Tiwari,Delhi,DL,2023-01-17,N
C102849,Zoya Pillai,Delhi,DL,2024-04-11,N
C102850,Aishwarya Deshpande,Raipur,CG,2023-08-04,N
C102851,Meera Ghosh,Hyderabad,TS,2023-10-25,N
C102852,Shreya Ansari,Indore,MP,2024-10-11,N
C102853,Yash Mishra,Surat,GJ,2024-12-18,N
C102854,Harsh Nair,Chandigarh,CH,2023-07-27,N
C102855,Rahul Naidu,Delhi,DL,2024-05-11,N
C102856,Om Malhotra,Dehradun,UK,2023-01-18,N
C102857,Tarun Roy,Pune,MH,2023-11-16,Y
C102858,Imran Bose,Kolkata,WB,2023-08-03,N
C102859,Sukhwinder Iyer,Bengaluru,KA,2023-11-04,Y
C102860,Pooja Fernandes,Ranchi,JH,2024-06-13,Y
C102861,Imran Pandey,Kochi,KL,2024-02-23,N
C102862,Megha Siddiqui,Kolkata,WB,2022-12-05,N
C102863,Aarav Roy,Hyderabad,TS,2024-02-07,Y
C102864,Anjali Bansal,Raipur,CG,2022-09-15,N
C102865,Rohan Gupta,Ranchi,JH,2023-04-29,N
C102866,Rahul Fernandes,Jaipur,RJ,2022-11-09,N
C102867,Rohit Arora,Surat,GJ,2022-10-13,Y
C102868,Vivaan Arora,Chandigarh,CH,2024-12-02,N
C102869,Om Desai,Thiruvananthapuram,KL,2023-04-24,N
C102870,Mohammed Bhatt,Delhi,DL,2023-12-30,Y
C102871,Manish Trivedi,Chennai,TN,2023-12-11,N
C102872,Mohammed Tiwari,Delhi,DL,2024-01-09,N
C102873,Pooja Kulkarni,Noida,UP,2022-08-12,N
C102874,Rajat Mehta,Guwahati,AS,2024-11-15,Y
C102875,Anjali Gill,Surat,GJ,2023-11-13,Y
C102876,Aarav Joshi,Thiruvananthapuram,KL,2022-11-27,Y
C102877,Zaid Trivedi,Delhi,DL,2023-09-27,N
C102878,Aishwarya Gupta,Bengaluru,KA,2024-01-31,N
C102879,Aadhya Desai,Nagpur,MH,2024-04-01,N
C102880,Zoya Shinde,Ahmedabad,GJ,2022-12-16,Y
C102881,Riya Qureshi,Indore,MP,2024-09-17,N
C102882,Kabir Khanna,Dehradun,UK,2023-08-30,N
C102883,Swati Tiwari,Nashik,MH,2024-02-11,N
C102884,Jaspreet Chopra,Chandigarh,CH,2024-03-25,Y
C102885,Farah Patil,Surat,GJ,2024-02-17,N
C102886,Sneha Patil,Delhi,DL,2024-10-18,N
C102887,Isha Shah,Pune,MH,2024-07-01,N
C102888,Suresh Qureshi,Pune,MH,2023-11-13,N
C102889,Priya Kumar,Hyderabad,TS,2024-02-18,N
C102890,Vihaan Kapoor,Bhopal,MP,2024-06-10,Y
C102891,Farah Srivastava,Kochi,KL,2024-06-21,Y
C102892,Divya Roy,Dehradun,UK,2023-05-09,Y
C102893,Reyansh Kumar,Kolkata,WB,2024-06-01,N
C102894,Amit Bansal,Ahmedabad,GJ,2023-07-06,Y
C102895,Komal Bose,Kolkata,WB,2024-10-05,N
C102896,Om Sethi,Surat,GJ,2023-02-23,N
C102897,Pranav Sethi,Mysuru,KA,2022-07-16,N
C102898,Nikhil Patil,Kolkata,WB,2024-07-08,N
C102899,Ankit Ansari,Pune,MH,2022-09-20,N
C102900,Harsh Kapoor,Visakhapatnam,AP,2022-11-12,N
C102901,Sai Qureshi,Guwahati,AS,2024-11-30,N
C102902,Amit Rathore,Indore,MP,2023-04-10,N
C102903,Lakshmi Mishra,Kolkata,WB,2022-12-25,Y
C102904,Krishna Rao,Bhubaneswar,OR,2023-11-09,N
C102905,Vivaan Bhatia,Ahmedabad,GJ,2023-06-30,N
C102906,Simran Kulkarni,Nagpur,MH,2024-11-30,N
C102907,Vihaan Pandey,Lucknow,UP,2024-08-24,Y
C102908,Rajat Mathew,Bengaluru,KA,2023-11-16,Y
C102909,Tarun Ansari,Patna,BR,2023-07-14,N
C102910,Ananya Pillai,Bengaluru,KA,2024-05-03,N
C102911,Simran Nair,Coimbatore,TN,2023-11-01,N
C102912,Lobsang Iyer,Bhubaneswar,OR,2023-07-29,N
C102913,Varun Menon,Gurugram,HR,2024-11-17,Y
C102914,Aishwarya Naidu,Mumbai,MH,2024-02-05,N
C102915,Nikhil Shinde,Nagpur,MH,2023-07-22,N
C102916,Nikhil Deshpande,Pune,MH,2022-08-12,N
C102917,Rohit Sheikh,Patna,BR,2024-05-26,Y
C102918,Vikram Siddiqui,Guwahati,AS,2023-04-20,N
C102919,Sneha Goyal,Bengaluru,KA,2023-09-28,Y
C102920,Pooja Naidu,Mysuru,KA,2024-11-30,N
C102921,Ritika Sandhu,Patna,BR,2024-10-06,N
C102922,Lakshmi Mehta,Kochi,KL,2022-11-16,N
C102923,Aadhya Kumar,Delhi,DL,2024-10-14,Y
C102924,Deepak Jain,Visakhapatnam,AP,2024-02-06,Y
C102925,Aditya Patel,Mumbai,MH,2024-04-21,N
C102926,Rohit Shinde,Pune,MH,2022-09-21,N
C102927,Lakshmi Yadav,Gurugram,HR,2024-06-18,N
C102928,Joseph Shinde,Nashik,MH,2024-11-05,N
C102929,Lobsang Patel,Indore,MP,2024-06-01,Y
C102930,Aarav Yadav,Vadodara,GJ,2022-12-03,Y
C102931,Simran Trivedi,Bhubaneswar,OR,2023-06-03,Y
C102932,Zaid Sethi,Nagpur,MH,2023-04-16,N
C102933,Kabir Bose,Ahmedabad,GJ,2024-09-01,N
C102934,Neha Roy,Nagpur,MH,2022-11-08,N
C102935,Yash Agarwal,Patna,BR,2024-12-15,N
C102936,Komal Patil,Lucknow,UP,2024-06-18,N
C102937,Harsh Nair,Visakhapatnam,AP,2023-12-11,Y
C102938,Tanvi Verma,Gurugram,HR,2024-12-13,Y
C102939,Anjali Naidu,Kolkata,WB,2024-06-09,Y
C102940,Aishwarya Banerjee,Patna,BR,2024-12-26,Y
C102941,Manish Bhatt,Surat,GJ,2022-12-01,N
C102942,Saanvi Agarwal,Lucknow,UP,2024-03-08,N
C102943,Ritika Goyal,Delhi,DL,2022-09-18,N
C102944,Swati Sethi,Jaipur,RJ,2023-03-08,N
C102945,Payal Fernandes,Kochi,KL,2024-10-22,N
C102946,Sameer Desai,Nashik,MH,2024-08-03,Y
C102947,Nisha Deshpande,Chennai,TN,2023-11-07,Y
C102948,Gurpreet Kaur,Guwahati,AS,2024-10-25,Y
C102949,Shreya Chauhan,Gurugram,HR,2024-12-31,N
C102950,Payal Qureshi,Guwahati,AS,2024-01-17,Y
C102951,Gurpreet Bose,Jaipur,RJ,2022-11-04,Y
C102952,Sameer Gaikwad,Chandigarh,CH,2022-11-22,N
C102953,Riya Sethi,Gurugram,HR,2024-09-16,Y
C102954,Jaspreet Chopra,Pune,MH,2023-05-17,Y
C102955,Rahul Fernandes,Hyderabad,TS,2024-02-28,N
C102956,Vihaan Gupta,Dehradun,UK,2022-11-13,N
C102957,Sneha Naidu,Delhi,DL,2024-04-13,N
C102958,Rohit Arora,Jaipur,RJ,2022-08-03,Y
C102959,Payal Malhotra,Jaipur,RJ,2023-06-18,N
C102960,Neha Patil,Bhopal,MP,2024-10-02,Y
C102961,Vihaan Menon,Chennai,TN,2024-12-18,N
C102962,Riya George,Nashik,MH,2023-07-29,Y
C102963,Farah Khan,Chennai,TN,2023-08-10,N
C102964,Ishaan Rathore,Ranchi,JH,2024-08-01,N
C102965,Bhavna Reddy,Bengaluru,KA,2023-06-25,N
C102966,Sneha Banerjee,Indore,MP,2023-02-10,N
C102967,Sameer Das,Chennai,TN,2023-05-06,Y
C102968,Nikhil Arora,Mysuru,KA,2024-12-12,Y
C102969,Ananya Kumar,Guwahati,AS,2024-01-22,N
C102970,Isha Tiwari,Patna,BR,2022-08-30,N
C102971,Aishwarya Shinde,Mumbai,MH,2024-10-28,Y
C102972,Pranav Gupta,Delhi,DL,2024-07-28,N
C102973,Daniel Qureshi,Mysuru,KA,2024-08-04,N
C102974,Aarav Dhillon,Noida,UP,2024-10-26,N
C102975,Zaid Rao,Lucknow,UP,2024-02-03,Y
C102976,Faisal Chopra,Chennai,TN,2024-10-22,N
C102977,Priya Shinde,Nagpur,MH,2022-08-13,N
C102978,Pranav Deshpande,Bhubaneswar,OR,2024-09-26,N
C102979,Jaspreet Mathew,Raipur,CG,2024-04-01,Y
C102980,Rajat Dhillon,Dehradun,UK,2024-10-08,N
C102981,Aarav Kapoor,Chennai,TN,2023-07-29,N
C102982,Pooja Sandhu,Bhubaneswar,OR,2023-07-13,Y
C102983,Rajat Kaur,Surat,GJ,2024-05-29,N
C102984,Pooja Srivastava,Delhi,DL,2023-06-04,N
C102985,Thomas Desai,Chandigarh,CH,2024-01-09,Y
C102986,Bhavna Banerjee,Mumbai,MH,2023-11-28,N
C102987,Harsh Mathew,Ahmedabad,GJ,2022-10-12,N
C102988,Komal Rao,Coimbatore,TN,2024-03-22,N
C102989,Kunal Rathore,Pune,MH,2023-09-24,N
C102990,Manpreet Deshpande,Bhubaneswar,OR,2023-04-07,N
C102991,Siddharth George,Patna,BR,2023-09-30,Y
C102992,Ishaan Dhillon,Chennai,TN,2023-01-04,Y
C102993,Saanvi Pandey,Kolkata,WB,2023-10-21,N
C102994,Sneha Varghese,Bengaluru,KA,2023-05-25,Y
C102995,Sneha Nair,Kolkata,WB,2024-11-21,N
C102996,Ankit Pandey,Coimbatore,TN,2024-10-16,N
C102997,Rahul Rao,Pune,MH,2022-09-16,N
C102998,Karan Pereira,Chandigarh,CH,2024-01-06,N
C102999,Rahul Ghosh,Ranchi,JH,2024-09-16,N
C103000,Isha Bhatia,Chennai,TN,2024-01-18,N
C103001,Farah Pillai,Bengaluru,KA,2023-07-07,N
C103002,Swati Varghese,Guwahati,AS,2024-11-28,N
C103003,Tarun Bhatt,Indore,MP,2024-01-30,Y
C103004,Nisha Shah,Pune,MH,2023-03-08,N
C103005,Gurpreet Gupta,Jaipur,RJ,2024-03-05,Y
C103006,Pranav Varghese,Chennai,TN,2023-03-02,Y
C103007,Nikhil Das,Kochi,KL,2024-05-23,N
C103008,Aarav Joshi,Coimbatore,TN,2024-05-11,N
C103009,Anjali Sen,Patna,BR,2022-12-14,N
C103010,Ramesh Pereira,Bhubaneswar,OR,2024-10-03,Y
C103011,Jaspreet Kulkarni,Visakhapatnam,AP,2024-06-25,N
C103012,Rahul Patil,Visakhapatnam,AP,2024-08-16,N
C103013,Nikhil Srivastava,Visakhapatnam,AP,2024-05-22,N
C103014,Abhishek Naidu,Kolkata,WB,2022-10-18,Y
C103015,Aarav Malhotra,Noida,UP,2023-06-15,Y
C103016,Faisal Naidu,Chandigarh,CH,2023-10-27,Y
C103017,Sukhwinder Sandhu,Raipur,CG,2022-08-24,Y
C103018,Zaid Bhatia,Pune,MH,2024-11-08,N
C103019,Manpreet Kapoor,Indore,MP,2024-03-17,Y
C103020,Lobsang Sandhu,Patna,BR,2023-06-09,Y
C103021,Nisha Pillai,Chennai,TN,2022-12-25,N
C103022,Ishaan Bhatt,Kolkata,WB,2024-04-10,Y
C103023,Neha Chatterjee,Coimbatore,TN,2022-08-17,N
C103024,Bhavna Kapoor,Hyderabad,TS,2024-04-17,Y
C103025,Thomas D'Souza,Nashik,MH,2024-09-02,N
C103026,Joseph Reddy,Thiruvananthapuram,KL,2023-11-07,N
C103027,Komal Varghese,Visakhapatnam,AP,2022-08-16,Y
C103028,Krishna Mittal,Coimbatore,TN,2024-02-28,Y
C103029,Isha Bhatia,Delhi,DL,2024-01-23,Y
C103030,Sukhwinder Siddiqui,Raipur,CG,2022-09-07,Y
C103031,Pooja Gupta,Raipur,CG,2024-04-20,N
C103032,Karan Sen,Raipur,CG,2024-10-06,N
C103033,Kunal Agarwal,Delhi,DL,2022-10-21,N
C103034,Rohit Joshi,Chandigarh,CH,2022-12-19,Y
C103035,Sai Chauhan,Bhubaneswar,OR,2022-08-09,N
C103036,Lobsang Bhatt,Raipur,CG,2024-11-17,N
C103037,Ananya Saxena,Mumbai,MH,2023-02-08,N
C103038,Diya Sandhu,Noida,UP,2024-06-16,N
C103039,Thomas Goyal,Chennai,TN,2023-07-10,N
C103040,Faisal Banerjee,Gurugram,HR,2024-09-14,N
C103041,Faisal Bansal,Visakhapatnam,AP,2023-05-30,Y
C103042,Deepak Ansari,Surat,GJ,2024-06-01,N
C103043,Manpreet Verma,Mumbai,MH,2024-03-29,N
C103044,Aditya Sethi,Dehradun,UK,2024-11-20,N
C103045,Harpreet Kaur,Mysuru,KA,2024-12-01,N
C103046,Saanvi Kulkarni,Jaipur,RJ,2022-12-07,Y
C103047,Ankit Khan,Chandigarh,CH,2023-08-27,N
C103048,Sneha Sethi,Gurugram,HR,2023-04-22,Y
C103049,Dev Sandhu,Bhubaneswar,OR,2024-06-18,N
C103050,Krishna Joshi,Noida,UP,2023-04-14,Y
C103051,Komal Chopra,Delhi,DL,2024-04-30,Y
C103052,Kavya Ghosh,Mumbai,MH,2023-07-02,N
C103053,Tenzin D'Souza,Delhi,DL,2024-02-23,N
C103054,Thomas Dhillon,Delhi,DL,2024-08-26,N
C103055,Simran Chopra,Pune,MH,2023-08-29,N
C103056,Deepak Pereira,Bengaluru,KA,2024-01-13,N
C103057,Ishaan Bansal,Patna,BR,2022-07-26,N
C103058,Geeta Jain,Patna,BR,2024-11-11,N
C103059,Rohan Nair,Delhi,DL,2024-02-11,Y
C103060,Mohammed Goyal,Bengaluru,KA,2024-03-05,N
C103061,Karan Iyer,Hyderabad,TS,2023-01-01,Y
C103062,Reyansh Chatterjee,Vadodara,GJ,2023-12-17,N
C103063,Krishna Kumar,Bhopal,MP,2023-07-14,N
C103064,Yash Shinde,Bengaluru,KA,2023-10-15,Y
C103065,Amit Saxena,Chandigarh,CH,2022-12-05,Y
C103066,Zoya Dhillon,Chennai,TN,2023-06-16,Y
C103067,Abhishek Varghese,Ahmedabad,GJ,2024-09-29,N
C103068,Vivaan Singh,Nagpur,MH,2023-05-05,N
C103069,Riya Pawar,Mumbai,MH,2023-06-15,N
C103070,Pranav Kaur,Kolkata,WB,2023-05-05,N
C103071,Bhavna Goyal,Guwahati,AS,2023-07-14,N
C103072,Rohan Sethi,Lucknow,UP,2024-07-17,N
C103073,Aadhya Mukherjee,Chandigarh,CH,2023-09-17,N
C103074,Zaid Sen,Visakhapatnam,AP,2023-05-30,N
C103075,Faisal Shinde,Vadodara,GJ,2023-06-20,N
C103076,Anjali Bansal,Nagpur,MH,2023-12-18,N
C103077,Kabir Ansari,Raipur,CG,2023-09-23,N
C103078,Deepak Naidu,Pune,MH,2024-10-29,N
C103079,Ananya Varghese,Delhi,DL,2022-11-30,N
C103080,Daniel Rathore,Pune,MH,2023-03-22,N
C103081,Dev Naidu,Raipur,CG,2023-08-22,N
C103082,Harsh Dutta,Vadodara,GJ,2023-02-25,N
C103083,Rohit Tiwari,Bengaluru,KA,2024-01-02,N
C103084,Abhishek Ansari,Jaipur,RJ,2024-10-08,N
C103085,Zoya Roy,Bhopal,MP,2022-10-09,N
C103086,Vikram Kumar,Jaipur,RJ,2024-08-01,Y
C103087,Abhishek Patel,Ahmedabad,GJ,2022-11-28,Y
C103088,Daniel Joshi,Mumbai,MH,2023-09-22,Y
C103089,Sameer Trivedi,Guwahati,AS,2024-11-05,Y
C103090,Karan Pillai,Ranchi,JH,2023-08-22,Y
C103091,Mohammed Kaur,Nagpur,MH,2023-02-27,N
C103092,Krishna Bose,Ranchi,JH,2023-05-11,N
C103093,Rahul Deshpande,Guwahati,AS,2023-06-29,Y
C103094,Aadhya Patel,Bengaluru,KA,2024-08-19,N
C103095,Priya Sandhu,Delhi,DL,2022-10-07,Y
C103096,Jaspreet Chatterjee,Bhopal,MP,2024-06-19,N
C103097,Tarun Verma,Bengaluru,KA,2024-05-03,N
C103098,Vihaan Pandey,Guwahati,AS,2023-05-16,N
C103099,Pooja Malhotra,Surat,GJ,2022-08-02,N
C103100,Sameer Rao,Ranchi,JH,2023-03-29,N
C103101,Suresh Menon,Raipur,CG,2022-11-21,N
C103102,Harpreet Kaur,Nagpur,MH,2023-04-27,N
C103103,Komal Fernandes,Ahmedabad,GJ,2023-04-27,Y
C103104,Vivaan Trivedi,Jaipur,RJ,2022-08-01,N
C103105,Megha Iyer,Bhubaneswar,OR,2023-04-09,Y
C103106,Mohammed Kulkarni,Ranchi,JH,2024-06-27,N
C103107,Dev Srivastava,Thiruvananthapuram,KL,2022-07-19,N
C103108,Krishna Naidu,Guwahati,AS,2022-12-27,N
C103109,Manpreet Rathore,Ranchi,JH,2022-09-22,N
C103110,Aadhya Goyal,Surat,GJ,2022-11-19,N
C103111,Megha Jadhav,Pune,MH,2024-05-21,N
C103112,Aadhya Sheikh,Visakhapatnam,AP,2024-06-23,Y
C103113,Jaspreet Gaikwad,Pune,MH,2024-05-15,N
C103114,Vihaan Mishra,Surat,GJ,2024-09-23,N
C103115,Aishwarya Srivastava,Pune,MH,2024-05-17,N
C103116,Daniel Naidu,Gurugram,HR,2022-08-28,Y
C103117,Sukhwinder Saxena,Delhi,DL,2024-07-12,Y
C103118,Aditya Varghese,Nagpur,MH,2024-09-19,N
C103119,Kunal Gill,Jaipur,RJ,2023-10-04,N
C103120,Meera Rao,Raipur,CG,2022-09-09,N
C103121,Imran Fernandes,Indore,MP,2023-08-15,Y
C103122,Zoya Desai,Surat,GJ,2023-04-02,N
C103123,Diya Gill,Jaipur,RJ,2023-12-21,N
C103124,Nisha Mathew,Nashik,MH,2023-05-25,N
C103125,Divya Patel,Nagpur,MH,2023-12-20,Y
C103126,Daniel Bansal,Guwahati,AS,2024-02-29,N
C103127,Kunal Pandey,Coimbatore,TN,2023-05-23,N
C103128,Diya Pawar,Nagpur,MH,2023-11-15,N
C103129,Zoya Tiwari,Hyderabad,TS,2023-02-13,Y
C103130,Gurpreet Rathore,Ranchi,JH,2024-07-13,N
C103131,Diya Nair,Nashik,MH,2022-08-25,N
C103132,Divya Bose,Bhubaneswar,OR,2023-06-23,N
C103133,Manish Fernandes,Guwahati,AS,2022-08-12,Y
C103134,Zaid Dhillon,Raipur,CG,2022-08-10,N
C103135,Faisal D'Souza,Vadodara,GJ,2022-11-03,N
C103136,Kunal Reddy,Indore,MP,2024-12-27,N
C103137,Vikram Bhatia,Ahmedabad,GJ,2024-02-03,N
C103138,Kunal Khanna,Hyderabad,TS,2024-06-09,N
C103139,Pranav Fernandes,Nagpur,MH,2024-10-24,Y
C103140,Kunal Sharma,Chandigarh,CH,2024-04-23,N
C103141,Sai Roy,Chandigarh,CH,2023-09-27,Y
C103142,Zaid Gupta,Dehradun,UK,2023-09-02,Y
C103143,Steven Patil,Gurugram,HR,2024-03-20,N
C103144,Amit D'Souza,Coimbatore,TN,2023-01-26,N
C103145,Dev Jain,Thiruvananthapuram,KL,2022-07-27,Y
C103146,Harpreet Mishra,Raipur,CG,2023-12-22,Y
C103147,Nisha Banerjee,Chennai,TN,2022-12-18,N
C103148,Kunal Desai,Lucknow,UP,2023-12-30,Y
C103149,Ishaan Rathore,Chennai,TN,2022-09-12,Y
C103150,Harpreet Sheikh,Chennai,TN,2024-04-14,N
C103151,Imran Nair,Nashik,MH,2024-03-25,N
C103152,Tenzin Rao,Guwahati,AS,2024-01-18,N
C103153,Komal Rathore,Bhubaneswar,OR,2023-12-23,Y
C103154,Deepak Gaikwad,Indore,MP,2024-08-09,N
C103155,Rajat Rao,Chennai,TN,2023-06-18,N
C103156,Rajat Chauhan,Hyderabad,TS,2023-09-26,N
C103157,Diya Nair,Pune,MH,2023-09-03,Y
C103158,Pranav Banerjee,Coimbatore,TN,2022-07-23,N
C103159,Vihaan Shinde,Kochi,KL,2024-09-07,Y
C103160,Pranav Kapoor,Kolkata,WB,2022-11-20,N
C103161,Kavya D'Souza,Noida,UP,2023-02-19,N
C103162,Bhavna Jadhav,Kolkata,WB,2023-11-19,N
C103163,Kavya Sethi,Gurugram,HR,2023-12-10,N
C103164,Aarav Pandey,Surat,GJ,2023-11-28,N
C103165,Tarun Singh,Hyderabad,TS,2023-05-04,N
C103166,Sneha Verma,Indore,MP,2024-07-15,N
C103167,Payal Fernandes,Mysuru,KA,2023-06-07,Y
C103168,Komal Kapoor,Dehradun,UK,2024-04-28,N
C103169,Anjali Verma,Ahmedabad,GJ,2023-09-14,N
C103170,Shreya Patel,Raipur,CG,2023-11-01,N
C103171,Farah Ansari,Ranchi,JH,2024-05-02,Y
C103172,Aarav Jain,Chennai,TN,2023-11-28,Y
C103173,Nikhil Chopra,Pune,MH,2023-09-22,Y
C103174,Siddharth Varghese,Thiruvananthapuram,KL,2024-02-25,N
C103175,Ananya Desai,Indore,MP,2024-10-10,N
C103176,Yash Naidu,Guwahati,AS,2023-10-04,N
C103177,Sunita Sheikh,Kolkata,WB,2024-04-30,N
C103178,Ishaan Sharma,Vadodara,GJ,2024-01-26,N
C103179,Tarun Patel,Mumbai,MH,2024-05-16,Y
C103180,Zaid Roy,Bengaluru,KA,2024-02-02,N
C103181,Imran Pillai,Raipur,CG,2023-08-17,N
C103182,Harsh Patel,Raipur,CG,2024-09-30,N
C103183,Aishwarya Patil,Bengaluru,KA,2024-05-12,N
C103184,Divya Singh,Mysuru,KA,2022-09-21,N
C103185,Aditya Sen,Kolkata,WB,2024-11-13,Y
C103186,Sameer Desai,Bengaluru,KA,2024-03-05,N
C103187,Varun Chatterjee,Bhubaneswar,OR,2023-07-27,N
C103188,Ayaan Menon,Ranchi,JH,2024-04-18,Y
C103189,Lakshmi Goyal,Dehradun,UK,2022-08-22,Y
C103190,Neha Sheikh,Jaipur,RJ,2023-08-05,N
C103191,Imran Siddiqui,Bhubaneswar,OR,2024-11-26,Y
C103192,Jaspreet Mittal,Mysuru,KA,2023-05-21,N
C103193,Meera Bhatt,Kochi,KL,2022-12-18,Y
C103194,Aarav Shinde,Ranchi,JH,2024-07-08,N
C103195,Ramesh Mishra,Indore,MP,2022-10-02,N
C103196,Farah Sharma,Thiruvananthapuram,KL,2024-09-02,N
C103197,Ritika Mathew,Kochi,KL,2023-08-05,N
C103198,Pooja Pandey,Raipur,CG,2022-09-26,N
C103199,Om Khanna,Dehradun,UK,2022-09-20,N
C103200,Komal Srivastava,Indore,MP,2024-08-31,N
C103201,Karan Ghosh,Bhopal,MP,2023-09-05,N
C103202,Kunal Kapoor,Bhubaneswar,OR,2023-03-28,Y
C103203,Sai Gill,Hyderabad,TS,2023-01-27,N
C103204,Deepak Varghese,Ahmedabad,GJ,2023-11-10,Y
C103205,Aadhya Chopra,Nashik,MH,2022-11-17,N
C103206,Ananya Roy,Lucknow,UP,2022-09-19,Y
C103207,Lobsang Mehta,Pune,MH,2023-05-07,N
C103208,Rajat Bhatia,Delhi,DL,2023-11-19,N
C103209,Komal Chatterjee,Indore,MP,2023-05-20,Y
C103210,Reyansh Yadav,Gurugram,HR,2022-09-17,N
C103211,Varun Srivastava,Raipur,CG,2023-10-07,Y
C103212,Sai Mehta,Pune,MH,2024-09-13,N
C103213,Lakshmi Shah,Visakhapatnam,AP,2023-10-10,N
C103214,Zoya Qureshi,Chennai,TN,2024-10-31,N
C103215,Om Jadhav,Kochi,KL,2025-01-01,N
C103216,Riya Rathore,Thiruvananthapuram,KL,2023-12-27,Y
C103217,Joseph Patel,Coimbatore,TN,2024-05-04,Y
C103218,Imran George,Pune,MH,2024-06-27,N
C103219,Nikhil Pandey,Lucknow,UP,2022-10-07,Y
C103220,Tanvi Yadav,Visakhapatnam,AP,2023-10-01,Y
C103221,Vikram Khanna,Gurugram,HR,2022-07-22,N
C103222,Abhishek Naidu,Raipur,CG,2024-11-04,N
C103223,Shreya Deshpande,Ranchi,JH,2023-01-29,N
C103224,Ishaan Kaur,Dehradun,UK,2022-08-30,N
C103225,Karan Agarwal,Gurugram,HR,2023-05-25,N
C103226,Sameer Gill,Pune,MH,2024-10-18,N
C103227,Kabir Sen,Mumbai,MH,2024-06-19,N
C103228,Ramesh Tiwari,Mumbai,MH,2024-04-11,Y
C103229,Manpreet Bhatia,Surat,GJ,2022-10-24,N
C103230,Kunal Bhatt,Dehradun,UK,2024-02-08,N
C103231,Jaspreet Goyal,Bengaluru,KA,2024-02-10,N
C103232,Rahul Desai,Guwahati,AS,2022-09-18,Y
C103233,Aditya Sen,Delhi,DL,2024-12-21,N
C103234,Reyansh Mehta,Vadodara,GJ,2024-11-26,N
C103235,Amit Sharma,Bhubaneswar,OR,2024-01-28,N
C103236,Riya Siddiqui,Guwahati,AS,2022-10-31,N
C103237,Joseph Pillai,Thiruvananthapuram,KL,2023-04-27,N
C103238,Manpreet Singh,Bhubaneswar,OR,2023-10-12,Y
C103239,Zoya Deshpande,Bengaluru,KA,2024-03-14,Y
C103240,Jaspreet Khan,Coimbatore,TN,2022-09-11,N
C103241,Harsh Deshpande,Hyderabad,TS,2024-05-20,Y
C103242,Harsh Chauhan,Jaipur,RJ,2022-09-18,N
C103243,Geeta Trivedi,Dehradun,UK,2024-12-06,Y
C103244,Aadhya Malhotra,Jaipur,RJ,2022-09-20,N
C103245,Geeta Khan,Pune,MH,2024-11-19,N
C103246,Riya Deshpande,Coimbatore,TN,2024-02-19,Y
C103247,Ankit Sharma,Nagpur,MH,2023-05-04,N
C103248,Krishna Iyer,Bhopal,MP,2024-12-19,N
C103249,Payal Chopra,Surat,GJ,2024-09-02,N
C103250,Kunal Bhatia,Mumbai,MH,2023-04-30,Y
C103251,Bhavna Khan,Delhi,DL,2023-02-06,Y
C103252,Aishwarya Banerjee,Bhopal,MP,2024-12-16,N
C103253,Ananya Dutta,Bhubaneswar,OR,2024-05-16,Y
C103254,Isha Pillai,Raipur,CG,2024-09-24,N
C103255,Deepak Chatterjee,Chandigarh,CH,2022-09-07,Y
C103256,Pooja Bansal,Nagpur,MH,2023-09-21,N
C103257,Nikhil Chauhan,Nashik,MH,2022-10-20,N
C103258,Daniel Tiwari,Chandigarh,CH,2024-10-18,N
C103259,Jaspreet Deshpande,Dehradun,UK,2024-09-02,N
C103260,Meera Sandhu,Surat,GJ,2022-12-09,N
C103261,Rajat Dhillon,Lucknow,UP,2023-10-22,Y
C103262,Neha Varghese,Mumbai,MH,2023-05-12,Y
C103263,Meera Pereira,Chandigarh,CH,2022-10-09,Y
C103264,Lobsang Gupta,Thiruvananthapuram,KL,2023-10-24,N
C103265,Ankit Gaikwad,Thiruvananthapuram,KL,2022-12-11,Y
C103266,Siddharth Bhatt,Noida,UP,2023-01-23,N
C103267,Steven Goyal,Vadodara,GJ,2022-10-03,N
C103268,Vihaan Saxena,Dehradun,UK,2022-11-01,Y
C103269,Steven Sethi,Guwahati,AS,2024-11-23,Y
C103270,Reyansh Pandey,Patna,BR,2024-07-02,Y
C103271,Sameer Sheikh,Mysuru,KA,2024-11-21,N
C103272,Vihaan Reddy,Nashik,MH,2022-07-16,Y
C103273,Sukhwinder Khanna,Vadodara,GJ,2022-08-15,N
C103274,Ananya Ansari,Hyderabad,TS,2024-02-03,N
C103275,Megha Singh,Bhopal,MP,2023-12-03,Y
C103276,Rohan Ghosh,Bhubaneswar,OR,2023-08-28,Y
C103277,Simran Reddy,Chandigarh,CH,2022-07-21,N
C103278,Riya Singh,Nashik,MH,2023-04-16,N
C103279,Vivaan Das,Jaipur,RJ,2022-07-16,N
C103280,Diya Varghese,Jaipur,RJ,2022-11-06,N
C103281,Arjun Roy,Coimbatore,TN,2022-12-26,Y
C103282,Manpreet Khan,Ranchi,JH,2024-02-04,N
C103283,Aarav Mishra,Chandigarh,CH,2023-01-16,N
C103284,Aarav Deshpande,Raipur,CG,2022-10-08,Y
C103285,Ayaan Ansari,Coimbatore,TN,2023-02-22,N
C103286,Vikram Patil,Jaipur,RJ,2023-04-30,Y
C103287,Aarav Shinde,Kolkata,WB,2023-08-08,N
C103288,Priya Arora,Nashik,MH,2022-08-20,N
C103289,Manpreet Nair,Vadodara,GJ,2024-09-17,Y
C103290,Geeta Mathew,Raipur,CG,2022-09-01,N
C103291,Swati Chauhan,Delhi,DL,2024-01-26,Y
C103292,Diya Tiwari,Noida,UP,2024-11-17,N
C103293,Pooja Saxena,Bengaluru,KA,2023-10-23,N
C103294,Harsh Joshi,Visakhapatnam,AP,2024-01-16,N
C103295,Tarun D'Souza,Coimbatore,TN,2023-08-26,N
C103296,Rohit Tiwari,Patna,BR,2022-09-03,N
C103297,Kavya Rao,Thiruvananthapuram,KL,2023-02-24,N
C103298,Kabir Chauhan,Nashik,MH,2023-02-10,N
C103299,Aditya Menon,Thiruvananthapuram,KL,2022-08-11,Y
C103300,Neha Mehta,Pune,MH,2024-11-02,N
C103301,Dev Joshi,Jaipur,RJ,2024-03-28,Y
C103302,Vihaan Agarwal,Kolkata,WB,2023-12-17,N
C103303,Pooja Sheikh,Gurugram,HR,2024-03-25,N
C103304,Tanvi Jadhav,Chandigarh,CH,2023-07-24,Y
C103305,Arjun Nair,Guwahati,AS,2023-09-29,N
C103306,Lakshmi Varghese,Delhi,DL,2022-07-26,N
C103307,Sukhwinder Kaur,Vadodara,GJ,2023-10-27,N
C103308,Sneha Jain,Noida,UP,2024-02-22,Y
C103309,Manpreet Banerjee,Vadodara,GJ,2023-04-21,N
C103310,Joseph Gill,Raipur,CG,2024-07-13,N
C103311,Thomas Ansari,Vadodara,GJ,2023-06-15,N
C103312,Krishna Siddiqui,Kolkata,WB,2024-03-16,N
C103313,Siddharth Sen,Chennai,TN,2024-11-07,Y
C103314,Sunita Mehta,Dehradun,UK,2023-08-10,N
C103315,Ankit Reddy,Raipur,CG,2024-02-19,N
C103316,Manpreet Verma,Bengaluru,KA,2023-04-06,N
C103317,Manish Shah,Ranchi,JH,2024-09-07,N
C103318,Isha Sen,Raipur,CG,2024-08-17,Y
C103319,Om Bhatia,Delhi,DL,2023-09-20,N
C103320,Sukhwinder Shah,Lucknow,UP,2023-12-04,N
C103321,Priya Jadhav,Dehradun,UK,2022-07-17,Y
C103322,Manpreet Gaikwad,Thiruvananthapuram,KL,2023-12-27,N
C103323,Ramesh Fernandes,Guwahati,AS,2024-12-18,N
C103324,Gurpreet Shinde,Dehradun,UK,2024-02-27,Y
C103325,Vihaan Sethi,Nashik,MH,2024-04-21,N
C103326,Nikhil Fernandes,Noida,UP,2022-08-10,N
C103327,Aadhya Nair,Bengaluru,KA,2024-10-20,N
C103328,Ananya Mehta,Gurugram,HR,2023-06-02,N
C103329,Rohan Pillai,Pune,MH,2023-02-17,N
C103330,Yash Mukherjee,Indore,MP,2022-11-21,N
C103331,Rahul Trivedi,Jaipur,RJ,2023-03-18,Y
C103332,Diya Chatterjee,Visakhapatnam,AP,2023-08-28,Y
C103333,Harsh Chauhan,Indore,MP,2024-03-11,N
C103334,Siddharth Gupta,Bengaluru,KA,2024-02-26,Y
C103335,Aishwarya Nair,Hyderabad,TS,2024-01-14,N
C103336,Lobsang George,Nagpur,MH,2023-10-16,N
C103337,Komal Iyer,Delhi,DL,2023-12-11,N
C103338,Divya Patil,Pune,MH,2022-07-31,Y
C103339,Tenzin Trivedi,Dehradun,UK,2024-07-17,N
C103340,Ankit Saxena,Raipur,CG,2022-09-20,Y
C103341,Zoya Kapoor,Dehradun,UK,2022-12-24,Y
C103342,Gurpreet Mukherjee,Ahmedabad,GJ,2023-12-30,N
C103343,Priya Naidu,Kolkata,WB,2023-12-19,N
C103344,Harpreet Siddiqui,Delhi,DL,2024-09-13,N
C103345,Manish Srivastava,Delhi,DL,2024-12-17,N
C103346,Ramesh Desai,Pune,MH,2023-12-13,Y
C103347,Tarun Sheikh,Kolkata,WB,2024-01-02,N
C103348,Ayaan Bose,Mysuru,KA,2022-10-21,N
C103349,Tarun Bhatia,Bhubaneswar,OR,2023-12-02,N
C103350,Megha Gaikwad,Bhopal,MP,2024-01-03,Y
C103351,Anjali Nair,Noida,UP,2022-09-11,N
C103352,Ishaan Fernandes,Hyderabad,TS,2022-07-20,Y
C103353,Faisal Dhillon,Ranchi,JH,2024-07-02,N
C103354,Sukhwinder Chopra,Patna,BR,2023-11-22,N
C103355,Anjali Patel,Coimbatore,TN,2024-01-19,Y
C103356,Aditya Sandhu,Delhi,DL,2023-10-19,N
C103357,Rajat Goyal,Chennai,TN,2024-09-17,N
C103358,Joseph Deshpande,Delhi,DL,2024-12-02,N
C103359,Harsh Naidu,Chandigarh,CH,2024-10-22,Y
C103360,Manish Ghosh,Jaipur,RJ,2024-01-19,N
C103361,Thomas Rao,Nagpur,MH,2024-10-25,N
C103362,Lobsang Deshpande,Chennai,TN,2023-11-10,N
C103363,Harpreet Mehta,Nashik,MH,2024-08-25,N
C103364,Arjun Singh,Indore,MP,2023-02-07,N
C103365,Aadhya Khanna,Raipur,CG,2024-12-14,Y
C103366,Neha Varghese,Guwahati,AS,2023-07-15,N
C103367,Riya Siddiqui,Raipur,CG,2024-09-17,N
C103368,Reyansh Banerjee,Jaipur,RJ,2024-01-16,N
C103369,Komal Sharma,Lucknow,UP,2024-01-10,N
C103370,Rohit Das,Mumbai,MH,2022-09-18,N
C103371,Simran Mathew,Patna,BR,2024-03-01,Y
C103372,Tanvi Sharma,Coimbatore,TN,2024-11-30,Y
C103373,Tarun Sandhu,Nagpur,MH,2024-02-17,N
C103374,Sai Desai,Guwahati,AS,2023-10-29,N
C103375,Faisal Srivastava,Nashik,MH,2022-08-26,Y
C103376,Sai Malhotra,Dehradun,UK,2024-01-23,N
C103377,Rahul Dutta,Surat,GJ,2023-02-22,N
C103378,Swati Banerjee,Raipur,CG,2024-04-15,N
C103379,Vivaan Verma,Indore,MP,2023-12-24,N
C103380,Thomas Goyal,Kolkata,WB,2024-06-26,N
C103381,Bhavna Ghosh,Raipur,CG,2024-03-24,N
C103382,Shreya Khan,Kochi,KL,2023-06-04,N
C103383,Saanvi Mathew,Surat,GJ,2024-01-08,N
C103384,Sneha Dutta,Kochi,KL,2023-07-28,Y
C103385,Imran Pereira,Raipur,CG,2023-10-10,Y
C103386,Komal Gaikwad,Bengaluru,KA,2024-05-16,N
C103387,Zoya Jain,Hyderabad,TS,2022-11-05,N
C103388,Ananya Roy,Raipur,CG,2024-06-23,N
C103389,Thomas Mathew,Gurugram,HR,2023-06-04,Y
C103390,Arjun Menon,Noida,UP,2023-02-04,Y
C103391,Aarav Bhatia,Ranchi,JH,2023-03-13,Y
C103392,Vivaan Sethi,Coimbatore,TN,2023-12-20,Y
C103393,Kavya Verma,Gurugram,HR,2023-07-29,N
C103394,Sunita Iyer,Kolkata,WB,2022-11-12,N
C103395,Ramesh Gill,Mysuru,KA,2024-04-18,N
C103396,Sameer Mittal,Indore,MP,2024-10-30,Y
C103397,Anjali Chopra,Ahmedabad,GJ,2024-10-26,Y
C103398,Reyansh Mukherjee,Hyderabad,TS,2022-09-27,N
C103399,Ritika Deshpande,Jaipur,RJ,2022-12-12,N
C103400,Aditya Roy,Kochi,KL,2023-01-20,Y
C103401,Sunita Mathew,Hyderabad,TS,2024-06-15,Y
C103402,Steven Rathore,Nashik,MH,2022-11-23,Y
C103403,Abhishek Kumar,Coimbatore,TN,2024-03-05,N
C103404,Varun Arora,Surat,GJ,2024-01-17,N
C103405,Pooja Desai,Guwahati,AS,2023-02-02,N
C103406,Lobsang Mittal,Thiruvananthapuram,KL,2024-04-02,N
C103407,Tenzin Mukherjee,Nashik,MH,2024-11-13,N
C103408,Komal Naidu,Noida,UP,2023-06-03,Y
C103409,Manpreet Goyal,Pune,MH,2023-05-08,N
C103410,Swati Kulkarni,Indore,MP,2024-11-23,N
C103411,Aishwarya Banerjee,Ranchi,JH,2023-07-02,N
C103412,Ramesh Malhotra,Raipur,CG,2024-01-26,Y
C103413,Varun Sharma,Guwahati,AS,2023-09-01,Y
C103414,Diya Bhatt,Nashik,MH,2024-04-09,Y
C103415,Kabir Desai,Surat,GJ,2023-11-02,N
C103416,Karan Dhillon,Coimbatore,TN,2022-08-08,N
C103417,Nikhil Chauhan,Bhopal,MP,2023-08-24,Y
C103418,Rahul Fernandes,Bhopal,MP,2024-01-22,N
C103419,Neha Pandey,Lucknow,UP,2024-07-16,N
C103420,Arjun Qureshi,Dehradun,UK,2024-10-10,Y
C103421,Kavya Deshpande,Raipur,CG,2023-03-30,N
C103422,Yash Pawar,Ahmedabad,GJ,2024-11-12,Y
C103423,Isha Mishra,Ranchi,JH,2023-02-09,N
C103424,Kunal Pawar,Noida,UP,2024-08-06,N
C103425,Kunal Pawar,Visakhapatnam,AP,2022-09-10,N
C103426,Lobsang Dhillon,Thiruvananthapuram,KL,2024-07-09,Y
C103427,Imran Patel,Pune,MH,2024-07-18,Y
C103428,Lakshmi Agarwal,Visakhapatnam,AP,2024-01-31,N
C103429,Steven Sethi,Ahmedabad,GJ,2022-09-16,N
C103430,Manpreet Gill,Chandigarh,CH,2024-01-27,N
C103431,Krishna Tiwari,Mysuru,KA,2022-09-05,N
C103432,Nikhil Mukherjee,Thiruvananthapuram,KL,2023-10-20,N
C103433,Karan Bose,Jaipur,RJ,2024-02-09,N
C103434,Sai Arora,Kochi,KL,2024-09-06,N
C103435,Zoya Bose,Dehradun,UK,2024-11-19,N
C103436,Rohan D'Souza,Ahmedabad,GJ,2024-06-10,N
C103437,Mohammed Trivedi,Lucknow,UP,2024-05-22,N
C103438,Deepak Nair,Lucknow,UP,2024-06-21,N
C103439,Manish Qureshi,Mumbai,MH,2023-08-30,N
C103440,Reyansh Qureshi,Dehradun,UK,2024-09-15,N
C103441,Divya Rathore,Mumbai,MH,2024-04-14,Y
C103442,Geeta Jain,Hyderabad,TS,2024-01-10,N
C103443,Sukhwinder Rathore,Kochi,KL,2023-05-11,Y
C103444,Divya Gill,Kolkata,WB,2023-07-12,N
C103445,Meera Pereira,Kochi,KL,2022-09-02,N
C103446,Abhishek Chauhan,Mumbai,MH,2024-01-20,N
C103447,Vikram Mukherjee,Patna,BR,2023-02-11,N
C103448,Pranav Reddy,Chennai,TN,2022-10-29,Y
C103449,Sneha Mathew,Hyderabad,TS,2023-10-01,N
C103450,Harpreet Patil,Nashik,MH,2024-06-05,N
C103451,Harpreet Bansal,Raipur,CG,2024-06-25,N
C103452,Rahul Rao,Guwahati,AS,2024-11-15,N
C103453,Varun Agarwal,Guwahati,AS,2023-03-29,N
C103454,Riya Khan,Mumbai,MH,2024-11-18,Y
C103455,Nisha Goyal,Thiruvananthapuram,KL,2023-10-03,N
C103456,Zoya Gaikwad,Surat,GJ,2022-07-29,N
C103457,Diya Dhillon,Hyderabad,TS,2023-06-08,N
C103458,Ananya Pandey,Mysuru,KA,2024-05-21,N
C103459,Priya Reddy,Chennai,TN,2024-09-13,N
C103460,Geeta Banerjee,Bhopal,MP,2024-08-15,N
C103461,Suresh Bhatia,Noida,UP,2024-01-21,N
C103462,Sai Saxena,Visakhapatnam,AP,2024-09-12,N
C103463,Diya D'Souza,Kochi,KL,2023-04-04,N
C103464,Simran Khan,Guwahati,AS,2023-12-25,N
C103465,Kunal Bose,Pune,MH,2022-07-20,N
C103466,Joseph Ghosh,Bhopal,MP,2023-04-30,Y
C103467,Krishna Chopra,Nashik,MH,2024-12-19,N
C103468,Arjun Iyer,Thiruvananthapuram,KL,2024-07-19,Y
C103469,Manish Siddiqui,Coimbatore,TN,2023-04-05,N
C103470,Thomas Iyer,Jaipur,RJ,2023-03-16,N
C103471,Zoya D'Souza,Visakhapatnam,AP,2023-11-04,Y
C103472,Gurpreet Sen,Kolkata,WB,2022-12-07,N
C103473,Zaid Nair,Mysuru,KA,2024-07-23,Y
C103474,Pooja Patel,Hyderabad,TS,2023-01-25,Y
C103475,Bhavna Banerjee,Ranchi,JH,2024-03-14,N
C103476,Mohammed Chopra,Chennai,TN,2024-12-18,Y
C103477,Tenzin Mittal,Bengaluru,KA,2024-02-15,Y
C103478,Zoya Iyer,Guwahati,AS,2023-09-24,N
C103479,Shreya Malhotra,Surat,GJ,2023-05-17,N
C103480,Sai Mittal,Ranchi,JH,2023-11-29,Y
C103481,Priya Agarwal,Visakhapatnam,AP,2024-12-23,N
C103482,Deepak Khan,Kochi,KL,2024-11-06,N
C103483,Gurpreet Chatterjee,Vadodara,GJ,2024-05-02,Y
C103484,Kunal Gaikwad,Noida,UP,2023-04-21,N
C103485,Meera Chopra,Coimbatore,TN,2022-08-04,N
C103486,Rohan Kapoor,Thiruvananthapuram,KL,2024-06-01,N
C103487,Sunita Mukherjee,Dehradun,UK,2024-11-17,Y
C103488,Suresh Patel,Dehradun,UK,2023-05-22,N
C103489,Om Gupta,Thiruvananthapuram,KL,2022-12-24,N
C103490,Mohammed Naidu,Chandigarh,CH,2023-05-25,N
C103491,Rahul Menon,Gurugram,HR,2023-08-30,Y
C103492,Harsh Chatterjee,Nagpur,MH,2023-06-27,Y
C103493,Mohammed Reddy,Bengaluru,KA,2024-01-12,Y
C103494,Megha Khan,Dehradun,UK,2023-02-27,N
C103495,Rohan Das,Visakhapatnam,AP,2023-05-21,Y
C103496,Riya Kapoor,Jaipur,RJ,2024-06-12,Y
C103497,Kabir Varghese,Mumbai,MH,2022-07-24,N
C103498,Farah Kulkarni,Surat,GJ,2023-05-14,N
C103499,Nikhil Shah,Visakhapatnam,AP,2022-08-07,N
C103500,Sai Pereira,Visakhapatnam,AP,2024-01-17,N
C103501,Vivaan Verma,Ranchi,JH,2023-03-04,Y
C103502,Thomas Trivedi,Chennai,TN,2023-04-22,N
C103503,Varun Ghosh,Bhopal,MP,2023-06-04,N
C103504,Aadhya Sen,Jaipur,RJ,2023-07-07,N
C103505,Diya Arora,Nagpur,MH,2023-04-10,N
C103506,Anjali Naidu,Pune,MH,2023-03-13,N
C103507,Megha Verma,Kolkata,WB,2023-09-30,Y
C103508,Manpreet Fernandes,Coimbatore,TN,2024-12-10,N
C103509,Payal D'Souza,Mumbai,MH,2024-06-14,Y
C103510,Divya Bhatia,Dehradun,UK,2023-06-16,Y
C103511,Aarav Pawar,Coimbatore,TN,2022-12-06,Y
C103512,Vihaan Pawar,Delhi,DL,2024-06-05,N
C103513,Farah Bhatia,Surat,GJ,2024-03-24,N
C103514,Sameer Mishra,Ahmedabad,GJ,2023-07-19,N
C103515,Ramesh Roy,Delhi,DL,2024-12-30,N
C103516,Sai Sharma,Nashik,MH,2022-12-28,N
C103517,Mohammed D'Souza,Nashik,MH,2022-12-04,Y
C103518,Aarav Dutta,Visakhapatnam,AP,2023-05-27,N
C103519,Ankit Banerjee,Bhubaneswar,OR,2023-05-15,Y
C103520,Gurpreet Sandhu,Kolkata,WB,2022-12-21,Y
C103521,Kabir Bose,Ahmedabad,GJ,2024-06-17,N
C103522,Sunita Sethi,Dehradun,UK,2024-12-01,N
C103523,Aadhya Bose,Bengaluru,KA,2022-10-12,Y
C103524,Yash Roy,Surat,GJ,2024-10-08,N
C103525,Pranav Dutta,Ahmedabad,GJ,2022-08-17,N
C103526,Divya Gaikwad,Kochi,KL,2024-08-09,N
C103527,Reyansh Agarwal,Lucknow,UP,2024-10-01,N
C103528,Harpreet Deshpande,Lucknow,UP,2022-09-20,Y
C103529,Tanvi Reddy,Mysuru,KA,2023-05-12,N
C103530,Saanvi Sharma,Gurugram,HR,2023-06-19,N
C103531,Sunita Mukherjee,Dehradun,UK,2023-01-16,Y
C103532,Ritika Khanna,Jaipur,RJ,2024-07-31,N
C103533,Sai Arora,Chennai,TN,2024-11-22,N
C103534,Riya Reddy,Chennai,TN,2023-04-12,N
C103535,Suresh Banerjee,Indore,MP,2024-09-07,Y
C103536,Karan Chatterjee,Nashik,MH,2023-10-01,N
C103537,Shreya Desai,Ranchi,JH,2022-09-12,Y
C103538,Vikram Srivastava,Dehradun,UK,2024-08-22,Y
C103539,Diya Nair,Raipur,CG,2023-07-26,N
C103540,Aarav Fernandes,Kolkata,WB,2024-07-21,N
C103541,Divya Kapoor,Mumbai,MH,2023-09-10,Y
C103542,Bhavna Singh,Gurugram,HR,2022-08-12,N
C103543,Meera Jadhav,Indore,MP,2023-08-22,N
C103544,Neha Desai,Chennai,TN,2024-01-05,N
C103545,Vikram Sen,Mysuru,KA,2022-12-12,N
C103546,Yash Chauhan,Gurugram,HR,2023-02-17,N
C103547,Daniel Kaur,Thiruvananthapuram,KL,2022-09-01,Y
C103548,Abhishek Ghosh,Visakhapatnam,AP,2023-04-22,N
C103549,Arjun Gupta,Bhopal,MP,2024-09-25,N
C103550,Megha Kumar,Pune,MH,2022-08-26,N
C103551,Geeta Chatterjee,Ahmedabad,GJ,2022-09-08,N
C103552,Imran Bhatia,Lucknow,UP,2024-04-25,N
C103553,Bhavna Ghosh,Thiruvananthapuram,KL,2023-12-16,Y
C103554,Simran Sheikh,Patna,BR,2023-05-29,N
C103555,Dev Banerjee,Lucknow,UP,2024-12-19,Y
C103556,Zoya Mathew,Raipur,CG,2022-11-04,Y
C103557,Nisha Chatterjee,Bhopal,MP,2024-01-17,Y
C103558,Karan Patil,Raipur,CG,2024-08-05,N
C103559,Karan Singh,Indore,MP,2022-12-17,N
C103560,Reyansh Dhillon,Mumbai,MH,2023-11-28,N
C103561,Swati Ghosh,Bengaluru,KA,2022-09-03,N
C103562,Krishna Goyal,Ahmedabad,GJ,2022-11-07,N
C103563,Zoya Gaikwad,Pune,MH,2023-02-21,N
C103564,Sameer Ghosh,Bengaluru,KA,2023-01-20,N
C103565,Payal Ansari,Chandigarh,CH,2024-05-21,N
C103566,Diya Iyer,Vadodara,GJ,2023-07-23,N
C103567,Rohan Iyer,Coimbatore,TN,2024-03-12,N
C103568,Kavya Deshpande,Hyderabad,TS,2022-10-24,N
C103569,Krishna Banerjee,Bhubaneswar,OR,2022-09-20,N
C103570,Aarav Mathew,Noida,UP,2023-04-29,N
C103571,Bhavna Bansal,Visakhapatnam,AP,2024-09-05,Y
C103572,Sneha Bose,Gurugram,HR,2024-10-16,N
C103573,Ankit Varghese,Bhopal,MP,2024-04-01,N
C103574,Swati Joshi,Lucknow,UP,2023-08-02,Y
C103575,Sai Khan,Delhi,DL,2024-01-11,Y
C103576,Megha Mittal,Thiruvananthapuram,KL,2024-01-21,Y
C103577,Faisal Saxena,Visakhapatnam,AP,2023-08-28,Y
C103578,Rahul Roy,Ahmedabad,GJ,2023-07-25,Y
C103579,Sameer D'Souza,Ahmedabad,GJ,2022-07-30,N
C103580,Yash Yadav,Mysuru,KA,2024-01-10,N
C103581,Steven Kumar,Bengaluru,KA,2024-03-22,N
C103582,Bhavna Trivedi,Surat,GJ,2022-09-04,Y
C103583,Megha Fernandes,Lucknow,UP,2024-05-10,N
C103584,Pooja Varghese,Visakhapatnam,AP,2024-09-25,N
C103585,Imran Gupta,Lucknow,UP,2024-06-14,N
C103586,Neha Menon,Coimbatore,TN,2023-10-11,N
C103587,Rohan Tiwari,Chandigarh,CH,2023-03-20,N
C103588,Neha Pillai,Chennai,TN,2024-11-30,N
C103589,Rohit Bhatt,Ranchi,JH,2024-12-05,N
C103590,Suresh Yadav,Pune,MH,2022-08-16,N
C103591,Geeta Mehta,Gurugram,HR,2023-04-09,N
C103592,Nikhil Dutta,Kochi,KL,2023-05-09,N
C103593,Lakshmi Mittal,Gurugram,HR,2024-06-09,N
C103594,Imran Malhotra,Ranchi,JH,2022-07-24,N
C103595,Imran Goyal,Nagpur,MH,2022-07-28,Y
C103596,Suresh Chopra,Gurugram,HR,2022-11-27,N
C103597,Ishaan Malhotra,Indore,MP,2024-10-26,N
C103598,Jaspreet Pandey,Nagpur,MH,2023-12-21,N
C103599,Zoya Nair,Noida,UP,2023-03-01,Y
C103600,Vivaan Gill,Bhopal,MP,2024-08-26,N
C103601,Pooja Ghosh,Noida,UP,2024-12-27,Y
C103602,Varun Pereira,Dehradun,UK,2024-06-30,Y
C103603,Lakshmi Joshi,Raipur,CG,2023-05-22,Y
C103604,Vikram Iyer,Mumbai,MH,2024-11-22,N
C103605,Yash Yadav,Ahmedabad,GJ,2023-06-21,N
C103606,Simran Khan,Nagpur,MH,2022-11-22,N
C103607,Diya Gupta,Vadodara,GJ,2022-08-03,N
C103608,Rajat Yadav,Surat,GJ,2024-12-07,N
C103609,Zoya Roy,Mumbai,MH,2024-08-01,Y
C103610,Swati Siddiqui,Pune,MH,2023-06-07,N
C103611,Anjali Bansal,Bhopal,MP,2023-12-02,Y
C103612,Manpreet George,Guwahati,AS,2024-09-25,N
C103613,Rajat Sharma,Coimbatore,TN,2024-04-23,N
C103614,Ramesh Yadav,Kolkata,WB,2023-09-12,N
C103615,Anjali Bansal,Nashik,MH,2024-11-01,N
C103616,Komal Mathew,Visakhapatnam,AP,2022-11-25,Y
C103617,Varun Kulkarni,Indore,MP,2023-01-25,Y
C103618,Divya Sheikh,Kolkata,WB,2023-04-17,Y
C103619,Megha Jadhav,Bhubaneswar,OR,2024-04-16,N
C103620,Sukhwinder Bhatia,Mumbai,MH,2022-09-11,Y
C103621,Ayaan Reddy,Noida,UP,2023-03-07,N
C103622,Rajat Shah,Bengaluru,KA,2023-06-07,Y
C103623,Neha Varghese,Hyderabad,TS,2023-08-06,Y
C103624,Aishwarya Saxena,Thiruvananthapuram,KL,2023-05-30,N
C103625,Aadhya Pereira,Surat,GJ,2022-08-11,Y
C103626,Vivaan Mishra,Visakhapatnam,AP,2024-04-26,N
C103627,Ritika Mishra,Kochi,KL,2023-01-11,N
C103628,Rohan D'Souza,Chandigarh,CH,2023-12-15,Y
C103629,Joseph Varghese,Coimbatore,TN,2022-12-12,Y
C103630,Sameer Qureshi,Jaipur,RJ,2024-03-21,N
C103631,Aishwarya Pillai,Ahmedabad,GJ,2023-11-05,N
C103632,Kavya Goyal,Indore,MP,2024-05-12,N
C103633,Tenzin Sen,Visakhapatnam,AP,2022-10-11,N
C103634,Megha Goyal,Bhubaneswar,OR,2023-09-28,N
C103635,Daniel Kaur,Nagpur,MH,2024-07-05,Y
C103636,Amit Menon,Indore,MP,2022-11-07,N
C103637,Joseph Pawar,Visakhapatnam,AP,2023-10-22,N
C103638,Krishna Reddy,Mysuru,KA,2022-10-26,N
C103639,Faisal Bose,Hyderabad,TS,2023-06-16,N
C103640,Pooja Patil,Chandigarh,CH,2022-09-17,N
C103641,Sukhwinder Kapoor,Nagpur,MH,2022-10-30,N
C103642,Jaspreet Kapoor,Vadodara,GJ,2023-02-08,N
C103643,Aishwarya Kaur,Surat,GJ,2023-12-15,N
C103644,Arjun Qureshi,Delhi,DL,2024-05-04,N
C103645,Neha Deshpande,Mysuru,KA,2024-12-31,Y
C103646,Farah Gaikwad,Kolkata,WB,2024-10-23,N
C103647,Daniel Desai,Visakhapatnam,AP,2024-05-12,N
C103648,Isha Rathore,Vadodara,GJ,2024-07-11,N
C103649,Bhavna Rathore,Lucknow,UP,2023-07-29,N
C103650,Lakshmi Varghese,Nashik,MH,2023-07-09,N
C103651,Ananya Desai,Chandigarh,CH,2024-05-01,N
C103652,Nisha Mittal,Gurugram,HR,2023-09-11,Y
C103653,Sai Das,Vadodara,GJ,2023-04-10,N
C103654,Manish George,Kolkata,WB,2024-11-25,N
C103655,Farah Srivastava,Nagpur,MH,2024-11-17,N
C103656,Dev Naidu,Delhi,DL,2023-09-15,Y
C103657,Priya Mehta,Coimbatore,TN,2024-08-06,N
C103658,Siddharth Sethi,Ahmedabad,GJ,2024-01-23,N
C103659,Abhishek D'Souza,Noida,UP,2023-06-16,N
C103660,Amit Chopra,Bhubaneswar,OR,2024-10-26,N
C103661,Imran Trivedi,Kochi,KL,2023-03-12,N
C103662,Amit Mehta,Surat,GJ,2023-06-06,Y
C103663,Arjun Gill,Delhi,DL,2022-09-16,Y
C103664,Thomas Kapoor,Mysuru,KA,2022-08-03,N
C103665,Deepak Siddiqui,Kochi,KL,2024-09-23,N
C103666,Divya Trivedi,Chennai,TN,2022-11-04,Y
C103667,Steven Patil,Nashik,MH,2024-07-20,Y
C103668,Lobsang Khan,Ahmedabad,GJ,2024-03-07,Y
C103669,Sai Dutta,Nashik,MH,2023-01-18,N
C103670,Joseph Nair,Ahmedabad,GJ,2024-09-16,N
C103671,Thomas Gaikwad,Raipur,CG,2024-05-16,N
C103672,Rohit Verma,Hyderabad,TS,2023-04-11,N
C103673,Zaid Qureshi,Chennai,TN,2024-06-11,Y
C103674,Farah Srivastava,Dehradun,UK,2023-06-20,N
C103675,Manpreet Mittal,Pune,MH,2023-09-27,N
C103676,Aditya Ansari,Ahmedabad,GJ,2022-08-04,Y
C103677,Rohit Ansari,Bengaluru,KA,2023-09-27,N
C103678,Komal Rao,Noida,UP,2024-01-03,N
C103679,Tenzin Ghosh,Visakhapatnam,AP,2024-09-22,Y
C103680,Tarun Shah,Bhubaneswar,OR,2023-03-31,Y
C103681,Diya Sen,Jaipur,RJ,2023-03-06,N
C103682,Karan Shah,Mysuru,KA,2022-12-25,N
C103683,Ankit Ghosh,Noida,UP,2023-01-13,N
C103684,Mohammed Chopra,Hyderabad,TS,2022-10-25,N
C103685,Reyansh Chauhan,Patna,BR,2023-07-01,N
C103686,Manpreet Goyal,Dehradun,UK,2023-05-02,N
C103687,Payal Verma,Jaipur,RJ,2022-11-28,N
C103688,Aishwarya Mathew,Jaipur,RJ,2023-09-16,Y
C103689,Kavya Jain,Lucknow,UP,2024-11-14,Y
C103690,Priya Tiwari,Delhi,DL,2022-08-28,N
C103691,Saanvi Jadhav,Bhopal,MP,2022-11-02,N
C103692,Lakshmi Banerjee,Gurugram,HR,2023-08-12,Y
C103693,Ankit Shinde,Ahmedabad,GJ,2024-03-13,Y
C103694,Nikhil Reddy,Indore,MP,2024-01-10,N
C103695,Farah Ansari,Mumbai,MH,2023-05-04,Y
C103696,Aishwarya Yadav,Pune,MH,2022-11-09,Y
C103697,Mohammed Bose,Chandigarh,CH,2022-07-16,N
C103698,Dev Goyal,Chennai,TN,2023-11-29,Y
C103699,Rohit Jadhav,Vadodara,GJ,2023-09-14,Y
C103700,Ritika Sharma,Thiruvananthapuram,KL,2023-03-03,N
C103701,Mohammed Sandhu,Thiruvananthapuram,KL,2023-05-05,Y
C103702,Harpreet Jadhav,Nagpur,MH,2022-08-02,N
C103703,Thomas Chauhan,Kochi,KL,2024-08-01,N
C103704,Aishwarya Srivastava,Bhubaneswar,OR,2022-11-04,Y
C103705,Harpreet Mukherjee,Mumbai,MH,2023-09-15,N
C103706,Ananya Iyer,Coimbatore,TN,2022-08-08,Y
C103707,Kabir Gill,Coimbatore,TN,2024-06-15,N
C103708,Sneha Sandhu,Bengaluru,KA,2022-09-20,N
C103709,Ayaan Pawar,Nagpur,MH,2024-02-19,N
C103710,Tarun Pereira,Patna,BR,2022-11-08,N
C103711,Joseph Patil,Vadodara,GJ,2023-10-29,N
C103712,Rohit Khanna,Ahmedabad,GJ,2022-09-15,Y
C103713,Sneha Arora,Bhopal,MP,2022-11-09,N
C103714,Rohit Pandey,Hyderabad,TS,2024-11-06,N
C103715,Nikhil Sandhu,Hyderabad,TS,2024-08-09,Y
C103716,Varun Siddiqui,Noida,UP,2024-11-03,N
C103717,Divya Shah,Dehradun,UK,2024-05-24,N
C103718,Imran Kaur,Mumbai,MH,2022-09-23,N
C103719,Aditya Mehta,Dehradun,UK,2024-12-09,N
C103720,Sameer Arora,Jaipur,RJ,2023-03-04,N
C103721,Ankit Kapoor,Delhi,DL,2024-01-19,N
C103722,Imran Fernandes,Visakhapatnam,AP,2023-04-18,N
C103723,Vivaan Gill,Gurugram,HR,2023-09-20,N
C103724,Farah Roy,Kochi,KL,2024-01-13,N
C103725,Diya Yadav,Guwahati,AS,2023-09-24,Y
C103726,Varun Gaikwad,Thiruvananthapuram,KL,2024-04-01,N
C103727,Lobsang Sethi,Lucknow,UP,2024-10-25,N
C103728,Aarav Gaikwad,Nagpur,MH,2023-05-28,N
C103729,Komal Kulkarni,Noida,UP,2024-01-30,Y
C103730,Riya Jadhav,Raipur,CG,2023-11-19,N
C103731,Om Khanna,Indore,MP,2023-05-02,Y
C103732,Tanvi Patel,Nagpur,MH,2024-09-02,N
C103733,Diya Shinde,Vadodara,GJ,2024-04-15,N
C103734,Rohan Yadav,Nashik,MH,2024-12-26,N
C103735,Suresh Srivastava,Pune,MH,2023-01-15,Y
C103736,Megha Trivedi,Bengaluru,KA,2024-10-10,Y
C103737,Siddharth Malhotra,Nashik,MH,2022-07-18,Y
C103738,Riya Dhillon,Delhi,DL,2023-05-25,Y
C103739,Siddharth Gill,Nagpur,MH,2022-09-11,N
C103740,Swati Yadav,Dehradun,UK,2024-11-24,Y
C103741,Karan Ghosh,Chandigarh,CH,2024-12-07,N
C103742,Tanvi Mehta,Jaipur,RJ,2023-12-17,N
C103743,Sunita Sandhu,Thiruvananthapuram,KL,2024-11-28,N
C103744,Gurpreet Dhillon,Pune,MH,2024-02-18,N
C103745,Rajat Reddy,Hyderabad,TS,2023-05-20,Y
C103746,Diya Banerjee,Delhi,DL,2022-09-05,N
C103747,Gurpreet Sen,Mysuru,KA,2024-01-30,Y
C103748,Aadhya Qureshi,Noida,UP,2022-10-19,N
C103749,Dev Sethi,Hyderabad,TS,2022-11-06,N
C103750,Farah Sheikh,Mumbai,MH,2022-12-22,N
C103751,Payal Verma,Chennai,TN,2023-08-23,N
C103752,Rohit Rao,Guwahati,AS,2024-11-27,N
C103753,Rahul Sandhu,Visakhapatnam,AP,2024-10-14,Y
C103754,Kavya Nair,Indore,MP,2024-01-24,N
C103755,Vivaan Chatterjee,Kolkata,WB,2023-03-20,N
C103756,Rahul Mishra,Surat,GJ,2022-10-13,N
C103757,Om Menon,Jaipur,RJ,2024-12-18,Y
C103758,Thomas Yadav,Patna,BR,2022-11-25,N
C103759,Zoya Pillai,Jaipur,RJ,2022-10-18,N
C103760,Steven Trivedi,Nashik,MH,2023-05-05,Y
C103761,Farah Jadhav,Jaipur,RJ,2023-06-01,N
C103762,Abhishek Srivastava,Indore,MP,2024-09-20,N
C103763,Ankit Kapoor,Gurugram,HR,2024-10-31,N
C103764,Diya Srivastava,Visakhapatnam,AP,2023-05-20,N
C103765,Anjali Qureshi,Visakhapatnam,AP,2023-09-10,N
C103766,Jaspreet Trivedi,Nashik,MH,2024-03-23,N
C103767,Lakshmi Sheikh,Vadodara,GJ,2022-11-15,N
C103768,Simran Khan,Thiruvananthapuram,KL,2024-04-26,Y
C103769,Rajat Pawar,Chandigarh,CH,2023-11-23,N
C103770,Gurpreet Roy,Ahmedabad,GJ,2023-01-06,Y
C103771,Ananya Gupta,Kolkata,WB,2023-12-16,Y
C103772,Aadhya Chopra,Ranchi,JH,2024-09-15,N
C103773,Rahul Malhotra,Hyderabad,TS,2024-02-24,Y
C103774,Daniel Rathore,Nashik,MH,2023-12-31,N
C103775,Reyansh Pereira,Chandigarh,CH,2023-12-06,N
C103776,Gurpreet Kumar,Gurugram,HR,2022-07-22,N
C103777,Varun Malhotra,Kolkata,WB,2023-04-19,N
C103778,Nisha Mathew,Guwahati,AS,2023-05-15,N
C103779,Farah Mehta,Mumbai,MH,2023-12-02,N
C103780,Neha Siddiqui,Delhi,DL,2024-04-26,N
C103781,Tanvi Singh,Lucknow,UP,2024-07-16,Y
C103782,Deepak Arora,Kolkata,WB,2023-05-19,Y
C103783,Reyansh Das,Indore,MP,2022-09-21,N
C103784,Shreya Rao,Vadodara,GJ,2022-08-01,Y
C103785,Komal Roy,Kolkata,WB,2022-08-20,Y
C103786,Steven Kaur,Chandigarh,CH,2024-02-14,N
C103787,Aditya Mishra,Visakhapatnam,AP,2022-08-25,N
C103788,Aarav Sethi,Raipur,CG,2023-12-22,N
C103789,Ankit Mishra,Gurugram,HR,2024-04-25,N
C103790,Ritika Mukherjee,Visakhapatnam,AP,2023-04-27,Y
C103791,Rohit Sheikh,Chennai,TN,2022-11-19,N
C103792,Sai Patil,Bhopal,MP,2023-12-12,N
C103793,Simran Varghese,Jaipur,RJ,2023-03-27,N
C103794,Divya Goyal,Kolkata,WB,2023-02-27,N
C103795,Arjun Malhotra,Mysuru,KA,2022-07-20,N
C103796,Diya Jain,Nashik,MH,2022-10-17,N
C103797,Payal Arora,Mumbai,MH,2024-03-17,N
C103798,Joseph Mishra,Chandigarh,CH,2024-03-02,Y
C103799,Vihaan Pillai,Thiruvananthapuram,KL,2024-08-09,N
C103800,Anjali D'Souza,Lucknow,UP,2024-10-30,N
C103801,Megha Shinde,Coimbatore,TN,2024-04-10,N
C103802,Nisha Srivastava,Surat,GJ,2024-02-29,N
C103803,Ayaan Kapoor,Noida,UP,2023-11-19,N
C103804,Neha Dutta,Nagpur,MH,2024-11-14,N
C103805,Komal Reddy,Pune,MH,2024-09-25,Y
C103806,Ramesh Goyal,Guwahati,AS,2023-07-16,Y
C103807,Vikram Bhatt,Kochi,KL,2024-08-25,Y
C103808,Sukhwinder Khanna,Kolkata,WB,2024-06-23,N
C103809,Krishna Dutta,Chennai,TN,2023-08-28,N
C103810,Zaid Ansari,Mysuru,KA,2023-07-14,N
C103811,Harpreet Khanna,Bhopal,MP,2023-07-25,N
C103812,Tarun Chauhan,Bengaluru,KA,2023-07-11,Y
C103813,Kunal Roy,Patna,BR,2023-07-12,N
C103814,Neha Mehta,Coimbatore,TN,2023-11-24,N
C103815,Ankit Rathore,Guwahati,AS,2022-11-22,N
C103816,Imran Bhatia,Patna,BR,2023-11-27,Y
C103817,Sukhwinder Pawar,Dehradun,UK,2022-08-26,N
C103818,Simran Ghosh,Kochi,KL,2024-11-21,Y
C103819,Harpreet Srivastava,Indore,MP,2023-09-09,N
C103820,Rohit Rathore,Gurugram,HR,2023-09-01,N
C103821,Ramesh Gupta,Mumbai,MH,2024-07-24,N
C103822,Nikhil Pandey,Ahmedabad,GJ,2023-11-04,N
C103823,Jaspreet Goyal,Ahmedabad,GJ,2023-11-24,N
C103824,Rohit Saxena,Kolkata,WB,2024-10-25,N
C103825,Abhishek Desai,Bhopal,MP,2022-11-12,N
C103826,Kavya Sen,Gurugram,HR,2022-11-11,N
C103827,Joseph Sen,Nagpur,MH,2024-12-20,Y
C103828,Sunita Pillai,Chandigarh,CH,2023-05-29,N
C103829,Isha Roy,Visakhapatnam,AP,2024-09-25,Y
C103830,Lobsang D'Souza,Bhubaneswar,OR,2023-01-30,N
C103831,Priya Dutta,Indore,MP,2024-04-01,N
C103832,Riya Khanna,Hyderabad,TS,2023-07-29,N
C103833,Sameer Jain,Mumbai,MH,2022-11-20,Y
C103834,Reyansh George,Lucknow,UP,2024-07-28,N
C103835,Rajat Kaur,Bhubaneswar,OR,2023-08-29,N
C103836,Sai Bhatt,Hyderabad,TS,2022-10-17,N
C103837,Rahul Jain,Coimbatore,TN,2023-04-11,N
C103838,Riya Desai,Coimbatore,TN,2023-10-26,N
C103839,Saanvi Ansari,Hyderabad,TS,2022-12-23,N
C103840,Nisha Dhillon,Bhopal,MP,2023-01-25,Y
C103841,Harpreet Sheikh,Hyderabad,TS,2022-10-31,N
C103842,Abhishek Khan,Thiruvananthapuram,KL,2023-08-03,N
C103843,Sai Bhatt,Noida,UP,2022-10-03,N
C103844,Dev Nair,Noida,UP,2023-01-09,N
C103845,Rahul Shah,Mysuru,KA,2022-12-19,Y
C103846,Gurpreet Khan,Ahmedabad,GJ,2023-02-06,N
C103847,Amit Joshi,Bengaluru,KA,2023-06-28,N
C103848,Manpreet Chauhan,Surat,GJ,2023-09-16,Y
C103849,Yash Khan,Bengaluru,KA,2023-03-03,N
C103850,Manpreet Chauhan,Nashik,MH,2024-09-09,N
C103851,Sai Rathore,Coimbatore,TN,2024-10-24,N
C103852,Joseph Joshi,Ahmedabad,GJ,2024-08-06,Y
C103853,Thomas Dutta,Ahmedabad,GJ,2023-10-12,Y
C103854,Kabir Pillai,Ranchi,JH,2022-12-01,Y
C103855,Lakshmi Mathew,Ahmedabad,GJ,2023-03-10,Y
C103856,Tarun Trivedi,Thiruvananthapuram,KL,2022-10-09,N
C103857,Meera Varghese,Pune,MH,2024-09-08,Y
C103858,Daniel Agarwal,Gurugram,HR,2023-02-03,N
C103859,Ankit Tiwari,Dehradun,UK,2023-03-03,N
C103860,Jaspreet Bansal,Mysuru,KA,2022-09-18,N
C103861,Vikram Khanna,Lucknow,UP,2023-01-06,N
C103862,Rohan Bhatia,Visakhapatnam,AP,2023-06-06,Y
C103863,Divya Patil,Bengaluru,KA,2022-09-06,N
C103864,Priya Shah,Delhi,DL,2022-12-24,N
C103865,Isha Chatterjee,Coimbatore,TN,2024-10-29,N
C103866,Nikhil Iyer,Chennai,TN,2023-07-28,N
C103867,Kabir Sethi,Mysuru,KA,2024-05-06,N
C103868,Dev Pandey,Dehradun,UK,2024-03-13,Y
C103869,Ritika Goyal,Hyderabad,TS,2023-07-18,Y
C103870,Varun Bansal,Ranchi,JH,2024-03-22,N
C103871,Zaid Iyer,Vadodara,GJ,2023-12-23,N
C103872,Suresh Goyal,Surat,GJ,2023-07-13,Y
C103873,Ankit Sen,Vadodara,GJ,2023-02-24,N
C103874,Yash Gaikwad,Coimbatore,TN,2023-11-26,N
C103875,Jaspreet Gupta,Chandigarh,CH,2024-08-20,N
C103876,Jaspreet Pawar,Nagpur,MH,2023-06-19,N
C103877,Zaid Naidu,Mysuru,KA,2023-01-29,N
C103878,Rahul Bhatia,Nashik,MH,2024-08-18,N
C103879,Sai Gupta,Hyderabad,TS,2024-01-06,N
C103880,Aarav Iyer,Patna,BR,2024-08-11,N
C103881,Megha Shah,Gurugram,HR,2024-06-05,Y
C103882,Deepak D'Souza,Bhopal,MP,2023-03-28,N
C103883,Arjun Srivastava,Chennai,TN,2023-11-11,N
C103884,Sukhwinder Kaur,Nashik,MH,2022-11-23,Y
C103885,Vikram Naidu,Indore,MP,2024-06-19,Y
C103886,Steven Mukherjee,Vadodara,GJ,2024-04-18,Y
C103887,Ramesh Tiwari,Bhubaneswar,OR,2023-06-07,N
C103888,Suresh Pawar,Guwahati,AS,2022-10-15,Y
C103889,Pooja Banerjee,Indore,MP,2023-01-04,N
C103890,Vikram Kapoor,Nagpur,MH,2024-10-31,N
C103891,Kavya Chatterjee,Ranchi,JH,2022-12-16,N
C103892,Yash Patel,Kochi,KL,2024-03-07,N
C103893,Daniel Reddy,Kolkata,WB,2022-12-05,Y
C103894,Farah Chauhan,Pune,MH,2024-08-27,N
C103895,Rohan Deshpande,Kolkata,WB,2023-09-29,N
C103896,Joseph Khan,Guwahati,AS,2023-11-19,N
C103897,Sukhwinder Pawar,Dehradun,UK,2024-02-24,N
C103898,Simran Arora,Nagpur,MH,2022-10-27,N
C103899,Priya Gupta,Chennai,TN,2023-08-11,N
C103900,Deepak Chopra,Raipur,CG,2022-09-01,N
C103901,Ramesh Sethi,Patna,BR,2024-08-16,N
C103902,Ayaan Yadav,Chandigarh,CH,2023-09-28,Y
C103903,Farah D'Souza,Chandigarh,CH,2024-06-18,N
C103904,Sameer Mukherjee,Dehradun,UK,2023-03-24,N
C103905,Saanvi Dutta,Chennai,TN,2024-06-01,Y
C103906,Rahul Pillai,Pune,MH,2022-10-20,Y
C103907,Payal Yadav,Noida,UP,2022-11-09,Y
C103908,Shreya Deshpande,Jaipur,RJ,2024-07-17,N
C103909,Pooja Menon,Gurugram,HR,2024-10-03,N
C103910,Varun Bansal,Mumbai,MH,2024-05-07,N
C103911,Farah Trivedi,Bengaluru,KA,2024-05-08,Y
C103912,Geeta Nair,Gurugram,HR,2023-12-14,Y
C103913,Pranav Mathew,Pune,MH,2022-10-09,N
C103914,Pranav Kumar,Mysuru,KA,2022-11-07,N
C103915,Suresh Pandey,Nagpur,MH,2023-07-19,N
C103916,Lobsang Mehta,Thiruvananthapuram,KL,2024-10-12,N
C103917,Simran Kapoor,Thiruvananthapuram,KL,2024-08-25,Y
C103918,Vihaan Pillai,Chennai,TN,2024-01-27,N
C103919,Rahul Dutta,Bengaluru,KA,2023-11-19,N
C103920,Reyansh Fernandes,Patna,BR,2024-12-23,N
C103921,Zaid Kapoor,Delhi,DL,2023-01-03,N
C103922,Tenzin Chopra,Mumbai,MH,2023-02-20,N
C103923,Varun Jain,Kochi,KL,2024-02-25,Y
C103924,Rohit Siddiqui,Chennai,TN,2024-02-05,Y
C103925,Joseph Nair,Nagpur,MH,2024-05-27,N
C103926,Harsh Chopra,Patna,BR,2022-12-26,N
C103927,Zaid Mukherjee,Delhi,DL,2024-06-04,Y
C103928,Joseph Sen,Noida,UP,2023-05-10,N
C103929,Thomas Shah,Visakhapatnam,AP,2023-07-12,N
C103930,Ananya Pillai,Jaipur,RJ,2024-10-06,N
C103931,Zoya Pandey,Bhopal,MP,2024-06-20,N
C103932,Shreya Das,Coimbatore,TN,2023-10-22,Y
C103933,Diya Jadhav,Surat,GJ,2024-02-26,N
C103934,Saanvi Mishra,Raipur,CG,2024-11-20,Y
C103935,Kavya Dhillon,Bhopal,MP,2022-07-26,N
C103936,Sneha D'Souza,Bhopal,MP,2022-10-04,N
C103937,Anjali Pereira,Visakhapatnam,AP,2023-10-28,N
C103938,Gurpreet Chauhan,Visakhapatnam,AP,2024-09-26,N
C103939,Nisha Deshpande,Chennai,TN,2023-08-11,Y
C103940,Daniel Pawar,Mumbai,MH,2023-07-06,N
C103941,Harpreet Chopra,Thiruvananthapuram,KL,2024-03-11,N
C103942,Simran Bhatt,Nashik,MH,2023-03-03,Y
C103943,Ritika Shinde,Raipur,CG,2023-02-22,N
C103944,Mohammed Roy,Nashik,MH,2023-11-14,Y
C103945,Geeta Patil,Nagpur,MH,2024-10-28,Y
C103946,Deepak Ansari,Raipur,CG,2022-07-28,N
C103947,Aishwarya Gaikwad,Noida,UP,2024-02-05,Y
C103948,Manpreet George,Mysuru,KA,2024-03-24,Y
C103949,Vikram Ansari,Kochi,KL,2023-01-06,N
C103950,Swati Mishra,Chennai,TN,2024-08-31,Y
C103951,Yash Kapoor,Ahmedabad,GJ,2022-12-10,Y
C103952,Faisal Deshpande,Thiruvananthapuram,KL,2024-08-13,Y
C103953,Sneha Sethi,Indore,MP,2023-03-10,N
C103954,Aishwarya Trivedi,Jaipur,RJ,2024-01-13,N
C103955,Nisha Gupta,Nashik,MH,2023-02-04,N
C103956,Kabir Reddy,Visakhapatnam,AP,2022-11-06,Y
C103957,Sameer Bhatia,Pune,MH,2023-12-25,N
C103958,Suresh Joshi,Bhubaneswar,OR,2022-08-23,N
C103959,Sneha Reddy,Visakhapatnam,AP,2024-01-04,N
C103960,Saanvi Bansal,Jaipur,RJ,2023-09-13,N
C103961,Gurpreet Sheikh,Patna,BR,2023-12-01,N
C103962,Tarun Pereira,Visakhapatnam,AP,2023-07-05,N
C103963,Faisal Shah,Delhi,DL,2024-05-24,N
C103964,Ayaan Bose,Mumbai,MH,2023-08-15,Y
C103965,Ankit Trivedi,Guwahati,AS,2022-12-13,N
C103966,Priya Bhatt,Nashik,MH,2024-09-28,N
C103967,Simran Pawar,Surat,GJ,2023-02-24,N
C103968,Ishaan Gupta,Bhopal,MP,2022-12-05,N
C103969,Zaid Arora,Visakhapatnam,AP,2024-11-18,Y
C103970,Vihaan Mathew,Noida,UP,2023-11-19,N
C103971,Ananya Kapoor,Indore,MP,2023-12-26,Y
C103972,Pooja Kaur,Surat,GJ,2022-08-22,N
C103973,Ramesh Patil,Kolkata,WB,2024-05-15,Y
C103974,Sunita Rao,Bengaluru,KA,2023-06-26,Y
C103975,Ishaan Bansal,Noida,UP,2024-04-22,Y
C103976,Dev Das,Guwahati,AS,2023-09-22,N
C103977,Arjun Srivastava,Bhopal,MP,2024-08-27,Y
C103978,Arjun Sheikh,Kolkata,WB,2022-10-09,Y
C103979,Kabir Mukherjee,Dehradun,UK,2024-11-09,Y
C103980,Deepak Dutta,Vadodara,GJ,2024-09-02,Y
C103981,Pranav Patil,Mumbai,MH,2024-05-08,N
C103982,Tenzin Kulkarni,Jaipur,RJ,2023-08-08,Y
C103983,Jaspreet Trivedi,Dehradun,UK,2023-12-08,Y
C103984,Komal Patil,Chandigarh,CH,2024-11-27,N
C103985,Vivaan D'Souza,Indore,MP,2022-11-08,N
C103986,Simran Fernandes,Raipur,CG,2023-03-26,N
C103987,Deepak Kaur,Patna,BR,2024-07-01,N
C103988,Vikram Tiwari,Pune,MH,2024-05-03,Y
C103989,Priya Tiwari,Ahmedabad,GJ,2024-12-19,Y
C103990,Ayaan Pawar,Ranchi,JH,2022-07-31,N
C103991,Manpreet Sharma,Kolkata,WB,2023-07-10,N
C103992,Sukhwinder Ghosh,Nagpur,MH,2023-09-25,N
C103993,Pranav D'Souza,Ahmedabad,GJ,2024-03-14,N
C103994,Vivaan Banerjee,Jaipur,RJ,2024-03-09,N
C103995,Tenzin Rathore,Nagpur,MH,2022-10-01,Y
C103996,Sneha Fernandes,Chandigarh,CH,2024-08-27,Y
C103997,Diya Sharma,Chennai,TN,2022-10-21,N
C103998,Om George,Bhopal,MP,2022-10-23,N
C103999,Ritika Tiwari,Lucknow,UP,2024-10-24,N
C104000,Ananya Mittal,Bhubaneswar,OR,2023-12-07,Y
C104001,Payal George,Chandigarh,CH,2024-04-18,Y
C104002,Saanvi Bhatia,Visakhapatnam,AP,2023-09-05,N
C104003,Vihaan Mishra,Chandigarh,CH,2024-05-21,N
C104004,Pranav George,Raipur,CG,2024-06-06,Y
C104005,Vihaan Trivedi,Raipur,CG,2022-12-08,Y
C104006,Priya Chauhan,Indore,MP,2024-06-30,N
C104007,Farah Trivedi,Mysuru,KA,2022-10-07,N
C104008,Geeta Das,Nashik,MH,2022-12-01,N
C104009,Arjun Bhatia,Mysuru,KA,2023-08-05,N
C104010,Payal Agarwal,Thiruvananthapuram,KL,2024-08-07,N
C104011,Aarav Fernandes,Lucknow,UP,2023-11-29,N
C104012,Arjun Iyer,Jaipur,RJ,2022-10-11,N
C104013,Sukhwinder Gaikwad,Kolkata,WB,2024-01-30,N
C104014,Tarun Bose,Kochi,KL,2024-03-24,N
C104015,Reyansh Jain,Indore,MP,2024-04-28,N
C104016,Divya Sethi,Lucknow,UP,2023-12-16,N
C104017,Jaspreet Mehta,Jaipur,RJ,2023-01-24,Y
C104018,Tenzin Rao,Hyderabad,TS,2024-11-15,Y
C104019,Ayaan Das,Visakhapatnam,AP,2024-04-15,N
C104020,Diya Srivastava,Thiruvananthapuram,KL,2024-03-16,N
C104021,Reyansh Siddiqui,Visakhapatnam,AP,2023-05-09,N
C104022,Kunal Shah,Ahmedabad,GJ,2024-07-09,N
C104023,Steven Bhatt,Nashik,MH,2023-08-26,Y
C104024,Vihaan Bhatt,Visakhapatnam,AP,2023-01-14,Y
C104025,Imran Pillai,Kochi,KL,2023-03-22,Y
C104026,Gurpreet Kaur,Mumbai,MH,2023-08-21,Y
C104027,Reyansh Khan,Vadodara,GJ,2024-11-13,N
C104028,Imran Pawar,Chennai,TN,2024-09-07,N
C104029,Bhavna Jadhav,Kochi,KL,2023-01-14,N
C104030,Rahul Trivedi,Patna,BR,2024-05-03,N
C104031,Abhishek Fernandes,Kochi,KL,2022-11-13,N
C104032,Kunal Iyer,Bhopal,MP,2023-02-17,Y
C104033,Neha Mukherjee,Bhubaneswar,OR,2023-12-16,Y
C104034,Shreya Saxena,Ahmedabad,GJ,2023-08-06,N
C104035,Kavya Jain,Nashik,MH,2024-12-29,N
C104036,Jaspreet Jain,Bengaluru,KA,2024-05-06,Y
C104037,Aadhya Mittal,Bhopal,MP,2024-12-15,Y
C104038,Payal Singh,Mysuru,KA,2024-05-07,N
C104039,Sai Desai,Vadodara,GJ,2022-09-30,Y
C104040,Daniel Pereira,Guwahati,AS,2023-02-24,N
C104041,Dev Chauhan,Delhi,DL,2023-11-12,N
C104042,Megha Bose,Guwahati,AS,2024-10-31,N
C104043,Jaspreet Rathore,Gurugram,HR,2023-01-18,N
C104044,Bhavna Roy,Guwahati,AS,2023-10-07,N
C104045,Priya Joshi,Chandigarh,CH,2024-07-06,Y
C104046,Anjali Siddiqui,Visakhapatnam,AP,2023-03-11,N
C104047,Nikhil Malhotra,Surat,GJ,2023-03-22,N
C104048,Harpreet Qureshi,Mysuru,KA,2023-01-04,N
C104049,Pooja Pandey,Pune,MH,2024-09-18,N
C104050,Geeta Sen,Indore,MP,2023-08-20,N
C104051,Manpreet Mishra,Chennai,TN,2024-09-20,Y
C104052,Arjun Ghosh,Surat,GJ,2022-07-18,Y
C104053,Rohit Arora,Ahmedabad,GJ,2022-11-11,N
C104054,Nikhil Bhatia,Raipur,CG,2023-09-18,N
C104055,Karan Khan,Lucknow,UP,2024-10-18,N
C104056,Neha Dutta,Mysuru,KA,2024-11-12,Y
C104057,Krishna Kapoor,Patna,BR,2023-05-08,Y
C104058,Isha Shah,Nashik,MH,2024-01-18,N
C104059,Harsh Qureshi,Noida,UP,2023-06-15,Y
C104060,Krishna Verma,Bhubaneswar,OR,2024-04-04,Y
C104061,Neha Yadav,Coimbatore,TN,2023-07-26,Y
C104062,Megha Saxena,Pune,MH,2022-07-16,N
C104063,Shreya Mehta,Coimbatore,TN,2023-06-16,N
C104064,Suresh Patil,Jaipur,RJ,2022-10-21,N
C104065,Bhavna Rao,Surat,GJ,2024-09-30,N
C104066,Mohammed Pillai,Lucknow,UP,2022-08-11,N
C104067,Tanvi Mehta,Delhi,DL,2022-11-29,N
C104068,Deepak Yadav,Mysuru,KA,2024-07-26,N
C104069,Rajat Qureshi,Lucknow,UP,2023-07-07,N
C104070,Diya Jain,Jaipur,RJ,2023-02-15,Y
C104071,Ritika Shah,Surat,GJ,2023-05-14,N
C104072,Faisal Mittal,Chandigarh,CH,2023-12-06,Y
C104073,Ananya Varghese,Bengaluru,KA,2023-03-30,Y
C104074,Saanvi Bhatia,Vadodara,GJ,2023-06-02,N
C104075,Shreya Nair,Mumbai,MH,2024-10-17,N
C104076,Joseph Naidu,Lucknow,UP,2024-08-11,N
C104077,Geeta Goyal,Nashik,MH,2022-12-09,N
C104078,Komal Yadav,Lucknow,UP,2023-01-14,N
C104079,Abhishek Ghosh,Guwahati,AS,2024-09-29,Y
C104080,Sunita Mukherjee,Surat,GJ,2022-11-28,N
C104081,Isha Fernandes,Raipur,CG,2024-11-06,N
C104082,Aishwarya Dutta,Kolkata,WB,2022-10-28,N
C104083,Rohit Mehta,Kolkata,WB,2024-09-07,N
C104084,Divya Jain,Patna,BR,2022-11-12,N
C104085,Neha Desai,Indore,MP,2024-05-26,N
C104086,Nikhil Patil,Lucknow,UP,2023-12-18,N
C104087,Reyansh Bhatia,Bengaluru,KA,2024-07-20,N
C104088,Ramesh Srivastava,Noida,UP,2023-10-10,Y
C104089,Siddharth Mishra,Nagpur,MH,2023-06-12,Y
C104090,Thomas Menon,Surat,GJ,2024-09-11,N
C104091,Amit Sethi,Lucknow,UP,2023-03-13,N
C104092,Karan Bansal,Kolkata,WB,2024-01-21,N
C104093,Om Bhatia,Chennai,TN,2023-05-15,N
C104094,Thomas Kulkarni,Mysuru,KA,2024-04-21,N
C104095,Yash Qureshi,Ahmedabad,GJ,2024-12-07,Y
C104096,Arjun Siddiqui,Mumbai,MH,2024-02-05,Y
C104097,Dev Pawar,Bengaluru,KA,2022-10-29,N
C104098,Tarun Bansal,Guwahati,AS,2023-09-30,N
C104099,Ritika Menon,Patna,BR,2024-08-02,N
C104100,Simran Ghosh,Dehradun,UK,2024-03-31,Y
C104101,Varun Joshi,Pune,MH,2024-01-28,Y
C104102,Vihaan Ansari,Pune,MH,2024-09-26,Y
C104103,Manpreet Iyer,Mumbai,MH,2023-06-21,N
C104104,Neha Pawar,Kochi,KL,2022-11-03,N
C104105,Harpreet Sethi,Chandigarh,CH,2023-03-28,N
C104106,Payal George,Surat,GJ,2024-05-05,Y
C104107,Sameer Chopra,Ranchi,JH,2024-11-11,Y
C104108,Manish Srivastava,Indore,MP,2023-02-05,N
C104109,Imran Varghese,Hyderabad,TS,2023-12-08,N
C104110,Aditya Dutta,Ahmedabad,GJ,2022-12-08,N
C104111,Sukhwinder Rao,Thiruvananthapuram,KL,2023-08-01,N
C104112,Ayaan Mehta,Hyderabad,TS,2023-11-06,N
C104113,Isha Malhotra,Nashik,MH,2023-05-19,Y
C104114,Divya Kulkarni,Coimbatore,TN,2023-07-08,N
C104115,Aditya Khan,Nagpur,MH,2024-11-05,N
C104116,Aarav Pereira,Kolkata,WB,2023-08-07,Y
C104117,Lakshmi Nair,Dehradun,UK,2023-08-05,Y
C104118,Suresh Patil,Delhi,DL,2024-10-03,N
C104119,Nikhil Jain,Mysuru,KA,2023-12-11,N
C104120,Krishna Chatterjee,Patna,BR,2022-08-20,N
C104121,Kavya Sethi,Raipur,CG,2022-10-21,N
C104122,Megha Patel,Delhi,DL,2024-04-08,N
C104123,Harpreet George,Noida,UP,2023-05-15,N
C104124,Reyansh George,Jaipur,RJ,2024-01-06,N
C104125,Sunita Pillai,Nagpur,MH,2023-11-14,Y
C104126,Yash Dutta,Raipur,CG,2024-02-04,Y
C104127,Suresh Singh,Indore,MP,2024-02-22,N
C104128,Reyansh Sheikh,Indore,MP,2023-06-28,N
C104129,Zoya Fernandes,Patna,BR,2023-07-09,N
C104130,Yash Tiwari,Pune,MH,2024-05-16,N
C104131,Swati Reddy,Nagpur,MH,2023-10-10,N
C104132,Suresh Mathew,Bhopal,MP,2024-04-16,Y
C104133,Dev Jain,Pune,MH,2023-04-22,N
C104134,Gurpreet Pawar,Ranchi,JH,2023-01-09,N
C104135,Farah Iyer,Ahmedabad,GJ,2024-08-29,Y
C104136,Arjun Dhillon,Dehradun,UK,2023-12-04,N
C104137,Riya Bhatia,Delhi,DL,2023-12-26,N
C104138,Divya Arora,Hyderabad,TS,2022-11-06,N
C104139,Kavya Mukherjee,Nagpur,MH,2023-08-18,N
C104140,Gurpreet Das,Dehradun,UK,2023-08-12,Y
C104141,Reyansh Yadav,Gurugram,HR,2024-05-16,N
C104142,Vivaan Joshi,Raipur,CG,2024-10-28,Y
C104143,Vikram Chauhan,Surat,GJ,2023-09-27,N
C104144,Suresh Jadhav,Indore,MP,2023-10-13,N
C104145,Rohit Srivastava,Ahmedabad,GJ,2022-07-17,N
C104146,Ananya Tiwari,Bhopal,MP,2023-06-03,Y
C104147,Divya Ghosh,Guwahati,AS,2023-05-29,N
C104148,Kavya Sen,Delhi,DL,2024-09-08,N
C104149,Farah Rathore,Ahmedabad,GJ,2024-09-01,N
C104150,Faisal Menon,Ranchi,JH,2022-11-24,N
C104151,Daniel Chatterjee,Raipur,CG,2023-07-24,N
C104152,Sunita Sen,Kochi,KL,2022-11-21,Y
C104153,Simran Mehta,Delhi,DL,2024-03-19,N
C104154,Anjali Patel,Delhi,DL,2023-08-13,N
C104155,Harsh Siddiqui,Nashik,MH,2023-03-11,N
C104156,Aarav Deshpande,Chandigarh,CH,2023-07-13,N
C104157,Joseph Patel,Dehradun,UK,2023-01-30,N
C104158,Dev Khan,Vadodara,GJ,2024-09-22,N
C104159,Riya Jain,Mysuru,KA,2023-02-04,N
C104160,Amit Gill,Guwahati,AS,2022-12-15,N
C104161,Payal Patel,Bhopal,MP,2023-09-22,Y
C104162,Ananya Khan,Jaipur,RJ,2022-09-20,N
C104163,Manpreet Gaikwad,Mysuru,KA,2024-03-20,Y
C104164,Ishaan Pereira,Coimbatore,TN,2023-12-04,N
C104165,Ayaan Bansal,Jaipur,RJ,2024-05-15,N
C104166,Shreya Agarwal,Nashik,MH,2022-10-20,Y
C104167,Sukhwinder Fernandes,Visakhapatnam,AP,2023-03-22,N
C104168,Aadhya Shinde,Jaipur,RJ,2022-12-10,N
C104169,Thomas Yadav,Bhubaneswar,OR,2023-03-10,N
C104170,Aishwarya Singh,Kolkata,WB,2023-06-27,N
C104171,Kavya Bose,Thiruvananthapuram,KL,2023-12-07,N
C104172,Rohit Bhatia,Hyderabad,TS,2023-02-04,N
C104173,Neha Naidu,Thiruvananthapuram,KL,2022-09-28,N
C104174,Daniel D'Souza,Delhi,DL,2022-07-26,N
C104175,Ankit D'Souza,Mumbai,MH,2024-08-01,Y
C104176,Priya Das,Ahmedabad,GJ,2024-08-09,N
C104177,Ishaan Ansari,Chennai,TN,2023-12-05,Y
C104178,Harpreet Mittal,Visakhapatnam,AP,2024-09-18,N
C104179,Swati Bose,Ranchi,JH,2024-01-02,Y
C104180,Ramesh Mehta,Kochi,KL,2022-08-21,N
C104181,Nisha Kapoor,Nashik,MH,2022-12-29,Y
C104182,Rahul D'Souza,Mumbai,MH,2022-08-26,N
C104183,Ritika Bhatt,Visakhapatnam,AP,2023-08-07,N
C104184,Bhavna Singh,Patna,BR,2022-10-31,N
C104185,Kunal Chopra,Vadodara,GJ,2023-01-01,N
C104186,Zaid Arora,Ahmedabad,GJ,2023-12-25,N
C104187,Amit Das,Kochi,KL,2023-04-30,Y
C104188,Tenzin Singh,Indore,MP,2022-10-17,N
C104189,Sneha George,Chennai,TN,2022-09-04,N
C104190,Lobsang Kulkarni,Ahmedabad,GJ,2023-11-17,Y
C104191,Ritika Nair,Gurugram,HR,2024-11-12,Y
C104192,Varun Gupta,Kolkata,WB,2023-03-03,Y
C104193,Divya Shah,Nagpur,MH,2024-09-11,Y
C104194,Sunita Ghosh,Surat,GJ,2023-06-05,N
C104195,Mohammed Dutta,Vadodara,GJ,2023-07-06,N
C104196,Vihaan Saxena,Lucknow,UP,2023-12-22,Y
C104197,Aarav Bose,Noida,UP,2022-08-17,N
C104198,Lobsang Verma,Raipur,CG,2024-05-15,N
C104199,Shreya Khanna,Kolkata,WB,2024-06-02,Y
C104200,Ankit Singh,Ranchi,JH,2023-04-13,N
C104201,Siddharth Bhatia,Noida,UP,2024-10-24,N
C104202,Ananya Dhillon,Indore,MP,2024-06-07,N
C104203,Riya Mathew,Nashik,MH,2022-07-19,N
C104204,Bhavna Saxena,Chandigarh,CH,2024-10-26,N
C104205,Isha Sheikh,Kochi,KL,2023-09-24,N
C104206,Diya Mukherjee,Noida,UP,2023-02-03,N
C104207,Ankit Kumar,Mysuru,KA,2024-05-28,N
C104208,Komal D'Souza,Guwahati,AS,2024-02-08,N
C104209,Daniel Dutta,Jaipur,RJ,2023-08-05,N
C104210,Dev Mishra,Kochi,KL,2023-04-17,N
C104211,Swati Menon,Kolkata,WB,2023-06-28,N
C104212,Amit Jain,Pune,MH,2024-02-13,Y
C104213,Ayaan Sen,Chennai,TN,2023-09-27,N
C104214,Vikram Pawar,Bhopal,MP,2024-03-10,N
C104215,Jaspreet Khan,Bhubaneswar,OR,2024-07-19,Y
C104216,Aditya Kulkarni,Bhubaneswar,OR,2024-11-11,N
C104217,Rajat Bhatia,Mumbai,MH,2023-01-15,Y
C104218,Nikhil Desai,Chandigarh,CH,2023-10-11,N
C104219,Tarun Sheikh,Pune,MH,2024-01-18,N
C104220,Aarav Das,Bhopal,MP,2024-11-16,Y
C104221,Payal Pawar,Nagpur,MH,2023-02-19,Y
C104222,Payal Qureshi,Dehradun,UK,2024-07-12,N
C104223,Reyansh Jadhav,Mysuru,KA,2023-08-23,N
C104224,Steven Mishra,Kochi,KL,2024-09-13,N
C104225,Isha Pillai,Chandigarh,CH,2024-01-17,Y
C104226,Payal Malhotra,Bhubaneswar,OR,2022-12-05,N
C104227,Riya Deshpande,Mumbai,MH,2024-02-07,Y
C104228,Nikhil Iyer,Ahmedabad,GJ,2023-09-08,Y
C104229,Vihaan Sheikh,Hyderabad,TS,2023-03-20,Y
C104230,Ritika Banerjee,Pune,MH,2023-10-26,N
C104231,Gurpreet Goyal,Jaipur,RJ,2023-11-17,N
C104232,Rajat Dutta,Nagpur,MH,2023-04-03,N
C104233,Jaspreet Bansal,Kolkata,WB,2023-02-23,N
C104234,Rohit Dutta,Guwahati,AS,2022-12-10,N
C104235,Krishna Bose,Dehradun,UK,2023-01-14,N
C104236,Harpreet Iyer,Jaipur,RJ,2024-09-13,N
C104237,Harsh Mukherjee,Kochi,KL,2024-02-21,N
C104238,Steven Banerjee,Delhi,DL,2023-09-10,N
C104239,Komal Goyal,Dehradun,UK,2023-10-01,N
C104240,Pooja Siddiqui,Bhopal,MP,2024-07-18,N
C104241,Geeta Goyal,Patna,BR,2023-11-18,Y
C104242,Abhishek George,Bengaluru,KA,2024-11-09,Y
C104243,Karan Srivastava,Thiruvananthapuram,KL,2024-10-13,N
C104244,Ananya Goyal,Bengaluru,KA,2023-12-13,N
C104245,Simran Srivastava,Dehradun,UK,2022-12-12,Y
C104246,Isha Sheikh,Delhi,DL,2023-02-16,N
C104247,Manish Nair,Guwahati,AS,2023-02-08,N
C104248,Ishaan Shah,Surat,GJ,2023-10-11,N
C104249,Komal Tiwari,Pune,MH,2023-11-23,N
C104250,Harsh Iyer,Gurugram,HR,2023-03-16,N
C104251,Tarun Pandey,Indore,MP,2024-02-12,Y
C104252,Geeta Gupta,Nashik,MH,2023-04-02,N
C104253,Ramesh Yadav,Mumbai,MH,2024-05-24,Y
C104254,Ankit Bhatt,Hyderabad,TS,2024-09-23,N
C104255,Rahul Patel,Bhopal,MP,2022-10-09,Y
C104256,Ankit Srivastava,Raipur,CG,2024-07-01,Y
C104257,Zoya Mukherjee,Ranchi,JH,2023-06-02,Y
C104258,Lobsang Qureshi,Bhopal,MP,2024-11-20,N
C104259,Kavya Dutta,Chennai,TN,2023-08-30,N
C104260,Sunita Malhotra,Ahmedabad,GJ,2024-08-10,N
C104261,Swati Reddy,Bhubaneswar,OR,2023-12-13,N
C104262,Aarav Sethi,Nashik,MH,2023-08-10,N
C104263,Rohan Banerjee,Nagpur,MH,2024-09-10,N
C104264,Vikram Desai,Guwahati,AS,2023-12-21,Y
C104265,Farah Sharma,Thiruvananthapuram,KL,2023-12-26,N
C104266,Tarun George,Kochi,KL,2024-10-12,N
C104267,Amit Shinde,Jaipur,RJ,2024-11-15,Y
C104268,Sukhwinder Kaur,Chennai,TN,2024-05-10,N
C104269,Sameer Pandey,Patna,BR,2024-02-27,Y
C104270,Bhavna Reddy,Dehradun,UK,2024-03-09,N
C104271,Kavya Gill,Guwahati,AS,2023-02-08,N
C104272,Bhavna Goyal,Vadodara,GJ,2024-08-16,Y
C104273,Varun D'Souza,Chennai,TN,2024-02-03,N
C104274,Neha Dhillon,Bengaluru,KA,2023-02-04,N
C104275,Karan Chatterjee,Patna,BR,2022-11-03,Y
C104276,Sai Bhatt,Jaipur,RJ,2024-02-07,Y
C104277,Priya Rao,Nagpur,MH,2024-08-10,N
C104278,Deepak Varghese,Delhi,DL,2022-09-13,Y
C104279,Diya Gill,Nagpur,MH,2023-11-20,Y
C104280,Tarun Bhatt,Indore,MP,2022-08-05,N
C104281,Aditya Srivastava,Thiruvananthapuram,KL,2024-08-01,Y
C104282,Komal Bhatt,Dehradun,UK,2024-11-18,N
C104283,Sunita Nair,Jaipur,RJ,2024-06-18,N
C104284,Rahul Mittal,Chennai,TN,2022-11-07,Y
C104285,Lakshmi Sheikh,Kochi,KL,2024-09-15,Y
C104286,Aadhya Gill,Mysuru,KA,2023-06-28,N
C104287,Shreya Gill,Lucknow,UP,2023-04-28,N
C104288,Aditya Gupta,Chennai,TN,2023-03-07,N
C104289,Isha Gaikwad,Lucknow,UP,2024-08-30,N
C104290,Divya Chopra,Jaipur,RJ,2024-12-23,N
C104291,Swati Roy,Bhubaneswar,OR,2024-10-15,N
C104292,Harpreet Gupta,Thiruvananthapuram,KL,2024-02-29,N
C104293,Ankit Kulkarni,Surat,GJ,2024-01-13,Y
C104294,Imran Singh,Mumbai,MH,2024-10-29,N
C104295,Geeta Siddiqui,Vadodara,GJ,2023-09-19,N
C104296,Ayaan Chatterjee,Jaipur,RJ,2022-08-11,N
C104297,Pooja Gill,Ranchi,JH,2024-07-30,N
C104298,Ritika Shah,Vadodara,GJ,2024-12-22,N
C104299,Ayaan Varghese,Thiruvananthapuram,KL,2024-11-14,N
C104300,Rohit Iyer,Bhopal,MP,2024-05-25,Y
C104301,Mohammed D'Souza,Dehradun,UK,2024-01-08,N
C104302,Tarun Deshpande,Chennai,TN,2023-09-20,N
C104303,Ankit Pandey,Indore,MP,2023-09-26,N
C104304,Priya Malhotra,Noida,UP,2024-09-22,N
C104305,Ayaan Joshi,Ahmedabad,GJ,2024-04-14,Y
C104306,Geeta Desai,Mysuru,KA,2024-11-05,N
C104307,Divya Menon,Bengaluru,KA,2023-08-31,N
C104308,Bhavna Jain,Indore,MP,2024-01-20,N
C104309,Rahul Menon,Lucknow,UP,2023-01-23,N
C104310,Geeta Ansari,Patna,BR,2024-11-02,N
C104311,Aarav Khan,Kolkata,WB,2024-07-16,Y
C104312,Nisha Khanna,Bhopal,MP,2024-05-13,N
C104313,Divya Pandey,Mumbai,MH,2023-01-01,Y
C104314,Saanvi Kapoor,Bengaluru,KA,2022-12-14,N
C104315,Aishwarya Sharma,Visakhapatnam,AP,2023-06-21,N
C104316,Sameer Roy,Visakhapatnam,AP,2023-04-04,N
C104317,Simran Mishra,Hyderabad,TS,2023-10-15,N
C104318,Arjun Chatterjee,Pune,MH,2023-01-31,N
C104319,Riya Das,Lucknow,UP,2024-01-03,Y
C104320,Arjun Das,Pune,MH,2024-05-14,N
C104321,Vivaan Mehta,Kochi,KL,2024-05-03,N
C104322,Zaid Varghese,Vadodara,GJ,2024-04-26,N
C104323,Ananya Patil,Vadodara,GJ,2024-06-20,N
C104324,Swati Joshi,Delhi,DL,2024-10-19,N
C104325,Lakshmi Bhatia,Mumbai,MH,2024-09-29,Y
C104326,Tarun Joshi,Dehradun,UK,2024-06-28,N
C104327,Arjun Ansari,Ahmedabad,GJ,2024-10-29,N
C104328,Anjali Chatterjee,Lucknow,UP,2023-06-30,N
C104329,Komal Naidu,Kolkata,WB,2024-08-15,N
C104330,Ankit Tiwari,Chennai,TN,2023-02-02,N
C104331,Isha Kaur,Noida,UP,2024-02-01,N
C104332,Faisal Naidu,Bhubaneswar,OR,2024-05-27,Y
C104333,Karan Srivastava,Mysuru,KA,2023-03-12,N
C104334,Priya Pandey,Surat,GJ,2024-01-24,N
C104335,Zoya Shinde,Noida,UP,2024-08-02,N
C104336,Meera Gupta,Ranchi,JH,2024-01-07,N
C104337,Farah Reddy,Mysuru,KA,2023-07-13,N
C104338,Reyansh Srivastava,Vadodara,GJ,2022-08-30,N
C104339,Lakshmi Chopra,Ranchi,JH,2022-11-07,N
C104340,Rajat Sethi,Bhubaneswar,OR,2023-06-15,N
C104341,Kunal Sethi,Ahmedabad,GJ,2023-04-25,N
C104342,Sai Agarwal,Indore,MP,2023-07-13,N
C104343,Rajat Chatterjee,Coimbatore,TN,2024-02-23,N
C104344,Ishaan Joshi,Jaipur,RJ,2024-10-07,N
C104345,Sai Qureshi,Bengaluru,KA,2024-08-27,N
C104346,Yash Singh,Kochi,KL,2024-09-25,N
C104347,Reyansh Bhatt,Indore,MP,2024-07-12,Y
C104348,Pooja Gaikwad,Lucknow,UP,2023-05-22,N
C104349,Aarav Varghese,Coimbatore,TN,2024-06-11,N
C104350,Jaspreet Sen,Hyderabad,TS,2024-10-10,N
C104351,Saanvi Goyal,Gurugram,HR,2023-12-29,N
C104352,Shreya Sheikh,Dehradun,UK,2024-11-18,N
C104353,Zoya Patel,Lucknow,UP,2024-11-15,N
C104354,Simran Singh,Hyderabad,TS,2022-10-18,N
C104355,Aditya Sheikh,Thiruvananthapuram,KL,2023-11-22,N
C104356,Riya Mukherjee,Hyderabad,TS,2022-12-26,N
C104357,Neha Reddy,Dehradun,UK,2023-04-08,Y
C104358,Sukhwinder Bhatt,Nagpur,MH,2023-02-11,N
C104359,Lobsang Desai,Ranchi,JH,2024-07-13,N
C104360,Rohan Srivastava,Pune,MH,2023-04-28,N
C104361,Vikram Chatterjee,Indore,MP,2023-06-21,N
C104362,Isha Mishra,Raipur,CG,2024-11-03,Y
C104363,Priya Sandhu,Lucknow,UP,2023-02-04,N
C104364,Meera Sethi,Delhi,DL,2022-07-19,N
C104365,Isha Ansari,Noida,UP,2024-12-13,Y
C104366,Om Gupta,Ranchi,JH,2022-12-18,N
C104367,Payal Kumar,Bengaluru,KA,2024-05-08,N
C104368,Zoya Shinde,Jaipur,RJ,2024-02-08,Y
C104369,Ritika Mathew,Visakhapatnam,AP,2024-05-28,N
C104370,Varun Patil,Raipur,CG,2023-06-29,N
C104371,Farah Malhotra,Delhi,DL,2024-12-06,N
C104372,Gurpreet Dhillon,Mysuru,KA,2023-07-29,N
C104373,Vivaan Qureshi,Mumbai,MH,2024-03-31,N
C104374,Swati Tiwari,Mysuru,KA,2022-08-21,N
C104375,Rahul Patil,Pune,MH,2023-05-07,Y
C104376,Ankit Dhillon,Bengaluru,KA,2023-10-20,N
C104377,Komal Malhotra,Noida,UP,2023-05-04,Y
C104378,Sukhwinder Rathore,Vadodara,GJ,2022-12-20,N
C104379,Simran Pawar,Kolkata,WB,2024-12-14,N
C104380,Sukhwinder Kulkarni,Visakhapatnam,AP,2023-08-23,N
C104381,Farah Sharma,Indore,MP,2024-05-15,N
C104382,Nisha Verma,Nashik,MH,2023-12-01,N
C104383,Isha Iyer,Chennai,TN,2023-08-05,N
C104384,Tenzin Tiwari,Gurugram,HR,2022-08-06,Y
C104385,Aarav Srivastava,Gurugram,HR,2023-07-17,Y
C104386,Geeta Bhatia,Gurugram,HR,2024-10-16,N
C104387,Amit Siddiqui,Thiruvananthapuram,KL,2024-11-02,N
C104388,Neha Patel,Noida,UP,2022-09-19,N
C104389,Steven Bansal,Ranchi,JH,2024-07-09,Y
C104390,Yash Joshi,Mysuru,KA,2022-09-22,N
C104391,Rohit Gupta,Thiruvananthapuram,KL,2023-06-02,Y
C104392,Komal Shinde,Pune,MH,2022-08-18,N
C104393,Rajat Khanna,Mumbai,MH,2023-06-09,N
C104394,Manish Mishra,Thiruvananthapuram,KL,2023-11-17,N
C104395,Isha Singh,Lucknow,UP,2022-09-09,N
C104396,Anjali Tiwari,Kolkata,WB,2024-08-26,N
C104397,Krishna Desai,Chennai,TN,2022-09-19,N
C104398,Arjun Pillai,Dehradun,UK,2024-10-12,Y
C104399,Vihaan Kulkarni,Bhopal,MP,2024-08-01,N
C104400,Manpreet Sethi,Chandigarh,CH,2023-12-02,N
C104401,Farah Deshpande,Ranchi,JH,2024-03-01,N
C104402,Nikhil Yadav,Vadodara,GJ,2023-10-30,Y
C104403,Shreya Srivastava,Gurugram,HR,2023-03-05,N
C104404,Deepak Mishra,Nashik,MH,2022-10-08,N
C104405,Zoya Sen,Patna,BR,2022-11-28,Y
C104406,Neha Bose,Patna,BR,2022-12-18,N
C104407,Kunal Singh,Visakhapatnam,AP,2024-12-28,N
C104408,Gurpreet Patel,Gurugram,HR,2023-08-23,N
C104409,Yash Verma,Patna,BR,2024-05-16,N
C104410,Pooja Goyal,Lucknow,UP,2024-06-26,Y
C104411,Payal Sharma,Raipur,CG,2022-09-09,N
C104412,Karan Mittal,Coimbatore,TN,2024-02-15,N
C104413,Jaspreet Saxena,Jaipur,RJ,2022-12-27,N
C104414,Harpreet Desai,Hyderabad,TS,2023-10-15,N
C104415,Gurpreet Yadav,Vadodara,GJ,2023-08-08,N
C104416,Om Khanna,Delhi,DL,2023-06-16,Y
C104417,Tanvi Mehta,Surat,GJ,2023-12-15,Y
C104418,Mohammed Joshi,Coimbatore,TN,2023-06-09,N
C104419,Sameer Khanna,Vadodara,GJ,2024-10-25,N
C104420,Ramesh Saxena,Gurugram,HR,2023-05-13,N
C104421,Thomas Arora,Guwahati,AS,2023-10-01,N
C104422,Swati Chauhan,Vadodara,GJ,2023-08-24,N
C104423,Tarun Ghosh,Kolkata,WB,2023-08-03,N
C104424,Dev Bhatia,Lucknow,UP,2023-07-14,N
C104425,Varun Menon,Chandigarh,CH,2024-03-11,N
C104426,Ananya Siddiqui,Pune,MH,2022-08-22,N
C104427,Geeta Chauhan,Kochi,KL,2024-10-15,Y
C104428,Anjali Jain,Kochi,KL,2023-10-13,N
C104429,Meera Fernandes,Ahmedabad,GJ,2023-12-16,N
C104430,Karan Patil,Kolkata,WB,2024-09-13,N
C104431,Ankit Kaur,Vadodara,GJ,2022-09-06,N
C104432,Diya Ghosh,Indore,MP,2022-08-05,Y
C104433,Suresh Sheikh,Dehradun,UK,2022-10-21,Y
C104434,Imran Chatterjee,Hyderabad,TS,2022-07-17,N
C104435,Deepak Saxena,Kolkata,WB,2024-05-29,Y
C104436,Kavya Goyal,Visakhapatnam,AP,2024-01-02,N
C104437,Riya Kumar,Raipur,CG,2023-08-10,Y
C104438,Lobsang Bansal,Mumbai,MH,2024-12-29,N
C104439,Saanvi Malhotra,Pune,MH,2023-05-21,N
C104440,Faisal Fernandes,Bhubaneswar,OR,2025-01-01,N
C104441,Mohammed Joshi,Indore,MP,2024-09-02,N
C104442,Jaspreet Banerjee,Surat,GJ,2023-12-07,Y
C104443,Ritika Das,Kochi,KL,2023-05-12,N
C104444,Varun Sheikh,Mumbai,MH,2022-10-15,Y
C104445,Siddharth Dhillon,Pune,MH,2024-09-18,N
C104446,Mohammed Goyal,Raipur,CG,2024-06-07,N
C104447,Ankit Jain,Thiruvananthapuram,KL,2022-07-30,N
C104448,Ankit Varghese,Nagpur,MH,2022-08-04,N
C104449,Aarav Kulkarni,Ahmedabad,GJ,2023-02-16,N
C104450,Rohan Jain,Chennai,TN,2022-11-08,N
C104451,Vikram Shinde,Chennai,TN,2022-10-15,N
C104452,Simran Chauhan,Kolkata,WB,2024-10-06,N
C104453,Tenzin Patel,Chennai,TN,2022-08-02,N
C104454,Saanvi Varghese,Pune,MH,2022-11-19,Y
C104455,Arjun Kumar,Guwahati,AS,2023-08-29,N
C104456,Manpreet Ansari,Chandigarh,CH,2024-02-05,N
C104457,Harpreet Saxena,Ahmedabad,GJ,2022-11-02,Y
C104458,Komal Banerjee,Delhi,DL,2024-11-16,Y
C104459,Sneha Gaikwad,Visakhapatnam,AP,2022-09-30,Y
C104460,Rohan Sandhu,Nagpur,MH,2023-06-28,N
C104461,Pranav Bhatia,Lucknow,UP,2023-12-24,N
C104462,Ayaan Singh,Ahmedabad,GJ,2023-03-11,N
C104463,Karan Trivedi,Kolkata,WB,2024-02-04,N
C104464,Gurpreet Singh,Kochi,KL,2024-03-27,Y
C104465,Lakshmi Sandhu,Dehradun,UK,2023-02-23,Y
C104466,Aditya Naidu,Noida,UP,2022-09-27,N
C104467,Swati Srivastava,Bhubaneswar,OR,2023-03-21,Y
C104468,Yash Kaur,Ranchi,JH,2022-07-20,N
C104469,Zoya Sethi,Jaipur,RJ,2022-08-27,Y
C104470,Harsh Saxena,Delhi,DL,2023-05-17,N
C104471,Rohan Agarwal,Surat,GJ,2023-07-01,N
C104472,Rohan Kapoor,Thiruvananthapuram,KL,2024-09-15,N
C104473,Om Chauhan,Vadodara,GJ,2024-05-23,N
C104474,Suresh Nair,Guwahati,AS,2023-07-17,Y
C104475,Ankit Dhillon,Bhopal,MP,2022-10-16,Y
C104476,Ankit Menon,Chandigarh,CH,2022-08-17,N
C104477,Ankit Varghese,Noida,UP,2024-02-25,Y
C104478,Faisal Bose,Nagpur,MH,2024-09-03,N
C104479,Ayaan Bansal,Gurugram,HR,2023-08-20,N
C104480,Kavya Agarwal,Ranchi,JH,2024-02-10,Y
C104481,Anjali Sethi,Ranchi,JH,2024-05-09,Y
C104482,Faisal Gill,Patna,BR,2024-08-23,N
C104483,Pranav Singh,Bhopal,MP,2023-05-19,N
C104484,Bhavna Verma,Pune,MH,2023-08-16,Y
C104485,Joseph Ansari,Patna,BR,2024-01-15,N
C104486,Simran Ghosh,Surat,GJ,2023-08-08,Y
C104487,Ankit Chopra,Ranchi,JH,2024-06-22,N
C104488,Vikram Goyal,Kochi,KL,2023-07-30,N
C104489,Kavya Kaur,Raipur,CG,2024-04-20,N
C104490,Jaspreet Trivedi,Dehradun,UK,2023-05-28,N
C104491,Nikhil Pillai,Mysuru,KA,2023-11-29,N
C104492,Aarav Verma,Guwahati,AS,2024-11-05,N
C104493,Anjali Sethi,Mysuru,KA,2024-05-20,Y
C104494,Isha Reddy,Ranchi,JH,2023-06-21,Y
C104495,Diya D'Souza,Delhi,DL,2024-09-19,Y
C104496,Krishna Mittal,Raipur,CG,2023-12-30,Y
C104497,Joseph Mathew,Lucknow,UP,2023-01-22,N
C104498,Simran Mishra,Ranchi,JH,2024-03-06,N
C104499,Anjali Pillai,Chandigarh,CH,2024-07-03,N
C104500,Aishwarya Pawar,Visakhapatnam,AP,2022-08-02,Y
C104501,Simran Chauhan,Coimbatore,TN,2024-05-29,Y
C104502,Reyansh Mathew,Mysuru,KA,2022-09-14,N
C104503,Komal Chauhan,Noida,UP,2022-08-11,N
C104504,Diya Yadav,Noida,UP,2022-12-08,N
C104505,Vivaan Dutta,Chandigarh,CH,2024-01-27,Y
C104506,Deepak Iyer,Dehradun,UK,2024-09-13,N
C104507,Ishaan Kaur,Delhi,DL,2022-08-05,Y
C104508,Sneha Mittal,Ranchi,JH,2023-11-04,N
C104509,Anjali Pandey,Indore,MP,2024-03-21,N
C104510,Kabir Sheikh,Pune,MH,2023-09-01,N
C104511,Neha Verma,Surat,GJ,2022-07-21,Y
C104512,Aarav Patel,Surat,GJ,2023-08-11,Y
C104513,Steven Mukherjee,Nagpur,MH,2023-03-21,N
C104514,Sameer Dhillon,Bhubaneswar,OR,2024-05-28,Y
C104515,Steven Naidu,Noida,UP,2024-08-29,Y
C104516,Komal Jadhav,Kolkata,WB,2024-06-20,N
C104517,Sai Chauhan,Jaipur,RJ,2023-05-30,N
C104518,Mohammed Ansari,Mumbai,MH,2023-09-20,N
C104519,Faisal Mathew,Mumbai,MH,2023-12-13,N
C104520,Om Arora,Lucknow,UP,2024-01-14,N
C104521,Deepak Sheikh,Bhopal,MP,2024-09-09,Y
C104522,Thomas Saxena,Jaipur,RJ,2023-07-06,N
C104523,Kavya Menon,Patna,BR,2023-02-18,Y
C104524,Krishna Menon,Kolkata,WB,2024-11-16,Y
C104525,Sukhwinder Pandey,Jaipur,RJ,2023-05-31,N
C104526,Amit Goyal,Jaipur,RJ,2023-04-30,N
C104527,Isha Rathore,Bengaluru,KA,2023-06-10,N
C104528,Yash Fernandes,Ranchi,JH,2023-01-02,N
C104529,Vihaan Menon,Bhopal,MP,2023-12-21,N
C104530,Vikram Mehta,Kochi,KL,2023-11-04,N
C104531,Abhishek Chopra,Bengaluru,KA,2024-02-19,N
C104532,Thomas Patel,Noida,UP,2024-05-27,N
C104533,Dev Jadhav,Kolkata,WB,2023-03-11,N
C104534,Joseph Menon,Noida,UP,2023-06-29,Y
C104535,Saanvi Mittal,Chandigarh,CH,2024-09-17,N
C104536,Om Sen,Thiruvananthapuram,KL,2023-11-05,N
C104537,Krishna Rao,Delhi,DL,2024-04-03,Y
C104538,Jaspreet Sandhu,Lucknow,UP,2024-04-07,N
C104539,Lakshmi Deshpande,Chandigarh,CH,2022-10-28,N
C104540,Gurpreet Deshpande,Mumbai,MH,2023-04-12,Y
C104541,Aadhya Sethi,Delhi,DL,2023-07-13,N
C104542,Nisha Siddiqui,Chandigarh,CH,2023-10-23,Y
C104543,Tenzin Kapoor,Bhubaneswar,OR,2024-03-31,Y
C104544,Zaid Iyer,Bhubaneswar,OR,2024-07-24,N
C104545,Aditya Mittal,Lucknow,UP,2023-03-18,N
C104546,Aadhya Fernandes,Indore,MP,2023-09-06,Y
C104547,Sai Yadav,Bengaluru,KA,2024-11-06,N
C104548,Lobsang Naidu,Mysuru,KA,2022-12-31,Y
C104549,Thomas Mittal,Bengaluru,KA,2023-02-15,N
C104550,Vihaan Mehta,Guwahati,AS,2023-09-10,Y
C104551,Nisha Fernandes,Coimbatore,TN,2022-07-18,N
C104552,Harpreet Khanna,Patna,BR,2022-11-13,Y
C104553,Mohammed Shinde,Gurugram,HR,2023-11-08,N
C104554,Megha Sheikh,Bhopal,MP,2022-10-15,N
C104555,Nisha Iyer,Thiruvananthapuram,KL,2024-01-24,N
C104556,Megha Bhatt,Noida,UP,2024-12-11,Y
C104557,Pooja Gupta,Mysuru,KA,2022-11-17,N
C104558,Anjali Reddy,Gurugram,HR,2023-10-13,Y
C104559,Manish Pawar,Delhi,DL,2024-12-02,Y
C104560,Imran Kumar,Noida,UP,2024-12-29,N
C104561,Vivaan Pawar,Kolkata,WB,2023-02-19,Y
C104562,Saanvi Kumar,Bhopal,MP,2023-10-06,N
C104563,Divya Patil,Coimbatore,TN,2023-12-19,N
C104564,Arjun Mishra,Kolkata,WB,2024-07-17,N
C104565,Ramesh Naidu,Gurugram,HR,2024-09-20,N
C104566,Neha Joshi,Pune,MH,2022-08-31,N
C104567,Tanvi Kulkarni,Visakhapatnam,AP,2024-01-25,N
C104568,Rohit Sethi,Noida,UP,2022-11-10,N
C104569,Lobsang Chopra,Gurugram,HR,2023-01-06,N
C104570,Swati Bose,Nashik,MH,2024-06-29,Y
C104571,Manish Deshpande,Chennai,TN,2024-01-05,N
C104572,Simran Sen,Nashik,MH,2024-10-28,Y
C104573,Suresh Gaikwad,Bhopal,MP,2024-10-30,N
C104574,Rohan Kapoor,Chandigarh,CH,2023-07-13,Y
C104575,Nisha Jadhav,Mumbai,MH,2024-09-29,Y
C104576,Lakshmi Bhatia,Jaipur,RJ,2023-01-15,N
C104577,Divya Reddy,Visakhapatnam,AP,2023-04-10,Y
C104578,Aishwarya Deshpande,Ranchi,JH,2022-08-11,N
C104579,Jaspreet Trivedi,Chandigarh,CH,2022-09-16,N
C104580,Zoya Rao,Chandigarh,CH,2024-12-12,N
C104581,Ayaan George,Kolkata,WB,2023-11-03,Y
C104582,Reyansh Chatterjee,Mumbai,MH,2023-10-08,N
C104583,Krishna Tiwari,Kolkata,WB,2023-07-28,N
C104584,Tenzin Shinde,Indore,MP,2023-06-17,N
C104585,Saanvi Bose,Kochi,KL,2024-08-26,Y
C104586,Aadhya Roy,Dehradun,UK,2023-10-14,N
C104587,Steven Fernandes,Vadodara,GJ,2024-09-10,N
C104588,Harpreet Verma,Raipur,CG,2024-01-28,N
C104589,Anjali Khan,Raipur,CG,2024-05-15,N
C104590,Sunita Bhatt,Ahmedabad,GJ,2023-09-02,N
C104591,Lobsang Pandey,Bhubaneswar,OR,2023-11-17,Y
C104592,Rahul Pillai,Vadodara,GJ,2024-11-22,Y
C104593,Kavya Kulkarni,Vadodara,GJ,2023-03-28,N
C104594,Komal Pereira,Ranchi,JH,2022-10-20,N
C104595,Aarav Pillai,Hyderabad,TS,2024-04-28,N
C104596,Zoya Joshi,Noida,UP,2023-02-12,N
C104597,Gurpreet Banerjee,Bengaluru,KA,2024-08-11,Y
C104598,Rohan George,Hyderabad,TS,2024-08-12,N
C104599,Ayaan Pereira,Dehradun,UK,2023-09-28,N
C104600,Ishaan Sheikh,Vadodara,GJ,2022-12-11,N
C104601,Manish Patel,Lucknow,UP,2024-02-16,Y
C104602,Harsh Khanna,Kochi,KL,2023-04-10,N
C104603,Steven Arora,Patna,BR,2023-03-17,N
C104604,Vikram Shah,Bhubaneswar,OR,2022-07-29,Y
C104605,Zoya Patil,Surat,GJ,2024-10-31,N
C104606,Zoya Fernandes,Ahmedabad,GJ,2022-07-17,N
C104607,Tenzin Pawar,Nashik,MH,2024-11-29,N
C104608,Priya Chatterjee,Jaipur,RJ,2024-12-09,Y
C104609,Farah Iyer,Delhi,DL,2022-10-28,Y
C104610,Megha Gaikwad,Mysuru,KA,2024-04-23,N
C104611,Ramesh Banerjee,Thiruvananthapuram,KL,2024-12-18,N
C104612,Swati George,Patna,BR,2023-05-11,N
C104613,Jaspreet Patel,Nagpur,MH,2023-08-05,N
C104614,Harsh Pandey,Noida,UP,2022-08-06,N
C104615,Priya Das,Kolkata,WB,2024-01-10,Y
C104616,Sunita Agarwal,Jaipur,RJ,2023-07-27,N
C104617,Amit Bose,Jaipur,RJ,2023-09-15,N
C104618,Vivaan Ghosh,Dehradun,UK,2023-07-09,Y
C104619,Aishwarya Sharma,Jaipur,RJ,2024-06-02,Y
C104620,Tenzin Patel,Bhopal,MP,2023-09-13,Y
C104621,Zoya Agarwal,Visakhapatnam,AP,2022-12-21,N
C104622,Tarun Banerjee,Indore,MP,2023-09-06,N
C104623,Sameer Fernandes,Jaipur,RJ,2022-08-22,Y
C104624,Swati Bhatia,Dehradun,UK,2024-05-03,N
C104625,Manpreet Sandhu,Nagpur,MH,2024-09-12,N
C104626,Nisha Arora,Kolkata,WB,2023-05-15,N
C104627,Priya D'Souza,Nashik,MH,2023-06-23,N
C104628,Aditya Patel,Mysuru,KA,2024-12-17,N
C104629,Om Srivastava,Hyderabad,TS,2023-07-14,N
C104630,Vivaan Singh,Ranchi,JH,2023-02-11,Y
C104631,Karan Jadhav,Patna,BR,2023-06-02,N
C104632,Siddharth Nair,Bengaluru,KA,2024-05-07,N
C104633,Zoya Qureshi,Patna,BR,2024-02-06,N
C104634,Meera Patil,Noida,UP,2023-08-06,N
C104635,Tarun Joshi,Dehradun,UK,2024-09-20,Y
C104636,Meera Sharma,Lucknow,UP,2023-05-14,N
C104637,Mohammed Pandey,Thiruvananthapuram,KL,2023-04-15,N
C104638,Nikhil Pillai,Ahmedabad,GJ,2023-01-17,Y
C104639,Harpreet Singh,Nagpur,MH,2024-10-16,N
C104640,Gurpreet Bansal,Delhi,DL,2024-07-19,Y
C104641,Shreya Joshi,Bhopal,MP,2023-02-10,N
C104642,Nisha Das,Gurugram,HR,2024-12-08,N
C104643,Rajat Pereira,Surat,GJ,2023-10-21,N
C104644,Karan Nair,Chennai,TN,2024-04-10,Y
C104645,Reyansh Kulkarni,Chandigarh,CH,2022-09-12,N
C104646,Om Menon,Kolkata,WB,2023-08-13,Y
C104647,Karan Kapoor,Bhubaneswar,OR,2024-09-23,N
C104648,Imran Kulkarni,Mumbai,MH,2023-07-21,Y
C104649,Ritika Sandhu,Noida,UP,2023-01-30,Y
C104650,Saanvi Pandey,Delhi,DL,2024-09-29,N
C104651,Kabir Bose,Dehradun,UK,2023-11-16,N
C104652,Mohammed Sharma,Bhopal,MP,2024-09-24,Y
C104653,Ishaan Kaur,Kolkata,WB,2023-02-22,N
C104654,Arjun Menon,Patna,BR,2023-11-09,N
C104655,Tarun Rao,Surat,GJ,2024-01-30,Y
C104656,Aditya Verma,Ranchi,JH,2023-06-21,Y
C104657,Tenzin Dutta,Guwahati,AS,2023-09-02,N
C104658,Saanvi Goyal,Dehradun,UK,2024-12-31,N
C104659,Aarav Agarwal,Mysuru,KA,2023-09-01,N
C104660,Sukhwinder Pandey,Bhubaneswar,OR,2023-09-18,N
C104661,Pooja Patel,Patna,BR,2024-07-20,N
C104662,Tarun Patil,Lucknow,UP,2022-10-13,N
C104663,Abhishek Rathore,Bhubaneswar,OR,2024-10-17,N
C104664,Faisal Das,Delhi,DL,2024-10-28,N
C104665,Geeta Rathore,Chandigarh,CH,2023-09-26,N
C104666,Vikram Agarwal,Nashik,MH,2022-11-06,N
C104667,Sneha Shinde,Chandigarh,CH,2023-04-01,Y
C104668,Tanvi Malhotra,Visakhapatnam,AP,2024-12-04,Y
C104669,Simran Gill,Nagpur,MH,2024-03-20,N
C104670,Meera Bhatia,Chandigarh,CH,2023-07-08,N
C104671,Neha Varghese,Indore,MP,2022-10-16,N
C104672,Swati Khan,Kochi,KL,2024-11-29,N
C104673,Farah Verma,Bhopal,MP,2023-06-11,Y
C104674,Ramesh Agarwal,Gurugram,HR,2023-03-26,N
C104675,Joseph Fernandes,Gurugram,HR,2024-10-23,N
C104676,Deepak Deshpande,Ahmedabad,GJ,2024-06-16,Y
C104677,Megha Jain,Nashik,MH,2022-10-13,Y
C104678,Farah Naidu,Chennai,TN,2022-11-02,N
C104679,Karan Roy,Mysuru,KA,2024-03-05,N
C104680,Ananya Bhatia,Vadodara,GJ,2023-11-26,N
C104681,Kunal Mukherjee,Chennai,TN,2023-07-28,N
C104682,Neha Ghosh,Lucknow,UP,2024-07-09,N
C104683,Rajat Dhillon,Nashik,MH,2023-04-08,N
C104684,Varun Yadav,Raipur,CG,2024-11-15,N
C104685,Tarun Pandey,Guwahati,AS,2024-12-11,N
C104686,Vihaan Singh,Hyderabad,TS,2023-07-29,N
C104687,Om Mehta,Ahmedabad,GJ,2024-03-22,Y
C104688,Farah Chatterjee,Patna,BR,2024-06-15,Y
C104689,Megha Saxena,Guwahati,AS,2024-07-04,N
C104690,Daniel Shah,Thiruvananthapuram,KL,2024-07-30,N
C104691,Sneha Rao,Indore,MP,2023-05-22,N
C104692,Aditya Sen,Nagpur,MH,2024-11-01,N
C104693,Zaid Joshi,Surat,GJ,2024-06-03,Y
C104694,Priya Chatterjee,Jaipur,RJ,2024-09-24,N
C104695,Karan Trivedi,Ahmedabad,GJ,2024-01-30,Y
C104696,Vikram Chatterjee,Raipur,CG,2023-08-04,N
C104697,Shreya Chopra,Guwahati,AS,2023-08-25,N
C104698,Zoya Goyal,Ranchi,JH,2022-08-13,Y
C104699,Rohan Arora,Nashik,MH,2024-02-17,N
C104700,Anjali Deshpande,Coimbatore,TN,2024-10-05,Y
C104701,Megha Khan,Gurugram,HR,2023-03-25,N
C104702,Farah Pandey,Dehradun,UK,2023-06-18,Y
C104703,Neha Mishra,Pune,MH,2022-07-25,N
C104704,Tarun Fernandes,Surat,GJ,2024-11-27,N
C104705,Ishaan Dutta,Ranchi,JH,2023-02-07,N
C104706,Yash Dutta,Noida,UP,2023-04-24,N
C104707,Nisha Dutta,Bengaluru,KA,2023-12-04,N
C104708,Tenzin Sheikh,Kochi,KL,2024-03-20,N
C104709,Abhishek Gaikwad,Kochi,KL,2024-09-03,Y
C104710,Nikhil Sheikh,Thiruvananthapuram,KL,2024-01-18,N
C104711,Megha Bhatia,Coimbatore,TN,2024-07-04,N
C104712,Priya Varghese,Jaipur,RJ,2023-10-11,N
C104713,Diya Yadav,Chennai,TN,2024-09-24,N
C104714,Nikhil Pandey,Kolkata,WB,2023-01-18,Y
C104715,Bhavna Jadhav,Patna,BR,2024-05-03,N
C104716,Deepak Menon,Patna,BR,2023-05-29,Y
C104717,Zoya Shinde,Pune,MH,2023-01-06,N
C104718,Neha Jadhav,Delhi,DL,2023-06-08,N
C104719,Ananya Naidu,Mysuru,KA,2023-05-09,N
C104720,Arjun Nair,Mysuru,KA,2023-05-06,N
C104721,Vihaan Gupta,Delhi,DL,2023-05-30,N
C104722,Diya Khan,Coimbatore,TN,2023-02-21,N
C104723,Ritika Sandhu,Delhi,DL,2022-10-05,Y
C104724,Ishaan Tiwari,Kolkata,WB,2024-03-14,Y
C104725,Lobsang Pillai,Jaipur,RJ,2022-08-01,N
C104726,Kunal Kulkarni,Bhubaneswar,OR,2023-05-17,N
C104727,Joseph Mittal,Indore,MP,2024-07-21,N
C104728,Bhavna Ghosh,Chennai,TN,2024-01-05,N
C104729,Aishwarya Singh,Coimbatore,TN,2023-12-28,Y
C104730,Ishaan Tiwari,Mysuru,KA,2023-08-02,N
C104731,Nisha Arora,Bhopal,MP,2023-12-07,N
C104732,Ishaan Sharma,Chennai,TN,2022-08-05,N
C104733,Ankit Chatterjee,Nagpur,MH,2023-08-27,N
C104734,Karan Kaur,Vadodara,GJ,2024-04-07,N
C104735,Sukhwinder Naidu,Bhopal,MP,2024-05-17,N
C104736,Rahul Iyer,Ahmedabad,GJ,2022-11-28,N
C104737,Reyansh Khanna,Chennai,TN,2023-09-19,N
C104738,Komal Patel,Thiruvananthapuram,KL,2024-05-05,Y
C104739,Sunita Kapoor,Mumbai,MH,2024-02-04,N
C104740,Manpreet Bansal,Visakhapatnam,AP,2024-08-25,N
C104741,Priya Patel,Bengaluru,KA,2023-10-10,N
C104742,Arjun Patil,Thiruvananthapuram,KL,2024-01-08,N
C104743,Mohammed George,Indore,MP,2023-09-28,N
C104744,Ramesh Siddiqui,Guwahati,AS,2024-01-24,N
C104745,Riya Rathore,Raipur,CG,2022-10-05,N
C104746,Varun Jadhav,Bhopal,MP,2024-09-14,N
C104747,Joseph Verma,Kolkata,WB,2024-03-12,N
C104748,Geeta Sethi,Mumbai,MH,2023-09-25,N
C104749,Komal D'Souza,Dehradun,UK,2022-08-17,N
C104750,Kavya Bansal,Surat,GJ,2023-09-28,N
C104751,Dev Kumar,Delhi,DL,2024-05-03,N
C104752,Reyansh Rao,Surat,GJ,2023-10-03,N
C104753,Harpreet Sharma,Chandigarh,CH,2022-12-14,N
C104754,Karan Bhatia,Gurugram,HR,2022-09-09,N
C104755,Meera Ghosh,Visakhapatnam,AP,2023-12-14,N
C104756,Thomas Desai,Noida,UP,2024-03-13,N
C104757,Ritika Iyer,Visakhapatnam,AP,2024-08-08,N
C104758,Anjali Trivedi,Coimbatore,TN,2024-11-09,N
C104759,Varun Bansal,Coimbatore,TN,2024-02-17,N
C104760,Reyansh Gupta,Ranchi,JH,2024-12-04,Y
C104761,Sunita Das,Coimbatore,TN,2023-07-03,N
C104762,Kabir Khan,Bengaluru,KA,2022-07-18,Y
C104763,Komal Ghosh,Mumbai,MH,2023-05-01,Y
C104764,Diya Sen,Chennai,TN,2022-10-31,N
C104765,Divya Mishra,Dehradun,UK,2022-09-08,N
C104766,Meera Mishra,Kochi,KL,2024-12-17,N
C104767,Farah Kaur,Kochi,KL,2023-12-21,N
C104768,Ayaan Kumar,Thiruvananthapuram,KL,2024-03-04,Y
C104769,Manish Bansal,Kochi,KL,2023-09-10,N
C104770,Divya Kumar,Nagpur,MH,2024-12-20,N
C104771,Reyansh Mittal,Ahmedabad,GJ,2024-03-12,N
C104772,Harsh Bhatia,Mysuru,KA,2023-02-24,N
C104773,Lakshmi Saxena,Kochi,KL,2022-08-23,N
C104774,Vivaan Malhotra,Nashik,MH,2022-12-10,N
C104775,Vihaan Pawar,Hyderabad,TS,2022-08-27,N
C104776,Dev Desai,Mumbai,MH,2024-08-21,N
C104777,Ananya George,Jaipur,RJ,2022-07-17,N
C104778,Tenzin Singh,Pune,MH,2023-02-23,Y
C104779,Ramesh Chauhan,Chennai,TN,2023-08-19,Y
C104780,Thomas Chauhan,Surat,GJ,2022-08-24,N
C104781,Neha Singh,Bhubaneswar,OR,2022-08-21,N
C104782,Mohammed Ansari,Kolkata,WB,2023-01-27,Y
C104783,Sameer Das,Dehradun,UK,2024-10-09,N
C104784,Ramesh Mehta,Thiruvananthapuram,KL,2024-04-01,N
C104785,Vihaan Kaur,Nashik,MH,2022-07-25,Y
C104786,Kavya Chopra,Hyderabad,TS,2023-09-11,N
C104787,Manpreet Qureshi,Bhopal,MP,2023-09-08,N
C104788,Vihaan Naidu,Mysuru,KA,2024-10-07,Y
C104789,Dev Rathore,Jaipur,RJ,2022-10-16,N
C104790,Krishna Khanna,Pune,MH,2024-10-11,N
C104791,Gurpreet Ansari,Lucknow,UP,2024-01-07,Y
C104792,Manpreet Das,Chandigarh,CH,2023-12-10,N
C104793,Ankit Ansari,Coimbatore,TN,2023-08-02,N
C104794,Kunal Bhatt,Ahmedabad,GJ,2023-11-23,N
C104795,Meera Pandey,Dehradun,UK,2023-07-29,N
C104796,Divya Sheikh,Coimbatore,TN,2023-03-31,Y
C104797,Ritika Malhotra,Bhopal,MP,2023-01-02,N
C104798,Kunal Mittal,Chennai,TN,2022-07-23,N
C104799,Isha Chauhan,Mysuru,KA,2024-06-16,N
C104800,Steven Chatterjee,Bengaluru,KA,2023-06-30,N
C104801,Pooja Trivedi,Bhubaneswar,OR,2023-05-10,Y
C104802,Kabir Sen,Mumbai,MH,2024-08-07,N
C104803,Vihaan Naidu,Mumbai,MH,2023-06-01,Y
C104804,Komal Yadav,Coimbatore,TN,2024-12-18,Y
C104805,Kabir Goyal,Thiruvananthapuram,KL,2023-10-12,N
C104806,Lakshmi Gaikwad,Kochi,KL,2023-01-05,N
C104807,Ananya Singh,Bhubaneswar,OR,2024-06-12,Y
C104808,Ishaan Pereira,Vadodara,GJ,2022-11-27,N
C104809,Dev Pillai,Ahmedabad,GJ,2024-03-18,N
C104810,Komal Fernandes,Delhi,DL,2024-05-05,N
C104811,Pooja Kulkarni,Raipur,CG,2024-01-01,N
C104812,Zaid Verma,Indore,MP,2023-04-22,N
C104813,Sunita Dutta,Mysuru,KA,2023-05-08,N
C104814,Daniel Joshi,Mysuru,KA,2024-01-11,N
C104815,Arjun Mathew,Vadodara,GJ,2023-10-21,Y
C104816,Rohan Malhotra,Nagpur,MH,2022-07-28,Y
C104817,Imran Rao,Gurugram,HR,2024-03-31,N
C104818,Thomas Srivastava,Thiruvananthapuram,KL,2023-12-31,N
C104819,Karan Khan,Vadodara,GJ,2023-05-29,N
C104820,Megha Yadav,Kolkata,WB,2024-12-27,N
C104821,Thomas Qureshi,Mumbai,MH,2023-10-09,N
C104822,Krishna Sheikh,Mysuru,KA,2023-10-26,N
C104823,Neha Dutta,Guwahati,AS,2023-12-28,N
C104824,Farah Arora,Pune,MH,2023-12-04,N
C104825,Diya Tiwari,Jaipur,RJ,2024-04-18,Y
C104826,Faisal Trivedi,Raipur,CG,2022-09-12,Y
C104827,Harsh Bhatia,Ahmedabad,GJ,2023-05-23,N
C104828,Anjali Sheikh,Kochi,KL,2023-02-26,N
C104829,Gurpreet Gill,Kolkata,WB,2023-03-16,N
C104830,Diya Bhatia,Vadodara,GJ,2024-02-18,N
C104831,Rohit George,Nagpur,MH,2024-02-20,N
C104832,Ananya Kapoor,Jaipur,RJ,2024-04-25,N
C104833,Gurpreet Trivedi,Surat,GJ,2023-05-26,N
C104834,Ramesh D'Souza,Chennai,TN,2024-09-02,Y
C104835,Sunita Nair,Kochi,KL,2024-07-15,N
C104836,Neha Jadhav,Thiruvananthapuram,KL,2023-10-22,Y
C104837,Suresh Mehta,Visakhapatnam,AP,2023-02-08,Y
C104838,Kunal Verma,Mumbai,MH,2023-12-11,N
C104839,Sukhwinder Malhotra,Chandigarh,CH,2024-12-28,Y
C104840,Suresh Malhotra,Nagpur,MH,2024-01-03,N
C104841,Diya Sheikh,Dehradun,UK,2024-03-06,N
C104842,Komal Saxena,Lucknow,UP,2023-10-17,Y
C104843,Sai Ansari,Hyderabad,TS,2024-06-01,N
C104844,Ankit Pawar,Kochi,KL,2024-07-15,Y
C104845,Kavya Reddy,Ahmedabad,GJ,2023-07-21,Y
C104846,Riya Reddy,Noida,UP,2023-04-20,N
C104847,Vikram Goyal,Coimbatore,TN,2024-11-07,Y
C104848,Joseph Gill,Indore,MP,2024-04-20,N
C104849,Komal Bhatt,Noida,UP,2023-06-06,N
C104850,Tenzin Varghese,Ranchi,JH,2024-02-04,N
C104851,Kabir Gill,Hyderabad,TS,2023-09-22,N
C104852,Zaid Sharma,Nashik,MH,2023-05-18,Y
C104853,Lobsang Naidu,Nashik,MH,2023-09-18,N
C104854,Dev Singh,Surat,GJ,2023-02-05,N
C104855,Vivaan Dutta,Delhi,DL,2024-10-28,N
C104856,Kunal Roy,Chandigarh,CH,2024-04-29,N
C104857,Ishaan Saxena,Bengaluru,KA,2023-05-04,N
C104858,Ritika Reddy,Surat,GJ,2024-04-08,N
C104859,Aditya Sethi,Dehradun,UK,2023-12-25,N
C104860,Sunita Kaur,Kolkata,WB,2023-05-19,N
C104861,Simran Arora,Bhopal,MP,2023-05-11,N
C104862,Jaspreet Malhotra,Patna,BR,2024-06-18,Y
C104863,Geeta Siddiqui,Bhopal,MP,2024-04-11,Y
C104864,Pooja Menon,Thiruvananthapuram,KL,2024-09-04,N
C104865,Amit Ansari,Mumbai,MH,2023-06-04,N
C104866,Meera Sethi,Kolkata,WB,2024-05-26,N
C104867,Tarun Bhatt,Jaipur,RJ,2022-12-16,N
C104868,Rahul Qureshi,Kolkata,WB,2024-08-29,N
C104869,Pranav Pereira,Ranchi,JH,2023-11-13,N
C104870,Mohammed Patil,Kochi,KL,2022-09-29,N
C104871,Imran Patil,Bhopal,MP,2023-11-05,Y
C104872,Ishaan Shinde,Bengaluru,KA,2024-04-02,Y
C104873,Nisha Mathew,Kolkata,WB,2023-05-10,Y
C104874,Payal Mathew,Ranchi,JH,2024-05-29,Y
C104875,Dev Joshi,Vadodara,GJ,2024-11-14,N
C104876,Ishaan Saxena,Coimbatore,TN,2023-08-10,N
C104877,Gurpreet George,Patna,BR,2024-08-19,N
C104878,Jaspreet Singh,Chandigarh,CH,2024-09-30,Y
C104879,Vihaan Qureshi,Coimbatore,TN,2024-09-24,N
C104880,Kavya Tiwari,Bhopal,MP,2024-01-28,Y
C104881,Rohan Tiwari,Indore,MP,2023-02-18,N
C104882,Lobsang Agarwal,Nagpur,MH,2023-01-18,N
C104883,Swati Banerjee,Kochi,KL,2022-11-28,N
C104884,Daniel Chatterjee,Delhi,DL,2023-12-11,N
C104885,Daniel Goyal,Lucknow,UP,2024-11-18,N
C104886,Swati Kulkarni,Nashik,MH,2024-06-08,N
C104887,Priya Sen,Chennai,TN,2023-03-25,Y
C104888,Thomas Bhatia,Ahmedabad,GJ,2024-04-25,N
C104889,Manpreet Malhotra,Lucknow,UP,2023-10-29,N
C104890,Rohan Menon,Thiruvananthapuram,KL,2023-03-01,N
C104891,Jaspreet Khan,Kochi,KL,2024-10-19,N
C104892,Faisal Sen,Raipur,CG,2022-09-09,Y
C104893,Steven Bose,Jaipur,RJ,2023-12-31,N
C104894,Kabir Varghese,Coimbatore,TN,2022-09-25,N
C104895,Sunita Kaur,Coimbatore,TN,2023-05-04,N
C104896,Divya Banerjee,Kolkata,WB,2024-01-27,N
C104897,Steven Mehta,Pune,MH,2024-11-04,N
C104898,Tarun Joshi,Chandigarh,CH,2024-04-05,N
C104899,Neha Kapoor,Jaipur,RJ,2024-04-04,Y
C104900,Lakshmi Gaikwad,Kochi,KL,2023-03-18,N
C104901,Rohan Varghese,Mumbai,MH,2024-10-27,Y
C104902,Isha Bhatia,Mumbai,MH,2023-10-21,N
C104903,Sukhwinder Bose,Noida,UP,2022-10-06,N
C104904,Jaspreet Yadav,Ahmedabad,GJ,2023-12-03,Y
C104905,Yash Sethi,Ranchi,JH,2024-03-03,N
C104906,Sameer Mukherjee,Surat,GJ,2022-11-18,N
C104907,Ramesh Patel,Ahmedabad,GJ,2024-08-21,Y
C104908,Bhavna Chopra,Indore,MP,2022-11-08,Y
C104909,Vihaan Kapoor,Vadodara,GJ,2024-01-05,Y
C104910,Sukhwinder Saxena,Vadodara,GJ,2024-03-07,N
C104911,Swati Sharma,Nashik,MH,2023-02-04,N
C104912,Divya Pawar,Ranchi,JH,2024-11-08,N
C104913,Varun Mukherjee,Guwahati,AS,2024-08-29,N
C104914,Zaid Mathew,Lucknow,UP,2024-11-11,N
C104915,Rohit Joshi,Coimbatore,TN,2023-08-03,N
C104916,Arjun Qureshi,Nashik,MH,2022-09-04,Y
C104917,Faisal Sheikh,Hyderabad,TS,2022-10-24,N
C104918,Tenzin Qureshi,Bengaluru,KA,2023-02-17,Y
C104919,Ananya Naidu,Visakhapatnam,AP,2023-08-11,Y
C104920,Sameer D'Souza,Lucknow,UP,2022-08-09,N
C104921,Abhishek Shah,Bengaluru,KA,2024-11-09,Y
C104922,Nikhil Ghosh,Kolkata,WB,2022-11-26,N
C104923,Deepak Pawar,Thiruvananthapuram,KL,2024-10-02,N
C104924,Rajat Sheikh,Surat,GJ,2022-07-18,N
C104925,Aarav Agarwal,Chandigarh,CH,2023-02-21,Y
C104926,Reyansh George,Dehradun,UK,2023-11-27,Y
C104927,Payal Kaur,Mumbai,MH,2024-09-12,Y
C104928,Arjun Sen,Ranchi,JH,2022-10-16,N
C104929,Priya Das,Nashik,MH,2024-09-26,N
C104930,Farah Banerjee,Pune,MH,2024-08-25,N
C104931,Tanvi Mishra,Delhi,DL,2024-04-30,N
C104932,Dev Kulkarni,Bhubaneswar,OR,2024-11-17,Y
C104933,Ramesh Gill,Ahmedabad,GJ,2022-09-04,N
C104934,Divya Kapoor,Bhubaneswar,OR,2023-06-21,N
C104935,Ritika Mukherjee,Kolkata,WB,2022-09-02,N
C104936,Karan Gill,Lucknow,UP,2024-04-04,N
C104937,Rajat Pandey,Gurugram,HR,2024-03-17,Y
C104938,Krishna Iyer,Thiruvananthapuram,KL,2024-03-27,N
C104939,Ramesh Kapoor,Visakhapatnam,AP,2023-11-06,Y
C104940,Krishna Varghese,Bhopal,MP,2023-06-26,N
C104941,Sukhwinder Gupta,Bengaluru,KA,2023-08-18,N
C104942,Amit Pereira,Patna,BR,2022-09-09,N
C104943,Pranav Pandey,Thiruvananthapuram,KL,2024-09-05,N
C104944,Ritika Menon,Dehradun,UK,2024-06-22,Y
C104945,Rajat Rathore,Thiruvananthapuram,KL,2024-11-12,Y
C104946,Aarav Jain,Ahmedabad,GJ,2023-09-30,N
C104947,Rohit Siddiqui,Dehradun,UK,2024-10-06,N
C104948,Sai Varghese,Pune,MH,2024-07-11,N
C104949,Komal Chauhan,Nashik,MH,2022-09-21,N
C104950,Tenzin Pillai,Lucknow,UP,2024-07-09,N
C104951,Rohan Pawar,Noida,UP,2024-02-25,Y
C104952,Tenzin Pillai,Kolkata,WB,2024-07-31,N
C104953,Ayaan D'Souza,Surat,GJ,2023-04-11,Y
C104954,Aishwarya Ansari,Chennai,TN,2023-10-08,N
C104955,Ananya Kumar,Jaipur,RJ,2022-10-28,Y
C104956,Pranav Gupta,Dehradun,UK,2024-01-10,N
C104957,Siddharth Mittal,Lucknow,UP,2023-10-14,N
C104958,Om Roy,Bhubaneswar,OR,2024-02-22,N
C104959,Tanvi Mishra,Ranchi,JH,2023-06-07,N
C104960,Sukhwinder Qureshi,Kolkata,WB,2023-10-12,N
C104961,Sunita Mukherjee,Bhopal,MP,2023-09-05,N
C104962,Kunal Dhillon,Mumbai,MH,2024-05-18,N
C104963,Yash Reddy,Delhi,DL,2023-10-24,N
C104964,Zoya Varghese,Guwahati,AS,2023-12-13,N
C104965,Siddharth Sheikh,Noida,UP,2024-03-04,Y
C104966,Lobsang Dutta,Thiruvananthapuram,KL,2023-10-31,N
C104967,Yash Siddiqui,Gurugram,HR,2023-02-21,N
C104968,Vivaan Gaikwad,Mumbai,MH,2022-11-07,N
C104969,Sameer Mathew,Guwahati,AS,2024-05-19,N
C104970,Abhishek Yadav,Thiruvananthapuram,KL,2023-10-23,N
C104971,Priya Jain,Guwahati,AS,2022-11-09,N
C104972,Tarun Rao,Nagpur,MH,2024-11-04,N
C104973,Ritika George,Bengaluru,KA,2022-09-05,Y
C104974,Om Das,Lucknow,UP,2023-10-15,N
C104975,Ramesh Khanna,Chandigarh,CH,2024-11-21,N
C104976,Dev Menon,Nagpur,MH,2023-12-21,N
C104977,Sai Joshi,Mumbai,MH,2022-11-16,N
C104978,Mohammed Bose,Thiruvananthapuram,KL,2024-01-13,N
C104979,Geeta Bhatt,Mysuru,KA,2024-12-01,N
C104980,Harpreet Khanna,Ahmedabad,GJ,2024-09-13,N
C104981,Arjun Sen,Ranchi,JH,2023-01-25,N
C104982,Komal Ansari,Ahmedabad,GJ,2022-11-24,N
C104983,Aarav Bose,Mumbai,MH,2022-07-26,N
C104984,Diya Verma,Surat,GJ,2024-06-09,Y
C104985,Steven Rathore,Visakhapatnam,AP,2023-01-07,N
C104986,Pranav Gaikwad,Nagpur,MH,2023-12-18,N
C104987,Yash Sharma,Ahmedabad,GJ,2024-02-11,N
C104988,Harsh Singh,Raipur,CG,2023-12-14,Y
C104989,Imran Shah,Kochi,KL,2022-09-10,N
C104990,Deepak Singh,Mysuru,KA,2024-10-30,N
C104991,Pooja Sharma,Mysuru,KA,2024-06-25,Y
C104992,Nikhil Jadhav,Hyderabad,TS,2024-06-27,Y
C104993,Priya Banerjee,Pune,MH,2024-01-02,N
C104994,Ritika Kapoor,Pune,MH,2024-08-14,Y
C104995,Tarun Nair,Raipur,CG,2024-08-30,N
C104996,Megha Pillai,Visakhapatnam,AP,2023-11-06,N
C104997,Abhishek Roy,Thiruvananthapuram,KL,2023-10-15,N
C104998,Payal Ghosh,Vadodara,GJ,2024-04-22,N
C104999,Deepak Sheikh,Mysuru,KA,2022-09-18,N
C105000,Amit Fernandes,Indore,MP,2024-10-03,N
C105001,Nisha Bansal,Kochi,KL,2023-05-31,Y
C105002,Ankit Bhatt,Noida,UP,2023-10-13,N
C105003,Manish Goyal,Mumbai,MH,2023-04-06,Y
C105004,Kabir Naidu,Gurugram,HR,2024-02-06,N
C105005,Ramesh Bose,Surat,GJ,2022-12-10,N
C105006,Harpreet Nair,Indore,MP,2022-12-27,N
C105007,Sai Sandhu,Indore,MP,2022-08-18,Y
C105008,Thomas Iyer,Surat,GJ,2024-05-10,N
C105009,Manish Bansal,Indore,MP,2024-06-25,N
C105010,Sai Bhatia,Thiruvananthapuram,KL,2024-10-09,N
C105011,Siddharth Bansal,Hyderabad,TS,2023-04-16,Y
C105012,Ramesh Menon,Gurugram,HR,2024-11-17,N
C105013,Tanvi Jadhav,Kochi,KL,2024-01-15,N
C105014,Neha Dhillon,Gurugram,HR,2022-11-28,Y
C105015,Sneha Rao,Nagpur,MH,2023-11-03,Y
C105016,Kavya Patel,Ranchi,JH,2023-03-20,N
C105017,Joseph Chauhan,Dehradun,UK,2023-12-12,N
C105018,Meera Mishra,Visakhapatnam,AP,2022-12-24,Y
C105019,Vihaan Jain,Nashik,MH,2023-04-22,N
C105020,Kabir Srivastava,Chennai,TN,2023-08-02,Y
C105021,Aadhya Shinde,Bhubaneswar,OR,2023-08-09,N
C105022,Vihaan Sandhu,Bengaluru,KA,2022-11-03,N
C105023,Ritika Shinde,Coimbatore,TN,2023-06-11,Y
C105024,Vihaan Naidu,Kolkata,WB,2022-08-16,N
C105025,Ananya Banerjee,Ranchi,JH,2024-01-13,Y
C105026,Anjali Patil,Dehradun,UK,2024-07-25,Y
C105027,Thomas Fernandes,Kolkata,WB,2022-08-29,N
C105028,Divya Jadhav,Guwahati,AS,2024-11-11,N
C105029,Dev Mathew,Patna,BR,2023-05-19,N
C105030,Amit Desai,Kolkata,WB,2024-06-28,N
C105031,Thomas Deshpande,Indore,MP,2024-10-07,N
C105032,Ananya Verma,Vadodara,GJ,2023-03-03,Y
C105033,Divya Kumar,Nagpur,MH,2023-04-25,Y
C105034,Vihaan Goyal,Ahmedabad,GJ,2024-02-18,N
C105035,Faisal Desai,Jaipur,RJ,2022-11-16,Y
C105036,Manish Dutta,Gurugram,HR,2023-10-17,N
C105037,Neha Fernandes,Hyderabad,TS,2023-12-05,Y
C105038,Pranav Sen,Coimbatore,TN,2023-09-22,N
C105039,Vihaan Srivastava,Hyderabad,TS,2024-04-15,Y
C105040,Rahul Qureshi,Hyderabad,TS,2022-07-27,N
C105041,Manish Reddy,Visakhapatnam,AP,2023-11-17,N
C105042,Sameer Kulkarni,Mumbai,MH,2023-01-25,N
C105043,Siddharth Mittal,Dehradun,UK,2023-08-10,N
C105044,Karan Verma,Mysuru,KA,2024-10-31,N
C105045,Mohammed Trivedi,Kolkata,WB,2023-01-21,Y
C105046,Kabir Khan,Kochi,KL,2023-11-23,Y
C105047,Anjali Goyal,Surat,GJ,2024-10-26,Y
C105048,Dev Ansari,Visakhapatnam,AP,2023-04-24,Y
C105049,Amit Arora,Guwahati,AS,2023-04-15,N
C105050,Kabir Reddy,Vadodara,GJ,2024-12-04,N
C105051,Joseph Sharma,Chennai,TN,2024-02-08,Y
C105052,Ananya Sen,Mumbai,MH,2023-07-01,N
C105053,Aishwarya Sharma,Bhubaneswar,OR,2024-10-29,N
C105054,Sukhwinder Sen,Delhi,DL,2022-09-14,N
C105055,Tarun Sethi,Jaipur,RJ,2024-12-16,N
C105056,Tanvi Agarwal,Jaipur,RJ,2023-05-05,Y
C105057,Manish Gaikwad,Ranchi,JH,2022-08-12,N
C105058,Nikhil Chauhan,Jaipur,RJ,2022-11-19,N
C105059,Ananya Jadhav,Dehradun,UK,2024-03-03,N
C105060,Amit Khan,Noida,UP,2023-11-22,N
C105061,Lakshmi Fernandes,Visakhapatnam,AP,2022-11-19,N
C105062,Shreya Mehta,Guwahati,AS,2023-11-13,N
C105063,Steven Arora,Hyderabad,TS,2024-05-02,N
C105064,Rohan Iyer,Gurugram,HR,2024-07-31,N
C105065,Karan Chatterjee,Mysuru,KA,2022-10-01,N
C105066,Rohan Sheikh,Chandigarh,CH,2023-02-17,N
C105067,Thomas Fernandes,Bengaluru,KA,2024-04-05,Y
C105068,Zaid Rathore,Pune,MH,2022-09-16,N
C105069,Megha Sheikh,Indore,MP,2023-04-17,N
C105070,Karan Patil,Visakhapatnam,AP,2023-02-21,N
C105071,Farah Gill,Delhi,DL,2023-11-06,N
C105072,Aishwarya Sandhu,Jaipur,RJ,2024-03-11,Y
C105073,Siddharth Gill,Mysuru,KA,2022-09-13,N
C105074,Gurpreet Reddy,Bhubaneswar,OR,2023-08-07,N
C105075,Ritika Khan,Noida,UP,2024-08-11,Y
C105076,Harpreet Chauhan,Gurugram,HR,2024-12-03,N
C105077,Suresh Kapoor,Dehradun,UK,2024-04-29,N
C105078,Thomas Jadhav,Coimbatore,TN,2023-09-05,Y
C105079,Kavya Kapoor,Guwahati,AS,2023-03-15,Y
C105080,Karan Varghese,Chennai,TN,2024-10-09,Y
C105081,Aditya Dutta,Bengaluru,KA,2023-05-27,Y
C105082,Jaspreet Sethi,Bhubaneswar,OR,2023-12-07,N
C105083,Kabir Kapoor,Nagpur,MH,2024-03-02,Y
C105084,Meera Nair,Gurugram,HR,2024-04-06,Y
C105085,Amit Rao,Ranchi,JH,2022-12-12,Y
C105086,Suresh Gupta,Kochi,KL,2023-12-05,Y
C105087,Karan Reddy,Jaipur,RJ,2022-08-14,Y
C105088,Sai Arora,Mumbai,MH,2022-11-25,N
C105089,Karan Das,Mumbai,MH,2024-11-04,N
C105090,Krishna Verma,Kochi,KL,2022-11-15,N
C105091,Yash Chauhan,Gurugram,HR,2023-07-30,Y
C105092,Zoya Chopra,Patna,BR,2024-11-09,Y
C105093,Sukhwinder Ansari,Nagpur,MH,2023-02-23,N
C105094,Swati Singh,Ahmedabad,GJ,2024-09-29,N
C105095,Om Qureshi,Hyderabad,TS,2023-10-31,N
C105096,Varun George,Hyderabad,TS,2023-07-10,N
C105097,Tanvi Goyal,Pune,MH,2023-02-26,N
C105098,Siddharth Agarwal,Patna,BR,2023-11-17,N
C105099,Ishaan Naidu,Coimbatore,TN,2024-04-06,N
C105100,Thomas Kaur,Nashik,MH,2024-10-04,Y
C105101,Ayaan Verma,Hyderabad,TS,2023-07-13,N
C105102,Vikram Agarwal,Ahmedabad,GJ,2022-12-02,Y
C105103,Ankit Sen,Bhopal,MP,2024-05-31,N
C105104,Geeta Gaikwad,Patna,BR,2024-09-21,N
C105105,Ankit Naidu,Coimbatore,TN,2023-02-26,Y
C105106,Megha Das,Indore,MP,2024-07-06,N
C105107,Aarav Desai,Ahmedabad,GJ,2023-03-29,Y
C105108,Kabir Srivastava,Nashik,MH,2023-10-06,Y
C105109,Divya Chauhan,Kolkata,WB,2023-07-29,N
C105110,Aadhya Chatterjee,Hyderabad,TS,2024-03-07,N
C105111,Anjali Ansari,Surat,GJ,2024-08-02,N
C105112,Ananya Yadav,Thiruvananthapuram,KL,2024-01-31,N
C105113,Steven Nair,Visakhapatnam,AP,2022-08-27,Y
C105114,Simran Gill,Nagpur,MH,2023-08-14,Y
C105115,Steven Ansari,Bhubaneswar,OR,2024-03-23,Y
C105116,Pooja Mittal,Noida,UP,2023-08-22,N
C105117,Kabir Agarwal,Indore,MP,2024-01-14,Y
C105118,Nikhil Patil,Coimbatore,TN,2022-11-09,N
C105119,Tenzin Deshpande,Kochi,KL,2022-09-29,Y
C105120,Rohan Qureshi,Nagpur,MH,2024-12-14,N
C105121,Sameer Gaikwad,Kolkata,WB,2023-06-18,Y
C105122,Sunita Patel,Kolkata,WB,2024-02-20,N
C105123,Vivaan Tiwari,Gurugram,HR,2022-09-11,Y
C105124,Diya Kumar,Thiruvananthapuram,KL,2024-11-07,N
C105125,Lobsang Jadhav,Coimbatore,TN,2024-05-08,N
C105126,Ramesh Srivastava,Delhi,DL,2023-05-04,Y
C105127,Neha Naidu,Delhi,DL,2023-09-19,Y
C105128,Simran Pillai,Bhopal,MP,2024-09-03,N
C105129,Mohammed Sheikh,Patna,BR,2024-10-05,N
C105130,Vihaan Rathore,Lucknow,UP,2023-04-08,N
C105131,Zoya Gaikwad,Visakhapatnam,AP,2022-09-28,Y
C105132,Sukhwinder Khanna,Kochi,KL,2024-02-21,N
C105133,Neha Sheikh,Jaipur,RJ,2023-11-28,Y
C105134,Farah Sheikh,Chennai,TN,2023-08-30,Y
C105135,Rohan Verma,Hyderabad,TS,2022-10-16,N
C105136,Thomas George,Coimbatore,TN,2024-10-28,Y
C105137,Abhishek Ghosh,Gurugram,HR,2024-08-07,Y
C105138,Krishna Agarwal,Bengaluru,KA,2023-10-16,N
C105139,Riya Pereira,Bengaluru,KA,2024-03-07,N
C105140,Daniel Khan,Ranchi,JH,2023-11-16,N
C105141,Aishwarya Rao,Nashik,MH,2024-03-06,N
C105142,Saanvi Shah,Guwahati,AS,2023-04-20,N
C105143,Sameer Dutta,Ahmedabad,GJ,2022-11-26,N
C105144,Siddharth Agarwal,Ahmedabad,GJ,2023-01-11,Y
C105145,Kabir Deshpande,Delhi,DL,2024-09-27,N
C105146,Sunita Kaur,Kolkata,WB,2023-02-02,N
C105147,Zaid Mishra,Pune,MH,2022-08-02,Y
C105148,Harpreet Srivastava,Nashik,MH,2023-08-17,N
C105149,Jaspreet Mathew,Chennai,TN,2023-10-27,N
C105150,Rahul Sen,Guwahati,AS,2022-11-18,Y
C105151,Arjun Kaur,Noida,UP,2023-08-31,Y
C105152,Neha Patil,Coimbatore,TN,2023-03-19,N
C105153,Amit Bhatia,Indore,MP,2022-12-04,N
C105154,Aishwarya Yadav,Delhi,DL,2024-02-02,N
C105155,Ananya Kulkarni,Bhopal,MP,2023-02-03,N
C105156,Krishna Jadhav,Nagpur,MH,2024-03-08,N
C105157,Ananya Bhatia,Ranchi,JH,2023-02-01,N
C105158,Aarav Dutta,Pune,MH,2022-11-19,Y
C105159,Rohit Chauhan,Chandigarh,CH,2023-10-05,Y
C105160,Kavya Kumar,Thiruvananthapuram,KL,2022-08-05,N
C105161,Meera Deshpande,Thiruvananthapuram,KL,2022-08-23,N
C105162,Anjali Kaur,Mumbai,MH,2023-09-12,N
C105163,Geeta Gaikwad,Bhubaneswar,OR,2023-04-17,N
C105164,Diya Chatterjee,Coimbatore,TN,2023-11-19,N
C105165,Yash Varghese,Ranchi,JH,2023-02-25,Y
C105166,Pooja Bose,Pune,MH,2024-05-08,N
C105167,Sukhwinder Iyer,Ahmedabad,GJ,2024-06-15,N
C105168,Imran Rathore,Dehradun,UK,2023-04-15,N
C105169,Gurpreet Bose,Gurugram,HR,2023-09-27,N
C105170,Harpreet Malhotra,Noida,UP,2023-07-09,N
C105171,Farah Siddiqui,Nagpur,MH,2023-11-15,N
C105172,Ankit Reddy,Visakhapatnam,AP,2023-11-04,N
C105173,Rajat Joshi,Patna,BR,2024-07-16,N
C105174,Kavya Pereira,Surat,GJ,2024-12-25,N
C105175,Gurpreet Trivedi,Bhopal,MP,2024-10-02,Y
C105176,Sunita Sheikh,Nashik,MH,2022-08-03,N
C105177,Nikhil Bose,Chandigarh,CH,2022-10-08,Y
C105178,Sunita Malhotra,Indore,MP,2023-04-03,N
C105179,Ankit Shinde,Pune,MH,2023-07-06,N
C105180,Thomas Yadav,Raipur,CG,2024-07-31,N
C105181,Arjun Pillai,Bhopal,MP,2023-11-14,Y
C105182,Ramesh Mishra,Kolkata,WB,2023-08-02,Y
C105183,Zaid Kulkarni,Jaipur,RJ,2023-04-10,N
C105184,Amit Sharma,Thiruvananthapuram,KL,2023-05-16,N
C105185,Sameer Chatterjee,Gurugram,HR,2024-03-16,N
C105186,Ankit Patil,Mysuru,KA,2022-08-07,N
C105187,Suresh Yadav,Mumbai,MH,2024-03-05,N
C105188,Swati Malhotra,Gurugram,HR,2023-01-10,N
C105189,Krishna Gupta,Coimbatore,TN,2023-06-22,Y
C105190,Sunita Ansari,Bhopal,MP,2023-02-25,N
C105191,Imran Patel,Patna,BR,2024-10-09,N
C105192,Reyansh Chauhan,Raipur,CG,2022-07-19,Y
C105193,Sneha Naidu,Bhubaneswar,OR,2022-10-11,N
C105194,Nisha Srivastava,Pune,MH,2024-01-09,N
C105195,Ramesh George,Surat,GJ,2024-08-22,N
C105196,Manish Khanna,Ahmedabad,GJ,2023-03-28,N
C105197,Priya Kulkarni,Mumbai,MH,2023-08-30,N
C105198,Imran Kumar,Nagpur,MH,2024-02-26,N
C105199,Priya Naidu,Nagpur,MH,2024-01-29,N
C105200,Sunita Patil,Patna,BR,2024-02-22,Y
C105201,Meera Ansari,Nagpur,MH,2024-02-22,N
C105202,Joseph Srivastava,Guwahati,AS,2023-01-10,Y
C105203,Aishwarya Tiwari,Chandigarh,CH,2023-03-17,Y
C105204,Ankit Pillai,Visakhapatnam,AP,2023-12-27,N
C105205,Riya Joshi,Coimbatore,TN,2023-06-20,Y
C105206,Divya Tiwari,Chennai,TN,2023-07-13,Y
C105207,Sai Dutta,Bhubaneswar,OR,2022-11-01,N
C105208,Meera Singh,Pune,MH,2023-07-28,N
C105209,Gurpreet Arora,Jaipur,RJ,2022-10-30,N
C105210,Manish Fernandes,Kolkata,WB,2023-06-26,N
C105211,Geeta Menon,Bengaluru,KA,2024-02-20,N
C105212,Jaspreet Kaur,Nagpur,MH,2024-05-18,Y
C105213,Komal Mehta,Visakhapatnam,AP,2023-08-14,N
C105214,Gurpreet Bansal,Nashik,MH,2024-09-20,Y
C105215,Varun Siddiqui,Noida,UP,2023-04-28,N
C105216,Aishwarya Varghese,Kochi,KL,2023-04-17,Y
C105217,Aadhya Verma,Nashik,MH,2024-04-04,N
C105218,Ayaan Kapoor,Surat,GJ,2022-07-21,N
C105219,Vihaan Mittal,Dehradun,UK,2024-06-20,N
C105220,Ananya Trivedi,Dehradun,UK,2022-08-08,Y
C105221,Manish Arora,Visakhapatnam,AP,2023-12-14,N
C105222,Vihaan Mehta,Vadodara,GJ,2022-07-25,Y
C105223,Ramesh Naidu,Lucknow,UP,2023-07-06,N
C105224,Gurpreet Pandey,Visakhapatnam,AP,2024-05-21,N
C105225,Ritika Reddy,Raipur,CG,2024-10-04,Y
C105226,Shreya Ansari,Ranchi,JH,2023-02-12,Y
C105227,Karan Singh,Delhi,DL,2023-04-08,N
C105228,Sneha Qureshi,Pune,MH,2024-04-17,N
C105229,Daniel Arora,Kochi,KL,2023-12-09,Y
C105230,Pooja Arora,Nashik,MH,2023-12-15,N
C105231,Ramesh Patel,Chennai,TN,2023-10-08,N
C105232,Joseph Menon,Surat,GJ,2022-09-03,Y
C105233,Gurpreet Mehta,Raipur,CG,2024-05-12,N
C105234,Priya Joshi,Vadodara,GJ,2024-10-13,N
C105235,Steven Nair,Chennai,TN,2024-02-26,N
C105236,Ramesh Deshpande,Visakhapatnam,AP,2022-12-08,N
C105237,Ishaan Bose,Ranchi,JH,2023-06-09,N
C105238,Ritika Pereira,Coimbatore,TN,2023-10-08,Y
C105239,Nisha Joshi,Guwahati,AS,2023-04-22,N
C105240,Megha Bansal,Coimbatore,TN,2023-12-03,N
C105241,Ayaan Jadhav,Indore,MP,2023-05-17,N
C105242,Sunita Bhatia,Chennai,TN,2024-02-08,Y
C105243,Aadhya Pandey,Jaipur,RJ,2024-12-24,Y
C105244,Ramesh Bhatia,Indore,MP,2023-08-13,N
C105245,Zaid Rathore,Hyderabad,TS,2024-10-26,N
C105246,Amit Sharma,Chandigarh,CH,2022-11-02,Y
C105247,Nikhil Sharma,Nashik,MH,2024-01-08,Y
C105248,Geeta Jain,Nagpur,MH,2024-12-02,N
C105249,Dev D'Souza,Surat,GJ,2023-01-29,N
C105250,Sai Tiwari,Dehradun,UK,2023-10-14,N
C105251,Saanvi D'Souza,Dehradun,UK,2024-01-13,Y
C105252,Thomas Kaur,Dehradun,UK,2023-07-08,Y
C105253,Ayaan Chopra,Bhopal,MP,2022-10-22,N
C105254,Aditya Patil,Bhopal,MP,2023-02-11,N
C105255,Zaid Qureshi,Nashik,MH,2024-07-28,N
C105256,Sameer Bhatt,Kolkata,WB,2024-03-31,N
C105257,Joseph Ansari,Gurugram,HR,2024-09-17,Y
C105258,Aadhya Bose,Noida,UP,2023-04-26,N
C105259,Zoya Kumar,Coimbatore,TN,2024-09-03,N
C105260,Manpreet Bansal,Chennai,TN,2023-04-14,N
C105261,Nisha Mukherjee,Gurugram,HR,2022-10-11,Y
C105262,Tanvi Sandhu,Coimbatore,TN,2024-12-17,N
C105263,Sameer Sethi,Nagpur,MH,2024-09-02,Y
C105264,Anjali Nair,Raipur,CG,2023-02-15,N
C105265,Rajat Jadhav,Ranchi,JH,2024-12-19,N
C105266,Swati Shah,Bhopal,MP,2024-01-24,Y
C105267,Isha Malhotra,Ahmedabad,GJ,2023-04-17,N
C105268,Pooja Arora,Lucknow,UP,2024-03-18,N
C105269,Harsh Gaikwad,Nagpur,MH,2023-11-18,N
C105270,Swati Dhillon,Visakhapatnam,AP,2023-03-31,N
C105271,Nikhil Shah,Gurugram,HR,2023-02-02,Y
C105272,Kabir Mehta,Chandigarh,CH,2024-02-23,N
C105273,Farah Patil,Delhi,DL,2024-06-23,N
C105274,Tanvi Rathore,Thiruvananthapuram,KL,2022-07-19,N
C105275,Geeta Kulkarni,Jaipur,RJ,2023-09-12,N
C105276,Ayaan Desai,Mumbai,MH,2024-05-03,N
C105277,Suresh Reddy,Mysuru,KA,2024-12-29,N
C105278,Kabir Shah,Nagpur,MH,2022-07-20,N
C105279,Diya Sharma,Gurugram,HR,2024-01-08,Y
C105280,Lobsang Sandhu,Nagpur,MH,2023-04-27,N
C105281,Arjun Mishra,Raipur,CG,2022-09-21,N
C105282,Sukhwinder Pawar,Mysuru,KA,2023-08-09,N
C105283,Vihaan Chatterjee,Nagpur,MH,2024-12-09,N
C105284,Kabir Sandhu,Chennai,TN,2023-05-28,Y
C105285,Priya Mittal,Mysuru,KA,2023-11-22,Y
C105286,Neha Malhotra,Chandigarh,CH,2024-08-13,Y
C105287,Rajat Shinde,Kochi,KL,2023-09-19,N
C105288,Harsh Kumar,Chennai,TN,2024-10-22,N
C105289,Harpreet Khan,Mysuru,KA,2024-01-11,N
C105290,Amit Patil,Ahmedabad,GJ,2023-09-03,N
C105291,Jaspreet Ansari,Chandigarh,CH,2024-03-26,Y
C105292,Neha Dhillon,Nashik,MH,2024-10-10,N
C105293,Simran Sen,Ranchi,JH,2024-10-20,Y
C105294,Jaspreet Banerjee,Delhi,DL,2023-08-26,N
C105295,Pooja Gill,Gurugram,HR,2024-03-04,N
C105296,Diya Siddiqui,Chennai,TN,2022-10-26,Y
C105297,Zaid Chatterjee,Ahmedabad,GJ,2023-12-03,Y
C105298,Gurpreet Chopra,Vadodara,GJ,2024-04-13,Y
C105299,Varun George,Mysuru,KA,2023-12-12,Y
C105300,Harpreet Trivedi,Ahmedabad,GJ,2024-11-13,N
C105301,Sunita Sen,Visakhapatnam,AP,2022-12-12,N
C105302,Daniel Patil,Ahmedabad,GJ,2023-09-20,N
C105303,Kavya Shah,Indore,MP,2023-06-20,N
C105304,Divya Rao,Thiruvananthapuram,KL,2024-11-02,Y
C105305,Sukhwinder Dhillon,Coimbatore,TN,2024-01-10,Y
C105306,Kunal Varghese,Mumbai,MH,2022-12-04,Y
C105307,Rohit Kaur,Jaipur,RJ,2023-10-31,Y
C105308,Zaid Kapoor,Surat,GJ,2023-01-16,N
C105309,Ritika Khan,Visakhapatnam,AP,2024-08-21,N
C105310,Vivaan Dhillon,Delhi,DL,2024-08-25,N
C105311,Anjali Varghese,Pune,MH,2023-12-09,N
C105312,Kavya Bose,Ranchi,JH,2023-09-04,Y
C105313,Yash Goyal,Chennai,TN,2024-05-31,N
C105314,Riya Mittal,Delhi,DL,2024-03-12,N
C105315,Megha Chauhan,Nashik,MH,2023-09-03,N
C105316,Swati Bansal,Hyderabad,TS,2023-02-21,Y
C105317,Sunita Chatterjee,Kolkata,WB,2023-02-08,N
C105318,Harpreet Chopra,Ranchi,JH,2024-02-01,Y
C105319,Rahul Khanna,Mysuru,KA,2022-12-07,N
C105320,Ankit Jain,Mumbai,MH,2024-06-18,Y
C105321,Divya Iyer,Lucknow,UP,2024-03-09,N
C105322,Steven Chauhan,Ranchi,JH,2024-10-19,Y
C105323,Dev D'Souza,Bhubaneswar,OR,2024-02-22,N
C105324,Riya Varghese,Delhi,DL,2023-02-23,N
C105325,Sameer Roy,Nashik,MH,2022-08-31,N
C105326,Tarun Tiwari,Surat,GJ,2022-09-01,N
C105327,Riya Menon,Jaipur,RJ,2024-10-14,N
C105328,Thomas Das,Indore,MP,2023-05-27,Y
C105329,Lobsang Verma,Dehradun,UK,2023-07-01,N
C105330,Mohammed Kapoor,Raipur,CG,2023-06-02,Y
C105331,Faisal Kulkarni,Ranchi,JH,2023-01-11,N
C105332,Megha Banerjee,Mumbai,MH,2024-11-19,Y
C105333,Pooja Arora,Delhi,DL,2023-12-17,N
C105334,Farah Trivedi,Chandigarh,CH,2024-06-20,N
C105335,Komal Reddy,Mysuru,KA,2023-03-20,N
C105336,Meera Singh,Hyderabad,TS,2024-05-21,N
C105337,Saanvi Sheikh,Ranchi,JH,2024-04-06,N
C105338,Aditya Singh,Mysuru,KA,2023-12-19,N
C105339,Daniel Mathew,Lucknow,UP,2024-09-14,N
C105340,Sameer Banerjee,Visakhapatnam,AP,2023-03-10,Y
C105341,Megha Yadav,Delhi,DL,2022-11-16,N
C105342,Sai Mukherjee,Pune,MH,2023-10-21,N
C105343,Manish Pereira,Vadodara,GJ,2023-12-12,N
C105344,Ritika Tiwari,Chandigarh,CH,2023-11-30,N
C105345,Ramesh Fernandes,Bengaluru,KA,2024-05-25,Y
C105346,Amit Shah,Pune,MH,2024-11-16,N
C105347,Saanvi Kulkarni,Guwahati,AS,2024-06-27,N
C105348,Vikram Bansal,Gurugram,HR,2023-09-29,Y
C105349,Rajat Kumar,Vadodara,GJ,2022-09-04,Y
C105350,Varun Agarwal,Patna,BR,2024-03-10,Y
C105351,Sai Banerjee,Pune,MH,2024-12-15,Y
C105352,Diya Sheikh,Chennai,TN,2024-04-07,Y
C105353,Sai Pandey,Kolkata,WB,2023-06-10,N
C105354,Komal Yadav,Bhubaneswar,OR,2024-10-05,N
C105355,Zaid Mittal,Ranchi,JH,2024-08-24,N
C105356,Swati Pawar,Gurugram,HR,2024-08-09,Y
C105357,Pranav Mishra,Ranchi,JH,2024-05-24,N
C105358,Sunita Nair,Thiruvananthapuram,KL,2023-07-30,N
C105359,Deepak Pawar,Gurugram,HR,2023-06-10,N
C105360,Nisha Sethi,Coimbatore,TN,2023-07-10,Y
C105361,Geeta Sandhu,Ranchi,JH,2023-03-24,N
C105362,Meera Yadav,Patna,BR,2023-09-20,N
C105363,Lobsang Roy,Jaipur,RJ,2022-10-06,N
C105364,Swati Menon,Kolkata,WB,2024-04-04,N
C105365,Sunita Mathew,Kochi,KL,2024-09-16,Y
C105366,Dev Fernandes,Guwahati,AS,2022-12-12,Y
C105367,Meera Desai,Bengaluru,KA,2022-11-10,N
C105368,Imran Singh,Gurugram,HR,2023-04-05,N
C105369,Shreya Kumar,Jaipur,RJ,2024-03-09,N
C105370,Karan Yadav,Ranchi,JH,2024-09-02,N
C105371,Aadhya Trivedi,Thiruvananthapuram,KL,2023-07-29,N
C105372,Sukhwinder Rao,Delhi,DL,2024-07-03,N
C105373,Diya Qureshi,Chandigarh,CH,2023-09-11,N
C105374,Daniel Arora,Ranchi,JH,2023-04-29,Y
C105375,Rahul Joshi,Vadodara,GJ,2024-04-07,N
C105376,Deepak Nair,Hyderabad,TS,2023-12-25,N
C105377,Siddharth Shinde,Patna,BR,2024-02-28,N
C105378,Deepak Saxena,Pune,MH,2023-09-08,N
C105379,Tanvi Bhatt,Kolkata,WB,2023-01-21,N
C105380,Ananya Patel,Lucknow,UP,2022-09-28,N
C105381,Riya Arora,Raipur,CG,2023-07-11,Y
C105382,Rahul Jadhav,Bengaluru,KA,2022-08-12,N
C105383,Mohammed Mathew,Chennai,TN,2022-12-24,N
C105384,Krishna Desai,Vadodara,GJ,2023-08-15,Y
C105385,Simran Bhatia,Indore,MP,2024-07-02,N
C105386,Sukhwinder Khan,Visakhapatnam,AP,2023-09-21,N
C105387,Zaid Mathew,Gurugram,HR,2022-10-18,N
C105388,Gurpreet Pereira,Nagpur,MH,2023-09-22,Y
C105389,Vivaan Srivastava,Mumbai,MH,2022-08-14,Y
C105390,Ankit Arora,Dehradun,UK,2023-09-06,N
C105391,Sai Goyal,Coimbatore,TN,2024-10-07,N
C105392,Aarav Sandhu,Ahmedabad,GJ,2024-06-28,Y
C105393,Harpreet Dutta,Nagpur,MH,2022-09-13,N
C105394,Rohit Bhatt,Kochi,KL,2024-03-05,N
C105395,Ananya Dhillon,Ranchi,JH,2023-09-30,N
C105396,Geeta D'Souza,Jaipur,RJ,2022-07-27,N
C105397,Anjali Patil,Ahmedabad,GJ,2024-01-26,N
C105398,Bhavna Dhillon,Surat,GJ,2024-03-20,N
C105399,Aadhya Gaikwad,Pune,MH,2023-03-02,N
C105400,Neha Joshi,Chennai,TN,2023-02-23,N
C105401,Shreya Ghosh,Gurugram,HR,2023-10-06,N
C105402,Farah Gaikwad,Thiruvananthapuram,KL,2023-11-05,N
C105403,Megha Mishra,Guwahati,AS,2023-02-15,N
C105404,Deepak Sen,Mumbai,MH,2023-11-13,N
C105405,Priya Trivedi,Dehradun,UK,2024-02-19,N
C105406,Reyansh Gaikwad,Pune,MH,2024-08-02,N
C105407,Anjali Shinde,Chandigarh,CH,2024-06-27,N
C105408,Meera Dhillon,Indore,MP,2024-12-05,Y
C105409,Lakshmi Kapoor,Lucknow,UP,2023-07-18,Y
C105410,Om Chopra,Pune,MH,2023-06-04,Y
C105411,Varun Rathore,Nagpur,MH,2023-12-25,N
C105412,Steven Sethi,Pune,MH,2023-08-23,N
C105413,Bhavna Mehta,Pune,MH,2022-10-07,N
C105414,Amit Patil,Chennai,TN,2023-05-01,N
C105415,Rahul Kulkarni,Raipur,CG,2024-07-30,Y
C105416,Kabir Bansal,Gurugram,HR,2023-09-05,N
C105417,Sneha Bhatt,Noida,UP,2024-05-07,N
C105418,Faisal Sheikh,Raipur,CG,2023-01-28,N
C105419,Geeta Goyal,Thiruvananthapuram,KL,2024-02-07,N
C105420,Vikram Chopra,Dehradun,UK,2024-10-13,N
C105421,Isha Dutta,Ranchi,JH,2022-09-07,N
C105422,Siddharth Nair,Chennai,TN,2023-11-30,Y
C105423,Suresh Sandhu,Bhopal,MP,2023-06-09,Y
C105424,Karan Khan,Nashik,MH,2024-06-17,Y
C105425,Payal Kapoor,Dehradun,UK,2023-03-12,N
C105426,Meera Jain,Raipur,CG,2023-05-19,N
C105427,Arjun Chatterjee,Ahmedabad,GJ,2024-12-30,N
C105428,Harpreet Fernandes,Surat,GJ,2024-01-03,N
C105429,Vikram Desai,Noida,UP,2022-07-27,N
C105430,Arjun Dhillon,Mumbai,MH,2023-07-09,N
C105431,Om Verma,Patna,BR,2023-04-02,Y
C105432,Dev Sen,Guwahati,AS,2024-08-28,Y
C105433,Ayaan Sethi,Lucknow,UP,2024-12-24,N
C105434,Lakshmi Pawar,Lucknow,UP,2024-07-18,N
C105435,Aadhya Khan,Mysuru,KA,2024-02-29,N
C105436,Abhishek Joshi,Ahmedabad,GJ,2024-01-17,N
C105437,Geeta Chopra,Raipur,CG,2022-12-05,N
C105438,Shreya Das,Mumbai,MH,2024-06-05,Y
C105439,Steven George,Lucknow,UP,2023-04-17,N
C105440,Tarun Ghosh,Bhubaneswar,OR,2024-02-22,N
C105441,Aarav Siddiqui,Bengaluru,KA,2024-06-24,Y
C105442,Riya Arora,Mysuru,KA,2023-07-11,N
C105443,Deepak Sandhu,Hyderabad,TS,2024-12-11,N
C105444,Payal Malhotra,Lucknow,UP,2023-04-23,N
C105445,Steven Khan,Ahmedabad,GJ,2023-10-20,Y
C105446,Suresh Mehta,Guwahati,AS,2023-04-10,Y
C105447,Vivaan Gaikwad,Guwahati,AS,2023-09-01,N
C105448,Sneha Siddiqui,Patna,BR,2022-12-31,N
C105449,Deepak Patil,Chandigarh,CH,2022-08-30,N
C105450,Zaid Gaikwad,Lucknow,UP,2023-05-06,N
C105451,Harsh Tiwari,Gurugram,HR,2023-03-06,N
C105452,Daniel Trivedi,Gurugram,HR,2023-02-16,N
C105453,Ishaan Khanna,Gurugram,HR,2024-07-22,N
C105454,Karan Pawar,Noida,UP,2024-01-08,N
C105455,Suresh Mishra,Bhubaneswar,OR,2023-06-18,Y
C105456,Ankit Banerjee,Nagpur,MH,2023-09-03,Y
C105457,Om Bhatt,Nashik,MH,2024-02-01,N
C105458,Meera D'Souza,Kochi,KL,2023-03-15,N
C105459,Amit Ansari,Nagpur,MH,2024-11-08,Y
C105460,Rajat Varghese,Visakhapatnam,AP,2024-08-09,N
C105461,Kunal Gupta,Lucknow,UP,2024-06-15,N
C105462,Anjali Varghese,Dehradun,UK,2024-03-08,N
C105463,Megha Dhillon,Vadodara,GJ,2024-01-07,N
C105464,Karan Pillai,Kochi,KL,2024-08-02,N
C105465,Lakshmi Mishra,Guwahati,AS,2023-06-02,N
C105466,Vikram Arora,Pune,MH,2023-12-10,N
C105467,Ritika Gupta,Kolkata,WB,2024-04-12,N
C105468,Varun Pandey,Raipur,CG,2024-09-25,N
C105469,Rohan Pillai,Ahmedabad,GJ,2022-12-27,Y
C105470,Farah Mittal,Pune,MH,2022-10-11,N
C105471,Imran Sharma,Raipur,CG,2022-11-29,Y
C105472,Zaid Chopra,Lucknow,UP,2023-07-11,N
C105473,Ramesh Bhatia,Surat,GJ,2024-07-22,N
C105474,Gurpreet Nair,Visakhapatnam,AP,2023-11-29,N
C105475,Ananya Kaur,Gurugram,HR,2024-12-05,N
C105476,Karan Mehta,Kolkata,WB,2022-10-16,N
C105477,Thomas Pawar,Dehradun,UK,2024-03-04,N
C105478,Siddharth Deshpande,Mumbai,MH,2023-01-17,N
C105479,Manish Dutta,Bhopal,MP,2022-11-16,N
C105480,Rahul Kumar,Hyderabad,TS,2023-05-09,N
C105481,Sameer Singh,Raipur,CG,2022-11-14,Y
C105482,Abhishek Patil,Nagpur,MH,2024-05-21,N
C105483,Deepak Sheikh,Thiruvananthapuram,KL,2022-11-10,N
C105484,Pooja Yadav,Kochi,KL,2024-07-22,N
C105485,Zaid Mathew,Chandigarh,CH,2023-03-31,Y
C105486,Dev Sethi,Delhi,DL,2022-08-27,N
C105487,Ritika Ghosh,Ranchi,JH,2022-07-18,N
C105488,Pranav Mathew,Raipur,CG,2024-04-14,N
C105489,Isha Mehta,Noida,UP,2024-06-12,N
C105490,Arjun Sharma,Guwahati,AS,2022-08-23,N
C105491,Megha Iyer,Bengaluru,KA,2023-07-28,N
C105492,Sai Dutta,Lucknow,UP,2024-10-19,Y
C105493,Farah Singh,Visakhapatnam,AP,2023-02-19,N
C105494,Nisha Kulkarni,Surat,GJ,2024-05-17,N
C105495,Payal Tiwari,Mysuru,KA,2022-12-12,N
C105496,Rohan Chatterjee,Vadodara,GJ,2023-05-09,N
C105497,Krishna Siddiqui,Bhubaneswar,OR,2023-10-05,Y
C105498,Simran Ansari,Surat,GJ,2023-03-02,N
C105499,Imran Gill,Bengaluru,KA,2022-11-14,N
C105500,Ramesh Mishra,Nashik,MH,2023-01-23,Y
C105501,Steven Chatterjee,Ranchi,JH,2022-08-03,N
C105502,Karan Malhotra,Chennai,TN,2024-02-29,Y
C105503,Harpreet Pawar,Hyderabad,TS,2024-06-01,N
C105504,Yash Das,Kolkata,WB,2023-07-13,Y
C105505,Thomas Dhillon,Indore,MP,2023-03-25,N
C105506,Ishaan Bhatia,Pune,MH,2023-10-28,Y
C105507,Zoya Kapoor,Lucknow,UP,2023-07-05,N
C105508,Aishwarya Reddy,Ahmedabad,GJ,2023-07-04,Y
C105509,Shreya Sen,Raipur,CG,2025-01-01,Y
C105510,Aishwarya Dutta,Mumbai,MH,2022-10-13,N
C105511,Karan Sandhu,Chandigarh,CH,2022-09-15,N
C105512,Tenzin Joshi,Bhopal,MP,2023-05-07,Y
C105513,Ananya Dhillon,Noida,UP,2023-07-04,N
C105514,Lobsang Patil,Raipur,CG,2023-11-17,Y
C105515,Riya Sandhu,Noida,UP,2023-10-23,N
C105516,Krishna Gupta,Kochi,KL,2024-08-01,Y
C105517,Steven Reddy,Chandigarh,CH,2024-09-04,Y
C105518,Anjali Shinde,Kochi,KL,2024-01-12,N
C105519,Arjun Fernandes,Hyderabad,TS,2024-04-05,N
C105520,Harpreet Shinde,Guwahati,AS,2024-08-16,Y
C105521,Harsh Pillai,Thiruvananthapuram,KL,2024-07-06,Y
C105522,Rohan Shah,Indore,MP,2023-12-27,N
C105523,Manpreet Ghosh,Delhi,DL,2024-06-22,N
C105524,Thomas D'Souza,Chennai,TN,2023-06-05,N
C105525,Krishna Chatterjee,Indore,MP,2022-10-02,N
C105526,Kunal Rathore,Mysuru,KA,2022-12-17,N
C105527,Sameer Siddiqui,Nagpur,MH,2024-02-04,N
C105528,Swati Gill,Hyderabad,TS,2022-12-01,N
C105529,Bhavna Nair,Nagpur,MH,2022-08-06,Y
C105530,Ramesh Mishra,Jaipur,RJ,2022-10-27,N
C105531,Tanvi Rao,Bhubaneswar,OR,2024-08-31,N
C105532,Steven Siddiqui,Thiruvananthapuram,KL,2023-01-18,Y
C105533,Aarav Pillai,Kochi,KL,2023-06-13,Y
C105534,Rahul Deshpande,Surat,GJ,2024-10-11,Y
C105535,Zaid Srivastava,Chennai,TN,2024-04-11,Y
C105536,Geeta Yadav,Delhi,DL,2023-01-10,N
C105537,Ayaan Shah,Thiruvananthapuram,KL,2024-08-21,Y
C105538,Ayaan Jadhav,Surat,GJ,2024-06-24,N
C105539,Abhishek Siddiqui,Chandigarh,CH,2023-11-11,N
C105540,Rohit Bose,Surat,GJ,2024-09-18,N
C105541,Aditya Pandey,Delhi,DL,2023-02-24,N
C105542,Arjun Patil,Vadodara,GJ,2023-08-08,Y
C105543,Swati Menon,Mumbai,MH,2024-07-28,N
C105544,Ritika Goyal,Coimbatore,TN,2022-12-28,Y
C105545,Aishwarya Malhotra,Bhopal,MP,2023-07-07,Y
C105546,Daniel Roy,Lucknow,UP,2022-12-31,N
C105547,Komal Srivastava,Hyderabad,TS,2024-02-14,N
C105548,Riya Kapoor,Patna,BR,2022-08-27,Y
C105549,Ananya Bansal,Ranchi,JH,2023-05-02,Y
C105550,Isha Chauhan,Thiruvananthapuram,KL,2024-01-15,Y
C105551,Tenzin Naidu,Ranchi,JH,2023-06-10,N
C105552,Payal Sethi,Kolkata,WB,2023-04-15,Y
C105553,Saanvi Kumar,Lucknow,UP,2022-08-26,N
C105554,Rohit Kaur,Dehradun,UK,2023-11-18,Y
C105555,Divya Chatterjee,Pune,MH,2024-09-08,N
C105556,Anjali Mathew,Nashik,MH,2024-12-08,Y
C105557,Diya Patil,Chandigarh,CH,2022-09-08,N
C105558,Faisal George,Raipur,CG,2023-11-22,Y
C105559,Divya Bhatt,Visakhapatnam,AP,2023-09-06,N
C105560,Deepak Singh,Guwahati,AS,2024-03-27,Y
C105561,Anjali D'Souza,Guwahati,AS,2024-02-25,Y
C105562,Thomas Chatterjee,Bhubaneswar,OR,2022-09-25,Y
C105563,Steven Pillai,Visakhapatnam,AP,2022-11-30,N
C105564,Saanvi Pereira,Nagpur,MH,2023-02-08,N
C105565,Divya Pandey,Chennai,TN,2024-12-04,N
C105566,Divya Kumar,Patna,BR,2024-02-27,N
C105567,Ankit Rathore,Chennai,TN,2022-08-16,N
C105568,Steven Patil,Nagpur,MH,2023-02-22,N
C105569,Bhavna Bose,Nagpur,MH,2022-11-19,Y
C105570,Ritika Ghosh,Bhubaneswar,OR,2024-01-12,N
C105571,Jaspreet Sethi,Guwahati,AS,2022-10-05,N
C105572,Saanvi Mittal,Kochi,KL,2023-06-04,N
C105573,Zaid Desai,Vadodara,GJ,2024-05-13,N
C105574,Pooja Kulkarni,Kochi,KL,2022-09-16,Y
C105575,Tanvi Siddiqui,Lucknow,UP,2022-07-23,N
C105576,Ankit Dhillon,Bengaluru,KA,2023-12-07,Y
C105577,Aarav Mishra,Thiruvananthapuram,KL,2023-05-21,Y
C105578,Steven Malhotra,Chandigarh,CH,2023-02-04,Y
C105579,Faisal Mukherjee,Chandigarh,CH,2024-04-20,N
C105580,Ankit Verma,Gurugram,HR,2024-10-15,N
C105581,Om Jadhav,Thiruvananthapuram,KL,2024-12-01,N
C105582,Dev Desai,Guwahati,AS,2024-03-28,N
C105583,Aarav Siddiqui,Guwahati,AS,2022-11-23,Y
C105584,Geeta Dhillon,Patna,BR,2022-09-10,Y
C105585,Varun Bose,Chennai,TN,2023-06-30,Y
C105586,Rajat Verma,Coimbatore,TN,2024-12-16,N
C105587,Harpreet Chauhan,Noida,UP,2022-08-22,N
C105588,Isha Malhotra,Bhopal,MP,2023-08-08,N
C105589,Steven Trivedi,Jaipur,RJ,2024-07-10,Y
C105590,Varun Shinde,Raipur,CG,2024-06-11,Y
C105591,Joseph Sethi,Pune,MH,2023-05-25,N
C105592,Farah Roy,Chennai,TN,2023-07-15,N
C105593,Bhavna Kumar,Bhubaneswar,OR,2024-09-25,N
C105594,Vivaan Sharma,Nashik,MH,2022-11-04,Y
C105595,Nisha George,Chennai,TN,2024-05-27,N
C105596,Lakshmi Roy,Ranchi,JH,2023-04-03,Y
C105597,Vivaan Mittal,Nashik,MH,2025-01-01,Y
C105598,Rohit Patel,Surat,GJ,2024-07-31,N
C105599,Sukhwinder Kapoor,Kochi,KL,2024-12-15,N
C105600,Riya Jain,Chennai,TN,2022-12-17,N
C105601,Rohit Gaikwad,Guwahati,AS,2024-07-23,N
C105602,Thomas Goyal,Kochi,KL,2022-07-29,N
C105603,Zoya Chatterjee,Noida,UP,2022-11-30,N
C105604,Divya Agarwal,Guwahati,AS,2023-11-10,N
C105605,Sukhwinder Chopra,Ahmedabad,GJ,2022-12-31,N
C105606,Ankit Bansal,Gurugram,HR,2022-08-05,Y
C105607,Ayaan Pandey,Visakhapatnam,AP,2023-06-19,N
C105608,Suresh Chauhan,Surat,GJ,2023-08-19,N
C105609,Zoya Mittal,Dehradun,UK,2023-03-18,N
C105610,Simran Chatterjee,Raipur,CG,2023-07-26,N
C105611,Ishaan Reddy,Dehradun,UK,2024-04-03,Y
C105612,Ayaan Joshi,Delhi,DL,2023-03-14,N
C105613,Mohammed Das,Vadodara,GJ,2024-07-15,N
C105614,Diya Pereira,Ahmedabad,GJ,2022-12-23,N
C105615,Sameer Singh,Lucknow,UP,2023-10-13,Y
C105616,Daniel Pillai,Bhubaneswar,OR,2022-10-14,Y
C105617,Riya D'Souza,Guwahati,AS,2023-02-25,N
C105618,Harsh Iyer,Mysuru,KA,2023-07-22,N
C105619,Yash Varghese,Gurugram,HR,2024-04-11,N
C105620,Megha Bose,Ahmedabad,GJ,2023-12-05,Y
C105621,Kavya D'Souza,Kolkata,WB,2022-10-27,N
C105622,Ayaan Kumar,Visakhapatnam,AP,2023-06-10,N
C105623,Ritika Agarwal,Gurugram,HR,2022-09-24,Y
C105624,Aadhya Shah,Delhi,DL,2023-12-11,N
C105625,Jaspreet Bansal,Chennai,TN,2024-03-27,N
C105626,Faisal Bansal,Visakhapatnam,AP,2022-09-03,N
C105627,Krishna Chauhan,Visakhapatnam,AP,2023-06-27,N
C105628,Simran Tiwari,Ranchi,JH,2022-12-14,Y
C105629,Rohit Ansari,Raipur,CG,2024-11-23,Y
C105630,Vivaan Jain,Lucknow,UP,2022-08-15,N
C105631,Rohan Pillai,Indore,MP,2023-02-20,N
C105632,Simran Tiwari,Vadodara,GJ,2024-09-17,N
C105633,Om Rao,Mumbai,MH,2023-12-22,Y
C105634,Anjali Mukherjee,Gurugram,HR,2024-10-26,N
C105635,Simran Gaikwad,Raipur,CG,2022-12-17,N
C105636,Pranav Gill,Visakhapatnam,AP,2022-10-17,N
C105637,Komal Chopra,Indore,MP,2024-12-06,N
C105638,Rajat D'Souza,Vadodara,GJ,2023-08-21,N
C105639,Harsh Chauhan,Patna,BR,2023-03-29,N
C105640,Sneha Arora,Bhubaneswar,OR,2024-06-09,N
C105641,Isha Reddy,Bhubaneswar,OR,2024-10-05,N
C105642,Kabir Goyal,Noida,UP,2024-06-08,N
C105643,Yash Roy,Mysuru,KA,2024-11-05,Y
C105644,Shreya Khan,Indore,MP,2024-03-08,N
C105645,Yash Fernandes,Kolkata,WB,2024-04-02,N
C105646,Reyansh Kaur,Chandigarh,CH,2024-09-18,N
C105647,Rajat Pereira,Kolkata,WB,2022-08-18,Y
C105648,Isha Chauhan,Raipur,CG,2024-10-10,N
C105649,Harsh Desai,Guwahati,AS,2024-09-18,N
C105650,Suresh Sharma,Thiruvananthapuram,KL,2023-01-28,Y
C105651,Siddharth Menon,Raipur,CG,2024-01-02,Y
C105652,Yash Gaikwad,Raipur,CG,2023-09-12,Y
C105653,Ayaan Kapoor,Patna,BR,2024-02-07,N
C105654,Arjun Dhillon,Ahmedabad,GJ,2022-08-26,Y
C105655,Aarav Chatterjee,Raipur,CG,2023-08-25,N
C105656,Reyansh Mathew,Bengaluru,KA,2023-06-20,Y
C105657,Diya Gaikwad,Chennai,TN,2024-07-31,N
C105658,Sai Arora,Chennai,TN,2023-09-30,N
C105659,Nisha Mishra,Mumbai,MH,2023-07-20,Y
C105660,Steven Chauhan,Surat,GJ,2024-08-28,N
C105661,Daniel Sheikh,Hyderabad,TS,2023-11-14,N
C105662,Sunita Desai,Ahmedabad,GJ,2024-07-29,N
C105663,Ishaan Chatterjee,Hyderabad,TS,2024-03-04,Y
C105664,Siddharth Sheikh,Lucknow,UP,2023-12-01,Y
C105665,Rohit Rathore,Nagpur,MH,2024-03-01,N
C105666,Manish Deshpande,Kolkata,WB,2024-05-25,Y
C105667,Isha Malhotra,Dehradun,UK,2023-10-09,Y
C105668,Manish Siddiqui,Mumbai,MH,2024-11-19,N
C105669,Sameer Chatterjee,Indore,MP,2023-07-23,Y
C105670,Sai Pawar,Thiruvananthapuram,KL,2024-06-26,Y
C105671,Sai Gill,Gurugram,HR,2023-04-14,N
C105672,Kunal Singh,Visakhapatnam,AP,2023-01-10,N
C105673,Payal Sharma,Coimbatore,TN,2024-03-22,N
C105674,Aarav Mittal,Dehradun,UK,2023-07-19,Y
C105675,Amit Bose,Patna,BR,2023-11-25,Y
C105676,Divya Bhatt,Mysuru,KA,2024-10-21,N
C105677,Sameer Pereira,Noida,UP,2024-07-18,N
C105678,Sameer Gill,Guwahati,AS,2023-10-02,N
C105679,Deepak Chauhan,Gurugram,HR,2023-12-03,N
C105680,Sunita Sen,Bhubaneswar,OR,2024-09-01,Y
C105681,Jaspreet Kulkarni,Chandigarh,CH,2022-10-30,N
C105682,Anjali Chauhan,Mysuru,KA,2024-08-10,N
C105683,Tanvi Jadhav,Pune,MH,2024-09-02,Y
C105684,Om Shinde,Nagpur,MH,2024-04-28,N
C105685,Gurpreet Qureshi,Coimbatore,TN,2023-03-21,N
C105686,Reyansh Bansal,Mumbai,MH,2023-08-06,N
C105687,Sameer Desai,Patna,BR,2024-04-22,N
C105688,Karan Iyer,Indore,MP,2023-03-01,N
C105689,Ayaan Jain,Kolkata,WB,2023-01-22,N
C105690,Ritika Patel,Surat,GJ,2022-10-16,N
C105691,Joseph Shah,Ranchi,JH,2022-11-06,Y
C105692,Bhavna Banerjee,Indore,MP,2023-01-13,N
C105693,Tarun Pandey,Surat,GJ,2022-11-16,N
C105694,Megha Khan,Bhopal,MP,2022-12-21,Y
C105695,Kabir Bansal,Bhubaneswar,OR,2024-01-28,N
C105696,Aditya Mittal,Lucknow,UP,2023-03-08,N
C105697,Saanvi Deshpande,Visakhapatnam,AP,2024-02-01,N
C105698,Joseph Mittal,Chandigarh,CH,2024-04-16,Y
C105699,Zaid Khanna,Nashik,MH,2022-10-27,N
C105700,Farah Srivastava,Nagpur,MH,2024-09-02,N
C105701,Pooja Mittal,Dehradun,UK,2024-10-17,N
C105702,Neha Kaur,Mysuru,KA,2023-12-28,N
C105703,Sneha Chauhan,Chennai,TN,2023-05-16,Y
C105704,Pranav Ansari,Thiruvananthapuram,KL,2024-11-08,N
C105705,Nisha Naidu,Ahmedabad,GJ,2022-12-15,N
C105706,Bhavna Kapoor,Surat,GJ,2024-07-15,N
C105707,Suresh Banerjee,Dehradun,UK,2023-03-23,N
C105708,Zoya Malhotra,Kolkata,WB,2024-02-09,N
C105709,Saanvi Gupta,Ranchi,JH,2023-12-04,N
C105710,Komal Kumar,Kochi,KL,2024-06-17,N
C105711,Ishaan Qureshi,Surat,GJ,2023-08-19,N
C105712,Aarav Bose,Vadodara,GJ,2022-10-08,N
C105713,Rohan Rathore,Ranchi,JH,2024-08-17,Y
C105714,Ritika Jain,Dehradun,UK,2022-12-05,Y
C105715,Isha Nair,Nashik,MH,2022-12-08,N
C105716,Varun Bhatt,Lucknow,UP,2024-08-16,N
C105717,Zaid Jain,Bengaluru,KA,2023-03-18,N
C105718,Jaspreet Ansari,Hyderabad,TS,2023-11-10,N
C105719,Diya Pandey,Nashik,MH,2023-05-12,N
C105720,Riya Ghosh,Surat,GJ,2023-04-28,Y
C105721,Ramesh Kulkarni,Surat,GJ,2024-06-10,Y
C105722,Saanvi Sandhu,Indore,MP,2024-05-19,N
C105723,Amit Agarwal,Chennai,TN,2024-03-12,Y
C105724,Lakshmi Khan,Gurugram,HR,2024-08-20,N
C105725,Steven Kaur,Noida,UP,2024-09-29,N
C105726,Abhishek Pawar,Patna,BR,2024-04-30,N
C105727,Zaid Das,Surat,GJ,2024-06-08,Y
C105728,Aditya Pillai,Kolkata,WB,2024-02-07,N
C105729,Ramesh Mukherjee,Thiruvananthapuram,KL,2024-07-03,N
C105730,Neha Pandey,Thiruvananthapuram,KL,2022-10-11,N
C105731,Jaspreet Srivastava,Indore,MP,2022-09-16,N
C105732,Geeta Bose,Mysuru,KA,2024-10-31,Y
C105733,Krishna Saxena,Kolkata,WB,2024-07-13,N
C105734,Aishwarya Ghosh,Bhopal,MP,2024-09-28,N
C105735,Saanvi Sen,Thiruvananthapuram,KL,2024-04-08,N
C105736,Saanvi Chatterjee,Raipur,CG,2024-11-06,N
C105737,Suresh Jadhav,Lucknow,UP,2023-08-10,N
C105738,Thomas Pawar,Lucknow,UP,2024-08-17,Y
C105739,Ritika Kaur,Nashik,MH,2022-11-18,Y
C105740,Divya Trivedi,Nashik,MH,2023-11-01,Y
C105741,Ishaan Pillai,Pune,MH,2023-05-26,Y
C105742,Kabir Patel,Bengaluru,KA,2023-02-20,Y
C105743,Om Khan,Nashik,MH,2023-12-16,Y
C105744,Steven Banerjee,Jaipur,RJ,2024-01-07,Y
C105745,Zaid Sheikh,Nagpur,MH,2024-12-09,N
C105746,Daniel Chatterjee,Kochi,KL,2022-12-29,N
C105747,Siddharth Jain,Nashik,MH,2022-08-29,N
C105748,Aadhya Kapoor,Chandigarh,CH,2023-03-30,N
C105749,Vihaan Khanna,Jaipur,RJ,2023-06-28,N
C105750,Geeta Jadhav,Chennai,TN,2024-06-28,N
C105751,Rohan Chatterjee,Kochi,KL,2022-08-04,N
C105752,Tenzin Khanna,Vadodara,GJ,2023-07-10,N
C105753,Reyansh Pereira,Delhi,DL,2023-06-21,Y
C105754,Reyansh Das,Chennai,TN,2024-11-25,Y
C105755,Shreya Pillai,Bhubaneswar,OR,2023-08-27,N
C105756,Ishaan Patil,Coimbatore,TN,2023-04-29,N
C105757,Ritika Gill,Surat,GJ,2022-12-15,N
C105758,Sunita Rao,Bhubaneswar,OR,2023-07-21,Y
C105759,Aishwarya Kaur,Chennai,TN,2022-11-28,N
C105760,Varun Dutta,Thiruvananthapuram,KL,2023-03-09,N
C105761,Imran George,Jaipur,RJ,2023-11-11,N
C105762,Aadhya Sharma,Kolkata,WB,2024-02-01,Y
C105763,Geeta Shah,Visakhapatnam,AP,2024-09-21,N
C105764,Manpreet Qureshi,Vadodara,GJ,2023-09-09,N
C105765,Yash Reddy,Mumbai,MH,2023-11-15,Y
C105766,Komal Pawar,Visakhapatnam,AP,2024-01-09,N
C105767,Abhishek Kumar,Gurugram,HR,2023-04-04,N
C105768,Krishna Pereira,Chandigarh,CH,2024-04-06,N
C105769,Arjun Goyal,Surat,GJ,2024-06-14,Y
C105770,Bhavna Bhatia,Bhubaneswar,OR,2023-10-26,N
C105771,Komal Sandhu,Noida,UP,2024-07-02,N
C105772,Saanvi George,Bengaluru,KA,2022-09-09,N
C105773,Karan Singh,Nagpur,MH,2024-06-17,N
C105774,Imran Pawar,Visakhapatnam,AP,2024-07-25,N
C105775,Diya Gupta,Mumbai,MH,2023-07-16,N
C105776,Rahul Kaur,Bhopal,MP,2023-05-04,N
C105777,Anjali Banerjee,Bengaluru,KA,2022-10-15,N
C105778,Ananya Ghosh,Kolkata,WB,2024-04-17,N
C105779,Steven Srivastava,Bengaluru,KA,2024-01-23,N
C105780,Suresh Bhatia,Chennai,TN,2023-04-01,N
C105781,Farah Patil,Guwahati,AS,2022-07-18,Y
C105782,Neha Pawar,Thiruvananthapuram,KL,2024-05-21,N
C105783,Rajat Patel,Lucknow,UP,2023-10-05,Y
C105784,Pooja Dhillon,Bhopal,MP,2023-07-24,N
C105785,Ramesh Pereira,Patna,BR,2024-04-18,Y
C105786,Ananya Kulkarni,Delhi,DL,2023-11-11,Y
C105787,Tenzin Kumar,Mysuru,KA,2023-10-04,N
C105788,Shreya Ghosh,Indore,MP,2024-10-09,N
C105789,Simran Kulkarni,Indore,MP,2024-02-09,N
C105790,Siddharth Jain,Indore,MP,2023-06-04,Y
C105791,Pooja Yadav,Ranchi,JH,2023-01-23,N
C105792,Zoya D'Souza,Delhi,DL,2022-10-05,Y
C105793,Kabir Banerjee,Raipur,CG,2024-12-06,N
C105794,Anjali Dhillon,Dehradun,UK,2024-12-19,Y
C105795,Ankit Kumar,Dehradun,UK,2023-12-25,N
C105796,Imran Menon,Patna,BR,2023-02-09,N
C105797,Harsh Mehta,Bhopal,MP,2024-01-28,N
C105798,Arjun Jadhav,Raipur,CG,2024-05-29,N
C105799,Krishna Pereira,Visakhapatnam,AP,2023-12-25,Y
C105800,Vivaan Chauhan,Chandigarh,CH,2024-03-08,Y
C105801,Sunita Gupta,Guwahati,AS,2024-08-12,Y
C105802,Ananya Agarwal,Ranchi,JH,2023-06-10,Y
C105803,Pooja Sen,Noida,UP,2022-08-15,Y
C105804,Manpreet Patel,Patna,BR,2022-11-11,Y
C105805,Pranav Mishra,Indore,MP,2023-07-18,N
C105806,Swati Ansari,Jaipur,RJ,2024-04-01,N
C105807,Kavya George,Raipur,CG,2024-07-10,N
C105808,Saanvi Chopra,Hyderabad,TS,2023-12-19,N
C105809,Rahul Sharma,Coimbatore,TN,2023-09-02,N
C105810,Aadhya Bhatia,Mumbai,MH,2023-04-05,Y
C105811,Mohammed Khan,Nashik,MH,2023-04-07,Y
C105812,Riya Iyer,Ranchi,JH,2023-02-16,N
C105813,Nikhil Iyer,Delhi,DL,2024-08-19,N
C105814,Kavya Desai,Patna,BR,2023-05-24,N
C105815,Reyansh Kulkarni,Nagpur,MH,2024-05-18,N
C105816,Sukhwinder Gupta,Kolkata,WB,2024-02-03,N
C105817,Divya Sandhu,Bhubaneswar,OR,2022-12-14,Y
C105818,Pranav Iyer,Lucknow,UP,2024-08-22,N
C105819,Neha Banerjee,Kolkata,WB,2024-04-16,N
C105820,Deepak Mittal,Ranchi,JH,2024-10-30,N
C105821,Farah Sen,Visakhapatnam,AP,2023-04-03,N
C105822,Rajat Singh,Visakhapatnam,AP,2023-08-10,N
C105823,Isha Naidu,Kochi,KL,2023-08-08,N
C105824,Rajat Mathew,Kochi,KL,2023-10-11,Y
C105825,Manish Naidu,Vadodara,GJ,2024-10-06,N
C105826,Priya Agarwal,Raipur,CG,2022-10-24,N
C105827,Simran Menon,Guwahati,AS,2024-07-29,N
C105828,Varun Mehta,Patna,BR,2024-01-24,N
C105829,Rahul Sethi,Surat,GJ,2023-11-11,N
C105830,Yash Naidu,Dehradun,UK,2024-03-15,N
C105831,Simran Roy,Nagpur,MH,2024-12-06,N
C105832,Deepak Kaur,Mysuru,KA,2024-07-27,N
C105833,Simran Tiwari,Mumbai,MH,2023-06-24,Y
C105834,Varun Bhatt,Chandigarh,CH,2023-08-21,N
C105835,Neha Bhatia,Gurugram,HR,2023-02-27,N
C105836,Payal Iyer,Chandigarh,CH,2023-09-07,N
C105837,Ayaan Ghosh,Lucknow,UP,2024-03-29,N
C105838,Arjun Mishra,Nagpur,MH,2023-04-14,N
C105839,Sunita Sandhu,Vadodara,GJ,2024-01-21,Y
C105840,Rohan Sethi,Coimbatore,TN,2024-03-02,N
C105841,Kavya Gaikwad,Coimbatore,TN,2024-03-26,N
C105842,Aishwarya Mehta,Chennai,TN,2023-03-17,Y
C105843,Lakshmi Kaur,Indore,MP,2024-08-05,N
C105844,Dev Rathore,Surat,GJ,2023-02-08,Y
C105845,Nisha Chatterjee,Hyderabad,TS,2023-03-31,N
C105846,Isha Menon,Hyderabad,TS,2024-09-05,N
C105847,Saanvi Kumar,Surat,GJ,2023-07-17,Y
C105848,Lakshmi Saxena,Noida,UP,2023-03-16,Y
C105849,Sneha Verma,Lucknow,UP,2023-03-09,N
C105850,Abhishek Desai,Nashik,MH,2023-06-26,Y
C105851,Kunal Das,Raipur,CG,2024-10-06,N
C105852,Meera Khanna,Coimbatore,TN,2024-12-04,N
C105853,Kavya Malhotra,Thiruvananthapuram,KL,2022-09-19,Y
C105854,Aishwarya Khan,Hyderabad,TS,2024-08-21,Y
C105855,Payal Pawar,Chennai,TN,2023-01-09,N
C105856,Gurpreet Varghese,Vadodara,GJ,2024-10-22,Y
C105857,Aishwarya Nair,Jaipur,RJ,2023-01-14,N
C105858,Ritika Pandey,Ranchi,JH,2022-08-25,Y
C105859,Isha Patel,Guwahati,AS,2024-03-25,N
C105860,Varun Gupta,Chandigarh,CH,2024-08-06,Y
C105861,Jaspreet Chauhan,Guwahati,AS,2023-05-21,N
C105862,Faisal Qureshi,Ahmedabad,GJ,2022-11-27,N
C105863,Reyansh Goyal,Gurugram,HR,2024-08-05,N
C105864,Siddharth Gill,Vadodara,GJ,2023-08-23,N
C105865,Isha Qureshi,Bhopal,MP,2024-04-04,Y
C105866,Swati Ghosh,Noida,UP,2024-05-24,N
C105867,Vihaan Banerjee,Kolkata,WB,2023-09-08,N
C105868,Karan Ansari,Visakhapatnam,AP,2022-10-05,N
C105869,Tenzin Qureshi,Surat,GJ,2022-10-17,N
C105870,Rahul Sharma,Chennai,TN,2023-06-17,N
C105871,Ishaan Khan,Bhopal,MP,2023-10-07,N
C105872,Megha Bhatia,Delhi,DL,2022-10-28,N
C105873,Abhishek Patil,Lucknow,UP,2024-02-02,N
C105874,Yash Pereira,Ahmedabad,GJ,2024-08-20,Y
C105875,Kavya Kulkarni,Nagpur,MH,2024-09-17,N
C105876,Ritika Gill,Bhopal,MP,2023-08-06,N
C105877,Deepak Mehta,Guwahati,AS,2024-12-05,N
C105878,Gurpreet Rathore,Patna,BR,2022-10-22,N
C105879,Dev Mittal,Delhi,DL,2023-01-25,N
C105880,Imran Deshpande,Ranchi,JH,2023-09-26,Y
C105881,Harpreet Gaikwad,Bhubaneswar,OR,2023-04-19,N
C105882,Megha Yadav,Bhubaneswar,OR,2024-01-08,N
C105883,Komal Bansal,Ranchi,JH,2024-05-10,N
C105884,Om Mathew,Bhopal,MP,2024-11-24,N
C105885,Harpreet Gill,Mysuru,KA,2023-04-19,N
C105886,Megha Qureshi,Guwahati,AS,2023-01-14,N
C105887,Reyansh Pandey,Bengaluru,KA,2024-09-26,N
C105888,Priya Reddy,Coimbatore,TN,2024-01-13,N
C105889,Aarav Dutta,Bhopal,MP,2024-08-02,N
C105890,Manish Menon,Bhopal,MP,2024-02-05,N
C105891,Rajat Sandhu,Vadodara,GJ,2024-03-15,Y
C105892,Varun Desai,Raipur,CG,2024-01-24,Y
C105893,Siddharth Bose,Mumbai,MH,2024-12-08,N
C105894,Reyansh Varghese,Guwahati,AS,2022-12-27,Y
C105895,Suresh Sen,Ahmedabad,GJ,2022-08-14,Y
C105896,Divya Verma,Lucknow,UP,2023-04-29,Y
C105897,Kavya Bose,Visakhapatnam,AP,2024-08-26,N
C105898,Rohit Singh,Vadodara,GJ,2023-08-06,N
C105899,Priya Dhillon,Ahmedabad,GJ,2024-10-28,N
C105900,Pranav Singh,Pune,MH,2024-01-01,N
C105901,Pooja Dutta,Ranchi,JH,2024-04-19,Y
C105902,Nikhil Yadav,Dehradun,UK,2023-07-15,Y
C105903,Mohammed Sharma,Kolkata,WB,2023-09-13,N
C105904,Aarav Shah,Thiruvananthapuram,KL,2023-05-18,N
C105905,Aadhya Chatterjee,Pune,MH,2022-10-05,N
C105906,Rohan Ghosh,Dehradun,UK,2024-01-04,N
C105907,Harsh Mehta,Mumbai,MH,2023-03-03,N
C105908,Rahul Bansal,Thiruvananthapuram,KL,2024-04-08,N
C105909,Priya Chauhan,Mysuru,KA,2024-05-20,N
C105910,Vikram Sethi,Lucknow,UP,2024-12-14,N
C105911,Suresh Banerjee,Jaipur,RJ,2023-09-26,Y
C105912,Karan Singh,Chennai,TN,2023-04-21,N
C105913,Saanvi Sharma,Bhubaneswar,OR,2023-05-12,Y
C105914,Rohit Sandhu,Nagpur,MH,2024-12-30,Y
C105915,Nisha Bansal,Mumbai,MH,2024-04-19,Y
C105916,Tenzin Sheikh,Pune,MH,2024-11-06,N
C105917,Vihaan Goyal,Bhopal,MP,2023-10-31,N
C105918,Rajat Bhatia,Thiruvananthapuram,KL,2024-06-03,Y
C105919,Harsh Bansal,Chandigarh,CH,2024-06-19,N
C105920,Saanvi Singh,Lucknow,UP,2022-11-25,N
C105921,Manish Chopra,Hyderabad,TS,2023-01-18,N
C105922,Kavya Bhatia,Bhubaneswar,OR,2023-04-13,Y
C105923,Ankit Fernandes,Raipur,CG,2023-12-25,Y
C105924,Rohit D'Souza,Patna,BR,2023-11-06,Y
C105925,Nisha Khan,Mumbai,MH,2023-06-29,Y
C105926,Priya Khanna,Vadodara,GJ,2023-09-24,Y
C105927,Reyansh Kumar,Chandigarh,CH,2022-09-18,N
C105928,Lobsang Naidu,Pune,MH,2023-12-31,N
C105929,Reyansh Chopra,Hyderabad,TS,2023-01-18,Y
C105930,Vihaan Jadhav,Dehradun,UK,2022-07-26,N
C105931,Manpreet Kaur,Kochi,KL,2024-12-30,N
C105932,Divya Shinde,Coimbatore,TN,2024-06-30,Y
C105933,Payal Bose,Dehradun,UK,2022-10-07,N
C105934,Ayaan Shah,Mysuru,KA,2022-08-21,Y
C105935,Ananya Iyer,Mumbai,MH,2023-11-29,Y
C105936,Meera Gupta,Hyderabad,TS,2023-10-21,N
C105937,Zoya Verma,Ranchi,JH,2024-04-16,N
C105938,Deepak Verma,Coimbatore,TN,2024-07-02,N
C105939,Swati Desai,Nagpur,MH,2023-06-03,N
C105940,Deepak Menon,Chandigarh,CH,2023-02-19,N
C105941,Amit Saxena,Mysuru,KA,2023-07-10,Y
C105942,Joseph Sharma,Chennai,TN,2023-03-08,N
C105943,Arjun Mukherjee,Mysuru,KA,2022-11-06,N
C105944,Megha Jadhav,Vadodara,GJ,2023-01-25,N
C105945,Ramesh Sheikh,Chandigarh,CH,2023-04-27,N
C105946,Dev Dhillon,Ranchi,JH,2023-04-01,N
C105947,Rohit Sen,Raipur,CG,2022-12-15,N
C105948,Daniel Singh,Noida,UP,2023-07-25,N
C105949,Neha Mukherjee,Lucknow,UP,2023-07-30,Y
C105950,Zaid Sethi,Noida,UP,2024-01-31,N
C105951,Aditya Patil,Surat,GJ,2024-08-02,N
C105952,Abhishek Sandhu,Pune,MH,2022-12-07,N
C105953,Aditya Gill,Nagpur,MH,2023-12-23,N
C105954,Faisal Arora,Thiruvananthapuram,KL,2024-09-01,N
C105955,Tarun Joshi,Chennai,TN,2024-11-16,N
C105956,Ritika Sandhu,Bhubaneswar,OR,2022-12-17,N
C105957,Ayaan Iyer,Lucknow,UP,2023-01-29,Y
C105958,Ishaan Chauhan,Guwahati,AS,2022-10-06,N
C105959,Farah Patel,Chandigarh,CH,2024-03-04,N
C105960,Ramesh Fernandes,Gurugram,HR,2024-01-09,N
C105961,Pranav Dhillon,Visakhapatnam,AP,2024-07-01,Y
C105962,Pranav Khan,Raipur,CG,2024-03-30,Y
C105963,Varun Goyal,Nashik,MH,2024-10-02,N
C105964,Deepak Srivastava,Mysuru,KA,2023-05-12,Y
C105965,Priya Qureshi,Mysuru,KA,2022-11-29,Y
C105966,Abhishek Sen,Raipur,CG,2022-08-27,N
C105967,Riya Kulkarni,Dehradun,UK,2023-03-06,Y
C105968,Varun Rathore,Ranchi,JH,2024-11-17,Y
C105969,Shreya Dutta,Thiruvananthapuram,KL,2024-08-30,Y
C105970,Tarun Rao,Chennai,TN,2024-09-23,Y
C105971,Zoya Jain,Bhubaneswar,OR,2023-04-01,Y
C105972,Om Khan,Bhopal,MP,2023-02-09,Y
C105973,Joseph Srivastava,Bhopal,MP,2022-07-26,Y
C105974,Nisha Jadhav,Gurugram,HR,2023-11-02,N
C105975,Krishna Bansal,Coimbatore,TN,2024-12-26,N
C105976,Simran Srivastava,Delhi,DL,2024-02-28,N
C105977,Aditya Trivedi,Bhubaneswar,OR,2024-07-29,Y
C105978,Geeta Bose,Bhubaneswar,OR,2023-12-31,N
C105979,Krishna Shah,Raipur,CG,2024-03-15,N
C105980,Sunita Fernandes,Coimbatore,TN,2024-05-17,Y
C105981,Neha Mathew,Vadodara,GJ,2023-12-15,N
C105982,Shreya Sheikh,Pune,MH,2024-01-31,N
C105983,Simran Goyal,Visakhapatnam,AP,2023-11-09,N
C105984,Sameer Tiwari,Pune,MH,2023-11-29,N
C105985,Simran Chauhan,Surat,GJ,2023-07-30,Y
C105986,Harpreet Bhatt,Nashik,MH,2024-10-05,N
C105987,Nikhil Chatterjee,Noida,UP,2023-11-14,N
C105988,Sunita Mishra,Pune,MH,2023-03-05,N
C105989,Sameer Kulkarni,Patna,BR,2022-09-18,Y
C105990,Sunita Khan,Visakhapatnam,AP,2023-05-04,N
C105991,Lakshmi Khan,Surat,GJ,2023-01-11,N
C105992,Saanvi Naidu,Ahmedabad,GJ,2024-11-15,N
C105993,Manish Yadav,Coimbatore,TN,2023-11-12,Y
C105994,Krishna Jadhav,Mysuru,KA,2024-02-14,N
C105995,Geeta Naidu,Delhi,DL,2022-09-11,N
C105996,Sameer Nair,Kochi,KL,2023-07-20,N
C105997,Ramesh Nair,Mumbai,MH,2022-08-25,N
C105998,Sukhwinder Sen,Patna,BR,2024-02-14,N
C105999,Daniel Shinde,Jaipur,RJ,2023-04-18,N
C106000,Thomas Sethi,Bhopal,MP,2023-12-24,Y
C106001,Bhavna Khan,Delhi,DL,2023-01-31,N
C106002,Imran Trivedi,Delhi,DL,2023-08-15,Y
C106003,Farah Malhotra,Vadodara,GJ,2022-09-10,N
C106004,Sunita Kulkarni,Nagpur,MH,2023-04-17,Y
C106005,Riya Iyer,Guwahati,AS,2023-03-22,Y
C106006,Payal Sharma,Mysuru,KA,2022-12-27,Y
C106007,Karan Sen,Bhubaneswar,OR,2023-10-19,N
C106008,Aadhya Deshpande,Nashik,MH,2024-02-01,Y
C106009,Simran Roy,Dehradun,UK,2023-11-16,N
C106010,Kavya Pereira,Jaipur,RJ,2024-11-13,Y
C106011,Rajat Dutta,Gurugram,HR,2023-06-19,Y
C106012,Yash Chopra,Bengaluru,KA,2024-11-27,Y
C106013,Rahul Agarwal,Dehradun,UK,2023-02-24,Y
C106014,Isha Malhotra,Raipur,CG,2024-03-03,Y
C106015,Ishaan D'Souza,Indore,MP,2022-11-12,Y
C106016,Manish Pillai,Jaipur,RJ,2022-09-15,N
C106017,Priya Srivastava,Kochi,KL,2023-09-18,N
C106018,Rohit Saxena,Patna,BR,2023-03-13,N
C106019,Deepak Roy,Guwahati,AS,2023-06-26,N
C106020,Siddharth Kulkarni,Guwahati,AS,2024-05-19,N
C106021,Steven Das,Raipur,CG,2024-01-11,N
C106022,Neha Iyer,Noida,UP,2023-12-01,Y
C106023,Sai Banerjee,Bhopal,MP,2024-12-18,Y
C106024,Yash Bansal,Delhi,DL,2023-06-15,N
C106025,Meera Verma,Chennai,TN,2023-10-29,Y
C106026,Sneha Chopra,Thiruvananthapuram,KL,2023-07-17,N
C106027,Rohan Gill,Dehradun,UK,2024-03-22,N
C106028,Geeta Dutta,Chandigarh,CH,2023-07-28,Y
C106029,Geeta Verma,Pune,MH,2024-06-08,N
C106030,Zoya Jain,Nashik,MH,2023-01-19,N
C106031,Nikhil Mittal,Kochi,KL,2022-11-07,N
C106032,Divya Kaur,Dehradun,UK,2024-07-14,N
C106033,Ayaan Das,Ranchi,JH,2023-04-19,N
C106034,Zoya Desai,Chandigarh,CH,2023-07-27,N
C106035,Priya Iyer,Chandigarh,CH,2024-09-13,N
C106036,Karan Agarwal,Patna,BR,2024-07-25,N
C106037,Abhishek Mukherjee,Kolkata,WB,2024-05-28,Y
C106038,Ankit Dutta,Patna,BR,2024-03-05,N
C106039,Yash Patel,Raipur,CG,2024-02-12,Y
C106040,Thomas Joshi,Coimbatore,TN,2023-10-11,N
C106041,Varun Goyal,Guwahati,AS,2024-07-09,N
C106042,Nikhil Sharma,Raipur,CG,2024-08-03,Y
C106043,Siddharth Goyal,Thiruvananthapuram,KL,2024-07-16,Y
C106044,Isha Reddy,Indore,MP,2023-07-07,N
C106045,Abhishek Arora,Indore,MP,2022-11-07,Y
C106046,Anjali Ansari,Mysuru,KA,2024-04-29,N
C106047,Ankit Bhatt,Chandigarh,CH,2022-11-14,Y
C106048,Kabir D'Souza,Visakhapatnam,AP,2023-05-13,Y
C106049,Manish Fernandes,Kochi,KL,2024-10-25,N
C106050,Riya Siddiqui,Patna,BR,2023-09-07,Y
C106051,Yash Pandey,Jaipur,RJ,2023-06-25,Y
C106052,Om Pillai,Visakhapatnam,AP,2024-08-17,N
C106053,Krishna Singh,Chennai,TN,2024-03-31,Y
C106054,Deepak Gaikwad,Indore,MP,2024-02-12,N
C106055,Faisal Rathore,Kolkata,WB,2022-10-31,Y
C106056,Arjun Bansal,Coimbatore,TN,2023-08-10,Y
C106057,Deepak Mishra,Kolkata,WB,2023-09-14,N
C106058,Thomas Kapoor,Visakhapatnam,AP,2024-04-04,N
C106059,Geeta Sheikh,Thiruvananthapuram,KL,2023-05-15,N
C106060,Pranav Naidu,Visakhapatnam,AP,2024-03-10,N
C106061,Nisha Bansal,Patna,BR,2023-07-13,Y
C106062,Rohit Sen,Bengaluru,KA,2022-12-14,Y
C106063,Daniel Mathew,Nagpur,MH,2023-11-04,N
C106064,Imran Pandey,Guwahati,AS,2024-02-11,N
C106065,Aadhya Sheikh,Jaipur,RJ,2022-10-11,N
C106066,Meera Goyal,Surat,GJ,2024-11-13,N
C106067,Abhishek Menon,Indore,MP,2024-07-06,Y
C106068,Manish Sharma,Noida,UP,2023-02-16,N
C106069,Vihaan Singh,Nashik,MH,2024-08-13,Y
C106070,Kabir Reddy,Chandigarh,CH,2024-06-01,N
C106071,Daniel Banerjee,Indore,MP,2023-12-30,Y
C106072,Deepak Qureshi,Coimbatore,TN,2023-03-23,N
C106073,Amit Yadav,Indore,MP,2024-12-17,N
C106074,Harsh Mukherjee,Surat,GJ,2024-11-29,Y
C106075,Aditya Siddiqui,Ahmedabad,GJ,2024-01-16,N
C106076,Gurpreet Gill,Mysuru,KA,2023-06-12,Y
C106077,Harsh Chauhan,Indore,MP,2024-02-01,N
C106078,Payal Sethi,Guwahati,AS,2024-04-25,N
C106079,Anjali Sandhu,Bhubaneswar,OR,2022-09-12,N
C106080,Simran Roy,Raipur,CG,2023-02-15,Y
C106081,Lobsang Sheikh,Patna,BR,2023-12-26,N
C106082,Isha Jadhav,Chandigarh,CH,2022-08-01,N
C106083,Priya Varghese,Gurugram,HR,2024-08-14,Y
C106084,Diya Sen,Patna,BR,2022-10-24,N
C106085,Sai Bhatt,Chandigarh,CH,2022-08-13,Y
C106086,Vikram Kaur,Lucknow,UP,2024-07-22,N
C106087,Vihaan Dutta,Pune,MH,2023-12-25,N
C106088,Tanvi Sethi,Jaipur,RJ,2023-08-17,N
C106089,Sneha Das,Bhopal,MP,2024-09-16,N
C106090,Aishwarya Bhatt,Raipur,CG,2024-12-18,N
C106091,Isha Jain,Kochi,KL,2024-05-21,Y
C106092,Payal Sandhu,Visakhapatnam,AP,2024-01-09,Y
C106093,Steven Jadhav,Nashik,MH,2024-02-21,N
C106094,Megha Chatterjee,Chandigarh,CH,2024-08-04,Y
C106095,Vivaan Deshpande,Bhopal,MP,2023-10-05,Y
C106096,Vihaan Mathew,Patna,BR,2023-09-18,N
C106097,Megha Desai,Delhi,DL,2023-02-15,Y
C106098,Aditya Pillai,Pune,MH,2024-03-10,N
C106099,Swati Fernandes,Visakhapatnam,AP,2024-10-20,N
C106100,Pranav Chauhan,Dehradun,UK,2023-04-10,Y
C106101,Siddharth Banerjee,Dehradun,UK,2023-07-16,N
C106102,Krishna Jain,Chandigarh,CH,2024-09-03,N
C106103,Meera Singh,Patna,BR,2023-09-29,Y
C106104,Sneha Kaur,Pune,MH,2024-02-20,N
C106105,Karan Chauhan,Nagpur,MH,2024-12-30,N
C106106,Swati Shinde,Visakhapatnam,AP,2022-11-05,N
C106107,Amit Kaur,Delhi,DL,2024-01-16,N
C106108,Saanvi Bose,Nashik,MH,2022-07-21,N
C106109,Pooja Gaikwad,Ranchi,JH,2024-01-05,N
C106110,Aarav Menon,Guwahati,AS,2024-05-16,N
C106111,Vihaan Singh,Indore,MP,2024-06-27,N
C106112,Ritika Trivedi,Pune,MH,2023-02-19,N
C106113,Simran Saxena,Bengaluru,KA,2023-09-20,N
C106114,Zoya Chopra,Coimbatore,TN,2024-08-03,N
C106115,Aditya Dutta,Pune,MH,2024-08-24,Y
C106116,Nikhil Khanna,Bengaluru,KA,2023-07-27,Y
C106117,Kavya Yadav,Nashik,MH,2023-06-30,N
C106118,Vikram Chopra,Chennai,TN,2023-11-26,N
C106119,Zoya Gill,Nagpur,MH,2024-09-30,N
C106120,Vihaan Chopra,Lucknow,UP,2022-08-22,Y
C106121,Sneha Gaikwad,Nagpur,MH,2024-11-24,N
C106122,Joseph Roy,Visakhapatnam,AP,2022-12-07,N
C106123,Vihaan Srivastava,Ranchi,JH,2022-10-29,N
C106124,Aishwarya Tiwari,Nagpur,MH,2024-08-10,N
C106125,Dev Joshi,Chennai,TN,2024-10-30,N
C106126,Sunita Dhillon,Surat,GJ,2022-11-10,N
C106127,Divya Kapoor,Bhopal,MP,2023-05-21,N
C106128,Ramesh Patil,Chandigarh,CH,2022-10-18,N
C106129,Lakshmi Reddy,Indore,MP,2023-02-19,Y
C106130,Anjali Sandhu,Delhi,DL,2023-07-28,Y
C106131,Deepak Sharma,Surat,GJ,2023-06-16,N
C106132,Arjun Verma,Bhubaneswar,OR,2022-12-21,N
C106133,Saanvi Pawar,Ranchi,JH,2023-04-10,N
C106134,Steven Desai,Surat,GJ,2023-11-24,Y
C106135,Ayaan Goyal,Dehradun,UK,2024-06-02,Y
C106136,Kavya Deshpande,Jaipur,RJ,2023-02-18,Y
C106137,Payal Singh,Dehradun,UK,2024-01-20,N
C106138,Yash Bose,Ranchi,JH,2023-03-04,N
C106139,Aadhya Kapoor,Mysuru,KA,2023-02-02,N
C106140,Aarav Desai,Kolkata,WB,2023-06-05,N
C106141,Aishwarya Sheikh,Gurugram,HR,2024-07-08,Y
C106142,Sunita Rathore,Kolkata,WB,2023-10-04,N
C106143,Geeta Joshi,Bengaluru,KA,2023-10-01,N
C106144,Harsh D'Souza,Nagpur,MH,2024-11-11,Y
C106145,Kunal Sethi,Nashik,MH,2022-11-05,Y
C106146,Aarav Desai,Kochi,KL,2024-06-29,Y
C106147,Om Gaikwad,Pune,MH,2024-05-19,Y
C106148,Varun Patil,Guwahati,AS,2024-03-20,Y
C106149,Siddharth Goyal,Raipur,CG,2024-12-29,N
C106150,Aarav Kulkarni,Ahmedabad,GJ,2022-10-02,Y
C106151,Megha Kaur,Gurugram,HR,2023-06-01,Y
C106152,Kunal Kulkarni,Mumbai,MH,2023-05-11,N
C106153,Sukhwinder Bose,Kochi,KL,2022-10-24,Y
C106154,Dev Bansal,Indore,MP,2024-08-23,Y
C106155,Gurpreet Gupta,Chandigarh,CH,2024-04-15,Y
C106156,Dev Dhillon,Nashik,MH,2022-08-05,Y
C106157,Farah Fernandes,Delhi,DL,2022-08-16,Y
C106158,Aditya Shah,Guwahati,AS,2023-08-10,N
C106159,Ishaan Siddiqui,Bhopal,MP,2023-12-13,N
C106160,Manish Rao,Guwahati,AS,2023-02-13,Y
C106161,Sunita Joshi,Chandigarh,CH,2024-08-06,N
C106162,Siddharth Kaur,Patna,BR,2024-06-30,Y
C106163,Deepak Sandhu,Delhi,DL,2023-07-30,N
C106164,Harpreet Joshi,Guwahati,AS,2023-01-29,N
C106165,Reyansh Mishra,Visakhapatnam,AP,2022-12-10,Y
C106166,Rajat Das,Visakhapatnam,AP,2022-09-06,Y
C106167,Tanvi Dhillon,Bhopal,MP,2022-10-05,N
C106168,Divya Reddy,Jaipur,RJ,2023-09-06,N
C106169,Riya Joshi,Ahmedabad,GJ,2022-12-20,N
C106170,Manish Chatterjee,Kolkata,WB,2023-06-13,Y
C106171,Suresh Gupta,Lucknow,UP,2024-10-10,N
C106172,Thomas Nair,Dehradun,UK,2024-11-27,N
C106173,Lakshmi Khanna,Lucknow,UP,2022-07-17,N
C106174,Megha Malhotra,Nashik,MH,2024-01-02,Y
C106175,Krishna Shah,Coimbatore,TN,2024-03-14,N
C106176,Sameer Reddy,Mumbai,MH,2024-10-22,Y
C106177,Priya Bose,Gurugram,HR,2022-12-06,N
C106178,Riya Patel,Guwahati,AS,2022-12-10,N
C106179,Manish Jain,Kochi,KL,2023-05-12,Y
C106180,Zaid Kumar,Gurugram,HR,2024-11-06,Y
C106181,Sunita Mishra,Vadodara,GJ,2024-11-26,Y
C106182,Harpreet Singh,Mumbai,MH,2023-09-03,N
C106183,Deepak Qureshi,Surat,GJ,2022-09-01,Y
C106184,Nikhil Ghosh,Gurugram,HR,2023-08-09,N
C106185,Pranav Jain,Vadodara,GJ,2024-09-04,N
C106186,Tanvi Kulkarni,Ahmedabad,GJ,2022-08-07,Y
C106187,Kunal Fernandes,Pune,MH,2022-11-10,N
C106188,Harsh Verma,Guwahati,AS,2022-10-20,N
C106189,Gurpreet Fernandes,Nagpur,MH,2023-08-21,N
C106190,Aadhya Mukherjee,Kolkata,WB,2023-07-02,N
C106191,Gurpreet Naidu,Pune,MH,2024-02-21,N
C106192,Siddharth Ghosh,Delhi,DL,2024-03-06,Y
C106193,Siddharth Khan,Delhi,DL,2024-03-01,N
C106194,Ritika Patil,Nagpur,MH,2024-06-25,Y
C106195,Abhishek Mukherjee,Kolkata,WB,2023-01-16,N
C106196,Dev Das,Mysuru,KA,2023-11-06,N
C106197,Aditya Chauhan,Thiruvananthapuram,KL,2022-10-08,Y
C106198,Simran Pawar,Ahmedabad,GJ,2023-08-15,Y
C106199,Sameer Iyer,Thiruvananthapuram,KL,2024-03-21,Y
C106200,Lobsang Shah,Pune,MH,2023-03-29,N
C106201,Om Joshi,Patna,BR,2022-11-23,N
C106202,Zoya Chatterjee,Noida,UP,2023-10-17,N
C106203,Farah Mittal,Surat,GJ,2023-12-19,N
C106204,Reyansh Iyer,Jaipur,RJ,2023-04-11,Y
C106205,Manish Pawar,Chennai,TN,2024-06-09,N
C106206,Komal Saxena,Bhopal,MP,2023-10-03,N
C106207,Varun Kumar,Pune,MH,2023-02-12,Y
C106208,Komal Kulkarni,Kolkata,WB,2022-10-17,N
C106209,Diya Ansari,Noida,UP,2024-10-28,Y
C106210,Ritika Tiwari,Mumbai,MH,2024-09-27,Y
C106211,Steven Bose,Noida,UP,2022-09-25,N
C106212,Aarav Singh,Vadodara,GJ,2022-11-15,N
C106213,Joseph Ghosh,Raipur,CG,2024-06-05,N
C106214,Krishna Reddy,Thiruvananthapuram,KL,2024-09-04,N
C106215,Mohammed Roy,Nagpur,MH,2023-06-22,N
C106216,Steven Srivastava,Bengaluru,KA,2023-11-11,N
C106217,Tenzin Patel,Patna,BR,2024-09-08,N
C106218,Gurpreet Roy,Coimbatore,TN,2024-10-16,Y
C106219,Diya Desai,Chandigarh,CH,2023-06-08,N
C106220,Tanvi Naidu,Dehradun,UK,2024-03-12,Y
C106221,Sukhwinder Bose,Lucknow,UP,2023-06-05,N
C106222,Neha Srivastava,Delhi,DL,2023-03-04,N
C106223,Abhishek Khan,Delhi,DL,2024-03-12,Y
C106224,Amit Varghese,Hyderabad,TS,2024-11-10,N
C106225,Rahul D'Souza,Guwahati,AS,2023-10-30,N
C106226,Divya Sharma,Patna,BR,2024-02-13,Y
C106227,Sameer Mukherjee,Lucknow,UP,2023-05-25,N
C106228,Zaid Yadav,Patna,BR,2024-12-26,N
C106229,Ayaan Sen,Guwahati,AS,2024-11-23,Y
C106230,Yash Dhillon,Lucknow,UP,2023-07-19,N
C106231,Siddharth Srivastava,Kolkata,WB,2024-03-20,N
C106232,Krishna Shah,Bhopal,MP,2024-09-15,N
C106233,Shreya Sandhu,Mumbai,MH,2024-11-07,Y
C106234,Sukhwinder D'Souza,Ahmedabad,GJ,2024-07-21,N
C106235,Deepak Trivedi,Ranchi,JH,2023-03-25,N
C106236,Vihaan Bansal,Kochi,KL,2024-03-11,N
C106237,Sai Ansari,Dehradun,UK,2024-07-12,Y
C106238,Mohammed Bansal,Jaipur,RJ,2022-11-23,N
C106239,Zaid Jadhav,Kolkata,WB,2022-12-03,N
C106240,Komal Khan,Patna,BR,2024-07-28,Y
C106241,Nikhil Patel,Delhi,DL,2023-08-16,N
C106242,Ankit Qureshi,Bengaluru,KA,2023-05-02,Y
C106243,Sneha Pandey,Nagpur,MH,2023-09-13,Y
C106244,Sai Nair,Jaipur,RJ,2024-10-25,N
C106245,Reyansh Gupta,Thiruvananthapuram,KL,2024-07-21,N
C106246,Riya Arora,Chandigarh,CH,2022-08-05,N
C106247,Tanvi George,Surat,GJ,2023-03-08,Y
C106248,Sameer Jain,Kochi,KL,2024-10-02,Y
C106249,Sneha Chauhan,Chandigarh,CH,2022-10-14,N
C106250,Ritika Ansari,Coimbatore,TN,2022-08-17,N
C106251,Vikram Sheikh,Nashik,MH,2023-02-26,N
C106252,Tanvi Saxena,Kolkata,WB,2024-11-29,N
C106253,Riya Deshpande,Chandigarh,CH,2024-10-23,N
C106254,Simran Jain,Kolkata,WB,2022-08-25,Y
C106255,Kabir Naidu,Patna,BR,2023-08-29,N
C106256,Swati Jadhav,Surat,GJ,2024-11-05,N
C106257,Ayaan Ansari,Raipur,CG,2024-06-19,Y
C106258,Sai Rao,Surat,GJ,2024-02-23,N
C106259,Vikram Khanna,Jaipur,RJ,2022-08-19,N
C106260,Ishaan Bhatt,Chandigarh,CH,2023-09-08,N
C106261,Krishna Fernandes,Bengaluru,KA,2024-12-20,Y
C106262,Kabir Deshpande,Pune,MH,2024-05-18,N
C106263,Varun Bhatt,Mumbai,MH,2022-09-29,N
C106264,Reyansh Sandhu,Surat,GJ,2024-08-18,N
C106265,Joseph Rathore,Mysuru,KA,2023-09-13,N
C106266,Farah Singh,Nagpur,MH,2022-09-09,N
C106267,Komal Fernandes,Coimbatore,TN,2023-03-15,N
C106268,Suresh Sheikh,Ahmedabad,GJ,2024-09-20,Y
C106269,Riya Joshi,Jaipur,RJ,2022-07-27,N
C106270,Vivaan Chopra,Dehradun,UK,2022-07-23,N
C106271,Tenzin Jadhav,Mysuru,KA,2024-08-21,N
C106272,Sameer Kaur,Dehradun,UK,2023-06-03,Y
C106273,Zoya Saxena,Kochi,KL,2024-10-05,N
C106274,Shreya Banerjee,Thiruvananthapuram,KL,2024-04-18,N
C106275,Rajat Pawar,Mumbai,MH,2024-06-14,Y
C106276,Ankit Mathew,Gurugram,HR,2024-12-30,N
C106277,Tenzin Sheikh,Chandigarh,CH,2023-04-18,N
C106278,Rajat Agarwal,Mysuru,KA,2023-10-05,N
C106279,Sai D'Souza,Ranchi,JH,2023-01-22,N
C106280,Nisha Patel,Thiruvananthapuram,KL,2023-11-20,Y
C106281,Abhishek Mehta,Raipur,CG,2023-04-15,N
C106282,Kabir Kapoor,Lucknow,UP,2023-08-06,Y
C106283,Sameer Khan,Thiruvananthapuram,KL,2023-06-07,N
C106284,Swati Chauhan,Thiruvananthapuram,KL,2024-01-23,Y
C106285,Gurpreet Mehta,Kochi,KL,2022-10-15,Y
C106286,Ramesh Ghosh,Nagpur,MH,2024-11-24,Y
C106287,Ritika Jadhav,Dehradun,UK,2024-01-31,Y
C106288,Manpreet Das,Lucknow,UP,2024-03-04,Y
C106289,Payal Sandhu,Lucknow,UP,2022-08-07,N
C106290,Harpreet Rao,Bhubaneswar,OR,2022-12-13,N
C106291,Simran Chopra,Chandigarh,CH,2024-09-25,N
C106292,Zoya Gill,Thiruvananthapuram,KL,2024-01-20,N
C106293,Neha Mukherjee,Pune,MH,2022-08-30,N
C106294,Simran Kapoor,Patna,BR,2024-05-26,N
C106295,Tarun Pandey,Guwahati,AS,2024-10-03,N
C106296,Rajat Sharma,Coimbatore,TN,2023-04-08,N
C106297,Vikram Pandey,Dehradun,UK,2022-11-22,N
C106298,Megha Rao,Vadodara,GJ,2022-08-29,Y
C106299,Imran Agarwal,Ranchi,JH,2024-09-22,Y
C106300,Kunal Gaikwad,Ahmedabad,GJ,2024-09-11,Y
C106301,Geeta Kaur,Bhopal,MP,2023-11-13,Y
C106302,Nisha Banerjee,Visakhapatnam,AP,2023-06-29,N
C106303,Kabir Shinde,Dehradun,UK,2024-06-11,Y
C106304,Anjali Saxena,Visakhapatnam,AP,2023-01-24,N
C106305,Suresh Sethi,Ranchi,JH,2023-08-17,Y
C106306,Joseph Pawar,Dehradun,UK,2024-03-28,N
C106307,Mohammed Qureshi,Nagpur,MH,2024-09-03,N
C106308,Suresh Pawar,Ranchi,JH,2023-11-01,Y
C106309,Ayaan Nair,Gurugram,HR,2024-06-17,N
C106310,Sai Fernandes,Bhubaneswar,OR,2022-08-06,Y
C106311,Lobsang Bhatia,Ranchi,JH,2024-11-05,N
C106312,Aadhya Shinde,Bengaluru,KA,2024-10-09,N
C106313,Rohit Kulkarni,Noida,UP,2023-02-28,N
C106314,Aadhya Qureshi,Pune,MH,2023-03-15,N
C106315,Jaspreet Mishra,Lucknow,UP,2023-09-28,Y
C106316,Varun Jadhav,Hyderabad,TS,2023-09-03,N
C106317,Tenzin Chauhan,Gurugram,HR,2024-06-18,N
C106318,Aditya Sharma,Kochi,KL,2022-08-03,N
C106319,Rajat Bhatia,Raipur,CG,2024-10-12,Y
C106320,Rohan Arora,Patna,BR,2023-04-14,N
C106321,Karan Rao,Gurugram,HR,2024-12-05,Y
C106322,Harsh Goyal,Kolkata,WB,2023-07-25,Y
C106323,Ananya Shah,Hyderabad,TS,2023-01-25,N
C106324,Ananya Chauhan,Kolkata,WB,2024-07-10,N
C106325,Karan Sheikh,Dehradun,UK,2023-11-13,Y
C106326,Vivaan Nair,Dehradun,UK,2023-07-01,Y
C106327,Arjun Dutta,Mumbai,MH,2024-03-11,N
C106328,Joseph George,Delhi,DL,2023-12-10,N
C106329,Rohan Mishra,Hyderabad,TS,2022-12-04,N
C106330,Ishaan Roy,Indore,MP,2022-12-27,Y
C106331,Bhavna Qureshi,Coimbatore,TN,2023-06-09,N
C106332,Ishaan Rao,Pune,MH,2023-09-25,Y
C106333,Pranav Banerjee,Nashik,MH,2023-08-26,N
C106334,Gurpreet Sethi,Nagpur,MH,2024-04-15,Y
C106335,Pooja Pillai,Mumbai,MH,2023-02-06,N
C106336,Isha Chatterjee,Kochi,KL,2023-09-27,Y
C106337,Faisal George,Raipur,CG,2023-12-24,N
C106338,Reyansh Malhotra,Raipur,CG,2022-10-25,N
C106339,Aadhya Rao,Chennai,TN,2024-06-07,N
C106340,Tarun Pawar,Visakhapatnam,AP,2022-12-13,N
C106341,Daniel Jain,Raipur,CG,2022-10-03,N
C106342,Jaspreet Mukherjee,Guwahati,AS,2023-09-13,N
C106343,Bhavna Mishra,Dehradun,UK,2024-04-25,Y
C106344,Lakshmi Gaikwad,Nashik,MH,2024-12-30,N
C106345,Abhishek Dutta,Ahmedabad,GJ,2023-06-11,N
C106346,Ayaan Joshi,Thiruvananthapuram,KL,2024-04-07,N
C106347,Ramesh Deshpande,Surat,GJ,2022-12-04,N
C106348,Diya Chauhan,Mysuru,KA,2022-08-25,N
C106349,Gurpreet Bose,Jaipur,RJ,2023-07-03,Y
C106350,Payal D'Souza,Vadodara,GJ,2023-08-04,N
C106351,Suresh Sandhu,Mumbai,MH,2024-04-25,N
C106352,Tenzin Das,Chennai,TN,2023-08-11,N
C106353,Ramesh Trivedi,Lucknow,UP,2024-05-18,N
C106354,Siddharth Mukherjee,Kochi,KL,2024-02-09,N
C106355,Karan Kulkarni,Mysuru,KA,2023-01-06,N
C106356,Aishwarya Sen,Mumbai,MH,2023-03-26,Y
C106357,Manish Trivedi,Bengaluru,KA,2024-07-30,N
C106358,Isha Ansari,Patna,BR,2023-10-01,Y
C106359,Kunal Arora,Ranchi,JH,2022-12-15,Y
C106360,Meera Pawar,Pune,MH,2024-02-02,N
C106361,Vikram Kaur,Pune,MH,2022-11-20,Y
C106362,Kunal Chauhan,Mysuru,KA,2022-12-05,Y
C106363,Divya Sethi,Ahmedabad,GJ,2023-02-08,Y
C106364,Suresh Naidu,Nashik,MH,2022-08-17,Y
C106365,Isha Gaikwad,Guwahati,AS,2024-02-02,N
C106366,Jaspreet Jain,Visakhapatnam,AP,2022-11-26,N
C106367,Rajat Shah,Ranchi,JH,2023-10-03,N
C106368,Vikram Mathew,Dehradun,UK,2023-01-12,Y
C106369,Thomas Shah,Noida,UP,2024-03-12,N
C106370,Gurpreet Naidu,Kolkata,WB,2022-12-30,N
C106371,Harpreet Mishra,Noida,UP,2023-11-06,Y
C106372,Aadhya Pereira,Thiruvananthapuram,KL,2023-02-24,N
C106373,Aadhya Rathore,Kolkata,WB,2024-09-20,N
C106374,Yash Shinde,Nashik,MH,2024-09-18,Y
C106375,Kavya Agarwal,Patna,BR,2024-09-29,N
C106376,Megha Menon,Delhi,DL,2024-07-17,N
C106377,Lobsang Kumar,Noida,UP,2022-11-03,N
C106378,Anjali Joshi,Delhi,DL,2023-11-23,N
C106379,Shreya Bose,Noida,UP,2023-11-28,N
C106380,Farah Rathore,Raipur,CG,2024-08-17,N
C106381,Payal Dhillon,Coimbatore,TN,2023-03-12,N
C106382,Aadhya Ansari,Raipur,CG,2023-12-08,N
C106383,Riya Fernandes,Nagpur,MH,2024-09-15,N
C106384,Abhishek Bhatt,Thiruvananthapuram,KL,2022-09-15,N
C106385,Joseph Trivedi,Ahmedabad,GJ,2023-08-07,Y
C106386,Daniel Sheikh,Chennai,TN,2024-10-24,N
C106387,Aishwarya Chatterjee,Lucknow,UP,2024-12-09,N
C106388,Farah Varghese,Indore,MP,2024-03-30,N
C106389,Kavya Gaikwad,Vadodara,GJ,2023-09-07,Y
C106390,Harpreet Sethi,Delhi,DL,2024-12-29,N
C106391,Harsh Pawar,Thiruvananthapuram,KL,2022-10-26,N
C106392,Imran Das,Delhi,DL,2024-11-29,N
C106393,Ayaan Chauhan,Kolkata,WB,2024-08-04,Y
C106394,Amit D'Souza,Indore,MP,2024-10-24,N
C106395,Yash Sheikh,Indore,MP,2024-04-17,N
C106396,Arjun Mathew,Delhi,DL,2023-06-19,Y
C106397,Harsh Bansal,Raipur,CG,2023-03-03,N
C106398,Steven Tiwari,Dehradun,UK,2024-02-28,N
C106399,Tenzin Joshi,Chandigarh,CH,2023-02-13,N
C106400,Aishwarya Dutta,Thiruvananthapuram,KL,2025-01-01,N
C106401,Varun Bose,Patna,BR,2024-06-25,N
C106402,Reyansh Ansari,Lucknow,UP,2022-07-17,N
C106403,Deepak Kumar,Lucknow,UP,2023-12-13,Y
C106404,Aadhya Gill,Dehradun,UK,2023-11-26,Y
C106405,Dev Pillai,Pune,MH,2022-12-12,N
C106406,Ananya Gupta,Kochi,KL,2023-12-10,N
C106407,Daniel Sen,Surat,GJ,2024-02-05,Y
C106408,Manpreet Ansari,Ahmedabad,GJ,2023-12-17,Y
C106409,Faisal Kumar,Thiruvananthapuram,KL,2023-09-21,N
C106410,Manish Fernandes,Kochi,KL,2024-02-19,N
C106411,Yash Pawar,Chennai,TN,2024-05-23,N
C106412,Swati Roy,Guwahati,AS,2024-12-01,Y
C106413,Sai Sandhu,Jaipur,RJ,2024-01-27,N
C106414,Pooja Siddiqui,Vadodara,GJ,2024-03-26,N
C106415,Aadhya Rathore,Chennai,TN,2024-01-17,N
C106416,Vivaan Bhatt,Indore,MP,2024-08-01,Y
C106417,Zaid Khanna,Nashik,MH,2022-10-04,N
C106418,Anjali Kulkarni,Coimbatore,TN,2023-04-26,Y
C106419,Mohammed Pawar,Hyderabad,TS,2024-02-11,N
C106420,Harpreet Pawar,Dehradun,UK,2023-09-22,N
C106421,Sameer Mathew,Mumbai,MH,2024-07-02,Y
C106422,Reyansh Singh,Nashik,MH,2022-09-01,Y
C106423,Nisha Desai,Nashik,MH,2024-11-03,N
C106424,Siddharth Rao,Gurugram,HR,2024-06-16,N
C106425,Bhavna Reddy,Dehradun,UK,2024-05-21,N
C106426,Swati Chopra,Kolkata,WB,2023-05-04,N
C106427,Nikhil Khanna,Mysuru,KA,2024-11-02,Y
C106428,Daniel Malhotra,Ahmedabad,GJ,2024-09-06,N
C106429,Lakshmi Desai,Chennai,TN,2024-06-19,N
C106430,Suresh Sharma,Mumbai,MH,2023-12-24,Y
C106431,Gurpreet Pereira,Bhopal,MP,2024-10-05,N
C106432,Aarav Sandhu,Bengaluru,KA,2023-11-07,N
C106433,Tarun Pawar,Guwahati,AS,2022-09-16,Y
C106434,Imran Arora,Gurugram,HR,2023-07-25,N
C106435,Rajat Gupta,Jaipur,RJ,2022-11-07,N
C106436,Kunal Mishra,Ahmedabad,GJ,2023-09-30,N
C106437,Vikram Khan,Hyderabad,TS,2023-06-24,N
C106438,Komal Trivedi,Dehradun,UK,2023-05-07,N
C106439,Zaid Kumar,Visakhapatnam,AP,2023-07-19,N
C106440,Harsh Joshi,Vadodara,GJ,2022-10-29,N
C106441,Kunal Dhillon,Gurugram,HR,2022-07-30,Y
C106442,Ananya Roy,Ranchi,JH,2024-07-12,N
C106443,Yash Tiwari,Coimbatore,TN,2024-11-02,N
C106444,Divya Yadav,Noida,UP,2022-09-14,N
C106445,Farah Pawar,Kochi,KL,2023-03-06,N
C106446,Shreya Jadhav,Pune,MH,2024-07-15,N
C106447,Pooja Rathore,Mysuru,KA,2024-01-23,N
C106448,Aadhya Pawar,Indore,MP,2023-01-19,N
C106449,Rohan Chatterjee,Ranchi,JH,2023-09-10,Y
C106450,Ananya Rathore,Mysuru,KA,2023-04-09,N
C106451,Suresh Patil,Chandigarh,CH,2024-06-21,Y
C106452,Gurpreet Mishra,Raipur,CG,2022-12-15,N
C106453,Imran Srivastava,Indore,MP,2023-03-26,Y
C106454,Vivaan Mishra,Nashik,MH,2022-10-14,N
C106455,Mohammed Gaikwad,Bhubaneswar,OR,2022-09-12,N
C106456,Vikram Naidu,Pune,MH,2023-10-21,Y
C106457,Deepak Sandhu,Mysuru,KA,2024-06-04,Y
C106458,Deepak Deshpande,Kochi,KL,2023-02-18,N
C106459,Sneha Rao,Noida,UP,2023-02-02,Y
C106460,Siddharth Nair,Visakhapatnam,AP,2022-10-15,N
C106461,Om Mittal,Chandigarh,CH,2023-06-16,N
C106462,Daniel Iyer,Hyderabad,TS,2024-01-26,N
C106463,Daniel Varghese,Jaipur,RJ,2024-02-05,N
C106464,Ishaan Sethi,Patna,BR,2023-01-05,Y
C106465,Rajat Malhotra,Lucknow,UP,2023-01-27,Y
C106466,Ayaan Khan,Ranchi,JH,2023-06-24,N
C106467,Riya Pawar,Jaipur,RJ,2023-06-28,Y
C106468,Aadhya Pillai,Patna,BR,2024-08-18,N
C106469,Megha Mathew,Delhi,DL,2024-12-11,N
C106470,Priya Mathew,Bhubaneswar,OR,2024-05-18,N
C106471,Sameer Saxena,Ranchi,JH,2024-03-07,N
C106472,Meera Reddy,Ahmedabad,GJ,2024-08-03,N
C106473,Steven Desai,Vadodara,GJ,2023-04-21,N
C106474,Manpreet Tiwari,Surat,GJ,2024-07-13,N
C106475,Rohan Dutta,Ahmedabad,GJ,2023-11-10,N
C106476,Priya Khan,Bhopal,MP,2023-01-13,N
C106477,Sameer Mittal,Noida,UP,2023-08-05,N
C106478,Gurpreet Gaikwad,Raipur,CG,2024-01-01,Y
C106479,Tanvi Malhotra,Patna,BR,2023-05-02,N
C106480,Ananya Bhatt,Delhi,DL,2024-02-10,N
C106481,Sai Rao,Gurugram,HR,2022-11-05,N
C106482,Nikhil Rao,Hyderabad,TS,2024-07-23,N
C106483,Tenzin Yadav,Vadodara,GJ,2024-11-24,Y
C106484,Meera Kapoor,Noida,UP,2023-05-01,Y
C106485,Aadhya Naidu,Bhubaneswar,OR,2023-05-08,N
C106486,Priya Naidu,Jaipur,RJ,2022-07-17,N
C106487,Om Reddy,Indore,MP,2024-05-01,N
C106488,Ishaan Mukherjee,Jaipur,RJ,2022-11-02,N
C106489,Meera Pereira,Lucknow,UP,2023-02-19,Y
C106490,Lobsang D'Souza,Nashik,MH,2024-11-01,N
C106491,Dev Banerjee,Vadodara,GJ,2024-11-17,N
C106492,Sunita George,Guwahati,AS,2023-02-18,N
C106493,Anjali Das,Noida,UP,2023-11-16,N
C106494,Joseph Shinde,Gurugram,HR,2024-04-04,N
C106495,Ritika Chauhan,Bengaluru,KA,2023-05-20,N
C106496,Ananya Gupta,Mysuru,KA,2024-06-25,N
C106497,Kabir Bose,Lucknow,UP,2023-06-07,N
C106498,Imran Pereira,Bhubaneswar,OR,2023-03-20,N
C106499,Lakshmi Bose,Kochi,KL,2023-09-11,Y
C106500,Aishwarya Pawar,Visakhapatnam,AP,2023-10-30,N
C106501,Kunal Bose,Kochi,KL,2024-05-14,N
C106502,Sunita Desai,Surat,GJ,2023-10-31,N
C106503,Rohit Dhillon,Delhi,DL,2023-11-05,N
C106504,Harsh Jain,Ranchi,JH,2023-06-09,Y
C106505,Shreya Chopra,Bhopal,MP,2022-09-13,N
C106506,Gurpreet Pawar,Dehradun,UK,2023-06-28,N
C106507,Manpreet Rao,Ranchi,JH,2023-01-25,N
C106508,Abhishek Goyal,Nashik,MH,2022-10-31,N
C106509,Harsh Patil,Ahmedabad,GJ,2023-11-29,N
C106510,Nikhil Mehta,Thiruvananthapuram,KL,2024-08-22,N
C106511,Isha Kapoor,Pune,MH,2024-08-13,N
C106512,Riya Khanna,Patna,BR,2022-12-11,N
C106513,Lakshmi Sandhu,Dehradun,UK,2024-06-03,N
C106514,Mohammed Pandey,Noida,UP,2023-04-21,N
C106515,Ritika Qureshi,Nashik,MH,2023-03-13,N
C106516,Mohammed Bose,Patna,BR,2023-01-04,N
C106517,Shreya Khan,Pune,MH,2024-05-06,N
C106518,Kabir Bose,Dehradun,UK,2023-12-26,Y
C106519,Zaid Sheikh,Thiruvananthapuram,KL,2024-01-10,N
C106520,Ramesh Nair,Surat,GJ,2024-01-10,N
C106521,Priya Pereira,Indore,MP,2023-06-04,Y
C106522,Sneha Iyer,Noida,UP,2023-12-10,N
C106523,Lobsang Gupta,Guwahati,AS,2024-12-03,N
C106524,Gurpreet Bhatt,Dehradun,UK,2023-04-04,N
C106525,Pranav Sheikh,Ahmedabad,GJ,2022-08-20,N
C106526,Shreya Ghosh,Nagpur,MH,2023-01-20,N
C106527,Tanvi Sen,Kolkata,WB,2023-05-24,N
C106528,Manpreet Kulkarni,Visakhapatnam,AP,2022-11-13,N
C106529,Rohit Roy,Lucknow,UP,2024-03-12,N
C106530,Vikram Sharma,Mysuru,KA,2023-06-02,N
C106531,Vikram Shah,Coimbatore,TN,2022-12-03,Y
C106532,Megha Bansal,Mysuru,KA,2022-10-12,N
C106533,Riya Trivedi,Chandigarh,CH,2024-10-08,N
C106534,Manpreet Jadhav,Delhi,DL,2022-07-31,N
C106535,Meera Pawar,Ahmedabad,GJ,2023-01-08,N
C106536,Abhishek Pandey,Gurugram,HR,2023-08-14,Y
C106537,Sai Shah,Delhi,DL,2023-04-12,N
C106538,Ankit Naidu,Jaipur,RJ,2024-04-11,Y
C106539,Ishaan Sharma,Mumbai,MH,2023-04-01,N
C106540,Harpreet Kulkarni,Bhopal,MP,2022-10-26,Y
C106541,Yash Pereira,Dehradun,UK,2024-04-18,Y
C106542,Rohit Sharma,Chennai,TN,2024-02-02,N
C106543,Vikram Shah,Raipur,CG,2023-06-18,N
C106544,Shreya Reddy,Kolkata,WB,2024-12-20,N
C106545,Thomas Gill,Ahmedabad,GJ,2022-10-03,N
C106546,Deepak Sandhu,Hyderabad,TS,2022-08-10,N
C106547,Aarav Singh,Surat,GJ,2024-07-20,N
C106548,Aadhya Tiwari,Noida,UP,2022-09-17,N
C106549,Zaid George,Jaipur,RJ,2023-10-30,Y
C106550,Krishna Mathew,Dehradun,UK,2024-06-15,Y
C106551,Kabir Goyal,Kolkata,WB,2023-07-09,Y
C106552,Manpreet Yadav,Indore,MP,2024-05-30,N
C106553,Abhishek Mittal,Jaipur,RJ,2024-11-15,N
C106554,Suresh Fernandes,Chennai,TN,2024-07-08,N
C106555,Meera Ansari,Pune,MH,2023-12-30,N
C106556,Geeta Mishra,Noida,UP,2023-06-28,N
C106557,Thomas Roy,Thiruvananthapuram,KL,2023-06-18,Y
C106558,Imran Sethi,Ranchi,JH,2022-11-12,Y
C106559,Aditya Ghosh,Dehradun,UK,2022-11-06,N
C106560,Divya Mukherjee,Surat,GJ,2024-10-13,N
C106561,Kavya Jadhav,Hyderabad,TS,2023-09-09,N
C106562,Rohan Malhotra,Bhopal,MP,2023-02-27,Y
C106563,Ritika Jain,Raipur,CG,2023-04-11,N
C106564,Krishna Pandey,Kolkata,WB,2022-10-28,Y
C106565,Om Qureshi,Kolkata,WB,2023-05-16,N
C106566,Faisal Mukherjee,Thiruvananthapuram,KL,2023-04-22,N
C106567,Imran Bhatia,Ranchi,JH,2023-07-31,N
C106568,Kavya Srivastava,Patna,BR,2023-12-23,N
C106569,Kunal Bhatia,Pune,MH,2023-02-05,Y
C106570,Bhavna Qureshi,Dehradun,UK,2024-10-01,N
C106571,Zaid Chopra,Vadodara,GJ,2024-05-11,N
C106572,Amit Bansal,Mumbai,MH,2024-10-31,N
C106573,Gurpreet Rao,Lucknow,UP,2023-07-30,Y
C106574,Pranav Patel,Hyderabad,TS,2023-03-10,N
C106575,Manish Trivedi,Jaipur,RJ,2024-04-09,N
C106576,Megha Gaikwad,Vadodara,GJ,2023-06-26,N
C106577,Ramesh Patil,Noida,UP,2024-06-27,N
C106578,Aadhya Nair,Chennai,TN,2023-02-20,Y
C106579,Megha Patel,Hyderabad,TS,2024-09-12,N
C106580,Nikhil Mehta,Visakhapatnam,AP,2023-01-14,N
C106581,Siddharth Mathew,Bhubaneswar,OR,2024-07-26,Y
C106582,Farah Yadav,Raipur,CG,2023-03-24,N
C106583,Swati Jain,Thiruvananthapuram,KL,2024-09-22,N
C106584,Jaspreet Agarwal,Mysuru,KA,2022-12-09,N
C106585,Krishna Jain,Visakhapatnam,AP,2023-09-13,N
C106586,Manpreet Bhatia,Hyderabad,TS,2022-09-26,Y
C106587,Komal Shinde,Bengaluru,KA,2023-09-21,N
C106588,Dev Tiwari,Ahmedabad,GJ,2024-07-24,N
C106589,Vivaan Mishra,Indore,MP,2023-04-23,Y
C106590,Ankit Bansal,Patna,BR,2023-04-28,N
C106591,Sukhwinder Gupta,Mysuru,KA,2022-07-27,N
C106592,Sunita Sandhu,Bengaluru,KA,2024-09-22,Y
C106593,Swati Mathew,Hyderabad,TS,2022-10-29,N
C106594,Ananya Malhotra,Pune,MH,2024-11-13,N
C106595,Harpreet Srivastava,Vadodara,GJ,2022-12-06,N
C106596,Sukhwinder Nair,Gurugram,HR,2022-09-27,N
C106597,Gurpreet Mathew,Lucknow,UP,2024-08-30,N
C106598,Manpreet Mishra,Nagpur,MH,2024-08-24,Y
C106599,Sneha Mishra,Bhopal,MP,2024-09-09,Y
C106600,Kavya Pawar,Jaipur,RJ,2023-05-19,Y
C106601,Divya Khanna,Chennai,TN,2022-08-08,N
C106602,Kavya Singh,Chandigarh,CH,2024-12-09,N
C106603,Rajat Das,Nagpur,MH,2024-12-10,Y
C106604,Pooja Tiwari,Chandigarh,CH,2023-09-03,N
C106605,Tanvi Chatterjee,Nashik,MH,2024-06-14,N
C106606,Varun Gill,Bhubaneswar,OR,2022-07-19,N
C106607,Siddharth Sen,Indore,MP,2022-08-02,Y
C106608,Lobsang Desai,Chandigarh,CH,2023-05-27,N
C106609,Karan Chopra,Bhopal,MP,2024-06-15,N
C106610,Ayaan Bhatt,Kochi,KL,2024-10-26,N
C106611,Deepak Jadhav,Pune,MH,2024-10-12,N
C106612,Rajat Jadhav,Nagpur,MH,2024-05-26,N
C106613,Harsh Khanna,Nashik,MH,2024-07-30,Y
C106614,Pooja Bhatia,Mumbai,MH,2022-08-27,Y
C106615,Amit Shah,Chennai,TN,2022-10-16,N
C106616,Faisal Qureshi,Bhopal,MP,2023-12-23,N
C106617,Vivaan Mishra,Ahmedabad,GJ,2022-12-07,N
C106618,Vikram Agarwal,Ahmedabad,GJ,2023-12-08,N
C106619,Anjali Mathew,Dehradun,UK,2024-05-27,N
C106620,Farah Kaur,Kochi,KL,2024-05-04,N
C106621,Abhishek Khan,Kochi,KL,2023-11-18,N
C106622,Vihaan Bhatia,Vadodara,GJ,2024-05-14,N
C106623,Isha Sen,Delhi,DL,2024-04-24,N
C106624,Varun Gill,Thiruvananthapuram,KL,2023-02-12,Y
C106625,Nisha Mehta,Dehradun,UK,2023-04-02,Y
C106626,Vivaan Chopra,Lucknow,UP,2022-09-23,N
C106627,Lobsang Patil,Bhubaneswar,OR,2023-11-09,N
C106628,Ananya Jadhav,Raipur,CG,2024-05-15,N
C106629,Abhishek Rao,Patna,BR,2023-03-12,N
C106630,Pranav Kapoor,Chennai,TN,2023-05-15,Y
C106631,Payal Srivastava,Ahmedabad,GJ,2023-09-09,Y
C106632,Om Varghese,Patna,BR,2024-05-21,N
C106633,Steven Mathew,Surat,GJ,2023-01-03,N
C106634,Shreya Arora,Delhi,DL,2023-09-26,N
C106635,Deepak Roy,Pune,MH,2023-09-20,N
C106636,Vikram Shah,Kolkata,WB,2023-02-09,Y
C106637,Nisha Mishra,Lucknow,UP,2024-10-26,Y
C106638,Ramesh Yadav,Lucknow,UP,2024-09-26,N
C106639,Sunita Sharma,Kochi,KL,2022-07-26,N
C106640,Kavya Shah,Bhopal,MP,2023-02-11,N
C106641,Priya Das,Kolkata,WB,2023-04-23,Y
C106642,Ananya Pawar,Lucknow,UP,2024-10-02,N
C106643,Saanvi D'Souza,Lucknow,UP,2023-02-10,N
C106644,Karan Shah,Bengaluru,KA,2023-10-16,N
C106645,Simran Das,Indore,MP,2023-11-24,N
C106646,Daniel Naidu,Indore,MP,2023-10-08,N
C106647,Diya Joshi,Surat,GJ,2024-02-18,N
C106648,Riya Verma,Patna,BR,2024-05-23,N
C106649,Tarun Das,Delhi,DL,2024-11-12,N
C106650,Amit George,Surat,GJ,2022-08-23,N
C106651,Lakshmi Ghosh,Hyderabad,TS,2024-07-14,Y
C106652,Geeta Malhotra,Patna,BR,2023-03-28,N
C106653,Lobsang Saxena,Vadodara,GJ,2024-05-12,N
C106654,Suresh Chopra,Mysuru,KA,2023-07-22,N
C106655,Steven Kaur,Guwahati,AS,2022-10-13,N
C106656,Simran Bansal,Guwahati,AS,2023-05-08,N
C106657,Aarav George,Hyderabad,TS,2023-01-24,N
C106658,Swati Rao,Surat,GJ,2022-09-20,N
C106659,Deepak Bhatt,Thiruvananthapuram,KL,2022-09-19,N
C106660,Ritika Gupta,Chennai,TN,2024-02-06,N
C106661,Vihaan Siddiqui,Delhi,DL,2024-02-25,N
C106662,Farah Fernandes,Thiruvananthapuram,KL,2024-06-25,Y
C106663,Vivaan Khanna,Kochi,KL,2024-09-23,N
C106664,Aarav Gill,Ahmedabad,GJ,2022-10-01,N
C106665,Farah Fernandes,Mumbai,MH,2023-04-04,N
C106666,Reyansh Chatterjee,Hyderabad,TS,2023-01-14,N
C106667,Meera Sandhu,Bhopal,MP,2023-07-02,Y
C106668,Ritika Roy,Dehradun,UK,2024-05-23,N
C106669,Dev Ghosh,Ranchi,JH,2022-12-24,Y
C106670,Om Sandhu,Coimbatore,TN,2023-04-16,N
C106671,Kunal Patel,Chennai,TN,2023-03-10,N
C106672,Ayaan Sethi,Dehradun,UK,2024-05-21,N
C106673,Harpreet Agarwal,Mysuru,KA,2023-09-23,N
C106674,Rohit Sethi,Surat,GJ,2022-12-13,N
C106675,Neha Mittal,Chandigarh,CH,2023-06-02,Y
C106676,Farah Desai,Jaipur,RJ,2023-03-08,Y
C106677,Faisal Shah,Delhi,DL,2023-08-29,N
C106678,Pranav Sethi,Dehradun,UK,2024-03-31,N
C106679,Ishaan Qureshi,Chennai,TN,2022-11-19,N
C106680,Ramesh Sharma,Jaipur,RJ,2023-07-17,Y
C106681,Nisha Naidu,Guwahati,AS,2022-12-04,N
C106682,Nisha Khanna,Dehradun,UK,2023-08-28,Y
C106683,Payal Mathew,Chandigarh,CH,2023-02-12,N
C106684,Diya Ghosh,Bhubaneswar,OR,2024-07-11,N
C106685,Rajat Kumar,Vadodara,GJ,2023-03-11,Y
C106686,Zaid Sen,Bengaluru,KA,2023-10-20,N
C106687,Vivaan Kulkarni,Lucknow,UP,2022-10-26,N
C106688,Aadhya Rao,Chennai,TN,2024-02-28,N
C106689,Suresh Bhatt,Chennai,TN,2023-06-21,Y
C106690,Kavya Siddiqui,Noida,UP,2022-08-12,N
C106691,Sai Pillai,Jaipur,RJ,2023-07-31,Y
C106692,Nisha D'Souza,Chandigarh,CH,2024-03-26,N
C106693,Gurpreet Shinde,Noida,UP,2023-02-16,N
C106694,Krishna Jadhav,Nagpur,MH,2022-10-01,N
C106695,Farah Kumar,Mumbai,MH,2022-11-29,N
C106696,Krishna Verma,Chandigarh,CH,2023-11-13,N
C106697,Riya Gupta,Mysuru,KA,2023-11-13,N
C106698,Suresh Gill,Kolkata,WB,2024-03-20,Y
C106699,Lakshmi Bhatia,Bhubaneswar,OR,2022-11-07,N
C106700,Sai Gupta,Pune,MH,2023-02-13,N
C106701,Zoya Pereira,Indore,MP,2024-11-19,N
C106702,Swati Chopra,Surat,GJ,2024-02-12,Y
C106703,Krishna Srivastava,Thiruvananthapuram,KL,2023-06-03,N
C106704,Anjali Gupta,Raipur,CG,2022-07-25,N
C106705,Simran Menon,Pune,MH,2024-02-14,N
C106706,Imran Menon,Pune,MH,2023-01-07,N
C106707,Ritika Mittal,Chandigarh,CH,2024-02-23,N
C106708,Karan Shah,Bhubaneswar,OR,2022-12-17,N
C106709,Karan Pandey,Guwahati,AS,2024-09-29,Y
C106710,Manish Siddiqui,Pune,MH,2022-07-30,N
C106711,Simran Kapoor,Mysuru,KA,2023-08-11,N
C106712,Ankit Srivastava,Bhubaneswar,OR,2024-09-14,N
C106713,Aarav Gaikwad,Nashik,MH,2024-06-05,N
C106714,Kabir Sheikh,Raipur,CG,2024-08-03,N
C106715,Isha Mittal,Surat,GJ,2023-06-05,N
C106716,Aditya Bhatia,Ranchi,JH,2022-08-25,Y
C106717,Ayaan Naidu,Hyderabad,TS,2022-12-07,Y
C106718,Sai Dutta,Surat,GJ,2023-08-01,Y
C106719,Bhavna Desai,Mysuru,KA,2022-09-21,N
C106720,Manpreet Shinde,Visakhapatnam,AP,2024-10-17,N
C106721,Kabir Menon,Guwahati,AS,2024-02-28,Y
C106722,Ishaan Jadhav,Ahmedabad,GJ,2022-12-14,N
C106723,Faisal Srivastava,Mysuru,KA,2023-06-25,N
C106724,Vikram Khanna,Kochi,KL,2024-02-17,N
C106725,Riya Joshi,Nagpur,MH,2023-10-23,N
C106726,Kabir Joshi,Chennai,TN,2024-11-17,N
C106727,Rohan Sen,Hyderabad,TS,2024-10-23,N
C106728,Zoya Mishra,Indore,MP,2023-02-21,Y
C106729,Tenzin Gupta,Ranchi,JH,2022-11-24,N
C106730,Bhavna Ghosh,Kolkata,WB,2024-11-13,N
C106731,Sai Goyal,Guwahati,AS,2022-11-27,N
C106732,Reyansh Jain,Mysuru,KA,2024-09-13,N
C106733,Tanvi Saxena,Chennai,TN,2023-03-25,N
C106734,Zoya Khan,Indore,MP,2024-08-01,N
C106735,Arjun Yadav,Chandigarh,CH,2024-03-13,Y
C106736,Sai Yadav,Gurugram,HR,2023-05-11,N
C106737,Ritika Ghosh,Pune,MH,2024-04-08,Y
C106738,Varun Rao,Nagpur,MH,2024-05-09,N
C106739,Kunal Khan,Ranchi,JH,2023-06-03,Y
C106740,Pooja Srivastava,Nashik,MH,2022-10-31,N
C106741,Aadhya Srivastava,Coimbatore,TN,2022-08-03,Y
C106742,Steven Bansal,Dehradun,UK,2023-11-02,Y
C106743,Steven Siddiqui,Pune,MH,2022-09-24,Y
C106744,Riya Pillai,Kochi,KL,2024-08-23,Y
C106745,Amit Gill,Surat,GJ,2022-09-22,N
C106746,Steven Bansal,Surat,GJ,2023-01-08,N
C106747,Nikhil Chauhan,Lucknow,UP,2023-06-08,N
C106748,Tarun Malhotra,Patna,BR,2023-10-16,N
C106749,Aditya Yadav,Mysuru,KA,2024-02-08,N
C106750,Jaspreet Naidu,Thiruvananthapuram,KL,2022-07-16,Y
C106751,Saanvi Dutta,Ranchi,JH,2024-05-23,Y
C106752,Manish Gupta,Delhi,DL,2022-11-05,N
C106753,Simran Gupta,Kochi,KL,2024-09-11,N
C106754,Neha Roy,Chandigarh,CH,2024-12-05,N
C106755,Abhishek Qureshi,Chennai,TN,2022-09-08,N
C106756,Vivaan Arora,Patna,BR,2023-03-03,N
C106757,Payal Sandhu,Indore,MP,2023-09-01,N
C106758,Varun Shinde,Mumbai,MH,2024-11-23,N
C106759,Diya D'Souza,Nashik,MH,2022-11-10,Y
C106760,Tanvi Dutta,Hyderabad,TS,2023-03-11,N
C106761,Sneha Verma,Raipur,CG,2024-03-01,Y
C106762,Joseph Gaikwad,Dehradun,UK,2024-08-21,N
C106763,Siddharth Bansal,Noida,UP,2024-06-23,N
C106764,Jaspreet Reddy,Jaipur,RJ,2024-04-02,N
C106765,Lakshmi Nair,Noida,UP,2023-10-04,N
C106766,Aadhya Mathew,Surat,GJ,2024-08-12,N
C106767,Dev Patel,Mumbai,MH,2024-01-17,N
C106768,Anjali Desai,Kolkata,WB,2022-08-04,N
C106769,Abhishek Deshpande,Chennai,TN,2024-03-24,Y
C106770,Mohammed Mehta,Chennai,TN,2023-08-21,N
C106771,Zoya Das,Delhi,DL,2023-11-02,N
C106772,Lobsang Iyer,Gurugram,HR,2022-10-23,N
C106773,Joseph Mukherjee,Visakhapatnam,AP,2022-10-21,N
C106774,Zoya Arora,Visakhapatnam,AP,2024-10-24,N
C106775,Abhishek Rao,Bhopal,MP,2023-12-01,Y
C106776,Karan Mehta,Bengaluru,KA,2023-02-28,N
C106777,Deepak Jain,Gurugram,HR,2024-06-26,Y
C106778,Ayaan Kulkarni,Indore,MP,2024-01-17,N
C106779,Tanvi Rathore,Mumbai,MH,2022-09-09,Y
C106780,Aditya Dutta,Pune,MH,2023-06-04,N
C106781,Diya Malhotra,Pune,MH,2024-04-06,N
C106782,Megha Verma,Pune,MH,2024-05-02,N
C106783,Diya Desai,Chandigarh,CH,2022-08-05,N
C106784,Manpreet Verma,Chennai,TN,2022-08-09,N
C106785,Amit Mittal,Bhopal,MP,2023-03-26,Y
C106786,Vivaan Dhillon,Vadodara,GJ,2023-04-27,N
C106787,Manpreet Dutta,Delhi,DL,2023-12-28,N
C106788,Sameer Reddy,Visakhapatnam,AP,2023-02-28,N
C106789,Faisal Pereira,Ranchi,JH,2022-10-05,N
C106790,Riya Chatterjee,Mumbai,MH,2023-02-11,N
C106791,Gurpreet Srivastava,Chandigarh,CH,2023-04-07,Y
C106792,Tarun Ghosh,Patna,BR,2024-05-30,N
C106793,Karan Sandhu,Mysuru,KA,2024-04-30,N
C106794,Aditya Ghosh,Mumbai,MH,2023-10-03,N
C106795,Aishwarya Arora,Mumbai,MH,2024-06-22,N
C106796,Saanvi Gupta,Dehradun,UK,2024-09-15,Y
C106797,Jaspreet Menon,Nagpur,MH,2023-01-19,Y
C106798,Ishaan Kumar,Bhopal,MP,2023-05-29,N
C106799,Vikram Jain,Chennai,TN,2022-08-23,N
C106800,Farah Siddiqui,Noida,UP,2024-07-27,N
C106801,Ankit Jadhav,Dehradun,UK,2023-02-15,Y
C106802,Divya Arora,Chennai,TN,2023-03-31,N
C106803,Ritika Mathew,Noida,UP,2023-09-20,Y
C106804,Divya Dutta,Nashik,MH,2023-10-20,N
C106805,Simran Chopra,Thiruvananthapuram,KL,2022-12-10,Y
C106806,Pranav Menon,Nagpur,MH,2024-08-09,N
C106807,Pooja Siddiqui,Bhopal,MP,2023-02-27,N
C106808,Simran Pawar,Guwahati,AS,2023-07-24,N
C106809,Mohammed Pereira,Thiruvananthapuram,KL,2023-08-28,N
C106810,Amit Kumar,Indore,MP,2022-10-14,Y
C106811,Aadhya Pandey,Surat,GJ,2024-06-28,Y
C106812,Jaspreet Joshi,Vadodara,GJ,2024-03-10,Y
C106813,Bhavna Sen,Chennai,TN,2024-01-12,Y
C106814,Tarun Verma,Bhopal,MP,2022-10-21,N
C106815,Joseph Bhatt,Jaipur,RJ,2023-11-19,Y
C106816,Kavya Sheikh,Lucknow,UP,2024-06-19,N
C106817,Aditya Shinde,Guwahati,AS,2024-08-22,N
C106818,Ishaan Kaur,Nashik,MH,2023-03-25,N
C106819,Megha Dhillon,Raipur,CG,2024-12-05,N
C106820,Karan Arora,Kochi,KL,2024-10-28,N
C106821,Steven Khan,Bhubaneswar,OR,2022-07-29,N
C106822,Tanvi Trivedi,Delhi,DL,2024-07-30,Y
C106823,Arjun Qureshi,Thiruvananthapuram,KL,2024-01-21,Y
C106824,Farah George,Kolkata,WB,2023-10-04,N
C106825,Lobsang Jain,Ranchi,JH,2024-05-30,Y
C106826,Joseph George,Ranchi,JH,2023-05-08,Y
C106827,Anjali D'Souza,Jaipur,RJ,2022-12-03,N
C106828,Siddharth Saxena,Bengaluru,KA,2024-11-21,N
C106829,Om Yadav,Raipur,CG,2024-11-17,N
C106830,Sneha Srivastava,Mysuru,KA,2024-10-26,N
C106831,Ishaan Sethi,Chandigarh,CH,2024-08-18,N
C106832,Meera Das,Raipur,CG,2024-05-27,Y
C106833,Rahul Kaur,Dehradun,UK,2023-03-05,Y
C106834,Krishna Khan,Delhi,DL,2023-04-02,N
C106835,Joseph Shah,Chennai,TN,2022-12-31,N
C106836,Rohit Pandey,Dehradun,UK,2024-06-16,N
C106837,Anjali Bhatia,Bengaluru,KA,2024-08-25,N
C106838,Siddharth Pereira,Gurugram,HR,2024-01-06,Y
C106839,Kabir Sheikh,Bhopal,MP,2022-09-06,N
C106840,Aditya Bose,Nagpur,MH,2024-03-08,N
C106841,Aadhya Rathore,Raipur,CG,2024-01-08,N
C106842,Imran Kapoor,Thiruvananthapuram,KL,2024-01-22,N
C106843,Sneha Bansal,Noida,UP,2023-07-04,N
C106844,Saanvi Nair,Nashik,MH,2024-05-01,N
C106845,Harsh Siddiqui,Chandigarh,CH,2023-07-28,Y
C106846,Vikram Desai,Dehradun,UK,2023-02-15,N
C106847,Priya Rao,Ahmedabad,GJ,2023-12-14,N
C106848,Manpreet Malhotra,Chennai,TN,2024-05-31,Y
C106849,Meera Rathore,Dehradun,UK,2024-12-26,N
C106850,Mohammed D'Souza,Kolkata,WB,2022-09-14,N
C106851,Thomas Menon,Bhubaneswar,OR,2024-11-15,N
C106852,Imran Gupta,Bhubaneswar,OR,2022-09-02,N
C106853,Aarav Patel,Noida,UP,2023-08-15,N
C106854,Pranav Dutta,Visakhapatnam,AP,2024-01-17,N
C106855,Sukhwinder Pandey,Bhopal,MP,2023-08-27,Y
C106856,Saanvi Mishra,Vadodara,GJ,2022-07-29,N
C106857,Anjali Mehta,Mumbai,MH,2024-09-07,N
C106858,Imran Roy,Ranchi,JH,2023-02-25,Y
C106859,Sunita Sandhu,Noida,UP,2022-12-02,Y
C106860,Aditya Varghese,Nashik,MH,2023-12-09,N
C106861,Steven Pandey,Coimbatore,TN,2024-09-03,Y
C106862,Ananya Kaur,Guwahati,AS,2023-03-13,N
C106863,Nisha Ghosh,Mysuru,KA,2024-04-05,Y
C106864,Pooja Pawar,Raipur,CG,2022-10-20,Y
C106865,Sneha Sheikh,Patna,BR,2024-11-06,Y
C106866,Kavya Bhatt,Chandigarh,CH,2024-09-06,N
C106867,Joseph George,Mumbai,MH,2022-08-30,N
C106868,Sameer Arora,Dehradun,UK,2024-03-31,Y
C106869,Yash Pillai,Vadodara,GJ,2022-10-02,N
C106870,Faisal Roy,Surat,GJ,2023-07-13,N
C106871,Vikram Mittal,Lucknow,UP,2024-08-10,N
C106872,Pooja Bhatt,Chandigarh,CH,2023-10-22,N
C106873,Tarun Pandey,Mysuru,KA,2023-12-04,N
C106874,Geeta Dhillon,Delhi,DL,2024-02-12,N
C106875,Tarun Mittal,Vadodara,GJ,2023-11-29,Y
C106876,Swati Mishra,Nashik,MH,2024-12-28,N
C106877,Tarun George,Jaipur,RJ,2023-02-22,N
C106878,Siddharth Gaikwad,Bhubaneswar,OR,2024-11-02,N
C106879,Anjali Yadav,Bhopal,MP,2023-03-28,Y
C106880,Sunita Saxena,Mumbai,MH,2024-12-11,N
C106881,Pooja Kapoor,Ahmedabad,GJ,2024-05-08,N
C106882,Yash Varghese,Mysuru,KA,2023-12-09,Y
C106883,Rohan Bhatt,Guwahati,AS,2023-11-05,Y
C106884,Anjali Sharma,Delhi,DL,2022-10-15,N
C106885,Steven Khan,Mysuru,KA,2023-10-11,Y
C106886,Nisha Srivastava,Bhopal,MP,2024-09-12,N
C106887,Megha Rao,Kochi,KL,2023-12-30,Y
C106888,Swati Srivastava,Coimbatore,TN,2024-12-31,N
C106889,Kavya Gill,Nashik,MH,2024-11-10,N
C106890,Sameer Sheikh,Noida,UP,2024-10-11,N
C106891,Kabir Tiwari,Indore,MP,2024-04-10,Y
C106892,Ishaan Reddy,Lucknow,UP,2023-03-13,N
C106893,Harpreet Kumar,Kolkata,WB,2023-05-31,N
C106894,Ankit Dutta,Mysuru,KA,2022-12-13,N
C106895,Siddharth Qureshi,Lucknow,UP,2023-09-05,N
C106896,Ramesh Naidu,Ahmedabad,GJ,2023-03-22,N
C106897,Geeta Agarwal,Nagpur,MH,2022-11-08,N
C106898,Aadhya Trivedi,Noida,UP,2022-07-17,N
C106899,Kavya Saxena,Mumbai,MH,2023-05-15,N
C106900,Sai Dhillon,Bhubaneswar,OR,2023-09-02,N
C106901,Neha Iyer,Chandigarh,CH,2024-10-04,Y
C106902,Ayaan Yadav,Indore,MP,2024-12-24,Y
C106903,Gurpreet Ghosh,Gurugram,HR,2023-09-03,N
C106904,Pooja Mathew,Bhubaneswar,OR,2023-09-26,Y
C106905,Aadhya Trivedi,Ranchi,JH,2024-04-30,N
C106906,Arjun Gupta,Lucknow,UP,2023-09-29,N
C106907,Ramesh Bansal,Ranchi,JH,2023-10-29,N
C106908,Harsh Patil,Indore,MP,2024-01-25,Y
C106909,Pranav Kapoor,Lucknow,UP,2024-07-19,N
C106910,Manpreet Goyal,Chennai,TN,2022-11-18,Y
C106911,Mohammed Sen,Dehradun,UK,2023-02-28,N
C106912,Daniel Mehta,Visakhapatnam,AP,2023-07-18,N
C106913,Mohammed Deshpande,Gurugram,HR,2023-10-24,N
C106914,Amit Pereira,Dehradun,UK,2024-08-30,N
C106915,Zoya Gaikwad,Visakhapatnam,AP,2023-08-25,N
C106916,Steven Patil,Delhi,DL,2022-09-09,N
C106917,Tenzin Pawar,Guwahati,AS,2024-11-21,N
C106918,Yash Shah,Ahmedabad,GJ,2024-02-22,N
C106919,Sai Kaur,Jaipur,RJ,2024-05-14,Y
C106920,Riya Ghosh,Nagpur,MH,2023-11-18,N
C106921,Neha Dhillon,Dehradun,UK,2024-02-03,N
C106922,Anjali Yadav,Surat,GJ,2023-07-22,N
C106923,Deepak Varghese,Kochi,KL,2023-07-03,Y
C106924,Kabir Malhotra,Delhi,DL,2024-05-05,N
C106925,Tenzin Patil,Bhubaneswar,OR,2022-10-06,N
C106926,Rahul Gupta,Raipur,CG,2023-03-08,N
C106927,Vikram Varghese,Chennai,TN,2022-11-13,N
C106928,Aadhya Dhillon,Gurugram,HR,2023-07-30,N
C106929,Nisha Joshi,Raipur,CG,2023-12-17,N
C106930,Rohan Saxena,Chandigarh,CH,2023-08-12,N
C106931,Suresh Das,Pune,MH,2023-08-21,N
C106932,Rohan Khan,Mumbai,MH,2023-06-08,N
C106933,Tenzin Agarwal,Jaipur,RJ,2023-01-18,N
C106934,Sneha Mishra,Chennai,TN,2022-09-25,N
C106935,Bhavna Patil,Bhubaneswar,OR,2023-06-01,N
C106936,Tarun Mittal,Surat,GJ,2024-09-03,Y
C106937,Gurpreet Sandhu,Visakhapatnam,AP,2022-07-22,N
C106938,Joseph Naidu,Vadodara,GJ,2024-06-07,N
C106939,Manish Pillai,Pune,MH,2022-10-03,N
C106940,Thomas Mathew,Kolkata,WB,2024-12-11,N
C106941,Rajat Desai,Chennai,TN,2023-12-27,N
C106942,Joseph Tiwari,Raipur,CG,2024-01-03,N
C106943,Daniel Chauhan,Surat,GJ,2024-10-20,N
C106944,Ramesh Sandhu,Hyderabad,TS,2023-04-07,N
C106945,Meera Kulkarni,Chennai,TN,2023-05-14,Y
C106946,Shreya Ghosh,Indore,MP,2024-08-07,N
C106947,Tenzin Pandey,Chandigarh,CH,2024-12-09,N
C106948,Nikhil D'Souza,Kochi,KL,2024-04-11,N
C106949,Yash Bhatia,Patna,BR,2024-02-27,Y
C106950,Tanvi Mishra,Chandigarh,CH,2023-10-01,N
C106951,Meera Varghese,Thiruvananthapuram,KL,2024-02-19,N
C106952,Ayaan Pawar,Patna,BR,2023-06-16,Y
C106953,Swati Khanna,Hyderabad,TS,2023-04-02,N
C106954,Anjali Patel,Gurugram,HR,2024-04-10,N
C106955,Rohan Desai,Noida,UP,2024-03-12,N
C106956,Anjali Nair,Coimbatore,TN,2024-11-28,N
C106957,Diya Menon,Coimbatore,TN,2023-05-07,Y
C106958,Aadhya Sethi,Raipur,CG,2023-07-11,N
C106959,Sai Mittal,Bhubaneswar,OR,2023-03-13,N
C106960,Geeta Nair,Bhopal,MP,2022-11-06,N
C106961,Priya Menon,Raipur,CG,2023-12-18,N
C106962,Nikhil Menon,Hyderabad,TS,2024-06-16,N
C106963,Farah Ansari,Kolkata,WB,2024-06-30,N
C106964,Rajat Banerjee,Dehradun,UK,2022-09-14,N
C106965,Kavya Deshpande,Vadodara,GJ,2024-10-26,N
C106966,Ananya Rathore,Indore,MP,2022-12-05,Y
C106967,Swati Sharma,Bhopal,MP,2024-03-13,N
C106968,Mohammed Yadav,Chennai,TN,2024-06-07,N
C106969,Ananya Joshi,Noida,UP,2022-10-17,Y
C106970,Lobsang Trivedi,Kolkata,WB,2023-09-23,Y
C106971,Varun Dhillon,Dehradun,UK,2023-06-26,Y
C106972,Tanvi Siddiqui,Hyderabad,TS,2024-08-24,Y
C106973,Pranav Rathore,Ahmedabad,GJ,2024-04-22,Y
C106974,Sameer Trivedi,Dehradun,UK,2023-07-11,N
C106975,Payal Iyer,Chennai,TN,2023-09-29,N
C106976,Neha Chauhan,Raipur,CG,2024-12-31,Y
C106977,Pooja Gill,Bhopal,MP,2024-12-26,Y
C106978,Aadhya Bhatia,Surat,GJ,2024-07-15,N
C106979,Anjali Mishra,Jaipur,RJ,2023-08-17,N
C106980,Varun Dhillon,Kolkata,WB,2023-06-04,Y
C106981,Mohammed Sheikh,Lucknow,UP,2022-08-31,N
C106982,Arjun Mathew,Bhubaneswar,OR,2024-09-07,N
C106983,Ritika Dhillon,Lucknow,UP,2024-11-21,Y
C106984,Shreya Sharma,Chandigarh,CH,2022-12-13,N
C106985,Meera Singh,Bengaluru,KA,2022-11-06,Y
C106986,Mohammed Chauhan,Bhubaneswar,OR,2023-05-17,N
C106987,Nisha Pawar,Jaipur,RJ,2023-09-22,Y
C106988,Steven Menon,Mumbai,MH,2024-05-27,N
C106989,Arjun Rao,Chandigarh,CH,2023-12-16,N
C106990,Mohammed Jain,Bhubaneswar,OR,2023-12-10,N
C106991,Ananya Mathew,Pune,MH,2024-03-13,N
C106992,Rohan Sethi,Surat,GJ,2024-04-10,N
C106993,Jaspreet Siddiqui,Raipur,CG,2024-09-08,N
C106994,Ramesh Pawar,Pune,MH,2024-05-07,N
C106995,Sukhwinder Patel,Vadodara,GJ,2024-12-06,N
C106996,Neha D'Souza,Chennai,TN,2022-09-20,N
C106997,Meera Pereira,Bhubaneswar,OR,2022-08-09,N
C106998,Tarun Shah,Hyderabad,TS,2024-11-02,N
C106999,Amit Arora,Gurugram,HR,2023-11-08,N
C107000,Gurpreet Mishra,Gurugram,HR,2024-12-23,N
C107001,Nisha Sharma,Lucknow,UP,2023-01-13,N
C107002,Amit Trivedi,Noida,UP,2023-06-20,N
C107003,Yash Goyal,Indore,MP,2024-01-24,N
C107004,Pooja Patil,Indore,MP,2023-09-13,N
C107005,Krishna Iyer,Guwahati,AS,2024-01-24,N
C107006,Isha Bose,Chennai,TN,2024-07-22,N
C107007,Ramesh Bhatia,Ahmedabad,GJ,2022-11-27,N
C107008,Ishaan Kaur,Thiruvananthapuram,KL,2023-03-04,Y
C107009,Varun Verma,Chennai,TN,2022-07-24,N
C107010,Kavya Verma,Raipur,CG,2023-05-10,Y
C107011,Pooja Mishra,Kolkata,WB,2022-09-04,N
C107012,Kunal Chatterjee,Thiruvananthapuram,KL,2022-08-04,N
C107013,Nikhil Khanna,Bengaluru,KA,2022-08-11,N
C107014,Sneha Singh,Bengaluru,KA,2022-09-11,N
C107015,Manpreet Gill,Nagpur,MH,2024-11-24,Y
C107016,Suresh Jadhav,Vadodara,GJ,2024-05-21,N
C107017,Jaspreet Rao,Pune,MH,2023-04-19,Y
C107018,Rohit Fernandes,Vadodara,GJ,2024-04-15,N
C107019,Kabir Sethi,Lucknow,UP,2023-07-22,N
C107020,Aditya Khanna,Gurugram,HR,2024-08-12,Y
C107021,Ishaan Sheikh,Coimbatore,TN,2024-02-05,N
C107022,Swati Ansari,Pune,MH,2024-12-02,Y
C107023,Nisha Shah,Coimbatore,TN,2024-12-15,N
C107024,Sai Pereira,Chennai,TN,2024-10-16,N
C107025,Aditya Bhatia,Ranchi,JH,2022-10-16,N
C107026,Pranav Nair,Bhubaneswar,OR,2023-07-02,N
C107027,Steven Nair,Jaipur,RJ,2024-12-23,Y
C107028,Aishwarya Shah,Coimbatore,TN,2023-09-07,N
C107029,Aarav Dhillon,Surat,GJ,2022-09-04,N
C107030,Varun Desai,Raipur,CG,2022-08-15,Y
C107031,Joseph Bhatt,Bhubaneswar,OR,2023-09-30,Y
C107032,Amit Ansari,Pune,MH,2023-01-06,Y
C107033,Anjali Bhatia,Bhopal,MP,2022-10-22,N
C107034,Diya Gupta,Ahmedabad,GJ,2023-08-04,N
C107035,Thomas Joshi,Mumbai,MH,2024-03-27,N
C107036,Mohammed Tiwari,Pune,MH,2023-06-28,Y
C107037,Nikhil Arora,Lucknow,UP,2023-06-13,N
C107038,Pooja Malhotra,Bhopal,MP,2024-07-25,Y
C107039,Nikhil Nair,Kolkata,WB,2022-08-05,Y
C107040,Meera Das,Bengaluru,KA,2022-07-21,Y
C107041,Karan Saxena,Patna,BR,2024-09-21,Y
C107042,Lakshmi Reddy,Mysuru,KA,2023-04-24,N
C107043,Imran Rathore,Chennai,TN,2022-09-22,Y
C107044,Diya Sharma,Coimbatore,TN,2024-04-03,N
C107045,Ishaan Gupta,Indore,MP,2022-08-14,Y
C107046,Riya Patil,Bengaluru,KA,2023-07-05,N
C107047,Manish Kumar,Mysuru,KA,2024-05-07,N
C107048,Neha Mittal,Pune,MH,2023-03-27,N
C107049,Zaid Das,Thiruvananthapuram,KL,2022-12-09,Y
C107050,Harpreet Yadav,Thiruvananthapuram,KL,2024-04-07,N
C107051,Vikram Desai,Nashik,MH,2024-01-09,N
C107052,Steven Mathew,Coimbatore,TN,2024-10-29,N
C107053,Faisal Mehta,Vadodara,GJ,2023-06-24,N
C107054,Siddharth Iyer,Surat,GJ,2023-02-09,N
C107055,Reyansh George,Indore,MP,2023-05-26,N
C107056,Simran George,Guwahati,AS,2024-02-24,N
C107057,Kavya Chauhan,Patna,BR,2023-11-15,Y
C107058,Deepak Jadhav,Chennai,TN,2024-04-14,Y
C107059,Vihaan Shinde,Mumbai,MH,2023-09-01,Y
C107060,Shreya Mathew,Guwahati,AS,2024-01-17,N
C107061,Rahul Qureshi,Kolkata,WB,2022-10-14,N
C107062,Imran Menon,Visakhapatnam,AP,2023-03-28,Y
C107063,Divya Pillai,Vadodara,GJ,2024-02-21,Y
C107064,Sunita Singh,Jaipur,RJ,2022-10-05,N
C107065,Tanvi Srivastava,Nashik,MH,2024-09-05,Y
C107066,Varun Varghese,Lucknow,UP,2023-08-16,N
C107067,Thomas Bansal,Coimbatore,TN,2023-07-26,N
C107068,Nisha Jadhav,Kochi,KL,2024-10-24,Y
C107069,Ankit Sethi,Chandigarh,CH,2024-02-28,N
C107070,Aishwarya Deshpande,Coimbatore,TN,2024-05-05,N
C107071,Bhavna Gupta,Bhopal,MP,2024-05-25,Y
C107072,Sukhwinder Siddiqui,Gurugram,HR,2023-05-02,N
C107073,Nisha Gupta,Mysuru,KA,2023-12-18,N
C107074,Daniel Nair,Gurugram,HR,2022-10-09,N
C107075,Mohammed Verma,Nagpur,MH,2024-06-24,Y
C107076,Karan Khan,Bhopal,MP,2024-02-16,Y
C107077,Riya Chauhan,Noida,UP,2023-07-04,N
C107078,Ayaan Mehta,Bengaluru,KA,2023-07-25,N
C107079,Pooja D'Souza,Gurugram,HR,2024-10-11,N
C107080,Imran Trivedi,Lucknow,UP,2024-01-27,Y
C107081,Karan Varghese,Thiruvananthapuram,KL,2023-12-23,N
C107082,Rohit Khanna,Gurugram,HR,2023-04-30,N
C107083,Manish Goyal,Chennai,TN,2022-09-25,Y
C107084,Deepak Mehta,Dehradun,UK,2022-09-12,Y
C107085,Yash Gupta,Indore,MP,2024-11-02,N
C107086,Komal Chatterjee,Noida,UP,2024-08-13,N
C107087,Varun Sandhu,Mysuru,KA,2025-01-01,N
C107088,Payal Arora,Nagpur,MH,2023-05-27,N
C107089,Harpreet Khan,Surat,GJ,2022-07-25,Y
C107090,Tanvi Mathew,Lucknow,UP,2023-08-14,N
C107091,Reyansh Ansari,Patna,BR,2022-10-01,Y
C107092,Saanvi Ghosh,Delhi,DL,2023-11-04,Y
C107093,Aditya Kulkarni,Dehradun,UK,2024-10-29,N
C107094,Sukhwinder Chopra,Chandigarh,CH,2022-09-26,Y
C107095,Tenzin Das,Jaipur,RJ,2024-01-15,N
C107096,Isha Bhatt,Pune,MH,2022-08-15,N
C107097,Faisal Pillai,Nashik,MH,2024-04-20,N
C107098,Steven Qureshi,Mysuru,KA,2022-09-08,N
C107099,Arjun Reddy,Ranchi,JH,2022-09-09,N
C107100,Riya Chatterjee,Kolkata,WB,2023-06-02,Y
C107101,Tarun Pereira,Thiruvananthapuram,KL,2023-02-04,N
C107102,Anjali Pillai,Thiruvananthapuram,KL,2024-04-18,N
C107103,Rohit Srivastava,Chandigarh,CH,2023-07-24,N
C107104,Geeta George,Nagpur,MH,2022-10-29,N
C107105,Tenzin Pandey,Bhopal,MP,2024-12-08,N
C107106,Tenzin Pillai,Raipur,CG,2023-05-19,Y
C107107,Simran Saxena,Bhubaneswar,OR,2022-12-31,N
C107108,Megha Kaur,Bhubaneswar,OR,2024-11-25,Y
C107109,Arjun Iyer,Bhubaneswar,OR,2022-11-23,Y
C107110,Deepak Khanna,Chennai,TN,2023-04-30,Y
C107111,Payal Verma,Raipur,CG,2023-02-04,N
C107112,Faisal Malhotra,Pune,MH,2023-10-20,Y
C107113,Komal Bansal,Ranchi,JH,2023-01-06,Y
C107114,Ananya Banerjee,Chandigarh,CH,2023-07-12,Y
C107115,Vivaan Pillai,Chandigarh,CH,2024-11-25,N
C107116,Zaid Jain,Nagpur,MH,2024-05-22,N
C107117,Sukhwinder Bansal,Nagpur,MH,2024-01-14,N
C107118,Ananya Bhatt,Dehradun,UK,2024-02-01,Y
C107119,Zoya Kulkarni,Noida,UP,2023-07-05,N
C107120,Abhishek Rathore,Indore,MP,2022-11-10,N
C107121,Ritika Sharma,Bhopal,MP,2023-02-15,N
C107122,Ramesh Sharma,Delhi,DL,2024-04-15,N
C107123,Priya Mittal,Surat,GJ,2023-04-03,N
C107124,Anjali Rathore,Surat,GJ,2022-10-16,N
C107125,Komal Bansal,Chennai,TN,2022-10-17,Y
C107126,Ankit Bhatt,Bhopal,MP,2024-11-27,Y
C107127,Shreya Trivedi,Surat,GJ,2022-10-24,Y
C107128,Amit Tiwari,Hyderabad,TS,2023-11-24,N
C107129,Ananya Bansal,Guwahati,AS,2023-01-25,Y
C107130,Siddharth Banerjee,Mysuru,KA,2024-07-19,N
C107131,Aditya Gill,Delhi,DL,2024-10-16,N
C107132,Lakshmi Mittal,Bhopal,MP,2022-09-18,N
C107133,Zaid Patel,Gurugram,HR,2024-03-11,Y
C107134,Pranav Roy,Bhopal,MP,2023-06-26,N
C107135,Isha Sandhu,Nagpur,MH,2023-05-21,N
C107136,Rohan Iyer,Jaipur,RJ,2022-09-28,N
C107137,Divya Srivastava,Nashik,MH,2023-09-20,Y
C107138,Kunal Chopra,Visakhapatnam,AP,2024-01-23,N
C107139,Nisha Rathore,Vadodara,GJ,2023-05-01,N
C107140,Megha Kaur,Chennai,TN,2023-09-30,N
C107141,Deepak Rathore,Raipur,CG,2022-12-25,N
C107142,Kunal Chopra,Surat,GJ,2024-07-30,Y
C107143,Pranav Pereira,Patna,BR,2023-04-08,Y
C107144,Neha Srivastava,Mumbai,MH,2022-09-17,N
C107145,Komal Iyer,Pune,MH,2022-10-25,N
C107146,Siddharth Dhillon,Dehradun,UK,2022-10-19,N
C107147,Ayaan Desai,Lucknow,UP,2022-08-24,N
C107148,Meera Bhatt,Chennai,TN,2024-05-15,N
C107149,Aishwarya D'Souza,Noida,UP,2022-08-21,N
C107150,Ishaan Deshpande,Guwahati,AS,2022-11-06,N
C107151,Imran Varghese,Vadodara,GJ,2024-12-02,N
C107152,Gurpreet Chauhan,Ranchi,JH,2023-05-07,Y
C107153,Daniel Bhatt,Thiruvananthapuram,KL,2024-09-07,N
C107154,Jaspreet Chauhan,Hyderabad,TS,2024-06-19,N
C107155,Manpreet Banerjee,Guwahati,AS,2023-04-19,N
C107156,Isha Pawar,Gurugram,HR,2024-04-04,N
C107157,Farah Shinde,Raipur,CG,2023-06-06,N
C107158,Gurpreet Verma,Dehradun,UK,2024-03-23,Y
C107159,Lobsang Tiwari,Kolkata,WB,2023-07-13,N
C107160,Krishna Saxena,Bhopal,MP,2024-01-12,Y
C107161,Om Pandey,Thiruvananthapuram,KL,2022-12-19,N
C107162,Tanvi Patel,Gurugram,HR,2024-10-17,N
C107163,Deepak Shinde,Mumbai,MH,2024-04-30,N
C107164,Amit D'Souza,Jaipur,RJ,2022-09-20,N
C107165,Rahul Iyer,Guwahati,AS,2023-09-24,N
C107166,Arjun Singh,Pune,MH,2022-12-08,N
C107167,Ritika Sharma,Ranchi,JH,2024-12-06,N
C107168,Sneha Chatterjee,Indore,MP,2023-07-14,N
C107169,Ramesh Bose,Bhubaneswar,OR,2022-09-29,N
C107170,Manish Pandey,Nagpur,MH,2023-01-26,N
C107171,Pranav Dhillon,Mysuru,KA,2024-09-08,Y
C107172,Riya Varghese,Noida,UP,2023-01-11,N
C107173,Aishwarya Shinde,Lucknow,UP,2023-04-16,N
C107174,Tarun Kulkarni,Ranchi,JH,2022-12-19,Y
C107175,Tanvi Patil,Nagpur,MH,2022-12-07,Y
C107176,Ayaan Sheikh,Lucknow,UP,2023-12-27,Y
C107177,Joseph Chopra,Jaipur,RJ,2024-04-07,Y
C107178,Kabir Gaikwad,Bhubaneswar,OR,2023-11-13,N
C107179,Rohit Rao,Chennai,TN,2024-01-12,N
C107180,Yash Chopra,Coimbatore,TN,2023-03-27,N
C107181,Om Sharma,Delhi,DL,2023-07-25,Y
C107182,Varun Tiwari,Indore,MP,2024-03-04,N
C107183,Sneha Shinde,Delhi,DL,2024-11-21,N
C107184,Aishwarya Saxena,Ranchi,JH,2022-09-29,N
C107185,Dev Shah,Noida,UP,2024-08-14,Y
C107186,Imran Sandhu,Vadodara,GJ,2023-02-15,Y
C107187,Pooja Bose,Lucknow,UP,2023-10-09,Y
C107188,Sai Pandey,Lucknow,UP,2024-10-21,N
C107189,Pooja Gill,Noida,UP,2023-05-19,N
C107190,Harsh Pawar,Gurugram,HR,2024-02-10,N
C107191,Bhavna Dutta,Surat,GJ,2023-05-10,N
C107192,Aadhya D'Souza,Chandigarh,CH,2023-07-17,N
C107193,Sai Kapoor,Chennai,TN,2024-10-23,N
C107194,Harpreet Chauhan,Chennai,TN,2023-03-02,N
C107195,Faisal Bansal,Bengaluru,KA,2022-12-23,Y
C107196,Pooja Chopra,Mysuru,KA,2023-04-14,N
C107197,Diya Saxena,Noida,UP,2023-09-02,Y
C107198,Ishaan Trivedi,Ahmedabad,GJ,2023-06-20,N
C107199,Ramesh Arora,Kochi,KL,2023-03-29,Y
C107200,Lobsang Srivastava,Vadodara,GJ,2024-10-07,N
C107201,Manish Sharma,Vadodara,GJ,2024-02-29,N
C107202,Joseph Tiwari,Kolkata,WB,2022-11-05,N
C107203,Sneha Bansal,Nagpur,MH,2024-05-02,N
C107204,Joseph Ghosh,Surat,GJ,2024-12-02,N
C107205,Joseph Fernandes,Dehradun,UK,2023-05-04,N
C107206,Saanvi Singh,Kochi,KL,2023-05-22,Y
C107207,Pranav Rathore,Jaipur,RJ,2023-03-14,N
C107208,Ritika Dhillon,Mysuru,KA,2024-04-08,Y
C107209,Steven Fernandes,Thiruvananthapuram,KL,2023-01-20,Y
C107210,Meera Khanna,Chandigarh,CH,2024-04-17,Y
C107211,Faisal Khanna,Visakhapatnam,AP,2024-12-29,N
C107212,Arjun George,Kolkata,WB,2023-05-02,Y
C107213,Kavya Pereira,Indore,MP,2022-09-30,Y
C107214,Reyansh Bose,Mumbai,MH,2022-08-10,N
C107215,Tanvi Siddiqui,Jaipur,RJ,2023-11-05,Y
C107216,Riya Banerjee,Kolkata,WB,2023-08-28,N
C107217,Suresh Ghosh,Bhopal,MP,2023-03-11,N
C107218,Suresh Naidu,Ranchi,JH,2024-04-16,N
C107219,Isha Arora,Hyderabad,TS,2022-12-25,Y
C107220,Simran Sheikh,Lucknow,UP,2023-03-25,N
C107221,Harpreet Nair,Visakhapatnam,AP,2024-07-16,Y
C107222,Anjali Ansari,Bhubaneswar,OR,2024-12-15,N
C107223,Jaspreet Patel,Bengaluru,KA,2024-07-31,N
C107224,Ayaan Trivedi,Ranchi,JH,2024-10-28,Y
C107225,Lakshmi Gill,Coimbatore,TN,2023-07-11,N
C107226,Sukhwinder Sharma,Visakhapatnam,AP,2023-08-25,N
C107227,Nisha Pawar,Lucknow,UP,2024-12-20,Y
C107228,Ishaan Nair,Mumbai,MH,2024-10-29,N
C107229,Vivaan Trivedi,Jaipur,RJ,2023-08-19,N
C107230,Vikram Qureshi,Thiruvananthapuram,KL,2024-04-02,N
C107231,Komal Jain,Surat,GJ,2024-12-08,Y
C107232,Steven Goyal,Bengaluru,KA,2024-08-12,N
C107233,Zoya Goyal,Chandigarh,CH,2023-08-03,N
C107234,Meera Mishra,Nagpur,MH,2024-05-13,Y
C107235,Lakshmi Sandhu,Bhubaneswar,OR,2024-04-06,N
C107236,Anjali Das,Ahmedabad,GJ,2023-06-22,N
C107237,Harsh Shinde,Guwahati,AS,2023-10-18,Y
C107238,Saanvi Joshi,Chennai,TN,2024-01-29,N
C107239,Meera Fernandes,Lucknow,UP,2023-06-17,N
C107240,Kavya Bose,Jaipur,RJ,2022-07-20,N
C107241,Arjun Fernandes,Surat,GJ,2024-12-25,N
C107242,Pranav Saxena,Guwahati,AS,2024-05-07,N
C107243,Simran Patil,Jaipur,RJ,2024-02-25,Y
C107244,Shreya Pereira,Guwahati,AS,2024-12-20,Y
C107245,Sameer Mishra,Nashik,MH,2023-06-13,N
C107246,Aishwarya Khan,Chandigarh,CH,2024-04-09,Y
C107247,Aishwarya Chauhan,Guwahati,AS,2024-10-07,N
C107248,Kunal Fernandes,Coimbatore,TN,2023-08-22,Y
C107249,Kavya Ansari,Mysuru,KA,2024-01-22,N
C107250,Vikram Joshi,Nagpur,MH,2022-11-19,Y
C107251,Tarun Desai,Bhubaneswar,OR,2022-10-08,Y
C107252,Zoya Pandey,Chennai,TN,2023-11-05,Y
C107253,Manish Mathew,Raipur,CG,2023-09-04,N
C107254,Amit Dutta,Kochi,KL,2024-04-01,N
C107255,Rahul Agarwal,Gurugram,HR,2022-10-05,N
C107256,Geeta Roy,Lucknow,UP,2023-05-11,N
C107257,Suresh Chauhan,Chandigarh,CH,2023-04-21,N
C107258,Tenzin Ghosh,Indore,MP,2024-02-01,Y
C107259,Geeta Naidu,Nagpur,MH,2022-11-15,N
C107260,Zoya Pawar,Hyderabad,TS,2023-08-26,N
C107261,Tenzin Rathore,Jaipur,RJ,2024-08-21,N
C107262,Sai Bhatt,Chandigarh,CH,2022-08-19,N
C107263,Lakshmi Bose,Surat,GJ,2022-10-19,N
C107264,Manish Nair,Visakhapatnam,AP,2024-12-30,Y
C107265,Swati Varghese,Bhubaneswar,OR,2024-02-28,N
C107266,Shreya Gupta,Ahmedabad,GJ,2024-06-26,N
C107267,Tarun Mittal,Nashik,MH,2024-07-17,N
C107268,Arjun Pillai,Delhi,DL,2024-04-03,N
C107269,Vihaan Sharma,Thiruvananthapuram,KL,2023-03-20,N
C107270,Sukhwinder Chopra,Mumbai,MH,2023-09-25,N
C107271,Mohammed Shinde,Bengaluru,KA,2024-04-20,N
C107272,Ankit Varghese,Chandigarh,CH,2023-03-20,N
C107273,Riya Goyal,Indore,MP,2023-12-27,N
C107274,Gurpreet Jain,Chennai,TN,2023-04-18,N
C107275,Joseph Shah,Patna,BR,2024-04-19,Y
C107276,Sneha Mukherjee,Kochi,KL,2022-07-26,N
C107277,Sneha Goyal,Patna,BR,2023-07-15,N
C107278,Reyansh Dutta,Coimbatore,TN,2023-04-29,N
C107279,Rajat Chatterjee,Vadodara,GJ,2024-09-08,N
C107280,Tanvi Deshpande,Noida,UP,2023-04-15,Y
C107281,Harpreet Malhotra,Jaipur,RJ,2024-10-29,N
C107282,Aadhya Dutta,Chennai,TN,2023-06-29,N
C107283,Priya Pawar,Mysuru,KA,2024-07-15,Y
C107284,Aarav Kulkarni,Bhubaneswar,OR,2024-01-07,Y
C107285,Tenzin Tiwari,Ahmedabad,GJ,2023-08-02,N
C107286,Sukhwinder Mehta,Chennai,TN,2023-05-30,Y
C107287,Amit Dhillon,Vadodara,GJ,2023-12-28,N
C107288,Vivaan Roy,Bhopal,MP,2022-10-27,Y
C107289,Sameer Jadhav,Surat,GJ,2022-12-05,N
C107290,Komal Fernandes,Nagpur,MH,2024-06-17,N
C107291,Riya Bose,Visakhapatnam,AP,2022-10-21,N
C107292,Rohit Varghese,Raipur,CG,2024-01-04,N
C107293,Swati Pillai,Dehradun,UK,2024-05-29,N
C107294,Ananya Siddiqui,Chandigarh,CH,2022-12-21,N
C107295,Harsh Pillai,Kolkata,WB,2022-12-03,N
C107296,Thomas Kaur,Ranchi,JH,2023-11-17,N
C107297,Rajat Desai,Noida,UP,2024-01-07,Y
C107298,Vivaan Chopra,Dehradun,UK,2022-08-26,N
C107299,Megha Roy,Kochi,KL,2023-06-12,N
C107300,Payal Mishra,Thiruvananthapuram,KL,2023-03-09,Y
C107301,Krishna Bhatt,Bhopal,MP,2023-08-03,N
C107302,Pooja Gill,Mumbai,MH,2023-06-12,N
C107303,Bhavna Pawar,Coimbatore,TN,2023-01-15,N
C107304,Krishna Menon,Surat,GJ,2022-12-02,N
C107305,Meera Ghosh,Indore,MP,2023-12-05,Y
C107306,Komal Pereira,Pune,MH,2023-07-01,Y
C107307,Sai Menon,Kochi,KL,2024-09-20,N
C107308,Ayaan Sheikh,Ranchi,JH,2023-07-28,N
C107309,Harsh Bhatt,Thiruvananthapuram,KL,2022-12-22,N
C107310,Sneha Bansal,Hyderabad,TS,2024-10-24,Y
C107311,Rahul Jadhav,Chandigarh,CH,2024-07-26,Y
C107312,Reyansh Menon,Surat,GJ,2023-11-28,N
C107313,Sneha Kapoor,Gurugram,HR,2024-07-01,N
C107314,Siddharth Tiwari,Chennai,TN,2024-12-10,Y
C107315,Anjali Khan,Bengaluru,KA,2024-11-07,Y
C107316,Bhavna Shinde,Mysuru,KA,2022-12-21,N
C107317,Jaspreet Pandey,Lucknow,UP,2022-09-10,N
C107318,Rohit Mukherjee,Delhi,DL,2023-12-06,N
C107319,Harsh Yadav,Raipur,CG,2022-08-02,N
C107320,Faisal Pillai,Gurugram,HR,2022-09-15,Y
C107321,Karan Mukherjee,Nagpur,MH,2023-05-17,Y
C107322,Lakshmi Chopra,Noida,UP,2022-10-26,Y
C107323,Rohit Kapoor,Ranchi,JH,2022-11-26,Y
C107324,Ramesh Dutta,Gurugram,HR,2024-07-06,Y
C107325,Karan Fernandes,Lucknow,UP,2024-11-10,N
C107326,Reyansh Rathore,Thiruvananthapuram,KL,2023-05-23,N
C107327,Sneha Mishra,Patna,BR,2024-12-20,Y
C107328,Dev Goyal,Delhi,DL,2024-07-05,N
C107329,Rohit Verma,Vadodara,GJ,2022-10-15,N
C107330,Vikram Goyal,Raipur,CG,2024-06-28,N
C107331,Harpreet Gill,Bengaluru,KA,2024-12-08,Y
C107332,Rohan Qureshi,Nagpur,MH,2024-11-26,Y
C107333,Vivaan Banerjee,Visakhapatnam,AP,2023-03-01,N
C107334,Tanvi Agarwal,Nashik,MH,2024-01-19,N
C107335,Tenzin Goyal,Bhubaneswar,OR,2023-05-29,N
C107336,Sneha Ghosh,Hyderabad,TS,2022-11-07,N
C107337,Amit D'Souza,Raipur,CG,2024-10-23,N
C107338,Lakshmi Das,Dehradun,UK,2023-01-11,N
C107339,Neha Khan,Chennai,TN,2023-09-08,Y
C107340,Ananya Saxena,Ranchi,JH,2024-09-01,Y
C107341,Lakshmi Mittal,Thiruvananthapuram,KL,2024-05-03,Y
C107342,Megha Banerjee,Indore,MP,2023-12-10,N
C107343,Deepak Yadav,Chennai,TN,2023-05-05,N
C107344,Kavya Shinde,Indore,MP,2023-08-09,N
C107345,Neha Das,Kolkata,WB,2024-09-15,N
C107346,Zoya Khanna,Gurugram,HR,2022-10-14,Y
C107347,Steven Shinde,Dehradun,UK,2022-09-06,N
C107348,Bhavna Joshi,Dehradun,UK,2024-04-22,N
C107349,Rohan Das,Mysuru,KA,2022-09-23,N
C107350,Karan Sandhu,Ranchi,JH,2024-11-02,Y
C107351,Manpreet Banerjee,Thiruvananthapuram,KL,2022-09-10,N
C107352,Abhishek Ansari,Chennai,TN,2024-10-19,N
C107353,Aadhya Kapoor,Nashik,MH,2024-08-03,N
C107354,Sukhwinder George,Nagpur,MH,2023-06-29,Y
C107355,Ayaan Roy,Dehradun,UK,2024-09-17,Y
C107356,Manpreet Roy,Chennai,TN,2024-12-02,N
C107357,Deepak Iyer,Bhubaneswar,OR,2023-06-19,N
C107358,Dev Menon,Delhi,DL,2024-01-15,N
C107359,Ishaan Tiwari,Patna,BR,2023-06-22,N
C107360,Karan Shah,Thiruvananthapuram,KL,2023-12-06,N
C107361,Tanvi Fernandes,Lucknow,UP,2024-03-28,Y
C107362,Manish Ghosh,Chennai,TN,2022-09-16,N
C107363,Saanvi Pillai,Pune,MH,2024-03-26,N
C107364,Nikhil Shinde,Guwahati,AS,2024-10-01,N
C107365,Karan Ghosh,Raipur,CG,2024-04-05,Y
C107366,Manpreet Ansari,Hyderabad,TS,2024-10-11,Y
C107367,Sneha Qureshi,Bengaluru,KA,2023-03-04,N
C107368,Diya Sandhu,Ranchi,JH,2023-10-12,N
C107369,Divya Joshi,Kochi,KL,2024-05-21,N
C107370,Faisal Bansal,Bhubaneswar,OR,2024-01-19,N
C107371,Abhishek Chopra,Delhi,DL,2023-12-02,N
C107372,Harsh Desai,Ahmedabad,GJ,2024-12-22,N
C107373,Riya Ansari,Visakhapatnam,AP,2023-07-15,N
C107374,Nisha Ansari,Bhopal,MP,2023-08-15,N
C107375,Rajat Srivastava,Visakhapatnam,AP,2024-07-10,Y
C107376,Ananya Joshi,Bhopal,MP,2023-03-02,N
C107377,Ayaan Sandhu,Kochi,KL,2023-11-08,N
C107378,Deepak Sheikh,Jaipur,RJ,2023-06-27,N
C107379,Saanvi Bhatia,Jaipur,RJ,2023-09-03,N
C107380,Abhishek Bose,Bhopal,MP,2023-03-22,N
C107381,Faisal Dhillon,Chandigarh,CH,2022-12-18,N
C107382,Karan Sen,Chennai,TN,2023-11-11,N
C107383,Deepak Yadav,Raipur,CG,2023-12-06,Y
C107384,Zoya Bhatt,Visakhapatnam,AP,2022-11-01,N
C107385,Varun Sharma,Gurugram,HR,2024-08-20,N
C107386,Lakshmi Ghosh,Bengaluru,KA,2022-09-11,Y
C107387,Shreya Gupta,Jaipur,RJ,2022-10-02,Y
C107388,Geeta Yadav,Nagpur,MH,2024-01-04,N
C107389,Megha Ansari,Gurugram,HR,2023-05-09,N
C107390,Mohammed Fernandes,Nagpur,MH,2024-05-07,N
C107391,Rohan Banerjee,Jaipur,RJ,2023-06-29,Y
C107392,Zaid Singh,Jaipur,RJ,2023-10-01,Y
C107393,Jaspreet Nair,Dehradun,UK,2024-10-16,Y
C107394,Aarav Kumar,Ranchi,JH,2024-07-15,Y
C107395,Aadhya Sharma,Mumbai,MH,2024-07-17,Y
C107396,Harsh Fernandes,Nagpur,MH,2023-03-02,N
C107397,Farah Gupta,Guwahati,AS,2024-05-06,Y
C107398,Meera Arora,Mysuru,KA,2024-02-12,Y
C107399,Swati Yadav,Mysuru,KA,2022-11-14,N
C107400,Megha Malhotra,Coimbatore,TN,2023-07-26,N
C107401,Deepak Sharma,Guwahati,AS,2022-10-21,Y
C107402,Rohit Khanna,Pune,MH,2023-01-12,N
C107403,Priya Verma,Noida,UP,2023-07-18,N
C107404,Diya Verma,Nagpur,MH,2024-06-28,N
C107405,Zoya Jain,Ahmedabad,GJ,2023-07-31,N
C107406,Zaid Malhotra,Lucknow,UP,2024-08-08,N
C107407,Zoya Fernandes,Dehradun,UK,2023-03-08,N
C107408,Tanvi Banerjee,Bengaluru,KA,2023-07-27,N
C107409,Vikram Bose,Delhi,DL,2024-05-09,Y
C107410,Vikram Khanna,Ranchi,JH,2024-02-12,Y
C107411,Abhishek Mishra,Ahmedabad,GJ,2024-05-19,N
C107412,Swati Mathew,Bengaluru,KA,2024-02-29,N
C107413,Nisha Qureshi,Pune,MH,2023-09-02,N
C107414,Reyansh Mittal,Noida,UP,2022-09-03,N
C107415,Kunal Singh,Patna,BR,2024-11-15,N
C107416,Reyansh Iyer,Gurugram,HR,2024-05-10,Y
C107417,Lobsang Bhatt,Kochi,KL,2022-10-06,Y
C107418,Komal Khanna,Hyderabad,TS,2023-06-16,N
C107419,Rohan Menon,Bhopal,MP,2024-11-30,N
C107420,Imran Pawar,Raipur,CG,2023-04-12,N
C107421,Reyansh Pandey,Bhubaneswar,OR,2024-12-20,N
C107422,Nikhil Sethi,Ahmedabad,GJ,2024-11-25,N
C107423,Shreya Rao,Nagpur,MH,2023-12-06,N
C107424,Tenzin Iyer,Kolkata,WB,2024-12-26,Y
C107425,Sameer Mukherjee,Surat,GJ,2024-03-06,N
C107426,Pranav Sandhu,Noida,UP,2024-03-04,Y
C107427,Vivaan Joshi,Raipur,CG,2023-03-31,Y
C107428,Faisal Gupta,Hyderabad,TS,2024-03-22,N
C107429,Harsh Tiwari,Surat,GJ,2024-11-03,Y
C107430,Karan Ansari,Bengaluru,KA,2024-01-25,N
C107431,Sukhwinder Siddiqui,Dehradun,UK,2022-08-10,Y
C107432,Nikhil Patil,Jaipur,RJ,2024-05-28,N
C107433,Aditya Joshi,Gurugram,HR,2024-04-11,N
C107434,Sneha Rao,Patna,BR,2023-07-26,N
C107435,Sukhwinder Ansari,Bhubaneswar,OR,2023-02-24,N
C107436,Saanvi Pandey,Pune,MH,2023-02-20,Y
C107437,Vikram Srivastava,Chandigarh,CH,2023-09-25,N
C107438,Tarun Goyal,Thiruvananthapuram,KL,2024-03-09,N
C107439,Tanvi Sheikh,Indore,MP,2022-09-20,Y
C107440,Rahul Nair,Chennai,TN,2023-01-09,N
C107441,Aadhya Pandey,Chandigarh,CH,2024-07-22,Y
C107442,Harsh Naidu,Guwahati,AS,2022-10-06,N
C107443,Priya Shinde,Noida,UP,2024-03-13,N
C107444,Dev Naidu,Dehradun,UK,2023-11-15,N
C107445,Kabir Tiwari,Chandigarh,CH,2024-05-07,N
C107446,Ananya Bansal,Bengaluru,KA,2023-11-16,Y
C107447,Zoya Mathew,Mysuru,KA,2024-06-14,Y
C107448,Aishwarya Sharma,Raipur,CG,2024-03-26,N
C107449,Sunita Gill,Lucknow,UP,2024-06-22,N
C107450,Krishna George,Surat,GJ,2024-10-27,Y
C107451,Vihaan Sen,Kochi,KL,2024-06-24,Y
C107452,Om Malhotra,Thiruvananthapuram,KL,2023-11-07,N
C107453,Joseph Bose,Bengaluru,KA,2024-05-03,Y
C107454,Joseph Chopra,Guwahati,AS,2023-08-12,N
C107455,Vikram Goyal,Bhopal,MP,2022-09-07,N
C107456,Ayaan Menon,Delhi,DL,2024-08-16,N
C107457,Harpreet Reddy,Raipur,CG,2022-09-21,N
C107458,Gurpreet Jain,Pune,MH,2024-06-15,Y
C107459,Rohit Qureshi,Bhopal,MP,2024-04-19,Y
C107460,Sunita Ansari,Indore,MP,2023-04-23,Y
C107461,Ritika Menon,Kolkata,WB,2023-02-16,N
C107462,Kunal Malhotra,Lucknow,UP,2022-11-04,Y
C107463,Arjun Pawar,Mysuru,KA,2022-12-31,N
C107464,Tarun Trivedi,Patna,BR,2024-12-14,Y
C107465,Swati Siddiqui,Lucknow,UP,2024-09-28,Y
C107466,Ishaan Bansal,Bengaluru,KA,2023-02-04,Y
C107467,Nisha Patil,Ranchi,JH,2022-11-19,N
C107468,Joseph Khanna,Noida,UP,2024-01-06,Y
C107469,Kavya Kulkarni,Chennai,TN,2023-09-06,N
C107470,Aadhya George,Coimbatore,TN,2022-08-03,N
C107471,Divya Jadhav,Bhubaneswar,OR,2023-11-30,N
C107472,Rajat Siddiqui,Bhubaneswar,OR,2024-12-06,N
C107473,Tanvi Siddiqui,Bhubaneswar,OR,2023-12-11,N
C107474,Saanvi Mittal,Thiruvananthapuram,KL,2024-01-19,N
C107475,Aarav Mukherjee,Visakhapatnam,AP,2024-03-13,Y
C107476,Isha Rathore,Kochi,KL,2023-06-18,N
C107477,Vihaan Das,Raipur,CG,2022-12-14,N
C107478,Tanvi Sharma,Hyderabad,TS,2024-04-19,N
C107479,Shreya Gupta,Bhubaneswar,OR,2024-12-06,N
C107480,Aishwarya Sheikh,Coimbatore,TN,2023-11-17,Y
C107481,Faisal Mathew,Guwahati,AS,2023-10-30,N
C107482,Neha Ghosh,Coimbatore,TN,2024-04-15,N
C107483,Zoya George,Gurugram,HR,2024-07-24,Y
C107484,Steven Saxena,Coimbatore,TN,2024-04-18,N
C107485,Rajat Sheikh,Dehradun,UK,2023-06-09,Y
C107486,Krishna Trivedi,Nagpur,MH,2023-05-03,N
C107487,Om Dhillon,Coimbatore,TN,2023-01-05,N
C107488,Diya Pillai,Nagpur,MH,2022-11-08,N
C107489,Sukhwinder Agarwal,Noida,UP,2022-10-09,N
C107490,Saanvi D'Souza,Nashik,MH,2023-07-05,Y
C107491,Ankit Mittal,Hyderabad,TS,2023-11-28,N
C107492,Ramesh Goyal,Coimbatore,TN,2024-09-23,N
C107493,Lakshmi Naidu,Pune,MH,2023-07-05,N
C107494,Abhishek Reddy,Guwahati,AS,2023-09-14,N
C107495,Joseph Kapoor,Indore,MP,2023-10-01,Y
C107496,Anjali Chatterjee,Visakhapatnam,AP,2023-04-12,N
C107497,Jaspreet Pandey,Indore,MP,2024-10-24,N
C107498,Riya Iyer,Kolkata,WB,2024-01-24,N
C107499,Harsh Deshpande,Pune,MH,2023-10-23,Y
C107500,Saanvi Srivastava,Guwahati,AS,2023-04-06,N
C107501,Nisha Malhotra,Delhi,DL,2024-04-19,N
C107502,Dev Mehta,Nagpur,MH,2023-07-28,N
C107503,Aditya Yadav,Kochi,KL,2024-10-15,N
C107504,Isha Naidu,Ahmedabad,GJ,2022-10-01,N
C107505,Abhishek Bhatia,Bengaluru,KA,2024-07-27,N
C107506,Divya Arora,Nashik,MH,2023-03-06,Y
C107507,Komal D'Souza,Nagpur,MH,2022-10-14,Y
C107508,Komal Shah,Jaipur,RJ,2023-03-25,Y
C107509,Thomas Iyer,Kolkata,WB,2023-04-28,N
C107510,Sameer Reddy,Indore,MP,2024-01-23,N
C107511,Reyansh Pawar,Mumbai,MH,2024-09-21,N
C107512,Swati Rao,Coimbatore,TN,2023-09-05,Y
C107513,Farah Iyer,Indore,MP,2023-10-16,N
C107514,Sameer Banerjee,Jaipur,RJ,2023-03-31,N
C107515,Vikram Agarwal,Hyderabad,TS,2022-11-26,N
C107516,Divya Iyer,Noida,UP,2024-02-20,N
C107517,Anjali Kumar,Delhi,DL,2024-04-15,N
C107518,Payal Siddiqui,Nashik,MH,2023-09-03,N
C107519,Divya Pillai,Nagpur,MH,2023-10-22,N
C107520,Krishna Sandhu,Mumbai,MH,2023-03-27,Y
C107521,Rahul Jadhav,Surat,GJ,2024-12-05,N
C107522,Kunal Bhatt,Dehradun,UK,2023-09-17,N
C107523,Harpreet Rathore,Thiruvananthapuram,KL,2024-07-11,Y
C107524,Anjali Dutta,Chennai,TN,2023-11-13,N
C107525,Aarav Shinde,Indore,MP,2024-02-04,N
C107526,Aarav Mehta,Guwahati,AS,2023-03-16,N
C107527,Jaspreet Chatterjee,Kochi,KL,2024-03-29,N
C107528,Kabir Bansal,Mysuru,KA,2022-11-09,N
C107529,Reyansh Bhatt,Mysuru,KA,2024-06-30,N
C107530,Vikram Kumar,Jaipur,RJ,2024-06-13,N
C107531,Arjun Gupta,Guwahati,AS,2024-11-15,N
C107532,Diya Pereira,Surat,GJ,2022-10-24,N
C107533,Sunita Sandhu,Pune,MH,2022-11-24,N
C107534,Pooja Chatterjee,Hyderabad,TS,2022-08-11,Y
C107535,Zoya Bhatia,Indore,MP,2023-02-02,N
C107536,Simran Kulkarni,Bhubaneswar,OR,2024-07-23,N
C107537,Reyansh Rao,Patna,BR,2024-02-27,N
C107538,Suresh Mishra,Thiruvananthapuram,KL,2022-10-28,Y
C107539,Mohammed Gill,Gurugram,HR,2023-04-13,Y
C107540,Ananya Bhatia,Vadodara,GJ,2023-07-14,N
C107541,Ankit Roy,Jaipur,RJ,2023-03-23,Y
C107542,Tanvi Ansari,Noida,UP,2023-08-01,N
C107543,Vihaan Deshpande,Guwahati,AS,2023-03-06,Y
C107544,Varun Naidu,Mysuru,KA,2024-05-05,N
C107545,Payal Desai,Patna,BR,2022-12-06,N
C107546,Yash Varghese,Mysuru,KA,2023-05-24,N
C107547,Yash D'Souza,Ranchi,JH,2023-05-17,Y
C107548,Ankit Qureshi,Raipur,CG,2024-04-17,N
C107549,Farah Agarwal,Bhubaneswar,OR,2023-08-08,N
C107550,Sneha Saxena,Mysuru,KA,2024-06-15,N
C107551,Steven Reddy,Hyderabad,TS,2022-09-28,N
C107552,Ananya Sen,Vadodara,GJ,2023-02-21,N
C107553,Abhishek Agarwal,Bengaluru,KA,2022-08-16,N
C107554,Thomas Deshpande,Jaipur,RJ,2024-04-08,N
C107555,Harsh George,Nagpur,MH,2023-10-11,Y
C107556,Rohit Malhotra,Bhopal,MP,2023-10-05,N
C107557,Shreya Rao,Ahmedabad,GJ,2022-10-20,Y
C107558,Karan Kapoor,Bhopal,MP,2022-10-19,Y
C107559,Yash Kaur,Kolkata,WB,2024-04-24,N
C107560,Aadhya Khan,Mysuru,KA,2023-07-22,Y
C107561,Manpreet Varghese,Dehradun,UK,2023-01-05,N
C107562,Harpreet Das,Bhopal,MP,2023-05-11,N
C107563,Tanvi Khanna,Hyderabad,TS,2024-12-08,Y
C107564,Ananya Pillai,Hyderabad,TS,2024-08-09,N
C107565,Kunal Bhatt,Guwahati,AS,2023-12-04,N
C107566,Divya Mathew,Bengaluru,KA,2023-12-26,N
C107567,Siddharth Iyer,Mumbai,MH,2024-10-16,Y
C107568,Faisal Reddy,Nagpur,MH,2023-05-03,Y
C107569,Shreya Das,Pune,MH,2023-02-26,N
C107570,Sneha Bansal,Indore,MP,2024-05-23,N
C107571,Manpreet Kumar,Vadodara,GJ,2024-01-25,N
C107572,Deepak Goyal,Ranchi,JH,2023-02-11,Y
C107573,Reyansh Nair,Coimbatore,TN,2023-08-15,N
C107574,Meera Sethi,Noida,UP,2023-07-02,Y
C107575,Manish Gupta,Gurugram,HR,2022-08-18,N
C107576,Megha Menon,Ahmedabad,GJ,2024-12-09,N
C107577,Ishaan Khanna,Pune,MH,2024-07-08,N
C107578,Aadhya Bhatt,Chennai,TN,2023-04-22,N
C107579,Sukhwinder Rathore,Gurugram,HR,2022-10-21,N
C107580,Thomas Mehta,Hyderabad,TS,2023-09-27,Y
C107581,Kavya Yadav,Kochi,KL,2024-08-04,N
C107582,Vikram Patel,Ranchi,JH,2023-11-30,Y
C107583,Riya Pawar,Nagpur,MH,2023-08-03,N
C107584,Zoya Gaikwad,Gurugram,HR,2023-03-21,Y
C107585,Harpreet Goyal,Delhi,DL,2024-11-14,N
C107586,Lakshmi George,Bhubaneswar,OR,2023-04-06,Y
C107587,Sukhwinder Dhillon,Gurugram,HR,2022-09-13,N
C107588,Mohammed Patil,Lucknow,UP,2022-12-01,Y
C107589,Payal Mehta,Visakhapatnam,AP,2024-09-04,Y
C107590,Aarav Khanna,Indore,MP,2024-03-31,Y
C107591,Lobsang Iyer,Guwahati,AS,2024-02-22,N
C107592,Zaid Khanna,Hyderabad,TS,2023-07-19,Y
C107593,Payal Gill,Indore,MP,2024-08-11,N
C107594,Rajat Verma,Pune,MH,2024-04-10,N
C107595,Joseph Kumar,Mumbai,MH,2023-04-09,N
C107596,Komal Roy,Visakhapatnam,AP,2023-05-17,N
C107597,Faisal Saxena,Kochi,KL,2024-09-06,N
C107598,Lakshmi Joshi,Kochi,KL,2023-02-20,N
C107599,Vivaan Mittal,Mumbai,MH,2022-12-18,Y
C107600,Swati Pawar,Visakhapatnam,AP,2022-07-17,N
C107601,Thomas Naidu,Kolkata,WB,2023-11-02,N
C107602,Anjali Mehta,Guwahati,AS,2024-09-28,N
C107603,Siddharth Chatterjee,Bengaluru,KA,2023-03-27,N
C107604,Ankit Verma,Chandigarh,CH,2024-08-23,N
C107605,Anjali Kulkarni,Ahmedabad,GJ,2022-08-31,N
C107606,Harpreet Gupta,Kolkata,WB,2022-12-06,Y
C107607,Varun Patel,Chennai,TN,2023-02-03,Y
C107608,Kavya Tiwari,Thiruvananthapuram,KL,2024-05-06,Y
C107609,Rohan Mishra,Raipur,CG,2024-03-03,N
C107610,Imran Ansari,Mumbai,MH,2022-09-16,N
C107611,Isha Sheikh,Mumbai,MH,2022-09-11,N
C107612,Swati Jain,Vadodara,GJ,2023-06-05,N
C107613,Deepak Srivastava,Ahmedabad,GJ,2023-05-08,N
C107614,Zoya Gupta,Coimbatore,TN,2023-09-10,N
C107615,Ritika Das,Patna,BR,2023-09-26,N
C107616,Simran Dhillon,Delhi,DL,2024-06-02,N
C107617,Ananya Das,Bhubaneswar,OR,2022-10-14,N
C107618,Kavya Nair,Bhopal,MP,2023-05-22,N
C107619,Aarav Kulkarni,Nashik,MH,2023-11-08,N
C107620,Saanvi Yadav,Nashik,MH,2022-07-20,N
C107621,Kavya Nair,Bengaluru,KA,2023-06-05,N
C107622,Komal Qureshi,Guwahati,AS,2023-05-07,N
C107623,Deepak D'Souza,Guwahati,AS,2023-04-28,N
C107624,Aadhya Bose,Nashik,MH,2023-05-05,N
C107625,Ritika Goyal,Pune,MH,2023-04-27,N
C107626,Ayaan George,Guwahati,AS,2024-02-27,N
C107627,Priya Pandey,Nagpur,MH,2022-09-03,N
C107628,Faisal Nair,Guwahati,AS,2023-10-26,N
C107629,Rohan Yadav,Jaipur,RJ,2023-06-12,N
C107630,Joseph Fernandes,Surat,GJ,2024-11-04,N
C107631,Aadhya Bansal,Guwahati,AS,2022-09-05,N
C107632,Sneha Siddiqui,Bengaluru,KA,2024-07-15,Y
C107633,Zoya Trivedi,Nashik,MH,2023-02-08,N
C107634,Vikram Trivedi,Kochi,KL,2023-08-08,N
C107635,Pranav Deshpande,Guwahati,AS,2022-11-01,N
C107636,Arjun Bose,Nashik,MH,2024-05-02,N
C107637,Vikram Banerjee,Delhi,DL,2023-02-10,Y
C107638,Rajat Bansal,Patna,BR,2024-03-25,Y
C107639,Swati Yadav,Indore,MP,2022-12-20,Y
C107640,Vihaan Deshpande,Lucknow,UP,2023-10-18,N
C107641,Ananya Bose,Patna,BR,2024-01-06,Y
C107642,Daniel Mittal,Chennai,TN,2023-11-30,Y
C107643,Deepak Pandey,Dehradun,UK,2023-04-19,N
C107644,Aditya Bhatia,Nagpur,MH,2023-01-24,N
C107645,Jaspreet Trivedi,Bengaluru,KA,2022-09-17,N
C107646,Ankit Mishra,Patna,BR,2023-07-24,N
C107647,Geeta Sen,Thiruvananthapuram,KL,2022-08-12,N
C107648,Kabir Joshi,Bhopal,MP,2023-06-10,N
C107649,Priya Jain,Vadodara,GJ,2022-08-28,Y
C107650,Komal Mittal,Bhubaneswar,OR,2023-02-09,N
C107651,Pooja Banerjee,Chandigarh,CH,2024-04-17,N
C107652,Megha Kulkarni,Dehradun,UK,2023-12-15,N
C107653,Kavya Bhatt,Lucknow,UP,2024-10-31,N
C107654,Tenzin Naidu,Delhi,DL,2023-10-02,N
C107655,Daniel Rao,Visakhapatnam,AP,2022-09-06,N
C107656,Ankit Mathew,Nashik,MH,2023-11-13,N
C107657,Ramesh Khanna,Ahmedabad,GJ,2024-06-02,N
C107658,Ayaan Bansal,Bhopal,MP,2022-10-03,Y
C107659,Sameer George,Patna,BR,2024-12-24,N
C107660,Riya Bansal,Noida,UP,2024-04-03,N
C107661,Sukhwinder Rathore,Ranchi,JH,2023-10-15,N
C107662,Vivaan Khan,Bengaluru,KA,2023-07-27,N
C107663,Sunita Gill,Ahmedabad,GJ,2023-06-20,Y
C107664,Lakshmi Goyal,Guwahati,AS,2024-11-03,Y
C107665,Shreya Chatterjee,Mumbai,MH,2023-04-30,N
C107666,Faisal Patel,Lucknow,UP,2024-07-23,N
C107667,Riya Ansari,Vadodara,GJ,2024-05-24,N
C107668,Dev Singh,Hyderabad,TS,2022-12-03,Y
C107669,Ramesh Gaikwad,Delhi,DL,2023-06-02,Y
C107670,Rajat Reddy,Ranchi,JH,2023-04-12,N
C107671,Sameer Iyer,Surat,GJ,2024-01-23,Y
C107672,Suresh Fernandes,Ahmedabad,GJ,2023-12-11,Y
C107673,Jaspreet Chauhan,Bhopal,MP,2023-05-25,Y
C107674,Kunal Arora,Chandigarh,CH,2023-05-06,N
C107675,Sameer Ghosh,Visakhapatnam,AP,2023-01-10,N
C107676,Om Kapoor,Nagpur,MH,2024-05-10,N
C107677,Lobsang Malhotra,Kochi,KL,2023-03-18,N
C107678,Arjun Agarwal,Indore,MP,2022-09-27,Y
C107679,Aadhya Bose,Thiruvananthapuram,KL,2023-02-24,Y
C107680,Ananya Mittal,Kochi,KL,2024-10-18,N
C107681,Faisal Singh,Dehradun,UK,2024-02-11,N
C107682,Karan Kaur,Bhubaneswar,OR,2024-07-17,N
C107683,Simran Bose,Ahmedabad,GJ,2023-03-22,Y
C107684,Anjali Tiwari,Guwahati,AS,2024-06-03,N
C107685,Sukhwinder Chatterjee,Jaipur,RJ,2024-04-25,N
C107686,Harsh Joshi,Dehradun,UK,2024-11-28,N
C107687,Steven Bansal,Bhopal,MP,2022-12-08,N
C107688,Deepak Sheikh,Delhi,DL,2023-08-30,Y
C107689,Varun Tiwari,Patna,BR,2022-08-08,N
C107690,Komal Deshpande,Delhi,DL,2023-08-27,N
C107691,Tenzin Reddy,Mumbai,MH,2022-10-22,N
C107692,Meera Rao,Nashik,MH,2024-05-09,N
C107693,Ayaan Naidu,Dehradun,UK,2022-10-29,N
C107694,Aadhya Naidu,Jaipur,RJ,2024-07-16,Y
C107695,Payal Bhatt,Hyderabad,TS,2024-06-05,N
C107696,Sukhwinder Deshpande,Jaipur,RJ,2023-11-28,Y
C107697,Pranav Chauhan,Vadodara,GJ,2024-08-16,Y
C107698,Ananya Naidu,Chennai,TN,2023-02-26,N
C107699,Nisha Qureshi,Lucknow,UP,2024-04-30,N
C107700,Lobsang Bhatia,Chandigarh,CH,2024-07-07,Y
C107701,Pranav Dutta,Guwahati,AS,2023-02-27,N
C107702,Meera Fernandes,Vadodara,GJ,2024-09-10,N
C107703,Priya Gupta,Bhubaneswar,OR,2024-04-30,N
C107704,Divya Ghosh,Patna,BR,2023-01-08,N
C107705,Lakshmi Singh,Kochi,KL,2022-07-24,N
C107706,Tarun Ansari,Nashik,MH,2024-01-01,N
C107707,Shreya Gupta,Dehradun,UK,2024-12-22,Y
C107708,Jaspreet Deshpande,Surat,GJ,2022-07-25,N
C107709,Aditya Trivedi,Ahmedabad,GJ,2024-06-02,N
C107710,Divya Reddy,Indore,MP,2022-11-02,N
C107711,Manpreet Pereira,Vadodara,GJ,2024-09-07,N
C107712,Anjali Gupta,Surat,GJ,2023-04-24,N
C107713,Geeta Jadhav,Bengaluru,KA,2024-05-31,Y
C107714,Tarun Chauhan,Chandigarh,CH,2024-02-23,N
C107715,Ishaan Jain,Thiruvananthapuram,KL,2023-03-21,Y
C107716,Siddharth Iyer,Delhi,DL,2023-04-14,Y
C107717,Lobsang Mishra,Vadodara,GJ,2022-07-27,Y
C107718,Rohan Qureshi,Guwahati,AS,2024-01-22,Y
C107719,Shreya Rao,Noida,UP,2022-09-08,N
C107720,Vihaan Chatterjee,Hyderabad,TS,2024-09-17,N
C107721,Lakshmi Iyer,Visakhapatnam,AP,2024-11-25,Y
C107722,Lakshmi Sethi,Guwahati,AS,2023-04-29,Y
C107723,Simran Bose,Bhubaneswar,OR,2023-04-21,N
C107724,Reyansh Sen,Thiruvananthapuram,KL,2023-08-27,N
C107725,Aadhya Arora,Indore,MP,2024-03-27,N
C107726,Siddharth Jadhav,Raipur,CG,2023-03-14,N
C107727,Farah Sharma,Bhopal,MP,2022-09-28,Y
C107728,Rahul Naidu,Delhi,DL,2024-01-31,N
C107729,Diya Kumar,Lucknow,UP,2024-10-27,N
C107730,Nikhil Sharma,Bengaluru,KA,2024-06-03,N
C107731,Vikram Gupta,Mumbai,MH,2023-11-17,N
C107732,Aishwarya Chauhan,Indore,MP,2024-08-10,N
C107733,Sunita Goyal,Lucknow,UP,2024-01-04,N
C107734,Gurpreet George,Mumbai,MH,2023-12-14,N
C107735,Krishna Bhatt,Bhopal,MP,2022-07-24,N
C107736,Deepak Tiwari,Mysuru,KA,2023-08-16,Y
C107737,Komal Naidu,Ahmedabad,GJ,2022-09-02,N
C107738,Thomas Bansal,Kochi,KL,2024-02-03,N
C107739,Isha Sharma,Jaipur,RJ,2024-05-10,Y
C107740,Vihaan Arora,Mysuru,KA,2022-10-14,N
C107741,Pranav Gaikwad,Coimbatore,TN,2024-08-02,Y
C107742,Ishaan Mittal,Chandigarh,CH,2022-12-17,N
C107743,Kavya Ghosh,Bhubaneswar,OR,2024-11-09,N
C107744,Diya Pawar,Surat,GJ,2023-04-26,Y
C107745,Rohit Rao,Jaipur,RJ,2023-08-23,N
C107746,Nisha Jain,Coimbatore,TN,2024-06-20,N
C107747,Gurpreet Bhatt,Patna,BR,2023-07-21,N
C107748,Vivaan Ghosh,Mumbai,MH,2024-04-28,Y
C107749,Simran Gill,Thiruvananthapuram,KL,2022-10-13,Y
C107750,Vikram Shah,Visakhapatnam,AP,2022-08-05,N
C107751,Harpreet Goyal,Ranchi,JH,2022-09-12,Y
C107752,Rajat Trivedi,Patna,BR,2023-05-23,Y
C107753,Lakshmi Rao,Guwahati,AS,2023-02-12,Y
C107754,Bhavna Bansal,Ahmedabad,GJ,2024-07-29,N
C107755,Ananya Deshpande,Patna,BR,2023-09-25,N
C107756,Zaid Jadhav,Bengaluru,KA,2024-06-17,Y
C107757,Siddharth Fernandes,Vadodara,GJ,2022-11-24,N
C107758,Divya Menon,Patna,BR,2024-10-04,Y
C107759,Aadhya Goyal,Dehradun,UK,2022-08-19,N
C107760,Ayaan Mehta,Jaipur,RJ,2024-06-24,Y
C107761,Payal Shinde,Bengaluru,KA,2024-11-08,N
C107762,Komal Iyer,Visakhapatnam,AP,2024-08-25,N
C107763,Rahul Gupta,Delhi,DL,2023-02-18,N
C107764,Abhishek Bansal,Hyderabad,TS,2024-07-22,N
C107765,Simran Sandhu,Noida,UP,2024-01-26,N
C107766,Komal Siddiqui,Kolkata,WB,2024-10-31,Y
C107767,Simran D'Souza,Bengaluru,KA,2022-12-20,N
C107768,Komal Gill,Ahmedabad,GJ,2024-04-05,N
C107769,Ananya Khan,Gurugram,HR,2024-03-02,Y
C107770,Komal Sharma,Ahmedabad,GJ,2023-11-02,Y
C107771,Suresh Qureshi,Vadodara,GJ,2023-09-30,Y
C107772,Nikhil Menon,Indore,MP,2023-07-03,N
C107773,Swati Pandey,Kolkata,WB,2023-12-10,N
C107774,Aarav D'Souza,Kolkata,WB,2023-05-22,Y
C107775,Nikhil Bansal,Kolkata,WB,2024-02-13,N
C107776,Ananya Pandey,Dehradun,UK,2024-02-16,N
C107777,Aishwarya Patil,Indore,MP,2024-01-23,N
C107778,Divya Chatterjee,Nashik,MH,2024-06-19,N
C107779,Sameer Mehta,Ahmedabad,GJ,2022-11-10,N
C107780,Geeta Chopra,Surat,GJ,2023-03-01,N
C107781,Karan Trivedi,Ahmedabad,GJ,2024-08-20,N
C107782,Sunita Mehta,Coimbatore,TN,2023-05-12,N
C107783,Mohammed Joshi,Visakhapatnam,AP,2024-07-25,N
C107784,Tarun Mehta,Mumbai,MH,2023-11-05,N
C107785,Kabir Pandey,Pune,MH,2023-12-08,N
C107786,Mohammed Patil,Delhi,DL,2023-05-30,N
C107787,Aditya Joshi,Bengaluru,KA,2024-02-06,N
C107788,Harsh Pillai,Chennai,TN,2023-07-09,N
C107789,Divya Kaur,Delhi,DL,2024-09-02,N
C107790,Saanvi Patel,Indore,MP,2023-12-10,N
C107791,Yash Fernandes,Lucknow,UP,2023-12-06,N
C107792,Saanvi Verma,Surat,GJ,2023-01-15,Y
C107793,Isha Bhatt,Mumbai,MH,2023-11-29,Y
C107794,Swati D'Souza,Bhubaneswar,OR,2022-09-18,N
C107795,Krishna Joshi,Thiruvananthapuram,KL,2023-01-09,N
C107796,Lakshmi Pillai,Raipur,CG,2022-09-14,N
C107797,Saanvi Reddy,Hyderabad,TS,2024-03-17,N
C107798,Lakshmi Jadhav,Ahmedabad,GJ,2023-03-10,N
C107799,Deepak Gill,Patna,BR,2024-12-18,N
C107800,Gurpreet Mathew,Lucknow,UP,2024-12-23,Y
C107801,Ramesh Saxena,Jaipur,RJ,2023-03-18,N
C107802,Nisha Malhotra,Dehradun,UK,2023-10-02,N
C107803,Ayaan Qureshi,Indore,MP,2024-11-30,N
C107804,Neha Verma,Bengaluru,KA,2023-01-04,N
C107805,Shreya Sen,Thiruvananthapuram,KL,2023-02-10,N
C107806,Rahul Desai,Patna,BR,2024-04-10,Y
C107807,Siddharth D'Souza,Hyderabad,TS,2023-09-20,Y
C107808,Daniel Jain,Guwahati,AS,2024-05-15,N
C107809,Aditya Arora,Pune,MH,2023-08-17,N
C107810,Simran Patel,Nashik,MH,2024-06-29,N
C107811,Kunal Bhatia,Bengaluru,KA,2023-03-28,N
C107812,Priya Ansari,Thiruvananthapuram,KL,2022-10-20,N
C107813,Dev Verma,Delhi,DL,2024-03-24,Y
C107814,Suresh Sen,Delhi,DL,2022-11-05,N
C107815,Zaid Menon,Dehradun,UK,2023-06-02,N
C107816,Abhishek Gupta,Delhi,DL,2024-09-05,N
C107817,Mohammed Das,Patna,BR,2022-11-19,N
C107818,Yash Rathore,Mumbai,MH,2022-12-03,Y
C107819,Aarav Sheikh,Surat,GJ,2024-07-11,N
C107820,Rohit Bhatt,Guwahati,AS,2022-12-19,N
C107821,Riya Sandhu,Ranchi,JH,2024-03-15,N
C107822,Varun George,Ahmedabad,GJ,2023-02-12,N
C107823,Divya Menon,Jaipur,RJ,2024-02-20,N
C107824,Lakshmi Agarwal,Coimbatore,TN,2024-01-01,N
C107825,Pranav Reddy,Chandigarh,CH,2023-01-17,N
C107826,Kunal Bose,Kolkata,WB,2022-09-09,N
C107827,Harsh Jain,Delhi,DL,2024-06-15,Y
C107828,Imran Desai,Gurugram,HR,2022-10-23,N
C107829,Priya Menon,Bhubaneswar,OR,2022-10-17,N
C107830,Kavya Varghese,Surat,GJ,2023-09-17,N
C107831,Harsh Jain,Chandigarh,CH,2023-09-02,N
C107832,Suresh Malhotra,Noida,UP,2023-07-19,N
C107833,Mohammed Sethi,Coimbatore,TN,2023-04-19,N
C107834,Ishaan Saxena,Raipur,CG,2022-12-07,Y
C107835,Nisha Menon,Surat,GJ,2022-12-30,N
C107836,Sunita Sharma,Chandigarh,CH,2023-09-08,Y
C107837,Tanvi Gupta,Bhopal,MP,2024-06-24,Y
C107838,Swati Bose,Chennai,TN,2022-08-07,N
C107839,Varun Gaikwad,Delhi,DL,2023-11-08,N
C107840,Aadhya Bose,Dehradun,UK,2023-06-26,N
C107841,Sukhwinder Patel,Nashik,MH,2024-03-24,N
C107842,Sneha Gupta,Delhi,DL,2024-12-20,N
C107843,Suresh Patel,Pune,MH,2024-09-26,N
C107844,Vihaan Yadav,Dehradun,UK,2024-02-04,Y
C107845,Nisha Chauhan,Hyderabad,TS,2024-04-03,N
C107846,Nisha Shinde,Indore,MP,2024-08-08,N
C107847,Vikram Srivastava,Nashik,MH,2023-08-16,N
C107848,Riya Jadhav,Vadodara,GJ,2022-12-19,Y
C107849,Kavya Bansal,Patna,BR,2023-02-14,N
C107850,Sameer Chatterjee,Chandigarh,CH,2022-09-08,N
C107851,Krishna Kumar,Coimbatore,TN,2023-05-09,N
C107852,Anjali Naidu,Vadodara,GJ,2024-07-17,Y
C107853,Sneha Sandhu,Gurugram,HR,2023-05-13,N
C107854,Varun Rathore,Noida,UP,2023-06-14,N
C107855,Swati Gill,Kochi,KL,2023-09-21,N
C107856,Tarun Qureshi,Bhopal,MP,2024-08-08,Y
C107857,Nikhil Mehta,Surat,GJ,2024-09-20,N
C107858,Komal Kulkarni,Visakhapatnam,AP,2024-07-30,Y
C107859,Aarav Sandhu,Indore,MP,2024-10-05,N
C107860,Jaspreet Gupta,Delhi,DL,2023-01-22,N
C107861,Sunita Iyer,Bhubaneswar,OR,2023-05-10,N
C107862,Shreya Sandhu,Hyderabad,TS,2022-11-09,N
C107863,Jaspreet Pereira,Chandigarh,CH,2023-12-02,N
C107864,Reyansh Kulkarni,Chandigarh,CH,2024-10-25,N
C107865,Neha Saxena,Jaipur,RJ,2022-11-18,N
C107866,Riya Chatterjee,Chandigarh,CH,2022-08-19,Y
C107867,Ankit Reddy,Thiruvananthapuram,KL,2023-10-25,N
C107868,Neha Shah,Ahmedabad,GJ,2024-02-27,N
C107869,Manish Arora,Nagpur,MH,2023-04-11,N
C107870,Amit Goyal,Vadodara,GJ,2024-01-14,Y
C107871,Sneha Jain,Delhi,DL,2024-01-19,Y
C107872,Riya Fernandes,Ahmedabad,GJ,2024-11-27,N
C107873,Faisal George,Bengaluru,KA,2024-07-11,N
C107874,Imran Bansal,Nagpur,MH,2023-11-26,Y
C107875,Krishna Yadav,Visakhapatnam,AP,2022-09-11,N
C107876,Aishwarya Deshpande,Vadodara,GJ,2024-08-10,N
C107877,Divya Pawar,Raipur,CG,2023-04-12,N
C107878,Swati George,Pune,MH,2023-01-05,Y
C107879,Suresh Patel,Coimbatore,TN,2024-12-07,Y
C107880,Abhishek Mehta,Bhubaneswar,OR,2024-05-30,Y
C107881,Manpreet Deshpande,Guwahati,AS,2022-09-02,N
C107882,Rohit Das,Indore,MP,2022-12-17,N
C107883,Divya Pawar,Chennai,TN,2023-05-10,N
C107884,Steven Chatterjee,Bhubaneswar,OR,2024-02-25,N
C107885,Krishna Nair,Ahmedabad,GJ,2024-03-31,N
C107886,Harsh Chatterjee,Patna,BR,2024-04-20,N
C107887,Bhavna Sethi,Mysuru,KA,2022-12-18,N
C107888,Suresh Ghosh,Thiruvananthapuram,KL,2022-12-11,Y
C107889,Divya Das,Kolkata,WB,2022-10-29,N
C107890,Suresh Arora,Bhubaneswar,OR,2023-09-15,N
C107891,Amit Siddiqui,Kochi,KL,2023-10-24,N
C107892,Tanvi Mittal,Mysuru,KA,2023-07-16,Y
C107893,Harsh Trivedi,Kochi,KL,2023-06-13,N
C107894,Daniel Mehta,Vadodara,GJ,2024-02-08,N
C107895,Sameer Joshi,Chennai,TN,2024-09-25,N
C107896,Daniel Roy,Chandigarh,CH,2023-03-22,Y
C107897,Saanvi Bose,Kolkata,WB,2024-03-10,Y
C107898,Sameer Mathew,Jaipur,RJ,2022-08-27,N
C107899,Manish Kapoor,Nagpur,MH,2023-05-17,Y
C107900,Kabir Shah,Bhopal,MP,2022-09-24,N
C107901,Varun Shinde,Coimbatore,TN,2024-07-02,N
C107902,Pranav Sen,Guwahati,AS,2024-02-09,N
C107903,Dev Reddy,Dehradun,UK,2023-05-27,N
C107904,Swati Qureshi,Bhubaneswar,OR,2022-12-26,Y
C107905,Vihaan Mathew,Vadodara,GJ,2023-04-15,N
C107906,Manish Verma,Nagpur,MH,2024-01-20,N
C107907,Divya Fernandes,Nashik,MH,2024-01-28,N
C107908,Aadhya Mathew,Mumbai,MH,2022-11-18,Y
C107909,Om Gaikwad,Guwahati,AS,2022-09-28,Y
C107910,Dev Bose,Ahmedabad,GJ,2024-11-07,N
C107911,Nisha Kumar,Visakhapatnam,AP,2023-12-25,N
C107912,Sneha Malhotra,Raipur,CG,2024-01-12,N
C107913,Meera Chauhan,Indore,MP,2022-10-12,N
C107914,Joseph Menon,Delhi,DL,2024-05-02,N
C107915,Rajat Mishra,Mysuru,KA,2024-11-04,Y
C107916,Pooja Pawar,Patna,BR,2023-06-20,N
C107917,Sameer Kulkarni,Bhubaneswar,OR,2023-11-17,N
C107918,Ramesh Mehta,Ranchi,JH,2024-10-12,Y
C107919,Harsh Bose,Pune,MH,2024-04-13,N
C107920,Jaspreet Trivedi,Coimbatore,TN,2023-09-08,N
C107921,Komal Iyer,Kolkata,WB,2023-01-21,N
C107922,Rahul Reddy,Mysuru,KA,2024-06-12,N
C107923,Rohan Pereira,Indore,MP,2023-01-17,Y
C107924,Payal Verma,Noida,UP,2022-08-03,Y
C107925,Jaspreet Tiwari,Visakhapatnam,AP,2022-07-23,N
C107926,Vihaan Mukherjee,Indore,MP,2024-11-20,N
C107927,Payal Mishra,Ranchi,JH,2022-12-06,N
C107928,Anjali Sheikh,Chennai,TN,2024-11-02,Y
C107929,Riya George,Bengaluru,KA,2024-08-18,N
C107930,Isha Sen,Ranchi,JH,2022-08-10,N
C107931,Krishna George,Bengaluru,KA,2024-09-15,N
C107932,Nisha Gupta,Bhubaneswar,OR,2022-10-11,Y
C107933,Megha Ghosh,Surat,GJ,2024-11-11,N
C107934,Joseph Bhatt,Kochi,KL,2024-02-02,N
C107935,Suresh Bhatia,Bengaluru,KA,2023-04-21,N
C107936,Anjali Goyal,Kochi,KL,2024-03-22,Y
C107937,Rohan Mukherjee,Indore,MP,2022-08-11,Y
C107938,Bhavna Patel,Lucknow,UP,2024-11-30,N
C107939,Om Pawar,Bengaluru,KA,2023-10-04,N
C107940,Abhishek Nair,Surat,GJ,2024-12-28,N
C107941,Ramesh Jain,Nagpur,MH,2022-08-17,N
C107942,Geeta Tiwari,Nashik,MH,2024-03-08,N
C107943,Divya Patil,Vadodara,GJ,2023-11-12,Y
C107944,Aditya Gill,Surat,GJ,2022-07-20,N
C107945,Arjun Arora,Lucknow,UP,2023-01-18,N
C107946,Megha Nair,Chennai,TN,2022-08-27,N
C107947,Sneha Siddiqui,Ahmedabad,GJ,2024-01-05,N
C107948,Mohammed Siddiqui,Guwahati,AS,2024-07-07,N
C107949,Anjali Sharma,Raipur,CG,2023-10-03,N
C107950,Steven Pillai,Nagpur,MH,2023-11-08,N
C107951,Arjun Gaikwad,Hyderabad,TS,2023-04-20,N
C107952,Isha Joshi,Surat,GJ,2022-09-08,N
C107953,Lobsang Das,Bhopal,MP,2022-09-24,N
C107954,Rahul Bose,Ranchi,JH,2023-05-16,N
C107955,Vihaan Verma,Mysuru,KA,2022-09-22,Y
C107956,Diya Ghosh,Mumbai,MH,2023-02-14,N
C107957,Sneha Chauhan,Mumbai,MH,2024-12-24,N
C107958,Imran Joshi,Ranchi,JH,2023-09-26,N
C107959,Komal Mukherjee,Thiruvananthapuram,KL,2024-10-03,N
C107960,Ankit Jain,Ahmedabad,GJ,2024-12-09,N
C107961,Harsh Mathew,Kolkata,WB,2022-11-19,N
C107962,Megha Chopra,Bhopal,MP,2024-04-10,N
C107963,Aditya Joshi,Kolkata,WB,2023-01-01,N
C107964,Abhishek Banerjee,Nagpur,MH,2023-11-02,N
C107965,Manish Deshpande,Nashik,MH,2023-06-29,Y
C107966,Ankit Yadav,Kolkata,WB,2024-07-11,N
C107967,Diya Nair,Patna,BR,2022-08-07,N
C107968,Karan Arora,Vadodara,GJ,2023-04-25,Y
C107969,Zaid Shinde,Chennai,TN,2024-04-13,N
C107970,Anjali George,Mumbai,MH,2023-07-16,Y
C107971,Nikhil Dutta,Bhubaneswar,OR,2023-03-22,Y
C107972,Lobsang Sethi,Kolkata,WB,2022-10-30,N
C107973,Jaspreet Saxena,Hyderabad,TS,2023-05-09,Y
C107974,Rajat Chopra,Pune,MH,2022-08-18,Y
C107975,Nisha Bose,Pune,MH,2024-07-08,N
C107976,Lobsang Srivastava,Patna,BR,2024-03-12,N
C107977,Sukhwinder Joshi,Vadodara,GJ,2024-03-25,N
C107978,Rajat Bhatia,Gurugram,HR,2023-11-08,N
C107979,Rohan Shah,Vadodara,GJ,2024-01-26,Y
C107980,Saanvi Agarwal,Indore,MP,2024-11-06,Y
C107981,Kavya Desai,Mumbai,MH,2023-04-18,N
C107982,Rohit Kulkarni,Bhopal,MP,2023-02-12,N
C107983,Harpreet Mittal,Bengaluru,KA,2024-02-21,Y
C107984,Krishna Varghese,Raipur,CG,2024-05-01,N
C107985,Yash Kaur,Vadodara,GJ,2023-05-31,N
C107986,Zoya Siddiqui,Noida,UP,2022-10-04,N
C107987,Aarav Khanna,Thiruvananthapuram,KL,2022-10-26,Y
C107988,Neha Roy,Coimbatore,TN,2022-09-23,Y
C107989,Ramesh Mukherjee,Delhi,DL,2023-06-12,N
C107990,Tarun Gill,Kolkata,WB,2024-09-22,N
C107991,Pranav Menon,Kolkata,WB,2022-10-20,N
C107992,Ananya Patel,Vadodara,GJ,2024-04-21,N
C107993,Siddharth Kapoor,Kolkata,WB,2022-10-11,N
C107994,Nisha Varghese,Patna,BR,2022-08-16,N
C107995,Sneha Desai,Thiruvananthapuram,KL,2024-11-19,N
C107996,Tanvi Goyal,Ahmedabad,GJ,2024-12-31,Y
C107997,Sameer Srivastava,Raipur,CG,2024-05-15,N
C107998,Megha Arora,Thiruvananthapuram,KL,2024-06-03,Y
C107999,Ankit Kaur,Nagpur,MH,2024-08-31,N
C108000,Nisha Mittal,Jaipur,RJ,2024-07-13,N
C108001,Swati Saxena,Bhopal,MP,2023-04-28,Y
C108002,Nikhil Kaur,Mysuru,KA,2022-11-26,N
C108003,Isha Desai,Coimbatore,TN,2022-10-05,N
C108004,Geeta Agarwal,Kolkata,WB,2023-10-24,N
C108005,Tarun Gill,Bhopal,MP,2024-05-25,N
C108006,Daniel Jain,Indore,MP,2023-09-19,N
C108007,Nisha Sethi,Surat,GJ,2024-07-19,N
C108008,Rohit Kaur,Vadodara,GJ,2023-06-26,N
C108009,Riya Kapoor,Visakhapatnam,AP,2024-12-21,N
C108010,Vikram Mehta,Visakhapatnam,AP,2024-01-29,N
C108011,Siddharth Rathore,Coimbatore,TN,2024-10-03,Y
C108012,Krishna Iyer,Chennai,TN,2024-08-08,N
C108013,Shreya Shah,Mumbai,MH,2024-11-24,N
C108014,Geeta Pereira,Kolkata,WB,2024-02-21,N
C108015,Ayaan Naidu,Patna,BR,2024-12-28,N
C108016,Mohammed Sharma,Chennai,TN,2023-03-08,Y
C108017,Rajat Goyal,Pune,MH,2022-10-21,Y
C108018,Ritika Gupta,Mysuru,KA,2024-08-08,N
C108019,Aditya Roy,Chennai,TN,2024-01-12,Y
C108020,Sameer Gaikwad,Visakhapatnam,AP,2024-07-11,N
C108021,Siddharth Mittal,Delhi,DL,2022-09-21,N
C108022,Meera Das,Visakhapatnam,AP,2023-12-25,Y
C108023,Divya Joshi,Guwahati,AS,2022-09-15,N
C108024,Rajat Arora,Ahmedabad,GJ,2022-08-26,N
C108025,Ishaan Patil,Chennai,TN,2024-03-03,Y
C108026,Pooja Pillai,Indore,MP,2023-06-06,Y
C108027,Sameer Trivedi,Chennai,TN,2024-11-27,Y
C108028,Aishwarya Nair,Mysuru,KA,2024-02-13,N
C108029,Komal Nair,Chennai,TN,2022-12-12,N
C108030,Aditya Siddiqui,Bhubaneswar,OR,2023-11-08,N
C108031,Nikhil Ghosh,Lucknow,UP,2023-01-20,Y
C108032,Jaspreet Pandey,Visakhapatnam,AP,2022-11-21,N
C108033,Sunita Kaur,Bengaluru,KA,2022-11-02,Y
C108034,Jaspreet Pandey,Bhopal,MP,2023-03-12,N
C108035,Bhavna Malhotra,Coimbatore,TN,2023-03-19,Y
C108036,Aarav Bose,Ranchi,JH,2024-07-07,N
C108037,Priya Malhotra,Jaipur,RJ,2024-06-27,Y
C108038,Simran Qureshi,Bengaluru,KA,2023-03-19,Y
C108039,Aishwarya Nair,Gurugram,HR,2022-12-17,N
C108040,Arjun Gaikwad,Indore,MP,2023-07-01,Y
C108041,Aarav Nair,Patna,BR,2024-05-16,N
C108042,Faisal Arora,Coimbatore,TN,2024-02-16,Y
C108043,Faisal Saxena,Nagpur,MH,2022-12-27,Y
C108044,Daniel Shinde,Kochi,KL,2023-06-24,Y
C108045,Manish Fernandes,Ranchi,JH,2022-12-28,N
C108046,Payal Yadav,Gurugram,HR,2024-03-15,Y
C108047,Arjun Sandhu,Dehradun,UK,2022-10-22,N
C108048,Krishna Rao,Visakhapatnam,AP,2023-07-15,Y
C108049,Amit Nair,Delhi,DL,2022-11-03,N
C108050,Geeta Ghosh,Jaipur,RJ,2023-03-23,Y
C108051,Lobsang Jain,Coimbatore,TN,2023-08-07,Y
C108052,Divya Saxena,Lucknow,UP,2024-04-19,N
C108053,Aarav Patel,Dehradun,UK,2022-12-02,Y
C108054,Megha Tiwari,Hyderabad,TS,2022-10-18,Y
C108055,Ayaan Khanna,Bengaluru,KA,2023-10-26,N
C108056,Vihaan Rathore,Nagpur,MH,2024-07-29,Y
C108057,Ishaan Siddiqui,Jaipur,RJ,2023-10-28,N
C108058,Rajat Gaikwad,Hyderabad,TS,2023-08-20,N
C108059,Zoya Dutta,Guwahati,AS,2022-09-10,N
C108060,Bhavna Bose,Bhubaneswar,OR,2023-05-25,Y
C108061,Sai Bhatt,Surat,GJ,2022-09-08,N
C108062,Yash Ansari,Kolkata,WB,2023-05-11,N
C108063,Suresh Agarwal,Kolkata,WB,2024-05-05,N
C108064,Vihaan Sen,Kochi,KL,2022-09-24,N
C108065,Amit Rathore,Ranchi,JH,2023-12-28,N
C108066,Harsh Singh,Chennai,TN,2024-12-26,Y
C108067,Saanvi Pereira,Bhopal,MP,2023-10-04,Y
C108068,Vikram Jain,Guwahati,AS,2023-02-08,N
C108069,Komal Khanna,Coimbatore,TN,2024-04-05,Y
C108070,Reyansh Arora,Kolkata,WB,2024-12-23,N
C108071,Reyansh Shinde,Jaipur,RJ,2024-06-05,N
C108072,Arjun Bansal,Bengaluru,KA,2022-11-11,Y
C108073,Riya Srivastava,Kolkata,WB,2024-01-10,Y
C108074,Sameer Gaikwad,Coimbatore,TN,2023-05-13,Y
C108075,Varun Khanna,Guwahati,AS,2023-09-28,Y
C108076,Jaspreet Joshi,Patna,BR,2024-01-29,N
C108077,Nikhil Verma,Dehradun,UK,2024-11-18,N
C108078,Ritika Fernandes,Kochi,KL,2024-11-23,N
C108079,Gurpreet Patel,Mysuru,KA,2024-03-28,Y
C108080,Ayaan Arora,Visakhapatnam,AP,2023-07-31,N
C108081,Harpreet Sharma,Dehradun,UK,2022-11-13,Y
C108082,Harsh Pandey,Visakhapatnam,AP,2024-09-23,N
C108083,Krishna Singh,Mumbai,MH,2023-09-17,Y
C108084,Steven Goyal,Nagpur,MH,2023-12-28,N
C108085,Rajat Bhatia,Patna,BR,2023-08-30,N
C108086,Manpreet Das,Dehradun,UK,2023-03-10,N
C108087,Neha Sen,Kochi,KL,2024-10-28,N
C108088,Tanvi Rao,Dehradun,UK,2023-02-13,N
C108089,Siddharth Patil,Ahmedabad,GJ,2023-02-10,Y
C108090,Pooja Singh,Coimbatore,TN,2023-10-13,N
C108091,Shreya Goyal,Bhubaneswar,OR,2024-10-11,N
C108092,Abhishek Mathew,Kochi,KL,2024-09-15,Y
C108093,Suresh Mittal,Ahmedabad,GJ,2022-08-27,Y
C108094,Sneha Sharma,Thiruvananthapuram,KL,2024-09-20,Y
C108095,Pranav Bansal,Surat,GJ,2023-12-09,N
C108096,Rohit Fernandes,Hyderabad,TS,2023-02-12,Y
C108097,Thomas Pereira,Guwahati,AS,2022-08-13,Y
C108098,Kavya Patil,Ahmedabad,GJ,2024-01-28,N
C108099,Joseph Varghese,Vadodara,GJ,2023-10-01,N
C108100,Sneha Sethi,Indore,MP,2023-02-09,Y
C108101,Joseph Reddy,Vadodara,GJ,2023-07-11,N
C108102,Shreya Verma,Bhopal,MP,2023-08-17,Y
C108103,Om Pereira,Nagpur,MH,2024-11-16,N
C108104,Imran Joshi,Kochi,KL,2023-10-30,N
C108105,Thomas Dhillon,Coimbatore,TN,2024-01-19,N
C108106,Gurpreet Chatterjee,Bhubaneswar,OR,2024-06-12,N
C108107,Amit Pandey,Guwahati,AS,2022-08-13,N
C108108,Swati Fernandes,Surat,GJ,2023-05-02,Y
C108109,Suresh Iyer,Surat,GJ,2023-03-02,N
C108110,Nisha Rathore,Gurugram,HR,2022-10-30,N
C108111,Deepak Shinde,Coimbatore,TN,2022-10-02,Y
C108112,Deepak Shah,Thiruvananthapuram,KL,2022-11-26,N
C108113,Simran Naidu,Delhi,DL,2024-11-14,N
C108114,Sai Joshi,Ranchi,JH,2023-11-29,N
C108115,Dev Agarwal,Nashik,MH,2022-10-11,N
C108116,Megha Desai,Delhi,DL,2022-11-08,N
C108117,Kavya Trivedi,Thiruvananthapuram,KL,2024-08-15,N
C108118,Lakshmi Tiwari,Kolkata,WB,2024-02-01,N
C108119,Neha George,Raipur,CG,2024-05-07,N
C108120,Rohit Saxena,Nashik,MH,2023-10-19,N
C108121,Imran Kapoor,Mysuru,KA,2022-08-29,Y
C108122,Reyansh Jain,Patna,BR,2023-09-30,N
C108123,Jaspreet Patil,Chandigarh,CH,2023-02-15,Y
C108124,Pooja Mittal,Mysuru,KA,2023-03-10,N
C108125,Deepak Bhatt,Visakhapatnam,AP,2023-10-01,N
C108126,Sunita Kumar,Pune,MH,2023-03-29,N
C108127,Amit Kapoor,Surat,GJ,2024-03-07,N
C108128,Rohit Mittal,Vadodara,GJ,2024-07-07,Y
C108129,Tarun Reddy,Bhopal,MP,2023-06-03,N
C108130,Krishna Sen,Coimbatore,TN,2024-03-30,Y
C108131,Zoya Shinde,Kochi,KL,2023-08-19,N
C108132,Isha Naidu,Noida,UP,2023-09-05,N
C108133,Kavya Chopra,Delhi,DL,2023-04-04,Y
C108134,Suresh Naidu,Noida,UP,2022-10-04,Y
C108135,Priya Rathore,Lucknow,UP,2023-07-24,Y
C108136,Zoya Gupta,Bengaluru,KA,2022-07-28,N
C108137,Vikram Das,Pune,MH,2022-11-16,N
C108138,Vihaan Shah,Bengaluru,KA,2024-04-06,N
C108139,Om Singh,Bhubaneswar,OR,2024-08-09,Y
C108140,Om Bhatia,Dehradun,UK,2023-02-26,N
C108141,Joseph Khanna,Pune,MH,2023-11-13,N
C108142,Faisal Mathew,Kochi,KL,2024-07-23,N
C108143,Harpreet Khanna,Nashik,MH,2022-12-01,Y
C108144,Ishaan Khan,Guwahati,AS,2024-12-19,N
C108145,Gurpreet Fernandes,Surat,GJ,2024-11-01,N
C108146,Arjun Qureshi,Nashik,MH,2024-09-16,N
C108147,Joseph Bhatia,Kolkata,WB,2022-11-11,N
C108148,Vikram Jadhav,Mysuru,KA,2023-10-21,N
C108149,Mohammed Mehta,Ranchi,JH,2023-03-01,Y
C108150,Sunita Jadhav,Mysuru,KA,2024-09-21,N
C108151,Siddharth Malhotra,Kolkata,WB,2024-12-16,Y
C108152,Vihaan Arora,Surat,GJ,2023-01-28,N
C108153,Yash Srivastava,Patna,BR,2022-11-12,N
C108154,Sameer Nair,Nashik,MH,2024-12-28,Y
C108155,Amit Sen,Delhi,DL,2022-08-01,N
C108156,Diya Sethi,Lucknow,UP,2022-07-18,Y
C108157,Ankit Banerjee,Bhubaneswar,OR,2024-10-03,Y
C108158,Aishwarya Desai,Coimbatore,TN,2023-03-06,Y
C108159,Krishna Bhatia,Mysuru,KA,2024-07-16,N
C108160,Rohit Fernandes,Chandigarh,CH,2024-10-01,N
C108161,Ananya Dhillon,Nagpur,MH,2024-10-04,N
C108162,Zoya Kulkarni,Gurugram,HR,2022-10-08,N
C108163,Abhishek Siddiqui,Pune,MH,2024-06-01,Y
C108164,Vikram Gupta,Indore,MP,2023-05-18,Y
C108165,Manpreet Roy,Patna,BR,2024-11-06,N
C108166,Komal Khanna,Dehradun,UK,2023-01-06,N
C108167,Kunal Pawar,Patna,BR,2024-03-05,Y
C108168,Kabir Joshi,Thiruvananthapuram,KL,2024-08-02,N
C108169,Meera Arora,Thiruvananthapuram,KL,2024-09-19,N
C108170,Deepak Rathore,Noida,UP,2024-11-25,Y
C108171,Aishwarya Shinde,Pune,MH,2024-12-23,N
C108172,Isha Sheikh,Vadodara,GJ,2022-08-02,N
C108173,Aditya Chatterjee,Lucknow,UP,2024-08-14,Y
C108174,Priya Dutta,Chandigarh,CH,2022-09-09,N
C108175,Tanvi Rathore,Guwahati,AS,2023-12-16,Y
C108176,Rahul Banerjee,Nagpur,MH,2022-11-17,Y
C108177,Sunita Chopra,Chandigarh,CH,2024-04-21,N
C108178,Manish Singh,Visakhapatnam,AP,2023-12-27,Y
C108179,Tanvi Bhatia,Bhopal,MP,2022-09-03,N
C108180,Yash Agarwal,Surat,GJ,2024-02-23,N
C108181,Isha Das,Lucknow,UP,2023-01-11,N
C108182,Rahul Mukherjee,Vadodara,GJ,2023-07-18,N
C108183,Varun Pawar,Ahmedabad,GJ,2023-02-18,Y
C108184,Aishwarya Chopra,Chennai,TN,2023-06-19,N
C108185,Manish Saxena,Vadodara,GJ,2024-01-08,N
C108186,Sukhwinder Patil,Delhi,DL,2024-12-18,N
C108187,Lobsang Ghosh,Nagpur,MH,2024-02-29,Y
C108188,Ramesh Pereira,Ahmedabad,GJ,2023-05-02,N
C108189,Pooja Arora,Lucknow,UP,2024-09-26,N
C108190,Siddharth Ansari,Ahmedabad,GJ,2022-10-10,Y
C108191,Lakshmi Sandhu,Kochi,KL,2022-12-29,N
C108192,Simran Pawar,Thiruvananthapuram,KL,2022-07-27,N
C108193,Aishwarya Fernandes,Bengaluru,KA,2024-02-27,N
C108194,Isha Mehta,Surat,GJ,2023-11-27,N
C108195,Sneha Dutta,Chennai,TN,2024-09-15,N
C108196,Pooja Agarwal,Visakhapatnam,AP,2023-08-08,Y
C108197,Jaspreet Chauhan,Lucknow,UP,2023-02-27,N
C108198,Sai Mathew,Kolkata,WB,2024-02-25,Y
C108199,Steven Ansari,Nashik,MH,2022-09-02,N
C108200,Bhavna Pawar,Lucknow,UP,2024-09-07,N
C108201,Ayaan Bose,Visakhapatnam,AP,2023-10-02,N
C108202,Zaid Dhillon,Jaipur,RJ,2023-12-10,N
C108203,Steven Ghosh,Hyderabad,TS,2023-10-10,Y
C108204,Joseph Singh,Nashik,MH,2023-12-31,Y
C108205,Ramesh Deshpande,Vadodara,GJ,2024-08-01,N
C108206,Lobsang Agarwal,Raipur,CG,2023-05-24,N
C108207,Ankit Fernandes,Ranchi,JH,2024-11-19,N
C108208,Manpreet Sheikh,Bengaluru,KA,2024-03-15,N
C108209,Kavya Naidu,Bhopal,MP,2023-03-10,N
C108210,Isha Agarwal,Raipur,CG,2022-08-23,N
C108211,Saanvi Pawar,Visakhapatnam,AP,2024-08-14,Y
C108212,Bhavna Mathew,Visakhapatnam,AP,2022-12-20,N
C108213,Divya Verma,Lucknow,UP,2023-07-21,Y
C108214,Gurpreet D'Souza,Dehradun,UK,2024-02-09,N
C108215,Karan Deshpande,Chennai,TN,2023-03-20,Y
C108216,Swati Yadav,Guwahati,AS,2024-10-04,N
C108217,Daniel Srivastava,Jaipur,RJ,2024-05-29,N
C108218,Megha Kapoor,Guwahati,AS,2024-08-27,N
C108219,Varun Arora,Patna,BR,2024-12-25,Y
C108220,Daniel Gill,Bhopal,MP,2023-07-28,N
C108221,Faisal Singh,Kochi,KL,2023-05-17,N
C108222,Kabir Patel,Noida,UP,2024-12-23,N
C108223,Steven Mehta,Bhubaneswar,OR,2024-09-08,N
C108224,Zoya Saxena,Pune,MH,2024-12-18,N
C108225,Ayaan Mukherjee,Raipur,CG,2023-03-25,N
C108226,Ishaan Bansal,Patna,BR,2023-12-27,Y
C108227,Vivaan Mathew,Patna,BR,2023-10-14,N
C108228,Aarav Sen,Hyderabad,TS,2023-07-09,N
C108229,Ritika Mukherjee,Bhubaneswar,OR,2024-09-13,N
C108230,Ayaan Fernandes,Delhi,DL,2023-11-03,Y
C108231,Sai Shah,Gurugram,HR,2024-09-26,N
C108232,Bhavna Menon,Mysuru,KA,2024-12-02,N
C108233,Kabir Ghosh,Mysuru,KA,2024-04-15,N
C108234,Deepak Kulkarni,Raipur,CG,2024-12-19,Y
C108235,Mohammed Chatterjee,Mysuru,KA,2023-02-02,N
C108236,Ananya Khanna,Bhopal,MP,2023-12-18,N
C108237,Amit Siddiqui,Guwahati,AS,2023-10-12,Y
C108238,Bhavna Khan,Vadodara,GJ,2024-04-20,N
C108239,Kunal Siddiqui,Lucknow,UP,2023-05-31,N
C108240,Suresh Gupta,Surat,GJ,2023-09-06,N
C108241,Sneha Patel,Surat,GJ,2024-10-15,Y
C108242,Ankit Goyal,Mysuru,KA,2024-08-28,N
C108243,Deepak George,Visakhapatnam,AP,2024-01-20,N
C108244,Sunita Singh,Coimbatore,TN,2024-12-16,Y
C108245,Zoya Yadav,Ranchi,JH,2023-01-13,N
C108246,Amit Chopra,Guwahati,AS,2022-10-09,N
C108247,Faisal Desai,Gurugram,HR,2022-11-02,N
C108248,Zaid Chauhan,Coimbatore,TN,2023-11-01,N
C108249,Sameer Goyal,Guwahati,AS,2023-04-19,Y
C108250,Imran Trivedi,Pune,MH,2024-12-25,N
C108251,Kunal Mishra,Raipur,CG,2022-08-15,Y
C108252,Suresh Iyer,Guwahati,AS,2023-02-04,N
C108253,Joseph Reddy,Jaipur,RJ,2023-11-26,Y
C108254,Kabir Srivastava,Chennai,TN,2024-10-08,N
C108255,Sameer Pandey,Bhopal,MP,2024-09-17,N
C108256,Ishaan Yadav,Kolkata,WB,2023-10-22,N
C108257,Divya Deshpande,Patna,BR,2022-09-03,Y
C108258,Siddharth Deshpande,Coimbatore,TN,2024-10-22,Y
C108259,Rohan Sen,Jaipur,RJ,2024-05-03,N
C108260,Karan Deshpande,Raipur,CG,2024-06-16,N
C108261,Zaid Chauhan,Nashik,MH,2022-07-24,N
C108262,Thomas Goyal,Raipur,CG,2024-11-09,N
C108263,Varun Menon,Nashik,MH,2024-06-21,N
C108264,Zaid Deshpande,Surat,GJ,2022-09-18,N
C108265,Mohammed Nair,Guwahati,AS,2023-01-02,N
C108266,Priya Malhotra,Kochi,KL,2024-02-14,N
C108267,Imran Malhotra,Mumbai,MH,2024-05-24,N
C108268,Payal Jadhav,Bhopal,MP,2023-10-27,N
C108269,Isha Desai,Pune,MH,2024-09-14,N
C108270,Daniel Fernandes,Jaipur,RJ,2022-08-22,Y
C108271,Karan Naidu,Visakhapatnam,AP,2023-05-02,N
C108272,Yash Naidu,Chennai,TN,2024-12-24,Y
C108273,Lakshmi Reddy,Lucknow,UP,2024-07-04,N
C108274,Aarav Varghese,Visakhapatnam,AP,2024-10-15,N
C108275,Ananya Sheikh,Delhi,DL,2023-06-13,N
C108276,Jaspreet Tiwari,Mysuru,KA,2022-11-11,N
C108277,Karan Sethi,Delhi,DL,2024-06-12,N
C108278,Kabir Bansal,Gurugram,HR,2023-03-02,N
C108279,Tenzin Kulkarni,Guwahati,AS,2024-09-11,N
C108280,Isha Das,Dehradun,UK,2024-09-07,Y
C108281,Saanvi Yadav,Thiruvananthapuram,KL,2023-09-26,N
C108282,Rohit Jadhav,Dehradun,UK,2023-07-14,N
C108283,Shreya Patil,Mysuru,KA,2023-08-03,Y
C108284,Tarun Rao,Delhi,DL,2023-05-03,N
C108285,Neha Patil,Indore,MP,2024-04-15,N
C108286,Zoya Yadav,Mumbai,MH,2024-10-31,Y
C108287,Ishaan Tiwari,Delhi,DL,2022-09-17,N
C108288,Manpreet Shah,Dehradun,UK,2024-10-27,N
C108289,Harsh Gill,Ahmedabad,GJ,2022-11-13,N
C108290,Riya Verma,Kolkata,WB,2022-12-01,N
C108291,Vivaan Sandhu,Ranchi,JH,2022-08-01,N
C108292,Riya Saxena,Nagpur,MH,2023-05-19,Y
C108293,Zoya Gaikwad,Kolkata,WB,2024-02-27,Y
C108294,Joseph Singh,Mumbai,MH,2022-07-25,N
C108295,Aadhya Das,Hyderabad,TS,2023-09-19,N
C108296,Yash Goyal,Visakhapatnam,AP,2023-03-21,N
C108297,Simran Deshpande,Ahmedabad,GJ,2023-05-20,N
C108298,Yash Chauhan,Mysuru,KA,2023-03-26,N
C108299,Meera Das,Kolkata,WB,2024-03-15,N
C108300,Neha Jadhav,Ranchi,JH,2023-05-05,N
C108301,Vihaan Rathore,Kochi,KL,2024-06-21,N
C108302,Ayaan Pillai,Chennai,TN,2024-07-24,N
C108303,Sai Gill,Vadodara,GJ,2022-11-28,N
C108304,Lobsang Patel,Delhi,DL,2024-11-26,N
C108305,Manish Shinde,Pune,MH,2024-01-23,N
C108306,Gurpreet Bhatia,Hyderabad,TS,2024-12-21,N
C108307,Geeta Varghese,Thiruvananthapuram,KL,2023-07-25,Y
C108308,Sameer Kulkarni,Dehradun,UK,2024-07-20,N
C108309,Shreya Malhotra,Visakhapatnam,AP,2023-08-29,N
C108310,Suresh Agarwal,Mumbai,MH,2023-05-30,N
C108311,Kunal Deshpande,Coimbatore,TN,2023-05-11,Y
C108312,Tenzin Banerjee,Visakhapatnam,AP,2023-03-05,N
C108313,Amit Mathew,Noida,UP,2024-09-22,N
C108314,Sunita Sandhu,Chandigarh,CH,2023-04-09,N
C108315,Reyansh Das,Bengaluru,KA,2024-12-08,Y
C108316,Varun Das,Coimbatore,TN,2023-01-31,N
C108317,Divya Reddy,Nagpur,MH,2024-10-11,Y
C108318,Vikram Malhotra,Raipur,CG,2024-04-28,N
C108319,Daniel Nair,Guwahati,AS,2024-10-08,N
C108320,Arjun Pereira,Nagpur,MH,2024-03-16,Y
C108321,Sukhwinder Trivedi,Delhi,DL,2023-04-06,N
C108322,Priya Gaikwad,Bhopal,MP,2023-02-15,Y
C108323,Ritika Sethi,Hyderabad,TS,2024-08-06,N
C108324,Bhavna Patil,Bengaluru,KA,2023-07-16,N
C108325,Lakshmi Yadav,Delhi,DL,2024-04-04,N
C108326,Pranav Khan,Dehradun,UK,2024-12-12,N
C108327,Rohan Tiwari,Coimbatore,TN,2023-09-29,N
C108328,Rohit Mehta,Ranchi,JH,2024-03-30,N
C108329,Zoya Patil,Bhopal,MP,2023-12-31,N
C108330,Sunita Kulkarni,Ranchi,JH,2024-03-22,N
C108331,Anjali Gaikwad,Chandigarh,CH,2022-12-31,N
C108332,Pranav Verma,Nagpur,MH,2023-07-06,N
C108333,Payal Sandhu,Thiruvananthapuram,KL,2022-11-30,N
C108334,Siddharth Arora,Dehradun,UK,2024-11-11,N
C108335,Zoya Gupta,Indore,MP,2023-09-21,N
C108336,Nikhil Shah,Delhi,DL,2024-01-02,N
C108337,Zoya Bhatia,Patna,BR,2023-02-02,N
C108338,Aadhya Singh,Nagpur,MH,2024-07-08,N
C108339,Om Bansal,Chandigarh,CH,2024-11-10,N
C108340,Amit Jain,Hyderabad,TS,2022-10-02,N
C108341,Shreya George,Mumbai,MH,2023-08-18,N
C108342,Sameer Trivedi,Bhopal,MP,2022-07-19,Y
C108343,Daniel Gaikwad,Mysuru,KA,2024-10-07,N
C108344,Jaspreet Khan,Hyderabad,TS,2022-09-24,N
C108345,Rohan Patel,Hyderabad,TS,2023-09-26,Y
C108346,Divya Rao,Nagpur,MH,2023-10-08,Y
C108347,Rajat Trivedi,Ranchi,JH,2024-04-05,Y
C108348,Daniel Sheikh,Noida,UP,2022-12-26,N
C108349,Anjali Saxena,Bhubaneswar,OR,2024-07-29,N
C108350,Aadhya Dutta,Ahmedabad,GJ,2024-08-11,N
C108351,Shreya Kaur,Bhopal,MP,2022-09-15,N
C108352,Aditya Shinde,Ranchi,JH,2024-02-28,N
C108353,Dev Verma,Visakhapatnam,AP,2024-10-21,N
C108354,Dev Sen,Dehradun,UK,2022-10-18,Y
C108355,Arjun Menon,Nagpur,MH,2023-08-31,N
C108356,Sunita D'Souza,Chandigarh,CH,2023-10-25,N
C108357,Vivaan Saxena,Nashik,MH,2023-06-17,Y
C108358,Yash Singh,Guwahati,AS,2023-09-09,N
C108359,Ananya Menon,Noida,UP,2023-05-12,Y
C108360,Amit Khanna,Vadodara,GJ,2023-05-21,N
C108361,Geeta Malhotra,Chennai,TN,2024-02-06,N
C108362,Riya Desai,Noida,UP,2024-11-29,N
C108363,Rohan Malhotra,Kochi,KL,2024-01-24,N
C108364,Kunal Qureshi,Coimbatore,TN,2022-09-27,N
C108365,Bhavna Jain,Indore,MP,2022-11-22,N
C108366,Ankit Menon,Patna,BR,2023-03-01,N
C108367,Payal Chauhan,Bengaluru,KA,2023-01-05,Y
C108368,Lakshmi Mishra,Kochi,KL,2024-02-07,N
C108369,Daniel Pillai,Ranchi,JH,2022-11-20,Y
C108370,Manpreet Agarwal,Patna,BR,2024-08-07,Y
C108371,Dev Reddy,Lucknow,UP,2023-06-08,N
C108372,Lobsang Das,Bhopal,MP,2024-05-19,Y
C108373,Meera Gaikwad,Ranchi,JH,2023-08-14,N
C108374,Megha Joshi,Thiruvananthapuram,KL,2022-08-27,Y
C108375,Vihaan Shah,Bhubaneswar,OR,2024-07-12,Y
C108376,Simran Rao,Indore,MP,2024-09-17,N
C108377,Abhishek Qureshi,Pune,MH,2024-09-19,Y
C108378,Arjun Iyer,Jaipur,RJ,2022-10-08,N
C108379,Manpreet Gill,Bengaluru,KA,2023-07-01,Y
C108380,Nisha Gill,Kochi,KL,2024-08-20,N
C108381,Priya Tiwari,Lucknow,UP,2024-03-25,N
C108382,Simran Siddiqui,Bengaluru,KA,2022-10-31,N
C108383,Nisha Tiwari,Kolkata,WB,2022-09-30,N
C108384,Rahul Deshpande,Kochi,KL,2024-02-15,N
C108385,Aishwarya Pereira,Kolkata,WB,2023-06-09,Y
C108386,Divya Trivedi,Chandigarh,CH,2023-09-05,N
C108387,Varun Naidu,Jaipur,RJ,2024-11-29,N
C108388,Ishaan Yadav,Bhubaneswar,OR,2023-11-01,N
C108389,Suresh Banerjee,Kochi,KL,2023-02-11,Y
C108390,Mohammed Gill,Mysuru,KA,2024-05-24,Y
C108391,Vihaan Shah,Nagpur,MH,2023-08-15,N
C108392,Swati Qureshi,Nagpur,MH,2023-02-08,Y
C108393,Steven Varghese,Pune,MH,2024-11-03,N
C108394,Amit Chatterjee,Ranchi,JH,2023-02-28,N
C108395,Bhavna Menon,Kochi,KL,2024-09-23,N
C108396,Ananya Fernandes,Raipur,CG,2023-02-02,N
C108397,Harsh Bansal,Kolkata,WB,2023-10-10,N
C108398,Sunita Patel,Gurugram,HR,2024-04-19,N
C108399,Tanvi Jain,Thiruvananthapuram,KL,2024-08-31,N
C108400,Pooja Kaur,Kolkata,WB,2023-11-18,N
C108401,Saanvi Kaur,Coimbatore,TN,2023-10-08,N
C108402,Reyansh Saxena,Vadodara,GJ,2023-04-04,N
C108403,Saanvi Reddy,Nagpur,MH,2023-08-27,N
C108404,Jaspreet D'Souza,Ahmedabad,GJ,2024-07-24,Y
C108405,Amit Pereira,Jaipur,RJ,2022-09-27,N
C108406,Divya Qureshi,Bhubaneswar,OR,2024-06-01,N
C108407,Yash Rathore,Noida,UP,2024-07-10,N
C108408,Simran Reddy,Raipur,CG,2023-01-18,Y
C108409,Zoya Mathew,Lucknow,UP,2024-06-19,N
C108410,Zaid Iyer,Indore,MP,2024-07-27,N
C108411,Reyansh Kaur,Patna,BR,2023-11-02,N
C108412,Varun Sandhu,Noida,UP,2023-12-21,Y
C108413,Aditya Srivastava,Jaipur,RJ,2024-05-19,N
C108414,Ritika Agarwal,Lucknow,UP,2023-04-30,N
C108415,Meera Yadav,Kolkata,WB,2024-09-07,N
C108416,Faisal Bhatia,Nagpur,MH,2023-07-10,N
C108417,Zaid Pandey,Jaipur,RJ,2023-12-25,N
C108418,Tanvi Khanna,Noida,UP,2024-08-31,N
C108419,Bhavna Bose,Kolkata,WB,2023-09-10,N
C108420,Tarun Varghese,Gurugram,HR,2023-01-21,N
C108421,Swati Patel,Bengaluru,KA,2024-09-29,N
C108422,Nikhil Sethi,Coimbatore,TN,2024-10-30,Y
C108423,Abhishek Sandhu,Patna,BR,2023-04-12,N
C108424,Sai Singh,Thiruvananthapuram,KL,2023-09-07,Y
C108425,Swati Gupta,Thiruvananthapuram,KL,2023-02-21,Y
C108426,Kabir Mishra,Indore,MP,2024-09-04,N
C108427,Ritika Chatterjee,Bhopal,MP,2022-09-10,N
C108428,Deepak Ghosh,Guwahati,AS,2024-06-29,Y
C108429,Sai D'Souza,Bhopal,MP,2023-10-26,N
C108430,Ramesh Pereira,Ahmedabad,GJ,2022-10-23,N
C108431,Diya Pandey,Bhopal,MP,2024-12-13,Y
C108432,Reyansh Rao,Dehradun,UK,2023-04-24,Y
C108433,Mohammed Kapoor,Chennai,TN,2022-07-21,Y
C108434,Gurpreet Tiwari,Ranchi,JH,2024-08-03,N
C108435,Om Goyal,Kolkata,WB,2023-10-11,N
C108436,Aditya Arora,Nagpur,MH,2023-12-20,N
C108437,Kunal Rathore,Bhopal,MP,2024-05-12,N
C108438,Varun Sandhu,Delhi,DL,2023-06-11,N
C108439,Saanvi Jain,Bhopal,MP,2023-11-06,N
C108440,Deepak Shah,Visakhapatnam,AP,2022-07-17,N
C108441,Riya Srivastava,Mumbai,MH,2023-11-03,N
C108442,Rohan George,Mysuru,KA,2023-04-13,N
C108443,Ramesh Sen,Chandigarh,CH,2024-09-01,N
C108444,Zoya Dutta,Nashik,MH,2022-09-11,N
C108445,Joseph Rao,Mysuru,KA,2024-01-22,Y
C108446,Rohit Siddiqui,Coimbatore,TN,2024-12-21,Y
C108447,Tenzin Nair,Bhubaneswar,OR,2023-08-18,N
C108448,Sai Sandhu,Visakhapatnam,AP,2024-10-11,N
C108449,Pooja Sen,Bengaluru,KA,2023-03-29,N
C108450,Rajat Mukherjee,Kochi,KL,2024-07-10,N
C108451,Priya Gaikwad,Raipur,CG,2023-11-18,N
C108452,Ananya Mukherjee,Thiruvananthapuram,KL,2024-02-08,Y
C108453,Gurpreet Banerjee,Bhubaneswar,OR,2023-06-10,N
C108454,Riya Menon,Raipur,CG,2023-11-03,Y
C108455,Amit Malhotra,Jaipur,RJ,2022-08-05,N
C108456,Zaid Kaur,Nagpur,MH,2023-06-06,N
C108457,Tanvi Fernandes,Mumbai,MH,2022-12-04,N
C108458,Vihaan Mathew,Mysuru,KA,2023-06-09,Y
C108459,Nikhil D'Souza,Visakhapatnam,AP,2023-05-02,N
C108460,Nikhil Iyer,Hyderabad,TS,2023-11-23,Y
C108461,Megha Sen,Mumbai,MH,2024-07-13,N
C108462,Kabir Mehta,Chennai,TN,2022-11-29,Y
C108463,Om Sharma,Noida,UP,2023-07-17,N
C108464,Aarav Shinde,Patna,BR,2023-08-22,Y
C108465,Pooja Saxena,Noida,UP,2024-06-10,N
C108466,Divya Srivastava,Raipur,CG,2023-05-22,N
C108467,Yash Reddy,Hyderabad,TS,2024-02-21,N
C108468,Krishna Das,Nashik,MH,2024-03-20,Y
C108469,Varun Das,Patna,BR,2023-05-20,N
C108470,Deepak Qureshi,Pune,MH,2023-11-25,Y
C108471,Varun Deshpande,Mysuru,KA,2024-05-03,N
C108472,Daniel Bansal,Kochi,KL,2024-01-25,Y
C108473,Yash Mehta,Chandigarh,CH,2024-05-19,N
C108474,Ritika Joshi,Thiruvananthapuram,KL,2023-12-25,N
C108475,Rahul Mishra,Ahmedabad,GJ,2023-08-13,N
C108476,Aadhya Qureshi,Guwahati,AS,2024-09-01,Y
C108477,Krishna Reddy,Nagpur,MH,2022-10-25,N
C108478,Manish Bose,Patna,BR,2023-12-06,N
C108479,Ishaan Trivedi,Kolkata,WB,2023-10-15,N
C108480,Meera Sharma,Mysuru,KA,2023-01-24,N
C108481,Abhishek Sandhu,Chennai,TN,2024-11-12,N
C108482,Om Jain,Surat,GJ,2023-02-08,N
C108483,Imran Sethi,Kolkata,WB,2023-06-05,N
C108484,Swati Nair,Delhi,DL,2023-02-27,N
C108485,Tarun Pandey,Pune,MH,2023-11-03,N
C108486,Yash Pandey,Coimbatore,TN,2023-06-21,N
C108487,Jaspreet Goyal,Raipur,CG,2024-07-06,N
C108488,Ayaan Roy,Patna,BR,2023-11-28,N
C108489,Harsh Kapoor,Nagpur,MH,2024-05-06,N
C108490,Ananya Gill,Pune,MH,2022-09-09,N
C108491,Vikram Chauhan,Nagpur,MH,2022-12-04,Y
C108492,Tarun Shah,Surat,GJ,2024-05-26,N
C108493,Priya Bansal,Lucknow,UP,2023-06-25,N
C108494,Ishaan Mukherjee,Chennai,TN,2024-02-18,Y
C108495,Zaid Roy,Raipur,CG,2023-08-02,N
C108496,Manpreet Dhillon,Thiruvananthapuram,KL,2022-10-29,N
C108497,Rajat Deshpande,Bhopal,MP,2022-12-02,N
C108498,Ananya Sharma,Noida,UP,2024-03-18,N
C108499,Aishwarya Bansal,Nashik,MH,2023-06-04,N
C108500,Kavya Verma,Bhubaneswar,OR,2022-10-05,N
C108501,Tanvi Joshi,Ranchi,JH,2024-03-25,N
C108502,Manish Verma,Nashik,MH,2022-09-17,N
C108503,Joseph Deshpande,Patna,BR,2023-11-16,Y
C108504,Lobsang Joshi,Indore,MP,2024-04-30,N
C108505,Faisal Pawar,Ahmedabad,GJ,2024-07-22,N
C108506,Varun Rathore,Ranchi,JH,2023-02-22,Y
C108507,Ananya Jain,Hyderabad,TS,2022-11-08,Y
C108508,Rahul Saxena,Kolkata,WB,2023-10-13,N
C108509,Vihaan Bhatia,Kochi,KL,2024-05-26,N
C108510,Thomas Menon,Lucknow,UP,2024-03-12,N
C108511,Komal Mehta,Vadodara,GJ,2024-03-10,Y
C108512,Tenzin Mittal,Mumbai,MH,2023-08-05,N
C108513,Nisha Pereira,Bengaluru,KA,2022-11-15,N
C108514,Shreya Ansari,Ranchi,JH,2024-08-22,N
C108515,Farah Bansal,Ranchi,JH,2023-11-11,Y
C108516,Tarun Patil,Pune,MH,2022-08-22,Y
C108517,Sneha Shah,Dehradun,UK,2024-06-19,N
C108518,Daniel Joshi,Bengaluru,KA,2023-07-01,Y
C108519,Riya Patil,Delhi,DL,2023-11-02,Y
C108520,Vivaan Sharma,Hyderabad,TS,2024-04-03,Y
C108521,Sneha Bhatt,Mysuru,KA,2022-11-07,Y
C108522,Megha Rathore,Delhi,DL,2023-04-14,N
C108523,Reyansh Menon,Dehradun,UK,2024-08-13,N
C108524,Varun Bhatia,Pune,MH,2023-02-16,N
C108525,Shreya Shinde,Vadodara,GJ,2023-06-07,N
C108526,Meera Sen,Gurugram,HR,2024-07-06,Y
C108527,Ishaan Mathew,Mysuru,KA,2023-10-24,N
C108528,Tenzin Pereira,Jaipur,RJ,2023-03-19,N
C108529,Vihaan Bhatt,Kolkata,WB,2024-03-13,N
C108530,Vikram Roy,Mysuru,KA,2024-11-24,Y
C108531,Ramesh Siddiqui,Bhubaneswar,OR,2023-05-10,N
C108532,Tanvi Kumar,Visakhapatnam,AP,2023-04-30,Y
C108533,Payal Kapoor,Indore,MP,2024-10-09,N
C108534,Lakshmi Kaur,Thiruvananthapuram,KL,2023-08-08,N
C108535,Tenzin George,Bhubaneswar,OR,2024-04-08,N
C108536,Nikhil Mishra,Bhopal,MP,2023-03-13,Y
C108537,Kavya Chatterjee,Thiruvananthapuram,KL,2024-06-08,N
C108538,Aadhya Jadhav,Gurugram,HR,2023-04-29,N
C108539,Ritika Pawar,Nashik,MH,2023-01-17,N
C108540,Varun Mittal,Indore,MP,2022-12-11,Y
C108541,Lobsang Das,Hyderabad,TS,2023-06-13,Y
C108542,Joseph Sandhu,Mysuru,KA,2023-09-12,Y
C108543,Om Pereira,Noida,UP,2024-01-22,N
C108544,Riya Sandhu,Nashik,MH,2024-05-04,N
C108545,Siddharth Mittal,Raipur,CG,2024-04-03,N
C108546,Sneha Gaikwad,Delhi,DL,2024-06-28,Y
C108547,Geeta Jadhav,Bhopal,MP,2023-04-09,N
C108548,Kabir Verma,Nashik,MH,2022-11-29,N
C108549,Lakshmi Chatterjee,Visakhapatnam,AP,2023-05-16,N
C108550,Daniel Ansari,Hyderabad,TS,2024-03-02,N
C108551,Aarav Khanna,Bengaluru,KA,2022-12-10,N
C108552,Joseph Gaikwad,Raipur,CG,2024-10-15,N
C108553,Pooja Yadav,Surat,GJ,2023-06-29,N
C108554,Suresh Verma,Chennai,TN,2024-08-18,Y
C108555,Ritika Menon,Gurugram,HR,2024-09-22,N
C108556,Aishwarya Jadhav,Ahmedabad,GJ,2022-11-17,N
C108557,Diya Dhillon,Bengaluru,KA,2024-10-27,Y
C108558,Imran Roy,Surat,GJ,2023-08-20,Y
C108559,Deepak Dutta,Dehradun,UK,2022-07-28,N
C108560,Siddharth Goyal,Thiruvananthapuram,KL,2024-06-05,N
C108561,Krishna Verma,Thiruvananthapuram,KL,2022-12-20,Y
C108562,Saanvi Kaur,Noida,UP,2022-11-03,N
C108563,Reyansh Dhillon,Gurugram,HR,2023-04-07,Y
C108564,Kavya George,Bhopal,MP,2023-04-27,Y
C108565,Reyansh Tiwari,Ahmedabad,GJ,2022-08-22,Y
C108566,Aadhya Srivastava,Hyderabad,TS,2022-08-27,Y
C108567,Rajat Roy,Raipur,CG,2024-12-28,Y
C108568,Swati Verma,Pune,MH,2024-04-07,N
C108569,Varun Goyal,Dehradun,UK,2024-04-27,N
C108570,Ayaan Bansal,Pune,MH,2022-11-11,N
C108571,Deepak Bose,Ranchi,JH,2024-12-20,N
C108572,Ayaan Chauhan,Nagpur,MH,2024-06-21,Y
C108573,Kunal Sharma,Nashik,MH,2024-07-01,N
C108574,Harpreet Dutta,Gurugram,HR,2023-04-05,N
C108575,Amit Pawar,Delhi,DL,2024-03-23,Y
C108576,Aishwarya Mathew,Thiruvananthapuram,KL,2024-05-30,N
C108577,Komal Ghosh,Vadodara,GJ,2024-10-02,Y
C108578,Manpreet Patil,Coimbatore,TN,2024-10-09,Y
C108579,Rohit Pandey,Mumbai,MH,2023-10-13,N
C108580,Divya Goyal,Bengaluru,KA,2023-05-24,N
C108581,Lobsang Menon,Thiruvananthapuram,KL,2023-04-02,N
C108582,Arjun Shinde,Thiruvananthapuram,KL,2024-12-01,N
C108583,Abhishek Menon,Patna,BR,2024-08-26,N
C108584,Isha Kaur,Lucknow,UP,2023-08-13,Y
C108585,Steven Pereira,Bengaluru,KA,2023-09-16,Y
C108586,Ishaan Gill,Surat,GJ,2024-06-01,Y
C108587,Manpreet Sharma,Hyderabad,TS,2023-02-12,N
C108588,Meera Gaikwad,Noida,UP,2023-08-08,N
C108589,Dev Kumar,Lucknow,UP,2023-10-31,Y
C108590,Rohit Khanna,Gurugram,HR,2024-02-11,N
C108591,Reyansh Pereira,Patna,BR,2023-11-10,N
C108592,Varun Dhillon,Patna,BR,2022-08-03,N
C108593,Varun Kapoor,Jaipur,RJ,2024-05-06,N
C108594,Ayaan Dhillon,Chennai,TN,2023-04-16,N
C108595,Swati Das,Coimbatore,TN,2024-05-13,N
C108596,Megha Ghosh,Bhopal,MP,2022-10-16,N
C108597,Aishwarya Ansari,Pune,MH,2024-01-27,N
C108598,Diya Banerjee,Nashik,MH,2022-09-22,Y
C108599,Aishwarya Deshpande,Patna,BR,2023-06-26,N
C108600,Rohit Pawar,Ranchi,JH,2023-09-09,N
C108601,Kavya Bansal,Nashik,MH,2024-08-18,N
C108602,Karan Pawar,Raipur,CG,2023-07-22,N
C108603,Kabir Sethi,Surat,GJ,2024-05-27,Y
C108604,Deepak Nair,Coimbatore,TN,2022-11-03,N
C108605,Vivaan Pandey,Thiruvananthapuram,KL,2024-03-13,Y
C108606,Tarun Bhatt,Dehradun,UK,2023-09-30,N
C108607,Vivaan Menon,Chennai,TN,2024-06-22,Y
C108608,Steven Chopra,Kolkata,WB,2022-08-28,N
C108609,Saanvi Jadhav,Mumbai,MH,2024-10-14,N
C108610,Abhishek Bhatt,Indore,MP,2023-11-17,N
C108611,Aishwarya Reddy,Gurugram,HR,2023-08-10,N
C108612,Gurpreet Sen,Bhubaneswar,OR,2023-10-18,N
C108613,Rajat Das,Surat,GJ,2023-05-21,N
C108614,Ishaan Bhatia,Raipur,CG,2024-09-12,N
C108615,Sneha Shinde,Kochi,KL,2024-07-03,N
C108616,Nikhil D'Souza,Visakhapatnam,AP,2023-09-23,N
C108617,Ankit Sen,Kolkata,WB,2024-12-03,Y
C108618,Megha Iyer,Kochi,KL,2023-08-25,N
C108619,Arjun Iyer,Gurugram,HR,2023-05-17,Y
C108620,Simran Jadhav,Pune,MH,2022-07-19,Y
C108621,Sai Reddy,Chandigarh,CH,2024-03-26,N
C108622,Tanvi Dutta,Bhopal,MP,2022-10-18,Y
C108623,Karan Bansal,Dehradun,UK,2022-11-29,Y
C108624,Abhishek Chauhan,Chandigarh,CH,2023-08-10,Y
C108625,Dev Rao,Ahmedabad,GJ,2024-01-30,N
C108626,Pranav Goyal,Kolkata,WB,2023-05-09,N
C108627,Zaid Pillai,Bhubaneswar,OR,2024-11-02,N
C108628,Isha George,Lucknow,UP,2024-09-13,N
C108629,Rajat Ansari,Nashik,MH,2024-10-06,N
C108630,Jaspreet Sharma,Bhopal,MP,2023-03-23,N
C108631,Deepak Pillai,Hyderabad,TS,2022-10-14,N
C108632,Gurpreet Khan,Chennai,TN,2022-12-26,Y
C108633,Zoya Gaikwad,Coimbatore,TN,2023-05-19,N
C108634,Vikram Rathore,Nagpur,MH,2024-07-02,N
C108635,Meera Shah,Gurugram,HR,2023-09-20,N
C108636,Deepak Fernandes,Bengaluru,KA,2024-11-02,N
C108637,Harpreet Nair,Nashik,MH,2024-06-23,N
C108638,Sukhwinder D'Souza,Lucknow,UP,2022-12-27,N
C108639,Saanvi Chopra,Bhopal,MP,2023-09-30,N
C108640,Priya Desai,Mysuru,KA,2023-06-26,N
C108641,Sunita Kapoor,Visakhapatnam,AP,2024-08-19,N
C108642,Tanvi Kulkarni,Ahmedabad,GJ,2023-11-25,Y
C108643,Dev Kulkarni,Surat,GJ,2023-07-31,N
C108644,Riya Srivastava,Dehradun,UK,2023-06-17,N
C108645,Divya Dutta,Bhopal,MP,2023-07-22,N
C108646,Yash Pereira,Pune,MH,2022-11-05,Y
C108647,Reyansh Khan,Chandigarh,CH,2023-06-11,N
C108648,Reyansh Sen,Lucknow,UP,2022-10-30,N
C108649,Vikram Kapoor,Hyderabad,TS,2023-03-25,Y
C108650,Dev Gill,Chandigarh,CH,2024-01-17,N
C108651,Nikhil Chatterjee,Bengaluru,KA,2024-04-22,N
C108652,Aishwarya Gaikwad,Raipur,CG,2024-10-28,Y
C108653,Sai Desai,Guwahati,AS,2023-03-16,Y
C108654,Saanvi Ghosh,Bengaluru,KA,2024-08-05,Y
C108655,Tarun Patil,Nashik,MH,2024-12-03,N
C108656,Zoya D'Souza,Bhopal,MP,2024-07-27,Y
C108657,Isha Fernandes,Pune,MH,2022-09-23,N
C108658,Ramesh Kaur,Nashik,MH,2023-01-10,Y
C108659,Bhavna Mishra,Jaipur,RJ,2024-04-22,N
C108660,Ananya Varghese,Visakhapatnam,AP,2024-01-21,N
C108661,Kavya Pillai,Bhopal,MP,2024-01-28,Y
C108662,Sunita Fernandes,Chennai,TN,2023-08-02,N
C108663,Aishwarya Shinde,Dehradun,UK,2022-09-13,N
C108664,Krishna Shah,Gurugram,HR,2024-05-09,N
C108665,Komal Siddiqui,Dehradun,UK,2024-07-15,Y
C108666,Ayaan Mittal,Pune,MH,2024-03-21,Y
C108667,Manpreet Kumar,Hyderabad,TS,2024-06-04,Y
C108668,Tenzin Nair,Kolkata,WB,2023-08-12,N
C108669,Isha Rao,Mysuru,KA,2024-09-29,N
C108670,Faisal Arora,Guwahati,AS,2023-12-12,N
C108671,Simran Qureshi,Thiruvananthapuram,KL,2023-04-22,Y
C108672,Vivaan Menon,Thiruvananthapuram,KL,2023-06-03,N
C108673,Sai Kumar,Patna,BR,2023-11-06,N
C108674,Thomas Jain,Mysuru,KA,2022-12-13,N
C108675,Deepak Ghosh,Visakhapatnam,AP,2024-02-24,Y
C108676,Nikhil Jain,Dehradun,UK,2022-12-26,N
C108677,Sneha Khan,Pune,MH,2023-10-02,N
C108678,Anjali Yadav,Ranchi,JH,2023-09-08,N
C108679,Kunal Fernandes,Visakhapatnam,AP,2024-02-08,N
C108680,Payal Gill,Bhubaneswar,OR,2022-12-15,N
C108681,Aarav Menon,Delhi,DL,2022-12-13,Y
C108682,Vivaan Dhillon,Visakhapatnam,AP,2024-06-01,N
C108683,Nisha Ansari,Gurugram,HR,2024-08-04,N
C108684,Swati Chatterjee,Kochi,KL,2022-08-11,N
C108685,Geeta Sandhu,Bhopal,MP,2024-09-22,N
C108686,Amit Bhatt,Surat,GJ,2024-06-16,N
C108687,Kabir Pillai,Bhubaneswar,OR,2024-09-10,N
C108688,Simran Deshpande,Delhi,DL,2023-10-19,N
C108689,Tenzin Tiwari,Mysuru,KA,2023-05-05,N
C108690,Gurpreet George,Kochi,KL,2024-11-15,Y
C108691,Sai Khan,Vadodara,GJ,2023-04-15,N
C108692,Mohammed Shah,Patna,BR,2023-11-09,N
C108693,Swati Patel,Noida,UP,2022-10-10,N
C108694,Komal Sandhu,Bhopal,MP,2023-05-29,N
C108695,Komal Patil,Mysuru,KA,2023-11-01,N
C108696,Kabir Srivastava,Gurugram,HR,2023-02-19,N
C108697,Megha Varghese,Noida,UP,2024-12-08,N
C108698,Sukhwinder Shah,Thiruvananthapuram,KL,2024-11-23,N
C108699,Ritika Roy,Bhubaneswar,OR,2022-08-06,N
C108700,Mohammed Kapoor,Mysuru,KA,2023-09-06,Y
C108701,Yash Trivedi,Bhubaneswar,OR,2024-09-26,N
C108702,Karan Bose,Guwahati,AS,2023-09-09,Y
C108703,Sameer Patel,Thiruvananthapuram,KL,2023-12-01,Y
C108704,Rohit D'Souza,Coimbatore,TN,2023-02-14,N
C108705,Simran Trivedi,Surat,GJ,2023-10-20,Y
C108706,Lobsang Sethi,Dehradun,UK,2024-03-01,Y
C108707,Karan Bhatia,Bhopal,MP,2022-09-28,Y
C108708,Imran Ghosh,Guwahati,AS,2024-01-21,N
C108709,Deepak Joshi,Nashik,MH,2023-10-03,N
C108710,Rajat Chatterjee,Mumbai,MH,2024-01-01,Y
C108711,Kavya Dutta,Patna,BR,2022-09-21,Y
C108712,Megha Mehta,Vadodara,GJ,2023-08-21,N
C108713,Daniel Das,Kochi,KL,2024-03-12,N
C108714,Divya Sheikh,Gurugram,HR,2024-06-07,Y
C108715,Farah Nair,Delhi,DL,2022-08-07,N
C108716,Aadhya Agarwal,Visakhapatnam,AP,2023-12-03,Y
C108717,Swati Jain,Hyderabad,TS,2024-03-26,Y
C108718,Aditya Joshi,Visakhapatnam,AP,2024-10-20,N
C108719,Nisha Banerjee,Bhopal,MP,2023-12-20,N
C108720,Kavya Gill,Vadodara,GJ,2022-09-19,N
C108721,Riya Jain,Thiruvananthapuram,KL,2022-08-17,Y
C108722,Kunal Malhotra,Nagpur,MH,2024-11-11,Y
C108723,Harsh Pillai,Jaipur,RJ,2023-09-24,N
C108724,Manish Gill,Bengaluru,KA,2023-07-23,N
C108725,Pranav Bhatia,Chennai,TN,2023-10-04,N
C108726,Pranav Rathore,Ranchi,JH,2022-09-16,Y
C108727,Neha Patil,Nashik,MH,2024-01-03,N
C108728,Ramesh Tiwari,Indore,MP,2022-09-24,Y
C108729,Neha Jadhav,Jaipur,RJ,2023-07-12,N
C108730,Nikhil Chatterjee,Pune,MH,2023-09-16,Y
C108731,Swati Varghese,Nashik,MH,2023-11-21,N
C108732,Meera Roy,Lucknow,UP,2022-12-19,N
C108733,Farah Singh,Patna,BR,2024-01-28,Y
C108734,Nikhil Dutta,Bhubaneswar,OR,2023-01-16,Y
C108735,Aishwarya Nair,Nashik,MH,2023-01-06,N
C108736,Thomas Patil,Guwahati,AS,2023-07-24,N
C108737,Sneha Fernandes,Thiruvananthapuram,KL,2024-01-29,Y
C108738,Kunal Rathore,Raipur,CG,2024-04-13,N
C108739,Harsh Mittal,Bhopal,MP,2023-06-04,Y
C108740,Aditya Mehta,Lucknow,UP,2022-12-15,N
C108741,Ankit Jadhav,Pune,MH,2023-02-19,N
C108742,Rahul Sethi,Jaipur,RJ,2024-04-25,N
C108743,Pranav Rathore,Ahmedabad,GJ,2024-12-22,N
C108744,Rohit Gill,Dehradun,UK,2024-07-01,N
C108745,Geeta Pawar,Bengaluru,KA,2024-06-06,N
C108746,Pranav Yadav,Nashik,MH,2023-01-13,N
C108747,Abhishek Mathew,Hyderabad,TS,2024-05-03,N
C108748,Tarun Arora,Patna,BR,2023-06-20,N
C108749,Daniel Mukherjee,Mumbai,MH,2024-06-18,Y
C108750,Deepak Rao,Guwahati,AS,2024-11-13,N
C108751,Vikram Jain,Bengaluru,KA,2024-10-08,N
C108752,Ananya Srivastava,Nashik,MH,2024-11-17,N
C108753,Imran Banerjee,Noida,UP,2024-01-18,Y
C108754,Faisal Patil,Mysuru,KA,2023-04-04,N
C108755,Arjun Goyal,Guwahati,AS,2023-12-02,N
C108756,Suresh Srivastava,Patna,BR,2024-02-06,N
C108757,Manpreet Pillai,Pune,MH,2024-12-28,N
C108758,Geeta Nair,Patna,BR,2024-03-03,N
C108759,Joseph Saxena,Chandigarh,CH,2023-03-16,N
C108760,Mohammed Srivastava,Pune,MH,2024-09-17,N
C108761,Jaspreet Gupta,Ranchi,JH,2024-04-27,Y
C108762,Manpreet Sandhu,Ahmedabad,GJ,2023-06-01,N
C108763,Aishwarya Kapoor,Delhi,DL,2024-01-27,N
C108764,Rajat Patel,Indore,MP,2024-12-05,N
C108765,Payal Khanna,Mysuru,KA,2024-08-04,N
C108766,Swati Goyal,Surat,GJ,2022-08-17,N
C108767,Zaid Patel,Vadodara,GJ,2022-09-27,Y
C108768,Rahul Pillai,Chennai,TN,2024-12-30,Y
C108769,Aadhya Mukherjee,Kochi,KL,2024-10-20,N
C108770,Aadhya Nair,Vadodara,GJ,2023-12-12,N
C108771,Nikhil Srivastava,Ahmedabad,GJ,2024-02-21,N
C108772,Riya Roy,Kochi,KL,2024-10-18,N
C108773,Kavya Patel,Ahmedabad,GJ,2023-12-01,Y
C108774,Gurpreet Gaikwad,Indore,MP,2023-07-04,N
C108775,Sunita Sheikh,Gurugram,HR,2022-11-05,N
C108776,Rajat Ghosh,Hyderabad,TS,2024-11-18,N
C108777,Simran Malhotra,Mysuru,KA,2023-05-29,Y
C108778,Aishwarya Dhillon,Kochi,KL,2024-11-09,N
C108779,Sunita Kumar,Chennai,TN,2024-01-27,Y
C108780,Amit Srivastava,Chennai,TN,2022-11-21,N
C108781,Aditya Kulkarni,Surat,GJ,2023-07-31,Y
C108782,Diya Singh,Hyderabad,TS,2022-08-10,Y
C108783,Sameer Mehta,Visakhapatnam,AP,2024-06-20,N
C108784,Tanvi Rao,Kolkata,WB,2024-04-17,N
C108785,Pooja Bhatia,Bengaluru,KA,2023-05-16,N
C108786,Shreya Gaikwad,Delhi,DL,2023-04-28,N
C108787,Mohammed Kaur,Bhopal,MP,2023-11-16,Y
C108788,Ayaan Trivedi,Lucknow,UP,2023-07-01,N
C108789,Vihaan Gill,Delhi,DL,2023-11-04,N
C108790,Tanvi Joshi,Visakhapatnam,AP,2023-09-28,N
C108791,Abhishek Patil,Lucknow,UP,2023-03-17,N
C108792,Tenzin Pereira,Jaipur,RJ,2024-12-09,Y
C108793,Joseph Shinde,Nagpur,MH,2023-07-10,N
C108794,Neha Khanna,Pune,MH,2023-03-09,Y
C108795,Aadhya Sheikh,Coimbatore,TN,2024-01-03,N
C108796,Yash Sharma,Raipur,CG,2023-06-25,N
C108797,Lobsang Kumar,Kolkata,WB,2024-10-27,Y
C108798,Meera Yadav,Chandigarh,CH,2023-05-03,Y
C108799,Kunal Malhotra,Thiruvananthapuram,KL,2023-05-25,Y
C108800,Daniel Pawar,Pune,MH,2024-12-26,N
C108801,Nikhil Singh,Nashik,MH,2024-11-13,N
C108802,Neha Dhillon,Indore,MP,2022-10-27,N
C108803,Tarun Deshpande,Visakhapatnam,AP,2023-03-20,N
C108804,Nisha Deshpande,Bhopal,MP,2022-08-19,N
C108805,Om Shah,Nagpur,MH,2024-02-16,N
C108806,Tarun Roy,Raipur,CG,2022-10-18,N
C108807,Karan Banerjee,Mysuru,KA,2023-04-21,Y
C108808,Divya Khan,Guwahati,AS,2024-05-29,Y
C108809,Rohan Goyal,Bengaluru,KA,2023-01-22,N
C108810,Rohan Kulkarni,Chennai,TN,2023-08-28,N
C108811,Tarun Joshi,Chandigarh,CH,2022-11-07,N
C108812,Harsh Mukherjee,Delhi,DL,2024-01-28,N
C108813,Steven Iyer,Guwahati,AS,2022-07-23,N
C108814,Manish Mukherjee,Dehradun,UK,2024-03-19,Y
C108815,Ayaan Roy,Kolkata,WB,2022-12-01,Y
C108816,Divya Gupta,Mumbai,MH,2022-09-26,Y
C108817,Om Reddy,Nagpur,MH,2022-09-29,N
C108818,Arjun Bose,Visakhapatnam,AP,2024-02-10,Y
C108819,Tanvi Desai,Delhi,DL,2024-10-13,N
C108820,Megha Sharma,Ahmedabad,GJ,2024-12-03,N
C108821,Steven Mathew,Thiruvananthapuram,KL,2024-12-23,N
C108822,Amit Qureshi,Chandigarh,CH,2024-12-15,N
C108823,Aishwarya Malhotra,Raipur,CG,2022-12-07,Y
C108824,Aadhya Jain,Guwahati,AS,2022-11-18,N
C108825,Nikhil Varghese,Ahmedabad,GJ,2024-11-25,Y
C108826,Sai Das,Jaipur,RJ,2023-05-12,N
C108827,Payal Sheikh,Pune,MH,2024-01-16,N
C108828,Ankit Arora,Kochi,KL,2024-06-18,N
C108829,Arjun Sheikh,Raipur,CG,2024-04-15,N
C108830,Faisal Nair,Bengaluru,KA,2023-02-28,N
C108831,Farah Patil,Bhubaneswar,OR,2023-07-21,Y
C108832,Steven Singh,Mysuru,KA,2024-01-05,N
C108833,Tanvi Sen,Hyderabad,TS,2023-07-05,N
C108834,Abhishek Dhillon,Patna,BR,2023-07-03,N
C108835,Sai Menon,Thiruvananthapuram,KL,2023-09-11,Y
C108836,Om Saxena,Lucknow,UP,2023-06-20,Y
C108837,Ritika Shah,Mysuru,KA,2024-10-15,N
C108838,Thomas Chopra,Chandigarh,CH,2022-10-23,N
C108839,Ananya Mukherjee,Nagpur,MH,2022-10-19,Y
C108840,Saanvi Reddy,Bhopal,MP,2023-02-24,N
C108841,Rajat Pillai,Chandigarh,CH,2023-11-24,N
C108842,Thomas Malhotra,Thiruvananthapuram,KL,2022-11-14,N
C108843,Ishaan Chopra,Kolkata,WB,2023-01-07,N
C108844,Priya Verma,Raipur,CG,2022-12-15,Y
C108845,Swati Malhotra,Noida,UP,2022-09-17,N
C108846,Rahul Pillai,Delhi,DL,2024-02-04,Y
C108847,Harpreet Chatterjee,Thiruvananthapuram,KL,2023-08-12,N
C108848,Aditya Pandey,Surat,GJ,2023-03-28,N
C108849,Saanvi Patel,Patna,BR,2024-08-20,N
C108850,Amit Ansari,Guwahati,AS,2023-11-10,N
C108851,Manpreet George,Pune,MH,2023-06-30,N
C108852,Varun Chopra,Coimbatore,TN,2023-01-02,N
C108853,Steven Jain,Surat,GJ,2022-11-04,Y
C108854,Kunal Fernandes,Delhi,DL,2023-03-24,N
C108855,Om Pandey,Patna,BR,2022-10-11,N
C108856,Bhavna D'Souza,Patna,BR,2024-10-13,N
C108857,Riya Fernandes,Vadodara,GJ,2023-11-08,N
C108858,Neha Goyal,Gurugram,HR,2024-08-23,Y
C108859,Priya Sandhu,Surat,GJ,2023-12-16,N
C108860,Reyansh Verma,Mumbai,MH,2022-11-17,N
C108861,Ankit Pandey,Indore,MP,2024-06-21,N
C108862,Zaid Arora,Chandigarh,CH,2024-06-10,N
C108863,Ritika Trivedi,Dehradun,UK,2022-09-13,Y
C108864,Varun Das,Dehradun,UK,2023-11-15,N
C108865,Rohit Bhatia,Bengaluru,KA,2023-08-18,N
C108866,Sameer Bose,Guwahati,AS,2023-11-17,N
C108867,Rohit Mathew,Kolkata,WB,2023-09-11,N
C108868,Sameer Gaikwad,Mysuru,KA,2024-12-24,N
C108869,Siddharth Ghosh,Gurugram,HR,2023-04-25,Y
C108870,Gurpreet Jain,Dehradun,UK,2023-08-14,N
C108871,Vihaan Banerjee,Noida,UP,2023-07-03,N
C108872,Dev Mittal,Vadodara,GJ,2023-07-25,N
C108873,Komal Tiwari,Hyderabad,TS,2024-01-24,N
C108874,Aadhya Fernandes,Raipur,CG,2023-12-28,N
C108875,Joseph Patel,Noida,UP,2022-11-08,N
C108876,Imran Pandey,Jaipur,RJ,2023-12-23,N
C108877,Vivaan Mittal,Jaipur,RJ,2023-05-15,Y
C108878,Mohammed Bhatia,Pune,MH,2023-05-26,N
C108879,Simran Naidu,Mumbai,MH,2023-12-21,N
C108880,Anjali Agarwal,Vadodara,GJ,2023-05-06,N
C108881,Vihaan Goyal,Dehradun,UK,2024-07-04,N
C108882,Rajat Varghese,Kochi,KL,2024-05-17,N
C108883,Faisal Mukherjee,Ahmedabad,GJ,2024-11-17,N
C108884,Joseph Rathore,Mumbai,MH,2024-03-25,N
C108885,Jaspreet Mathew,Mysuru,KA,2022-08-09,Y
C108886,Manpreet Banerjee,Bhopal,MP,2023-01-12,N
C108887,Tanvi Shinde,Nashik,MH,2024-12-17,N
C108888,Rahul Khanna,Guwahati,AS,2023-09-11,Y
C108889,Zaid Roy,Bhopal,MP,2024-03-02,N
C108890,Meera Singh,Surat,GJ,2023-04-25,Y
C108891,Kavya Bhatia,Visakhapatnam,AP,2024-08-24,N
C108892,Sunita Rao,Nagpur,MH,2022-12-03,N
C108893,Vihaan Tiwari,Dehradun,UK,2022-08-12,N
C108894,Manish Chatterjee,Bengaluru,KA,2023-03-21,N
C108895,Komal Deshpande,Gurugram,HR,2022-07-29,N
C108896,Riya Gaikwad,Noida,UP,2023-10-09,N
C108897,Geeta Naidu,Coimbatore,TN,2023-08-02,N
C108898,Aishwarya Jain,Mumbai,MH,2024-01-25,N
C108899,Swati Chauhan,Ranchi,JH,2023-03-03,Y
C108900,Krishna Kapoor,Chennai,TN,2022-10-26,Y
C108901,Vikram Goyal,Bhopal,MP,2023-05-28,N
C108902,Komal Sheikh,Mumbai,MH,2023-05-20,N
C108903,Om Patil,Jaipur,RJ,2023-01-15,N
C108904,Sukhwinder Mishra,Chandigarh,CH,2023-07-28,N
C108905,Aarav Singh,Coimbatore,TN,2024-12-31,N
C108906,Ananya Pawar,Coimbatore,TN,2024-07-29,N
C108907,Neha Kulkarni,Delhi,DL,2024-01-31,N
C108908,Nikhil Rathore,Noida,UP,2024-02-28,N
C108909,Divya Shah,Bhubaneswar,OR,2022-11-03,N
C108910,Imran Singh,Mumbai,MH,2023-09-28,Y
C108911,Rahul Chopra,Bhopal,MP,2024-03-07,N
C108912,Varun Patel,Kochi,KL,2024-06-02,N
C108913,Sameer Deshpande,Mumbai,MH,2023-02-09,N
C108914,Steven Naidu,Chennai,TN,2024-02-10,N
C108915,Payal Reddy,Dehradun,UK,2024-06-11,Y
C108916,Imran Patel,Dehradun,UK,2024-05-07,N
C108917,Sneha Dhillon,Patna,BR,2024-11-08,N
C108918,Tenzin Mishra,Bengaluru,KA,2022-10-15,N
C108919,Pooja Agarwal,Gurugram,HR,2024-12-19,N
C108920,Abhishek Pandey,Patna,BR,2023-04-21,N
C108921,Harpreet Mathew,Surat,GJ,2023-06-23,Y
C108922,Reyansh Bose,Hyderabad,TS,2024-05-28,N
C108923,Ritika Mathew,Nashik,MH,2022-08-31,Y
C108924,Bhavna Qureshi,Vadodara,GJ,2023-06-21,Y
C108925,Rohan Shah,Nagpur,MH,2024-09-12,N
C108926,Sneha Sandhu,Ranchi,JH,2024-01-23,N
C108927,Vihaan Siddiqui,Kochi,KL,2023-03-20,N
C108928,Yash Sen,Gurugram,HR,2023-03-16,N
C108929,Komal Trivedi,Lucknow,UP,2024-10-25,Y
C108930,Vikram Reddy,Lucknow,UP,2024-03-16,N
C108931,Lobsang Ghosh,Raipur,CG,2023-05-12,N
C108932,Thomas Sethi,Nagpur,MH,2023-09-02,N
C108933,Sneha Kumar,Nashik,MH,2023-01-29,Y
C108934,Lobsang George,Dehradun,UK,2023-12-03,N
C108935,Aishwarya Chatterjee,Ahmedabad,GJ,2024-09-03,N
C108936,Bhavna Bansal,Nashik,MH,2023-03-08,N
C108937,Rajat Goyal,Vadodara,GJ,2023-02-27,Y
C108938,Harsh Mukherjee,Kolkata,WB,2023-07-24,N
C108939,Pranav Pereira,Chandigarh,CH,2023-11-02,N
C108940,Mohammed Mehta,Patna,BR,2024-09-19,N
C108941,Dev Kulkarni,Pune,MH,2024-07-28,N
C108942,Jaspreet Pillai,Bhopal,MP,2023-10-04,N
C108943,Ananya Siddiqui,Nashik,MH,2024-12-14,N
C108944,Ananya Ghosh,Mumbai,MH,2023-01-01,Y
C108945,Yash Chopra,Bengaluru,KA,2024-09-20,N
C108946,Jaspreet Bansal,Ranchi,JH,2022-07-24,N
C108947,Rahul Sandhu,Mysuru,KA,2023-07-06,N
C108948,Lakshmi Chauhan,Gurugram,HR,2022-08-01,N
C108949,Sameer Mishra,Coimbatore,TN,2024-07-04,N
C108950,Karan Dhillon,Patna,BR,2024-05-18,N
C108951,Anjali Rathore,Indore,MP,2024-02-13,N
C108952,Sameer Kaur,Patna,BR,2024-05-29,N
C108953,Om Verma,Nashik,MH,2024-06-04,Y
C108954,Lakshmi Das,Coimbatore,TN,2022-12-21,Y
C108955,Ishaan Sen,Kolkata,WB,2024-06-15,Y
C108956,Kabir Chopra,Kolkata,WB,2023-12-27,N
C108957,Kavya Kapoor,Noida,UP,2024-12-07,N
C108958,Sai Shinde,Dehradun,UK,2023-07-30,Y
C108959,Daniel Bhatia,Thiruvananthapuram,KL,2024-01-20,N
C108960,Ayaan Bhatia,Thiruvananthapuram,KL,2022-08-22,Y
C108961,Rohit D'Souza,Thiruvananthapuram,KL,2022-10-17,N
C108962,Shreya Arora,Hyderabad,TS,2022-10-08,N
C108963,Siddharth Fernandes,Lucknow,UP,2022-11-11,N
C108964,Thomas Gupta,Raipur,CG,2024-10-25,N
C108965,Lakshmi Shah,Chennai,TN,2022-11-29,N
C108966,Gurpreet Rao,Mumbai,MH,2022-08-26,Y
C108967,Shreya Kaur,Vadodara,GJ,2023-06-05,N
C108968,Anjali Menon,Chennai,TN,2023-01-09,N
C108969,Aadhya Banerjee,Surat,GJ,2024-01-06,N
C108970,Rajat Verma,Chennai,TN,2024-06-15,Y
C108971,Rajat Rao,Kochi,KL,2023-04-03,Y
C108972,Shreya Patel,Indore,MP,2024-10-03,Y
C108973,Shreya Patel,Indore,MP,2023-09-05,N
C108974,Swati Khanna,Raipur,CG,2024-05-16,Y
C108975,Om Mishra,Coimbatore,TN,2022-10-15,N
C108976,Sai D'Souza,Delhi,DL,2024-08-09,Y
C108977,Vihaan Gupta,Thiruvananthapuram,KL,2023-02-21,N
C108978,Om Kumar,Ranchi,JH,2022-08-18,N
C108979,Diya Kulkarni,Ahmedabad,GJ,2022-09-21,N
C108980,Ayaan Mishra,Kolkata,WB,2022-09-15,N
C108981,Payal Sethi,Bengaluru,KA,2023-07-23,Y
C108982,Pranav Shah,Nagpur,MH,2023-11-29,Y
C108983,Geeta Deshpande,Raipur,CG,2023-04-22,N
C108984,Zaid Mishra,Raipur,CG,2023-02-15,Y
C108985,Aarav Sethi,Bhopal,MP,2022-09-27,N
C108986,Sukhwinder Srivastava,Bengaluru,KA,2024-08-10,N
C108987,Ramesh Kaur,Nashik,MH,2024-03-15,Y
C108988,Aadhya Malhotra,Dehradun,UK,2023-06-29,N
C108989,Sukhwinder Sethi,Lucknow,UP,2022-09-03,N
C108990,Divya Siddiqui,Delhi,DL,2022-12-13,N
C108991,Abhishek Ghosh,Vadodara,GJ,2023-03-30,Y
C108992,Rohan Sen,Chandigarh,CH,2023-05-21,Y
C108993,Anjali Sheikh,Ahmedabad,GJ,2022-10-09,N
C108994,Komal Bose,Kochi,KL,2023-01-23,Y
C108995,Rohan Singh,Bengaluru,KA,2023-10-28,N
C108996,Nikhil Singh,Gurugram,HR,2023-07-27,Y
C108997,Rahul Iyer,Hyderabad,TS,2023-08-21,Y
C108998,Aadhya Dhillon,Nashik,MH,2024-04-23,N
C108999,Faisal Shinde,Surat,GJ,2024-06-21,Y
C109000,Daniel Singh,Ahmedabad,GJ,2023-11-01,Y
C109001,Sunita Banerjee,Visakhapatnam,AP,2024-07-03,N
C109002,Zaid Ansari,Hyderabad,TS,2024-07-30,N
C109003,Diya Patel,Bhubaneswar,OR,2024-12-18,N
C109004,Aditya Kaur,Ahmedabad,GJ,2023-10-02,N
C109005,Sai Sheikh,Chennai,TN,2023-02-07,N
C109006,Imran Patel,Nagpur,MH,2024-08-24,N
C109007,Zoya Patil,Vadodara,GJ,2022-11-04,Y
C109008,Kabir Menon,Chennai,TN,2024-03-06,N
C109009,Daniel Khanna,Vadodara,GJ,2023-04-29,Y
C109010,Neha Patel,Bhopal,MP,2024-04-30,N
C109011,Sunita Shah,Guwahati,AS,2023-06-15,Y
C109012,Simran Bansal,Raipur,CG,2022-12-26,Y
C109013,Aditya Chatterjee,Indore,MP,2023-09-09,N
C109014,Rohan Deshpande,Raipur,CG,2022-11-10,N
C109015,Thomas Kumar,Dehradun,UK,2024-09-06,N
C109016,Ankit Das,Patna,BR,2023-01-23,Y
C109017,Faisal Arora,Coimbatore,TN,2023-07-08,N
C109018,Steven Kaur,Vadodara,GJ,2023-05-22,Y
C109019,Ritika Bhatia,Bhubaneswar,OR,2023-04-09,Y
C109020,Bhavna Deshpande,Lucknow,UP,2024-12-05,N
C109021,Om Saxena,Ranchi,JH,2023-11-02,N
C109022,Vikram Patel,Visakhapatnam,AP,2024-08-05,N
C109023,Tanvi Kapoor,Chandigarh,CH,2023-02-18,Y
C109024,Jaspreet Ansari,Kolkata,WB,2022-11-01,N
C109025,Ritika Bhatia,Ahmedabad,GJ,2022-12-02,N
C109026,Harsh Naidu,Ahmedabad,GJ,2024-12-19,N
C109027,Aishwarya Singh,Chandigarh,CH,2024-01-31,N
C109028,Rajat Bose,Ahmedabad,GJ,2024-03-09,Y
C109029,Vikram Gaikwad,Mumbai,MH,2022-12-31,N
C109030,Zoya Verma,Ahmedabad,GJ,2023-01-24,N
C109031,Shreya Gupta,Mumbai,MH,2022-09-30,Y
C109032,Payal Agarwal,Noida,UP,2023-09-13,N
C109033,Faisal Bhatia,Lucknow,UP,2023-02-24,N
C109034,Gurpreet Roy,Nashik,MH,2023-09-07,N
C109035,Sukhwinder Dutta,Mumbai,MH,2024-03-27,N
C109036,Zaid Mishra,Patna,BR,2023-04-19,N
C109037,Meera Saxena,Raipur,CG,2023-07-09,Y
C109038,Daniel Deshpande,Gurugram,HR,2024-06-06,N
C109039,Manpreet Khanna,Bhopal,MP,2022-10-19,Y
C109040,Krishna Deshpande,Bengaluru,KA,2023-01-30,N
C109041,Dev Dhillon,Vadodara,GJ,2023-11-16,N
C109042,Swati George,Surat,GJ,2024-06-26,N
C109043,Swati Dhillon,Dehradun,UK,2023-04-17,Y
C109044,Mohammed Menon,Jaipur,RJ,2024-06-19,Y
C109045,Zaid Patel,Bhubaneswar,OR,2023-06-13,N
C109046,Varun Shinde,Guwahati,AS,2024-03-28,Y
C109047,Bhavna Tiwari,Jaipur,RJ,2024-05-15,N
C109048,Bhavna Mathew,Lucknow,UP,2022-11-26,Y
C109049,Karan Mittal,Dehradun,UK,2023-06-08,Y
C109050,Saanvi Naidu,Hyderabad,TS,2024-10-04,N
C109051,Aarav Mehta,Pune,MH,2024-07-06,N
C109052,Abhishek Arora,Thiruvananthapuram,KL,2023-08-12,N
C109053,Neha Banerjee,Surat,GJ,2022-11-06,Y
C109054,Isha Bose,Chandigarh,CH,2024-05-03,N
C109055,Komal Chauhan,Ranchi,JH,2023-07-02,N
C109056,Lakshmi Bhatia,Chennai,TN,2024-05-11,N
C109057,Dev Sandhu,Jaipur,RJ,2024-08-19,Y
C109058,Priya Deshpande,Ranchi,JH,2022-09-27,N
C109059,Suresh Pereira,Kolkata,WB,2024-02-25,N
C109060,Sai Pillai,Mumbai,MH,2024-03-13,N
C109061,Tanvi Ghosh,Mysuru,KA,2023-08-10,N
C109062,Zoya Singh,Nagpur,MH,2024-03-11,N
C109063,Rajat Khanna,Chandigarh,CH,2023-09-06,N
C109064,Sai Sharma,Nagpur,MH,2024-11-06,N
C109065,Tarun Verma,Visakhapatnam,AP,2023-02-08,N
C109066,Zoya Arora,Patna,BR,2022-12-26,Y
C109067,Aarav Chopra,Vadodara,GJ,2023-01-19,Y
C109068,Tarun Kulkarni,Nashik,MH,2022-09-17,Y
C109069,Payal Mishra,Nagpur,MH,2023-11-13,N
C109070,Aditya Patil,Kochi,KL,2023-11-28,N
C109071,Ramesh Deshpande,Raipur,CG,2024-02-23,Y
C109072,Ayaan Chauhan,Mumbai,MH,2024-09-28,N
C109073,Om Desai,Delhi,DL,2024-10-25,N
C109074,Steven Verma,Dehradun,UK,2022-12-17,Y
C109075,Rohan Bose,Vadodara,GJ,2023-07-24,N
C109076,Manpreet Pereira,Dehradun,UK,2024-08-27,N
C109077,Neha D'Souza,Bengaluru,KA,2023-09-16,Y
C109078,Vihaan Sethi,Lucknow,UP,2024-08-10,N
C109079,Meera Kumar,Surat,GJ,2022-12-25,Y
C109080,Tenzin Sheikh,Surat,GJ,2022-08-02,Y
C109081,Vikram Sandhu,Dehradun,UK,2023-07-08,Y
C109082,Anjali Sen,Guwahati,AS,2022-11-24,N
C109083,Reyansh Pillai,Chandigarh,CH,2024-10-27,N
C109084,Anjali Bansal,Surat,GJ,2024-08-24,N
C109085,Aadhya Pereira,Visakhapatnam,AP,2024-04-03,N
C109086,Shreya Menon,Visakhapatnam,AP,2024-05-23,N
C109087,Priya George,Pune,MH,2023-05-02,N
C109088,Aditya Rathore,Vadodara,GJ,2023-11-29,N
C109089,Rohit Das,Thiruvananthapuram,KL,2024-03-08,Y
C109090,Dev Bhatt,Hyderabad,TS,2023-01-02,N
C109091,Shreya Mukherjee,Dehradun,UK,2024-01-07,N
C109092,Joseph Jain,Ranchi,JH,2023-11-05,N
C109093,Aishwarya Patel,Raipur,CG,2023-01-13,Y
C109094,Divya Banerjee,Pune,MH,2024-06-28,N
C109095,Lobsang Patel,Kolkata,WB,2023-02-12,Y
C109096,Zoya Saxena,Mumbai,MH,2024-05-22,Y
C109097,Tenzin Saxena,Guwahati,AS,2024-08-06,N
C109098,Aishwarya Kapoor,Delhi,DL,2023-02-12,N
C109099,Ritika Patil,Kochi,KL,2024-05-31,N
C109100,Imran Banerjee,Mysuru,KA,2023-02-08,N
C109101,Ramesh Jain,Nashik,MH,2023-06-22,N
C109102,Manpreet Chopra,Ahmedabad,GJ,2023-09-17,N
C109103,Rohan Pandey,Indore,MP,2024-07-03,N
C109104,Daniel Pillai,Ahmedabad,GJ,2023-03-23,N
C109105,Megha Chatterjee,Thiruvananthapuram,KL,2023-04-06,N
C109106,Lakshmi Nair,Jaipur,RJ,2024-06-05,Y
C109107,Imran Yadav,Chennai,TN,2023-11-04,Y
C109108,Rohan Mishra,Guwahati,AS,2023-04-18,N
C109109,Suresh Gill,Gurugram,HR,2024-12-17,Y
C109110,Vikram Mittal,Patna,BR,2022-11-02,N
C109111,Ankit Pandey,Chandigarh,CH,2022-09-17,Y
C109112,Tarun Sandhu,Chandigarh,CH,2022-11-20,N
C109113,Kunal Jain,Noida,UP,2024-03-06,N
C109114,Megha Sethi,Coimbatore,TN,2023-04-10,N
C109115,Ayaan Pawar,Visakhapatnam,AP,2022-09-27,N
C109116,Imran Ghosh,Thiruvananthapuram,KL,2022-10-20,Y
C109117,Abhishek Singh,Coimbatore,TN,2022-07-20,N
C109118,Diya Joshi,Mumbai,MH,2023-12-03,Y
C109119,Divya Bose,Nashik,MH,2024-12-06,N
C109120,Pooja Fernandes,Jaipur,RJ,2024-09-02,Y
C109121,Aadhya Agarwal,Surat,GJ,2023-09-11,N
C109122,Ankit Joshi,Ahmedabad,GJ,2022-12-25,Y
C109123,Rahul Patil,Kochi,KL,2023-04-16,Y
C109124,Sai Jadhav,Bengaluru,KA,2024-05-23,Y
C109125,Anjali Mukherjee,Indore,MP,2023-11-05,Y
C109126,Ritika Rao,Coimbatore,TN,2022-12-05,N
C109127,Suresh Gill,Kolkata,WB,2022-10-27,N
C109128,Lobsang Srivastava,Gurugram,HR,2022-11-09,Y
C109129,Dev Qureshi,Lucknow,UP,2024-10-12,Y
C109130,Gurpreet Gupta,Chandigarh,CH,2023-06-15,N
C109131,Nisha Sen,Bengaluru,KA,2024-01-02,N
C109132,Isha Bose,Chennai,TN,2024-12-27,Y
C109133,Sameer Jain,Surat,GJ,2022-10-05,Y
C109134,Sukhwinder Pereira,Hyderabad,TS,2023-07-27,N
C109135,Kunal Nair,Ahmedabad,GJ,2022-11-22,N
C109136,Yash Sandhu,Kolkata,WB,2022-11-17,N
C109137,Shreya Varghese,Chennai,TN,2024-01-10,N
C109138,Harsh Sen,Bhopal,MP,2023-03-16,N
C109139,Ishaan Iyer,Pune,MH,2023-12-19,Y
C109140,Ayaan Qureshi,Kochi,KL,2024-05-16,N
C109141,Bhavna Patel,Hyderabad,TS,2022-09-07,Y
C109142,Suresh Bansal,Ahmedabad,GJ,2024-01-21,Y
C109143,Swati Arora,Mysuru,KA,2023-07-14,N
C109144,Ramesh Qureshi,Raipur,CG,2024-12-09,N
C109145,Bhavna Chauhan,Chandigarh,CH,2024-07-21,N
C109146,Ritika Pawar,Jaipur,RJ,2024-08-30,Y
C109147,Imran Siddiqui,Thiruvananthapuram,KL,2023-10-21,Y
C109148,Aadhya Das,Gurugram,HR,2024-05-06,N
C109149,Abhishek Malhotra,Chennai,TN,2024-12-03,N
C109150,Harpreet Bansal,Surat,GJ,2023-10-08,N
C109151,Shreya Malhotra,Dehradun,UK,2024-05-20,N
C109152,Amit Reddy,Delhi,DL,2024-11-30,N
C109153,Zoya Sandhu,Patna,BR,2023-11-04,N
C109154,Aditya Mukherjee,Gurugram,HR,2022-07-30,N
C109155,Faisal Yadav,Ranchi,JH,2024-11-03,N
C109156,Manish Chauhan,Noida,UP,2024-02-23,N
C109157,Kunal Desai,Mysuru,KA,2022-07-16,Y
C109158,Imran Pereira,Bhopal,MP,2022-10-12,N
C109159,Aditya Arora,Surat,GJ,2024-04-21,Y
C109160,Bhavna Dhillon,Chennai,TN,2023-08-14,N
C109161,Jaspreet Mehta,Surat,GJ,2023-05-22,N
C109162,Lakshmi Mishra,Delhi,DL,2024-08-19,N
C109163,Pooja Roy,Chennai,TN,2023-11-12,Y
C109164,Deepak Kumar,Bengaluru,KA,2022-08-17,Y
C109165,Dev Kapoor,Bengaluru,KA,2023-04-11,N
C109166,Daniel Jadhav,Ahmedabad,GJ,2022-12-07,N
C109167,Kavya D'Souza,Dehradun,UK,2023-11-26,N
C109168,Vikram Mishra,Kolkata,WB,2023-03-13,N
C109169,Kunal Rao,Visakhapatnam,AP,2022-10-14,N
C109170,Payal Sharma,Ranchi,JH,2024-05-30,N
C109171,Thomas Mishra,Vadodara,GJ,2023-05-29,Y
C109172,Isha Rathore,Chandigarh,CH,2023-05-15,Y
C109173,Ramesh Khanna,Chandigarh,CH,2024-09-23,N
C109174,Lakshmi Khanna,Kolkata,WB,2024-01-15,Y
C109175,Deepak Banerjee,Delhi,DL,2023-01-30,N
C109176,Vivaan Khan,Kochi,KL,2023-09-19,Y
C109177,Kavya Gupta,Raipur,CG,2024-09-03,N
C109178,Lobsang Agarwal,Kochi,KL,2022-08-07,N
C109179,Isha Arora,Kolkata,WB,2022-12-16,N
C109180,Priya Kumar,Pune,MH,2024-05-22,N
C109181,Tenzin Sandhu,Ranchi,JH,2024-09-03,N
C109182,Imran Tiwari,Raipur,CG,2023-11-22,N
C109183,Daniel Patel,Coimbatore,TN,2023-08-23,Y
C109184,Ayaan Singh,Noida,UP,2024-06-29,N
C109185,Megha Patil,Lucknow,UP,2023-11-13,N
C109186,Harsh D'Souza,Kolkata,WB,2024-01-11,Y
C109187,Bhavna Goyal,Indore,MP,2023-04-03,N
C109188,Sai Shah,Noida,UP,2024-01-25,N
C109189,Aditya Singh,Ahmedabad,GJ,2023-12-05,N
C109190,Ritika Ansari,Bhubaneswar,OR,2023-05-04,N
C109191,Harpreet Naidu,Delhi,DL,2023-10-07,N
C109192,Nikhil Yadav,Nashik,MH,2023-01-15,N
C109193,Arjun Rathore,Bhubaneswar,OR,2023-07-04,Y
C109194,Sai Banerjee,Visakhapatnam,AP,2023-12-16,Y
C109195,Sneha Nair,Thiruvananthapuram,KL,2024-06-29,N
C109196,Aishwarya Gaikwad,Indore,MP,2024-01-06,N
C109197,Pooja Kapoor,Gurugram,HR,2024-03-15,N
C109198,Harsh Qureshi,Pune,MH,2022-07-29,N
C109199,Aadhya Rathore,Chennai,TN,2023-04-20,Y
C109200,Faisal Goyal,Bhubaneswar,OR,2022-11-07,N
C109201,Lakshmi Bansal,Delhi,DL,2024-02-18,N
C109202,Diya Pandey,Vadodara,GJ,2024-03-17,Y
C109203,Zoya Malhotra,Mumbai,MH,2023-03-13,Y
C109204,Thomas Jadhav,Guwahati,AS,2024-11-11,N
C109205,Simran Qureshi,Gurugram,HR,2022-12-29,Y
C109206,Ishaan Qureshi,Bengaluru,KA,2023-05-09,Y
C109207,Lobsang Verma,Jaipur,RJ,2024-11-23,Y
C109208,Harpreet Patel,Mysuru,KA,2023-06-21,N
C109209,Manish Rathore,Bhopal,MP,2024-10-19,N
C109210,Vikram Fernandes,Thiruvananthapuram,KL,2024-09-07,Y
C109211,Suresh Pillai,Nagpur,MH,2023-02-12,Y
C109212,Rohit Agarwal,Pune,MH,2023-11-11,Y
C109213,Kunal Kumar,Raipur,CG,2022-09-29,N
C109214,Harpreet Deshpande,Vadodara,GJ,2023-02-02,N
C109215,Dev D'Souza,Vadodara,GJ,2023-10-05,Y
C109216,Meera Kulkarni,Gurugram,HR,2024-06-30,Y
C109217,Joseph Gill,Visakhapatnam,AP,2022-11-16,Y
C109218,Tarun Mishra,Bengaluru,KA,2023-05-10,N
C109219,Sai Jain,Chennai,TN,2022-09-27,Y
C109220,Rahul Shah,Bhopal,MP,2022-07-17,N
C109221,Harpreet Gupta,Nashik,MH,2023-01-14,N
C109222,Vihaan Chopra,Pune,MH,2023-08-18,N
C109223,Jaspreet Yadav,Mumbai,MH,2024-10-18,N
C109224,Karan Mukherjee,Bhopal,MP,2022-10-29,N
C109225,Krishna Gupta,Kochi,KL,2022-11-07,Y
C109226,Neha Kapoor,Nashik,MH,2023-05-07,N
C109227,Megha Siddiqui,Delhi,DL,2024-09-18,Y
C109228,Rohit Qureshi,Kochi,KL,2024-12-19,N
C109229,Manpreet Banerjee,Patna,BR,2024-11-24,N
C109230,Manpreet George,Bhopal,MP,2023-12-30,N
C109231,Sameer Mukherjee,Delhi,DL,2023-06-04,N
C109232,Suresh Das,Pune,MH,2024-04-24,N
C109233,Harpreet Khan,Thiruvananthapuram,KL,2023-11-13,N
C109234,Kunal Patel,Bhubaneswar,OR,2023-10-19,N
C109235,Diya Naidu,Pune,MH,2024-04-20,N
C109236,Diya Pandey,Chandigarh,CH,2024-07-25,N
C109237,Bhavna Menon,Patna,BR,2023-01-11,N
C109238,Pranav Bhatia,Chennai,TN,2023-03-14,N
C109239,Sameer Shinde,Mysuru,KA,2022-12-28,N
C109240,Om Sharma,Kolkata,WB,2024-10-20,N
C109241,Ananya Ansari,Bhubaneswar,OR,2024-09-19,N
C109242,Ritika Gupta,Raipur,CG,2024-06-28,N
C109243,Manish Ghosh,Nashik,MH,2022-12-23,N
C109244,Ramesh Gill,Bhubaneswar,OR,2024-06-25,N
C109245,Kabir Iyer,Kolkata,WB,2022-07-29,Y
C109246,Steven George,Mumbai,MH,2023-01-03,Y
C109247,Aarav Kaur,Patna,BR,2024-06-29,N
C109248,Komal Kapoor,Dehradun,UK,2024-08-27,N
C109249,Aadhya Pereira,Pune,MH,2024-01-25,N
C109250,Zoya Sethi,Bengaluru,KA,2023-02-08,N
C109251,Karan Pereira,Hyderabad,TS,2024-02-07,Y
C109252,Tenzin D'Souza,Patna,BR,2023-07-26,N
C109253,Abhishek Patel,Patna,BR,2023-10-20,N
C109254,Suresh Gill,Bengaluru,KA,2022-10-10,N
C109255,Om Jadhav,Coimbatore,TN,2022-09-21,Y
C109256,Ishaan Chauhan,Pune,MH,2022-11-16,N
C109257,Sukhwinder Joshi,Mysuru,KA,2024-01-20,Y
C109258,Gurpreet Mukherjee,Chennai,TN,2024-07-05,N
C109259,Harsh Fernandes,Dehradun,UK,2022-08-12,N
C109260,Riya Jadhav,Indore,MP,2023-01-21,Y
C109261,Harpreet Banerjee,Indore,MP,2022-09-13,N
C109262,Deepak Mittal,Chandigarh,CH,2022-09-22,N
C109263,Aishwarya Pandey,Mysuru,KA,2023-04-05,N
C109264,Kabir Rathore,Bengaluru,KA,2024-04-23,N
C109265,Aditya Naidu,Indore,MP,2023-05-21,N
C109266,Payal Bose,Patna,BR,2024-06-18,N
C109267,Manish Sheikh,Bhopal,MP,2024-09-29,N
C109268,Bhavna Mittal,Kochi,KL,2023-09-05,Y
C109269,Rajat Goyal,Ranchi,JH,2024-12-19,Y
C109270,Rahul Rathore,Mumbai,MH,2023-12-22,N
C109271,Rajat Chauhan,Thiruvananthapuram,KL,2024-01-14,N
C109272,Megha Iyer,Ahmedabad,GJ,2023-02-11,N
C109273,Ishaan Qureshi,Noida,UP,2024-11-28,N
C109274,Om Shah,Bhubaneswar,OR,2024-03-18,N
C109275,Aishwarya Bhatia,Gurugram,HR,2024-09-21,N
C109276,Lobsang Naidu,Pune,MH,2024-04-24,Y
C109277,Megha Mehta,Chandigarh,CH,2024-10-20,Y
C109278,Ayaan Bhatia,Lucknow,UP,2023-07-07,N
C109279,Saanvi Goyal,Raipur,CG,2022-10-14,N
C109280,Megha Bhatt,Bengaluru,KA,2023-06-11,Y
C109281,Rohan Chatterjee,Kolkata,WB,2023-07-27,Y
C109282,Lakshmi Jadhav,Surat,GJ,2022-08-10,N
C109283,Harpreet Patel,Guwahati,AS,2023-12-13,N
C109284,Thomas Qureshi,Patna,BR,2024-11-28,Y
C109285,Neha Patil,Kolkata,WB,2023-07-24,N
C109286,Aadhya Bhatia,Bhubaneswar,OR,2024-07-25,N
C109287,Sukhwinder Fernandes,Bhopal,MP,2024-10-08,N
C109288,Aditya Sethi,Mumbai,MH,2022-11-01,N
C109289,Simran Agarwal,Guwahati,AS,2024-02-23,Y
C109290,Sneha Bhatt,Guwahati,AS,2024-12-02,N
C109291,Daniel Gill,Ranchi,JH,2024-09-23,N
C109292,Lakshmi Tiwari,Bhubaneswar,OR,2023-05-02,Y
C109293,Swati Chopra,Mumbai,MH,2022-11-10,Y
C109294,Meera Rao,Vadodara,GJ,2024-11-26,N
C109295,Imran Gaikwad,Noida,UP,2024-10-15,N
C109296,Thomas Mittal,Gurugram,HR,2024-03-10,Y
C109297,Vikram Patel,Jaipur,RJ,2024-02-06,N
C109298,Aditya Roy,Kochi,KL,2023-12-19,N
C109299,Daniel Bhatt,Bhubaneswar,OR,2023-10-09,Y
C109300,Harpreet Ansari,Gurugram,HR,2022-08-05,Y
C109301,Manpreet Sen,Gurugram,HR,2022-11-06,N
C109302,Tarun Mukherjee,Chennai,TN,2023-02-27,N
C109303,Gurpreet Srivastava,Lucknow,UP,2023-09-11,N
C109304,Om Yadav,Mysuru,KA,2023-01-27,N
C109305,Komal Deshpande,Noida,UP,2023-05-31,N
C109306,Bhavna Yadav,Coimbatore,TN,2023-07-02,N
C109307,Varun Chatterjee,Nashik,MH,2024-09-25,Y
C109308,Tanvi Verma,Jaipur,RJ,2023-03-15,Y
C109309,Geeta Jain,Thiruvananthapuram,KL,2022-10-07,N
C109310,Imran Rao,Bhubaneswar,OR,2022-10-17,N
C109311,Varun Ghosh,Mumbai,MH,2023-04-01,N
C109312,Anjali Trivedi,Bhubaneswar,OR,2024-01-20,N
C109313,Arjun Sandhu,Raipur,CG,2024-10-23,N
C109314,Sukhwinder Ansari,Delhi,DL,2024-09-07,N
C109315,Imran Agarwal,Bengaluru,KA,2023-10-07,Y
C109316,Nisha Gupta,Nashik,MH,2024-01-01,N
C109317,Ritika Chopra,Gurugram,HR,2022-11-28,N
C109318,Ishaan Reddy,Kolkata,WB,2024-11-08,N
C109319,Swati Mathew,Patna,BR,2024-07-10,N
C109320,Aadhya Sen,Ahmedabad,GJ,2022-07-23,N
C109321,Harsh Srivastava,Pune,MH,2024-01-07,N
C109322,Ishaan Fernandes,Vadodara,GJ,2024-07-20,N
C109323,Farah Jadhav,Delhi,DL,2024-09-25,N
C109324,Abhishek Srivastava,Chennai,TN,2023-07-11,Y
C109325,Sai Gill,Jaipur,RJ,2022-12-26,Y
C109326,Ramesh Gaikwad,Delhi,DL,2022-09-03,Y
C109327,Manish Dutta,Gurugram,HR,2024-02-11,Y
C109328,Aishwarya Sandhu,Raipur,CG,2024-08-07,N
C109329,Deepak Das,Thiruvananthapuram,KL,2024-04-21,N
C109330,Tarun Reddy,Ranchi,JH,2023-01-07,N
C109331,Vikram Bhatt,Coimbatore,TN,2024-05-31,N
C109332,Karan Chatterjee,Bengaluru,KA,2024-07-24,N
C109333,Ayaan Chauhan,Bhubaneswar,OR,2023-12-30,N
C109334,Megha Pandey,Kochi,KL,2023-12-03,N
C109335,Abhishek Srivastava,Nagpur,MH,2023-12-07,Y
C109336,Priya Agarwal,Hyderabad,TS,2024-09-21,Y
C109337,Suresh Reddy,Indore,MP,2022-08-26,N
C109338,Sukhwinder Jain,Mysuru,KA,2023-01-31,N
C109339,Vivaan Shinde,Pune,MH,2024-09-30,N
C109340,Kavya Kumar,Jaipur,RJ,2022-09-15,Y
C109341,Divya Shah,Hyderabad,TS,2023-04-26,N
C109342,Siddharth Chauhan,Visakhapatnam,AP,2023-12-04,N
C109343,Suresh Khan,Jaipur,RJ,2024-07-07,N
C109344,Saanvi Chauhan,Chandigarh,CH,2023-06-25,N
C109345,Ayaan Ansari,Delhi,DL,2022-10-03,N
C109346,Ankit Naidu,Chandigarh,CH,2023-12-27,N
C109347,Sukhwinder Bansal,Pune,MH,2022-09-14,Y
C109348,Shreya Pandey,Delhi,DL,2024-05-23,N
C109349,Aadhya Trivedi,Visakhapatnam,AP,2023-09-21,N
C109350,Om Bhatt,Chandigarh,CH,2022-11-09,N
C109351,Anjali Khan,Raipur,CG,2024-03-15,N
C109352,Sneha Ghosh,Guwahati,AS,2023-06-21,N
C109353,Sukhwinder Yadav,Lucknow,UP,2023-03-02,N
C109354,Kunal Desai,Patna,BR,2022-10-14,N
C109355,Payal Chopra,Chandigarh,CH,2024-03-20,N
C109356,Aadhya Malhotra,Jaipur,RJ,2024-04-17,N
C109357,Sukhwinder Sethi,Thiruvananthapuram,KL,2024-12-26,N
C109358,Rajat Patil,Indore,MP,2023-09-02,N
C109359,Lakshmi Pandey,Chennai,TN,2024-10-14,Y
C109360,Faisal Mittal,Mysuru,KA,2024-06-15,Y
C109361,Siddharth Yadav,Guwahati,AS,2024-03-09,N
C109362,Aadhya Bhatia,Thiruvananthapuram,KL,2024-08-04,Y
C109363,Joseph Kaur,Bhubaneswar,OR,2023-03-23,N
C109364,Shreya Qureshi,Bhopal,MP,2022-10-17,N
C109365,Daniel Trivedi,Patna,BR,2023-07-23,Y
C109366,Isha Pawar,Kolkata,WB,2024-04-28,N
C109367,Thomas Mishra,Coimbatore,TN,2022-10-27,N
C109368,Abhishek Das,Indore,MP,2023-11-13,N
C109369,Isha Sethi,Bhopal,MP,2024-02-17,Y
C109370,Divya Fernandes,Noida,UP,2024-10-11,N
C109371,Simran Mathew,Bengaluru,KA,2023-07-11,N
C109372,Reyansh Trivedi,Hyderabad,TS,2022-09-08,N
C109373,Neha Mehta,Bhopal,MP,2024-11-24,Y
C109374,Meera Pillai,Patna,BR,2023-01-22,N
C109375,Farah Pillai,Nashik,MH,2023-08-11,Y
C109376,Rohit Saxena,Ahmedabad,GJ,2024-01-14,Y
C109377,Siddharth Fernandes,Jaipur,RJ,2024-01-08,Y
C109378,Pranav Jain,Chandigarh,CH,2023-12-15,N
C109379,Riya Khanna,Mumbai,MH,2023-04-22,Y
C109380,Varun Varghese,Ranchi,JH,2023-12-02,N
C109381,Aarav Iyer,Bhopal,MP,2023-10-21,N
C109382,Pooja Jadhav,Delhi,DL,2022-11-01,N
C109383,Rahul Kaur,Lucknow,UP,2022-09-16,Y
C109384,Tanvi Nair,Guwahati,AS,2023-09-07,N
C109385,Vihaan Mathew,Delhi,DL,2023-06-11,N
C109386,Suresh Ghosh,Chandigarh,CH,2023-09-29,N
C109387,Sunita Rao,Gurugram,HR,2022-11-05,N
C109388,Pranav Shinde,Coimbatore,TN,2023-03-03,N
C109389,Rajat Varghese,Ranchi,JH,2023-05-26,N
C109390,Simran Mishra,Kolkata,WB,2022-07-31,N
C109391,Sai Gaikwad,Indore,MP,2023-02-08,N
C109392,Jaspreet Varghese,Visakhapatnam,AP,2024-05-16,N
C109393,Mohammed Reddy,Indore,MP,2024-06-30,N
C109394,Yash Joshi,Delhi,DL,2024-09-27,N
C109395,Imran Dhillon,Pune,MH,2023-08-04,Y
C109396,Tarun Qureshi,Bhubaneswar,OR,2022-09-03,N
C109397,Rajat Sen,Lucknow,UP,2023-07-24,N
C109398,Kavya Sethi,Vadodara,GJ,2023-01-11,N
C109399,Sai Chopra,Guwahati,AS,2024-04-09,N
C109400,Tenzin Malhotra,Kochi,KL,2024-06-14,N
C109401,Krishna Reddy,Dehradun,UK,2023-07-11,N
C109402,Swati Pandey,Kochi,KL,2023-01-02,Y
C109403,Reyansh Nair,Ahmedabad,GJ,2024-10-17,Y
C109404,Aarav Mathew,Kochi,KL,2024-01-16,N
C109405,Ritika Kapoor,Nagpur,MH,2024-02-22,Y
C109406,Tenzin Goyal,Indore,MP,2024-04-19,Y
C109407,Sukhwinder Mittal,Delhi,DL,2024-07-10,Y
C109408,Dev Patil,Nagpur,MH,2024-08-28,Y
C109409,Rohan Kumar,Bhubaneswar,OR,2023-01-11,N
C109410,Sunita Arora,Delhi,DL,2022-11-01,N
C109411,Faisal Naidu,Mumbai,MH,2022-10-24,N
C109412,Ishaan Shah,Mysuru,KA,2024-05-24,N
C109413,Isha Menon,Lucknow,UP,2024-04-28,N
C109414,Ritika Gupta,Mumbai,MH,2024-04-12,N
C109415,Tenzin Desai,Gurugram,HR,2022-12-10,N
C109416,Ishaan Patel,Kochi,KL,2023-12-23,N
C109417,Rohan Mishra,Chennai,TN,2024-12-19,N
C109418,Sukhwinder Pillai,Bhubaneswar,OR,2023-03-28,N
C109419,Tenzin Naidu,Bengaluru,KA,2023-10-15,N
C109420,Shreya Ansari,Nashik,MH,2024-04-19,N
C109421,Rahul Mathew,Nashik,MH,2023-07-11,N
C109422,Zaid Patil,Bengaluru,KA,2024-06-29,N
C109423,Siddharth Joshi,Gurugram,HR,2023-05-18,Y
C109424,Steven Patel,Coimbatore,TN,2023-09-22,Y
C109425,Aditya Dutta,Vadodara,GJ,2024-03-18,Y
C109426,Ayaan Sheikh,Mumbai,MH,2024-02-05,Y
C109427,Ayaan George,Pune,MH,2023-02-04,Y
C109428,Mohammed Saxena,Kochi,KL,2023-08-23,N
C109429,Ananya Verma,Mysuru,KA,2022-12-18,N
C109430,Thomas Srivastava,Surat,GJ,2024-06-17,Y
C109431,Vikram Dhillon,Coimbatore,TN,2024-11-18,Y
C109432,Thomas Tiwari,Nashik,MH,2024-10-09,Y
C109433,Isha Iyer,Ahmedabad,GJ,2024-11-11,N
C109434,Swati Saxena,Noida,UP,2024-04-02,N
C109435,Amit Gupta,Pune,MH,2023-07-16,Y
C109436,Isha Roy,Surat,GJ,2023-05-05,N
C109437,Abhishek Tiwari,Bengaluru,KA,2023-07-16,N
C109438,Saanvi Mehta,Kochi,KL,2024-10-23,Y
C109439,Yash Tiwari,Guwahati,AS,2024-04-27,N
C109440,Steven Bhatt,Mysuru,KA,2022-12-28,N
C109441,Vikram Gaikwad,Dehradun,UK,2023-08-24,Y
C109442,Ishaan Patel,Bengaluru,KA,2023-01-02,N
C109443,Harpreet Bhatt,Chandigarh,CH,2023-11-09,N
C109444,Vivaan Tiwari,Ranchi,JH,2023-05-01,N
C109445,Gurpreet Chauhan,Surat,GJ,2022-08-04,Y
C109446,Sukhwinder Arora,Raipur,CG,2023-12-28,N
C109447,Nisha Bhatia,Gurugram,HR,2024-08-11,N
C109448,Thomas Sen,Surat,GJ,2022-08-14,N
C109449,Geeta Siddiqui,Pune,MH,2024-10-27,N
C109450,Meera Pillai,Nashik,MH,2024-03-04,Y
C109451,Jaspreet Gill,Dehradun,UK,2023-08-08,N
C109452,Varun Desai,Bhubaneswar,OR,2023-09-14,N
C109453,Faisal Naidu,Jaipur,RJ,2023-05-17,N
C109454,Vikram Nair,Noida,UP,2024-12-24,Y
C109455,Harsh Kulkarni,Mysuru,KA,2023-05-26,N
C109456,Vivaan Srivastava,Bengaluru,KA,2023-02-08,N
C109457,Nisha Das,Chandigarh,CH,2024-09-13,N
C109458,Rohan Qureshi,Hyderabad,TS,2023-09-26,Y
C109459,Yash Pereira,Bengaluru,KA,2023-12-19,N
C109460,Aditya Verma,Raipur,CG,2024-02-24,N
C109461,Rohan Gaikwad,Bengaluru,KA,2024-03-23,N
C109462,Rohit Jadhav,Nashik,MH,2024-12-03,N
C109463,Tanvi Banerjee,Bengaluru,KA,2023-01-26,N
C109464,Suresh Kapoor,Thiruvananthapuram,KL,2023-11-21,N
C109465,Yash Bhatia,Bhubaneswar,OR,2024-07-02,Y
C109466,Manish Fernandes,Indore,MP,2024-03-31,N
C109467,Arjun Mishra,Nashik,MH,2024-10-26,Y
C109468,Vihaan Sharma,Vadodara,GJ,2023-02-07,N
C109469,Saanvi Chopra,Visakhapatnam,AP,2023-10-23,N
C109470,Shreya Naidu,Ranchi,JH,2023-07-10,N
C109471,Simran Pandey,Ranchi,JH,2022-08-03,N
C109472,Manish Roy,Coimbatore,TN,2023-02-28,N
C109473,Gurpreet Chatterjee,Bhubaneswar,OR,2024-03-19,N
C109474,Vikram Malhotra,Guwahati,AS,2023-04-09,N
C109475,Kabir Bose,Dehradun,UK,2024-10-08,Y
C109476,Manish Shah,Noida,UP,2024-04-11,N
C109477,Zaid D'Souza,Thiruvananthapuram,KL,2023-11-25,N
C109478,Dev Bhatt,Bengaluru,KA,2023-11-01,N
C109479,Kabir Sheikh,Nashik,MH,2023-01-17,Y
C109480,Arjun Malhotra,Indore,MP,2024-09-13,N
C109481,Bhavna Chopra,Coimbatore,TN,2023-07-05,N
C109482,Nikhil Ansari,Bengaluru,KA,2022-11-25,N
C109483,Steven Chatterjee,Guwahati,AS,2022-07-23,N
C109484,Manpreet Shah,Coimbatore,TN,2022-09-02,Y
C109485,Mohammed Pillai,Jaipur,RJ,2024-01-14,Y
C109486,Nisha George,Surat,GJ,2023-01-26,Y
C109487,Manpreet Shah,Ahmedabad,GJ,2022-07-27,N
C109488,Mohammed Sandhu,Thiruvananthapuram,KL,2024-05-08,N
C109489,Geeta Kulkarni,Coimbatore,TN,2023-10-23,Y
C109490,Om Joshi,Visakhapatnam,AP,2023-10-11,N
C109491,Pooja Trivedi,Ranchi,JH,2022-07-17,N
C109492,Ishaan Goyal,Surat,GJ,2024-05-23,N
C109493,Lakshmi Chauhan,Visakhapatnam,AP,2024-12-13,N
C109494,Sukhwinder Dutta,Chandigarh,CH,2024-10-24,Y
C109495,Rohan Shinde,Nagpur,MH,2024-02-07,Y
C109496,Lobsang Desai,Nagpur,MH,2022-09-24,N
C109497,Karan Chatterjee,Delhi,DL,2023-09-23,Y
C109498,Zaid Chopra,Pune,MH,2023-08-01,N
C109499,Imran Mukherjee,Chennai,TN,2022-11-17,N
