order_id,customer_id,sku,order_date,channel,qty,order_value_inr,lot_code
VR882745,C107834,VA-SP-ORB,2024-06-15,vireo.in,2,11998,ORB-2403-2
VR885515,C100616,VA-NB-ARC,2024-06-15,Amazon,1,1234,ARC-2403-1
VR887848,C107615,VA-NB-ARC,2024-06-15,vireo.in,1,1169,ARC-2403-2
VR890314,C108029,VA-HP-ST2,2024-06-15,vireo.in,1,4999,ST2-2403-4
VR891902,C106178,VA-EB-PL1,2024-06-15,Amazon,1,1999,PL1-2405-2
VR898463,C101809,VA-SW-NX1,2024-06-15,vireo.in,1,4749,NX1-2405-4
VR899948,C103368,VA-SW-NX1,2024-06-15,Amazon,1,4999,NX1-2404-1
VR906449,C105256,VA-EB-PL1,2024-06-15,Amazon,1,2249,PL1-2405-2
VR907454,C104640,VA-AC-CH65,2024-06-15,vireo.in,2,2398,CH65-2404-3
VR909092,C101442,VA-HP-ST2,2024-06-15,vireo.in,1,4249,ST2-2405-3
VR880536,C105880,VA-HP-ST2,2024-06-16,Amazon,1,4999,ST2-2404-3
VR882088,C100365,VA-NB-ARC,2024-06-16,Amazon,1,1234,ARC-2404-1
VR887095,C103454,VA-EB-PL1,2024-06-16,Flipkart,1,2124,PL1-2405-2
VR894732,C104078,VA-EB-PL1,2024-06-16,Amazon,1,2499,PL1-2405-4
VR902263,C107198,VA-EB-PL1,2024-06-16,Flipkart,1,2374,PL1-2404-3
VR907779,C101950,VA-EB-PL1,2024-06-16,vireo.in,1,1999,PL1-2403-2
VR885586,C105011,VA-EB-PL1,2024-06-17,Amazon,1,2499,PL1-2403-2
VR888865,C109428,VA-SW-NX1,2024-06-17,Amazon,1,4749,NX1-2403-2
VR895380,C100017,VA-EB-PL1,2024-06-17,Flipkart,1,1999,PL1-2405-2
VR903263,C107051,VA-HP-ST2,2024-06-17,vireo.in,1,3999,ST2-2405-3
VR880976,C108073,VA-SP-ORB,2024-06-18,vireo.in,1,4799,ORB-2405-2
VR881346,C104221,VA-EB-PL1,2024-06-18,vireo.in,1,2499,PL1-2404-2
VR890335,C100789,VA-HP-ST2,2024-06-18,vireo.in,1,4249,ST2-2404-4
VR891662,C108647,VA-NB-ARC,2024-06-18,Flipkart,1,1299,ARC-2405-2
VR894154,C107877,VA-SP-ORB,2024-06-18,Amazon,1,5999,ORB-2403-2
VR894183,C108520,VA-EB-PL1,2024-06-18,vireo.in,1,2499,PL1-2403-3
VR901921,C103554,VA-EB-PL1,2024-06-18,Amazon,1,2374,PL1-2404-1
VR902608,C103979,VA-SP-ORB,2024-06-18,Amazon,1,4799,ORB-2403-2
VR905500,C103954,VA-EB-PL1,2024-06-18,vireo.in,1,1999,PL1-2403-1
VR907650,C107508,VA-EB-PL1,2024-06-18,Amazon,1,2499,PL1-2403-3
VR884896,C103236,VA-NB-ARC,2024-06-19,Amazon,2,2598,ARC-2404-4
VR890328,C108781,VA-EB-PL1,2024-06-19,Amazon,1,2499,PL1-2404-2
VR897588,C103081,VA-EB-PL1,2024-06-19,Amazon,1,2499,PL1-2405-3
VR902178,C100248,VA-EB-PL1,2024-06-19,vireo.in,1,2499,PL1-2404-3
VR904267,C100184,VA-EB-PL1,2024-06-19,vireo.in,1,1999,PL1-2403-4
VR904622,C100635,VA-EB-PL1,2024-06-19,vireo.in,1,2374,PL1-2403-2
VR905159,C105157,VA-EB-PL1,2024-06-19,Amazon,1,2124,PL1-2405-4
VR909804,C105183,VA-EB-PL1,2024-06-19,vireo.in,1,2249,PL1-2405-3
VR881014,C109196,VA-SW-NX1,2024-06-20,vireo.in,1,4999,NX1-2404-2
VR882199,C102958,VA-SP-ORB,2024-06-20,Amazon,1,5399,ORB-2404-1
VR885196,C108803,VA-HP-ST2,2024-06-20,vireo.in,1,4749,ST2-2403-4
VR885510,C107185,VA-EB-PL1,2024-06-20,vireo.in,1,2499,PL1-2403-4
VR886617,C105530,VA-EB-PL1,2024-06-20,Flipkart,1,2374,PL1-2404-1
VR893436,C109154,VA-SP-ORB,2024-06-20,Amazon,1,5999,ORB-2404-3
VR898211,C101278,VA-EB-PL1,2024-06-20,Amazon,1,2374,PL1-2405-2
VR900545,C102757,VA-HP-ST2,2024-06-20,vireo.in,1,4999,ST2-2405-2
VR880255,C108260,VA-EB-PL1,2024-06-21,Amazon,1,1999,PL1-2405-4
VR884687,C102544,VA-NB-ARC,2024-06-21,vireo.in,1,1234,ARC-2405-1
VR885907,C106922,VA-EB-PL1,2024-06-21,Amazon,1,2124,PL1-2404-2
VR888609,C101908,VA-EB-PL1,2024-06-21,vireo.in,1,2499,PL1-2405-1
VR890459,C103770,VA-SP-ORB,2024-06-21,Amazon,1,5999,ORB-2405-3
VR898826,C101147,VA-SP-ORB,2024-06-21,vireo.in,1,5999,ORB-2404-4
VR903341,C101352,VA-EB-PL1,2024-06-21,vireo.in,1,2249,PL1-2405-1
VR881833,C108469,VA-SP-ORB,2024-06-22,vireo.in,1,5999,ORB-2404-4
VR886531,C105590,VA-EB-PL1,2024-06-22,vireo.in,1,2499,PL1-2405-4
VR888438,C100627,VA-EB-PL1,2024-06-22,vireo.in,1,1999,PL1-2404-4
VR889784,C102542,VA-EB-PL1,2024-06-22,Amazon,1,2374,PL1-2405-2
VR894869,C106324,VA-EB-PL1,2024-06-22,vireo.in,1,2374,PL1-2405-1
VR897099,C106439,VA-EB-PL1,2024-06-22,Amazon,1,2124,PL1-2403-3
VR902093,C101467,VA-SP-ORB,2024-06-22,vireo.in,1,5999,ORB-2404-4
VR902344,C106374,VA-EB-PL1,2024-06-22,vireo.in,1,2499,PL1-2403-4
VR906495,C101383,VA-HP-ST2,2024-06-22,Amazon,1,4499,ST2-2404-3
VR888785,C102854,VA-NB-ARC,2024-06-23,vireo.in,1,1039,ARC-2403-3
VR895622,C102111,VA-SW-NX1,2024-06-23,vireo.in,1,4999,NX1-2403-2
VR901932,C100116,VA-AC-CH65,2024-06-23,Flipkart,1,1424,CH65-2403-1
VR903433,C102342,VA-EB-PL1,2024-06-23,vireo.in,1,2374,PL1-2403-3
VR905556,C109333,VA-SW-NX1,2024-06-23,vireo.in,1,4749,NX1-2403-4
VR908089,C108834,VA-EB-PL1,2024-06-23,Flipkart,1,2499,PL1-2405-3
VR886669,C106110,VA-EB-PL1,2024-06-24,Amazon,1,2499,PL1-2405-4
VR893176,C108983,VA-SW-NX1,2024-06-24,Amazon,1,4749,NX1-2403-4
VR905230,C107920,VA-EB-PL1,2024-06-24,vireo.in,1,2124,PL1-2405-4
VR884308,C100480,VA-SW-NX1,2024-06-25,Amazon,2,8998,NX1-2403-4
VR884394,C100829,VA-SW-NX1,2024-06-25,vireo.in,1,4749,NX1-2405-3
VR892722,C101377,VA-EB-PL1,2024-06-25,vireo.in,1,2249,PL1-2404-1
VR894002,C102976,VA-SP-ORB,2024-06-25,vireo.in,1,5999,ORB-2404-1
VR898035,C104854,VA-EB-PL1,2024-06-25,vireo.in,1,2499,PL1-2404-4
VR899276,C109118,VA-NB-ARC,2024-06-25,Flipkart,2,2338,ARC-2404-1
VR899648,C106162,VA-EB-PL1,2024-06-25,Amazon,1,2499,PL1-2403-2
VR906956,C105354,VA-EB-PL1,2024-06-25,vireo.in,1,2374,PL1-2405-3
VR880473,C107476,VA-AC-CH65,2024-06-26,vireo.in,1,1499,CH65-2403-3
VR881578,C104540,VA-EB-PL1,2024-06-26,vireo.in,1,2374,PL1-2403-3
VR895358,C108665,VA-AC-CH65,2024-06-26,vireo.in,1,1199,CH65-2404-1
VR896542,C108125,VA-EB-PL1,2024-06-26,Amazon,1,2499,PL1-2403-2
VR900880,C109030,VA-SP-ORB,2024-06-26,Flipkart,1,4799,ORB-2404-4
VR907469,C106003,VA-EB-PL1,2024-06-26,vireo.in,1,2374,PL1-2404-1
VR880476,C101167,VA-NB-ARC,2024-06-27,vireo.in,1,1299,ARC-2405-1
VR883164,C105543,VA-SP-ORB,2024-06-27,vireo.in,1,4799,ORB-2405-2
VR897567,C102199,VA-EB-PL1,2024-06-27,Amazon,1,2499,PL1-2405-1
VR898148,C103548,VA-EB-PL1,2024-06-27,vireo.in,1,2249,PL1-2404-1
VR905941,C103167,VA-HP-ST2,2024-06-27,Amazon,1,4749,ST2-2405-4
VR907406,C106035,VA-SW-NX1,2024-06-27,Flipkart,1,4999,NX1-2405-1
VR880052,C104606,VA-SP-ORB,2024-06-28,vireo.in,1,5999,ORB-2406-1
VR883522,C104515,VA-EB-PL1,2024-06-28,Amazon,1,2124,PL1-2404-1
VR886479,C100673,VA-EB-PL1,2024-06-28,vireo.in,2,4248,PL1-2403-4
VR889422,C104816,VA-EB-PL1,2024-06-28,Flipkart,1,2499,PL1-2403-4
VR892825,C107618,VA-SP-ORB,2024-06-28,vireo.in,1,5999,ORB-2404-2
VR897955,C105678,VA-SP-ORB,2024-06-28,Flipkart,1,5999,ORB-2405-2
VR905171,C101352,VA-EB-PL1,2024-06-28,vireo.in,1,2124,PL1-2405-4
VR881621,C106597,VA-HP-ST2,2024-06-29,Amazon,2,8998,ST2-2406-1
VR905641,C100738,VA-EB-PL1,2024-06-29,vireo.in,1,2499,PL1-2403-1
VR909672,C102787,VA-SW-NX1,2024-06-29,Amazon,1,4999,NX1-2405-3
VR886241,C101616,VA-EB-PL1,2024-06-30,Amazon,2,3998,PL1-2403-2
VR898750,C101954,VA-NB-ARC,2024-06-30,vireo.in,1,1234,ARC-2404-2
VR908193,C102323,VA-NB-ARC,2024-06-30,vireo.in,1,1299,ARC-2404-1
VR909764,C101340,VA-EB-PL1,2024-06-30,Amazon,1,2499,PL1-2405-2
VR886506,C108834,VA-NB-ARC,2024-07-01,vireo.in,1,1299,ARC-2405-4
VR891435,C100997,VA-SW-NX1,2024-07-01,Flipkart,1,4749,NX1-2404-2
VR895410,C104437,VA-NB-ARC,2024-07-01,vireo.in,1,1169,ARC-2403-1
VR907857,C103564,VA-NB-ARC,2024-07-01,Amazon,1,1299,ARC-2404-4
VR884516,C107219,VA-SW-NX1,2024-07-02,Flipkart,1,4499,NX1-2405-2
VR888124,C103241,VA-HP-ST2,2024-07-02,vireo.in,1,4749,ST2-2405-1
VR892006,C101024,VA-SP-ORB,2024-07-02,Amazon,2,10198,ORB-2404-4
VR894621,C100162,VA-NB-ARC,2024-07-02,vireo.in,1,1104,ARC-2406-2
VR902663,C103804,VA-SP-ORB,2024-07-02,vireo.in,1,5699,ORB-2404-3
VR881923,C106572,VA-EB-PL1,2024-07-03,Flipkart,1,2374,PL1-2406-2
VR882290,C102221,VA-SP-ORB,2024-07-03,Amazon,1,5999,ORB-2404-4
VR887299,C102841,VA-NB-ARC,2024-07-03,vireo.in,1,1299,ARC-2404-2
VR893489,C107277,VA-EB-PL1,2024-07-03,Amazon,1,2499,PL1-2403-4
VR898831,C102311,VA-NB-ARC,2024-07-03,Amazon,1,1104,ARC-2403-4
VR899217,C106795,VA-EB-PL1,2024-07-03,vireo.in,1,2499,PL1-2406-2
VR900312,C103179,VA-HP-ST2,2024-07-03,Amazon,2,9998,ST2-2404-2
VR902513,C101619,VA-EB-PL1,2024-07-03,vireo.in,1,2499,PL1-2406-3
VR904967,C100739,VA-SP-ORB,2024-07-03,Amazon,1,5699,ORB-2405-3
VR907479,C100448,VA-NB-ARC,2024-07-03,vireo.in,1,1234,ARC-2403-3
VR907721,C107701,VA-EB-PL1,2024-07-03,Flipkart,1,2499,PL1-2404-4
VR882006,C103810,VA-SP-ORB,2024-07-04,Amazon,1,5999,ORB-2404-2
VR882477,C105424,VA-EB-PL1,2024-07-04,Amazon,1,2374,PL1-2403-2
VR891198,C105882,VA-SW-NX1,2024-07-04,vireo.in,1,4999,NX1-2405-1
VR895502,C107049,VA-EB-PL1,2024-07-04,Amazon,1,2124,PL1-2403-1
VR901055,C101405,VA-NB-ARC,2024-07-04,Amazon,1,1104,ARC-2403-1
VR902547,C103056,VA-AC-CH65,2024-07-04,Amazon,1,1499,CH65-2405-3
VR904072,C104508,VA-SW-NX1,2024-07-04,vireo.in,1,4999,NX1-2406-3
VR885057,C109264,VA-SW-NX1,2024-07-05,Amazon,1,4499,NX1-2406-3
VR885400,C108325,VA-HP-ST2,2024-07-05,Flipkart,1,4749,ST2-2405-1
VR885713,C108039,VA-NB-ARC,2024-07-05,vireo.in,1,1299,ARC-2405-3
VR886372,C102968,VA-EB-PL1,2024-07-05,vireo.in,1,2499,PL1-2404-2
VR886403,C103213,VA-AC-CH65,2024-07-05,vireo.in,1,1499,CH65-2405-1
VR887235,C103005,VA-EB-PL1,2024-07-05,Flipkart,1,2124,PL1-2403-1
VR890983,C101643,VA-EB-PL1,2024-07-05,Flipkart,1,2499,PL1-2406-4
VR892623,C100670,VA-EB-PL1,2024-07-05,vireo.in,1,2374,PL1-2405-3
VR894564,C108992,VA-HP-ST2,2024-07-05,vireo.in,1,4249,ST2-2404-1
VR904093,C101135,VA-EB-PL1,2024-07-05,vireo.in,2,4998,PL1-2403-2
VR906259,C105949,VA-NB-ARC,2024-07-05,Amazon,1,1234,ARC-2404-4
VR910046,C100819,VA-AC-CBL,2024-07-05,Flipkart,1,399,CBL-2405-1
VR880003,C102379,VA-EB-PL1,2024-07-06,vireo.in,1,2499,PL1-2403-4
VR880102,C106215,VA-AC-CH65,2024-07-06,Amazon,1,1274,CH65-2406-4
VR889318,C105981,VA-NB-ARC,2024-07-06,Flipkart,1,1169,ARC-2405-3
VR889927,C104120,VA-EB-PL1,2024-07-06,Flipkart,2,4248,PL1-2404-4
VR889971,C100516,VA-NB-ARC,2024-07-06,Amazon,1,1299,ARC-2405-1
VR893260,C106990,VA-EB-PL1,2024-07-06,vireo.in,1,1999,PL1-2404-2
VR895644,C105327,VA-EB-PL1,2024-07-06,Flipkart,1,2124,PL1-2406-1
VR896115,C103375,VA-EB-PL1,2024-07-06,Flipkart,1,2374,PL1-2406-1
VR896794,C108689,VA-SW-NX1,2024-07-06,Flipkart,1,4999,NX1-2404-4
VR898811,C102732,VA-HP-ST2,2024-07-06,vireo.in,1,4999,ST2-2404-2
VR899118,C104556,VA-EB-PL1,2024-07-06,Amazon,1,2499,PL1-2405-2
VR902264,C100699,VA-HP-ST2,2024-07-06,vireo.in,1,4499,ST2-2406-4
VR904150,C107794,VA-SW-NX1,2024-07-06,vireo.in,1,4499,NX1-2403-3
VR906689,C108006,VA-SP-ORB,2024-07-06,Amazon,1,5999,ORB-2404-3
VR909738,C102505,VA-SW-NX1,2024-07-06,vireo.in,1,4249,NX1-2405-4
VR895408,C108750,VA-SP-ORB,2024-07-07,Amazon,1,4799,ORB-2405-2
VR904066,C105946,VA-EB-PL1,2024-07-07,vireo.in,1,1999,PL1-2405-2
VR905150,C103047,VA-EB-PL1,2024-07-07,Amazon,2,4248,PL1-2406-4
VR882497,C102152,VA-EB-PL1,2024-07-08,vireo.in,1,1999,PL1-2406-2
VR887040,C108836,VA-HP-ST2,2024-07-08,vireo.in,1,4749,ST2-2403-4
VR888593,C101251,VA-EB-PL1,2024-07-08,vireo.in,1,2249,PL1-2404-4
VR894575,C103600,VA-EB-PL1,2024-07-08,vireo.in,1,2249,PL1-2405-1
VR900737,C108059,VA-EB-PL1,2024-07-08,vireo.in,1,2499,PL1-2404-3
VR901486,C108662,VA-EB-PL1,2024-07-08,vireo.in,1,2499,PL1-2404-2
VR904618,C101994,VA-SP-ORB,2024-07-08,vireo.in,2,10798,ORB-2405-4
VR883135,C109123,VA-EB-PL1,2024-07-09,vireo.in,1,1999,PL1-2405-1
VR885749,C102964,VA-EB-PL1,2024-07-09,vireo.in,1,2374,PL1-2405-4
VR888396,C106429,VA-SW-NX1,2024-07-09,vireo.in,1,4249,NX1-2404-4
VR888773,C105838,VA-EB-PL1,2024-07-09,vireo.in,1,2374,PL1-2405-4
VR891163,C103454,VA-EB-PL1,2024-07-09,vireo.in,1,2499,PL1-2405-1
VR897828,C104149,VA-AC-CBL,2024-07-09,vireo.in,1,399,CBL-2404-1
VR903180,C101634,VA-EB-PL1,2024-07-09,vireo.in,1,2499,PL1-2405-1
VR906013,C100330,VA-SW-NX1,2024-07-09,vireo.in,1,3999,NX1-2403-1
VR908485,C104945,VA-EB-PL1,2024-07-09,vireo.in,1,1999,PL1-2405-2
VR880757,C101571,VA-SP-ORB,2024-07-10,vireo.in,1,5999,ORB-2406-2
VR889205,C104914,VA-HP-ST2,2024-07-10,vireo.in,1,4999,ST2-2404-1
VR889316,C102698,VA-SW-NX1,2024-07-10,vireo.in,1,4499,NX1-2404-3
VR892574,C102557,VA-AC-CH65,2024-07-10,Amazon,1,1424,CH65-2406-4
VR894211,C105405,VA-SW-NX1,2024-07-10,vireo.in,1,4749,NX1-2405-4
VR895076,C101621,VA-EB-PL1,2024-07-10,vireo.in,1,2499,PL1-2403-4
VR899854,C102888,VA-SW-NX1,2024-07-10,vireo.in,1,4499,NX1-2405-2
VR907220,C104453,VA-EB-PL1,2024-07-10,Amazon,1,2249,PL1-2406-3
VR908716,C109205,VA-SW-NX1,2024-07-10,Amazon,1,4999,NX1-2405-4
VR882930,C106862,VA-SW-NX1,2024-07-11,Flipkart,1,4749,NX1-2405-3
VR884214,C105222,VA-EB-PL1,2024-07-11,vireo.in,1,2499,PL1-2405-3
VR889795,C100710,VA-EB-PL1,2024-07-11,vireo.in,2,4998,PL1-2406-3
VR890536,C101428,VA-NB-ARC,2024-07-11,vireo.in,1,1104,ARC-2404-2
VR894711,C100431,VA-NB-ARC,2024-07-11,Amazon,1,1234,ARC-2405-3
VR894866,C106479,VA-EB-PL1,2024-07-11,Amazon,1,2124,PL1-2406-3
VR905954,C106987,VA-EB-PL1,2024-07-11,Amazon,1,2374,PL1-2405-3
VR908946,C106253,VA-AC-CH65,2024-07-11,Flipkart,1,1199,CH65-2406-1
VR881730,C102561,VA-EB-PL1,2024-07-12,vireo.in,1,2499,PL1-2405-2
VR891798,C105968,VA-EB-PL1,2024-07-12,vireo.in,2,4998,PL1-2405-3
VR892353,C104202,VA-EB-PL1,2024-07-12,vireo.in,1,2249,PL1-2405-3
VR896208,C107834,VA-AC-CH65,2024-07-12,vireo.in,1,1274,CH65-2404-3
VR897188,C100218,VA-HP-ST2,2024-07-12,Flipkart,2,9998,ST2-2403-2
VR899713,C104897,VA-SP-ORB,2024-07-12,Amazon,1,5999,ORB-2405-4
VR907161,C104467,VA-EB-PL1,2024-07-12,Amazon,1,2124,PL1-2405-3
VR897031,C101016,VA-SW-NX1,2024-07-13,Amazon,1,4499,NX1-2405-2
VR899294,C103956,VA-EB-PL1,2024-07-13,Flipkart,1,1999,PL1-2405-3
VR901251,C102894,VA-SP-ORB,2024-07-13,vireo.in,1,5099,ORB-2405-2
VR901794,C101696,VA-EB-PL1,2024-07-13,vireo.in,1,1999,PL1-2403-4
VR902564,C100422,VA-EB-PL1,2024-07-13,vireo.in,1,2374,PL1-2403-1
VR905535,C106183,VA-NB-ARC,2024-07-13,vireo.in,1,1234,ARC-2404-4
VR907871,C105819,VA-AC-CH65,2024-07-13,Amazon,1,1274,CH65-2404-2
VR909532,C100075,VA-EB-PL1,2024-07-13,vireo.in,1,1999,PL1-2406-3
VR881322,C106467,VA-NB-ARC,2024-07-14,vireo.in,1,1104,ARC-2406-3
VR881671,C109010,VA-AC-CBL,2024-07-14,Flipkart,1,399,CBL-2404-2
VR891098,C107993,VA-HP-ST2,2024-07-14,Flipkart,1,4999,ST2-2404-2
VR899852,C102570,VA-EB-PL1,2024-07-14,vireo.in,1,2374,PL1-2405-1
VR904611,C109377,VA-HP-ST2,2024-07-14,vireo.in,1,4999,ST2-2405-4
VR904915,C108385,VA-EB-PL1,2024-07-14,vireo.in,1,2124,PL1-2404-4
VR890186,C103502,VA-EB-PL1,2024-07-15,vireo.in,1,2249,PL1-2404-4
VR891746,C102402,VA-NB-ARC,2024-07-15,vireo.in,1,1104,ARC-2405-1
VR893215,C103122,VA-EB-PL1,2024-07-15,Amazon,1,1999,PL1-2403-4
VR901582,C108911,VA-AC-CH65,2024-07-15,Amazon,1,1349,CH65-2404-1
VR887544,C100435,VA-EB-PL1,2024-07-16,vireo.in,1,2124,PL1-2405-4
VR889982,C102729,VA-EB-PL1,2024-07-16,Amazon,1,2124,PL1-2405-3
VR890601,C107205,VA-EB-PL1,2024-07-16,vireo.in,1,2499,PL1-2406-4
VR905666,C100898,VA-EB-PL1,2024-07-16,Amazon,1,2249,PL1-2405-4
VR905685,C108651,VA-NB-ARC,2024-07-16,vireo.in,1,1169,ARC-2404-4
VR889398,C106536,VA-AC-CH65,2024-07-17,vireo.in,1,1349,CH65-2404-2
VR891694,C100277,VA-NB-ARC,2024-07-17,vireo.in,1,1039,ARC-2406-4
VR902209,C107973,VA-HP-ST2,2024-07-17,Flipkart,1,4749,ST2-2404-2
VR892005,C100626,VA-SP-ORB,2024-07-18,Flipkart,1,5999,ORB-2404-2
VR899414,C100736,VA-EB-PL1,2024-07-18,vireo.in,1,2499,PL1-2406-2
VR908055,C102502,VA-NB-ARC,2024-07-18,vireo.in,1,1234,ARC-2405-4
VR886944,C104230,VA-EB-PL1,2024-07-19,vireo.in,1,1999,PL1-2406-4
VR888352,C108189,VA-SP-ORB,2024-07-19,vireo.in,1,5699,ORB-2406-4
VR889304,C104268,VA-AC-CH65,2024-07-19,Amazon,1,1274,CH65-2406-4
VR891130,C101944,VA-HP-ST2,2024-07-19,vireo.in,1,4749,ST2-2406-2
VR891389,C108121,VA-EB-PL1,2024-07-19,Amazon,1,2499,PL1-2404-3
VR898758,C108363,VA-EB-PL1,2024-07-19,vireo.in,1,2249,PL1-2405-1
VR900801,C109259,VA-EB-PL1,2024-07-19,vireo.in,1,2499,PL1-2406-4
VR901048,C105759,VA-EB-PL1,2024-07-19,vireo.in,1,2499,PL1-2405-1
VR903252,C107270,VA-SP-ORB,2024-07-19,vireo.in,1,4799,ORB-2406-1
VR904488,C109196,VA-SP-ORB,2024-07-19,vireo.in,1,5999,ORB-2404-1
VR906158,C100436,VA-AC-CBL,2024-07-19,vireo.in,2,638,CBL-2405-3
VR909985,C102487,VA-EB-PL1,2024-07-19,Amazon,1,2249,PL1-2406-4
VR880527,C105097,VA-HP-ST2,2024-07-20,Amazon,1,4999,ST2-2404-4
VR885388,C100727,VA-NB-ARC,2024-07-20,vireo.in,1,1299,ARC-2406-4
VR899837,C100915,VA-SP-ORB,2024-07-20,vireo.in,1,4799,ORB-2404-4
VR901276,C106711,VA-SP-ORB,2024-07-20,vireo.in,1,5099,ORB-2406-1
VR906890,C102613,VA-HP-ST2,2024-07-20,vireo.in,2,8998,ST2-2404-1
VR909176,C106155,VA-SW-NX1,2024-07-20,Amazon,1,4999,NX1-2404-3
VR880086,C105213,VA-AC-CH65,2024-07-21,Amazon,1,1424,CH65-2405-1
VR880341,C107211,VA-EB-PL1,2024-07-21,vireo.in,1,2499,PL1-2406-1
VR894048,C108693,VA-EB-PL1,2024-07-21,Flipkart,1,1999,PL1-2405-2
VR897862,C108421,VA-SP-ORB,2024-07-21,Amazon,1,5699,ORB-2406-3
VR907897,C103534,VA-EB-PL1,2024-07-21,vireo.in,1,2499,PL1-2405-2
VR881304,C100519,VA-EB-PL1,2024-07-22,Flipkart,1,2499,PL1-2406-3
VR884247,C106826,VA-AC-CBL,2024-07-22,vireo.in,1,319,CBL-2404-1
VR887682,C106963,VA-HP-ST2,2024-07-22,vireo.in,1,4999,ST2-2405-3
VR888366,C100776,VA-SW-NX1,2024-07-22,vireo.in,1,4999,NX1-2406-2
VR894424,C102072,VA-EB-PL1,2024-07-22,Amazon,1,2499,PL1-2405-2
VR895648,C107814,VA-HP-ST2,2024-07-22,vireo.in,1,4249,ST2-2406-3
VR896511,C108044,VA-EB-PL1,2024-07-22,Amazon,1,2499,PL1-2404-3
VR897543,C101437,VA-SW-NX1,2024-07-22,vireo.in,1,4999,NX1-2406-3
VR902843,C101785,VA-EB-PL1,2024-07-22,Amazon,1,2374,PL1-2404-3
VR902929,C102765,VA-EB-PL1,2024-07-22,Flipkart,1,1999,PL1-2406-1
VR904374,C104257,VA-NB-ARC,2024-07-22,Amazon,2,2338,ARC-2406-1
VR888222,C106535,VA-SW-NX1,2024-07-23,Amazon,2,8498,NX1-2405-3
VR894989,C101262,VA-SP-ORB,2024-07-23,vireo.in,1,5999,ORB-2405-2
VR895057,C105147,VA-SP-ORB,2024-07-23,vireo.in,1,5999,ORB-2405-3
VR897517,C108903,VA-EB-PL1,2024-07-23,Amazon,1,2499,PL1-2406-3
VR898108,C105094,VA-AC-CBL,2024-07-23,vireo.in,1,399,CBL-2405-3
VR901030,C107370,VA-EB-PL1,2024-07-23,Amazon,1,2499,PL1-2405-2
VR908652,C105225,VA-SP-ORB,2024-07-23,Flipkart,1,5999,ORB-2406-4
VR884508,C101361,VA-EB-PL1,2024-07-24,vireo.in,1,2499,PL1-2405-2
VR889928,C105151,VA-EB-PL1,2024-07-24,vireo.in,1,2499,PL1-2406-3
VR892827,C100611,VA-EB-PL1,2024-07-24,Amazon,1,2499,PL1-2406-3
VR893820,C104009,VA-HP-ST2,2024-07-24,Amazon,1,4999,ST2-2406-4
VR896162,C109054,VA-EB-PL1,2024-07-24,Flipkart,1,2374,PL1-2404-3
VR897015,C104910,VA-NB-ARC,2024-07-24,vireo.in,1,1104,ARC-2406-4
VR898010,C103388,VA-AC-CBL,2024-07-24,Amazon,1,319,CBL-2405-1
VR902767,C104913,VA-EB-PL1,2024-07-24,Amazon,1,2374,PL1-2404-2
VR906010,C100491,VA-EB-PL1,2024-07-24,Amazon,1,2374,PL1-2404-4
VR908116,C103833,VA-EB-PL1,2024-07-24,Flipkart,1,2499,PL1-2404-1
VR891054,C104749,VA-SW-NX1,2024-07-25,vireo.in,1,4249,NX1-2406-2
VR893933,C105613,VA-SP-ORB,2024-07-25,vireo.in,1,4799,ORB-2406-2
VR901609,C100169,VA-SP-ORB,2024-07-25,vireo.in,1,5999,ORB-2404-2
VR906755,C106837,VA-EB-PL1,2024-07-25,vireo.in,1,2499,PL1-2404-1
VR881167,C109058,VA-NB-ARC,2024-07-26,Amazon,1,1104,ARC-2406-4
VR883509,C105438,VA-SP-ORB,2024-07-26,vireo.in,1,5699,ORB-2406-4
VR887012,C103813,VA-EB-PL1,2024-07-26,vireo.in,1,2124,PL1-2406-1
VR887811,C106178,VA-SP-ORB,2024-07-26,vireo.in,2,11998,ORB-2406-2
VR890692,C104277,VA-EB-PL1,2024-07-26,Amazon,1,2249,PL1-2404-4
VR890886,C100509,VA-HP-ST2,2024-07-26,vireo.in,1,4999,ST2-2404-3
VR896241,C105387,VA-SP-ORB,2024-07-26,vireo.in,1,5999,ORB-2406-4
VR898861,C106559,VA-HP-ST2,2024-07-26,Amazon,1,4749,ST2-2406-4
VR901573,C101081,VA-AC-CBL,2024-07-26,Amazon,1,319,CBL-2407-2
VR910002,C106929,VA-AC-CH65,2024-07-26,Amazon,2,2548,CH65-2406-3
VR880952,C105442,VA-HP-ST2,2024-07-27,vireo.in,1,3999,ST2-2406-4
VR887925,C101117,VA-AC-CH65,2024-07-27,vireo.in,1,1499,CH65-2404-4
VR891086,C100999,VA-SW-NX1,2024-07-27,Amazon,1,4999,NX1-2404-2
VR892718,C108676,VA-SP-ORB,2024-07-27,Amazon,1,5999,ORB-2406-3
VR904974,C101854,VA-EB-PL1,2024-07-27,vireo.in,1,2124,PL1-2405-4
VR885031,C105370,VA-AC-CH65,2024-07-28,vireo.in,2,2848,CH65-2405-4
VR886469,C107756,VA-EB-PL1,2024-07-28,Amazon,1,2249,PL1-2406-1
VR888528,C103802,VA-EB-PL1,2024-07-28,vireo.in,1,2249,PL1-2406-2
VR890114,C102399,VA-NB-ARC,2024-07-28,Amazon,1,1299,ARC-2405-1
VR893183,C101230,VA-EB-PL1,2024-07-28,Flipkart,1,2249,PL1-2407-2
VR895126,C107528,VA-SW-NX1,2024-07-28,Amazon,1,4999,NX1-2404-1
VR897608,C102836,VA-HP-ST2,2024-07-28,vireo.in,1,4999,ST2-2407-3
VR903630,C100045,VA-SP-ORB,2024-07-28,Amazon,1,5999,ORB-2405-4
VR904067,C100014,VA-AC-CH65,2024-07-28,Amazon,1,1499,CH65-2406-2
VR906016,C102596,VA-SW-NX1,2024-07-28,vireo.in,1,4999,NX1-2405-4
VR907324,C100924,VA-EB-PL1,2024-07-28,vireo.in,1,2499,PL1-2404-4
VR909206,C102216,VA-EB-PL1,2024-07-28,Amazon,1,1999,PL1-2405-2
VR880636,C109165,VA-SP-ORB,2024-07-29,vireo.in,1,5399,ORB-2404-4
VR882036,C106194,VA-EB-PL1,2024-07-29,vireo.in,1,2499,PL1-2406-3
VR883987,C109227,VA-HP-ST2,2024-07-29,Flipkart,1,4999,ST2-2405-4
VR884136,C104905,VA-EB-PL1,2024-07-29,Flipkart,1,2499,PL1-2406-2
VR888940,C102277,VA-NB-ARC,2024-07-29,Amazon,1,1039,ARC-2406-4
VR890388,C103104,VA-AC-CH65,2024-07-29,Amazon,1,1424,CH65-2404-2
VR893384,C100893,VA-SW-NX1,2024-07-29,Flipkart,1,4749,NX1-2405-3
VR904756,C109372,VA-HP-ST2,2024-07-29,vireo.in,1,4499,ST2-2404-3
VR882578,C101099,VA-SW-NX1,2024-07-30,Flipkart,1,4999,NX1-2406-4
VR888699,C105379,VA-HP-ST2,2024-07-30,vireo.in,2,9998,ST2-2404-2
VR892919,C100878,VA-EB-PL1,2024-07-30,vireo.in,1,2374,PL1-2405-4
VR897436,C101993,VA-EB-PL1,2024-07-30,vireo.in,1,2499,PL1-2407-3
VR881756,C101352,VA-HP-ST2,2024-07-31,Amazon,1,4999,ST2-2405-3
VR885596,C105483,VA-EB-PL1,2024-07-31,vireo.in,1,2249,PL1-2405-3
VR887006,C100679,VA-NB-ARC,2024-07-31,vireo.in,1,1169,ARC-2405-1
VR890777,C104283,VA-HP-ST2,2024-07-31,vireo.in,1,4499,ST2-2406-4
VR894141,C107835,VA-EB-PL1,2024-07-31,vireo.in,1,2249,PL1-2406-2
VR895557,C103128,VA-EB-PL1,2024-07-31,vireo.in,1,2499,PL1-2404-1
VR901859,C101069,VA-EB-PL1,2024-07-31,Flipkart,1,2499,PL1-2406-4
VR902112,C103051,VA-NB-ARC,2024-07-31,vireo.in,1,1299,ARC-2405-1
VR902271,C108350,VA-SW-NX1,2024-07-31,vireo.in,1,3999,NX1-2404-1
VR907772,C106840,VA-AC-CH65,2024-07-31,Amazon,1,1274,CH65-2405-1
VR907958,C107371,VA-SP-ORB,2024-07-31,vireo.in,1,5999,ORB-2407-3
VR908171,C100883,VA-EB-PL1,2024-07-31,vireo.in,1,2124,PL1-2407-2
VR886782,C103167,VA-SW-NX1,2024-08-01,vireo.in,1,4999,NX1-2404-4
VR893148,C100081,VA-SW-NX1,2024-08-01,vireo.in,1,4999,NX1-2406-4
VR895111,C107824,VA-EB-PL1,2024-08-01,vireo.in,1,2249,PL1-2406-1
VR895518,C106432,VA-EB-PL1,2024-08-01,Amazon,1,2499,PL1-2406-4
VR895800,C107767,VA-SW-FIT,2024-08-01,vireo.in,1,1999,FIT-2405-3
VR898755,C103178,VA-SW-FIT,2024-08-01,vireo.in,1,1999,FIT-2405-3
VR899537,C103513,VA-SP-ORB,2024-08-01,Amazon,1,5399,ORB-2407-1
VR903636,C103573,VA-SP-ORB,2024-08-01,Flipkart,2,11998,ORB-2404-2
VR907061,C108916,VA-HP-ST2,2024-08-01,vireo.in,1,4499,ST2-2404-1
VR907260,C107809,VA-SW-NX1,2024-08-01,vireo.in,1,3999,NX1-2406-3
VR908572,C100755,VA-HP-ST2,2024-08-01,vireo.in,1,4749,ST2-2404-3
VR909451,C107225,VA-EB-PL1,2024-08-01,Amazon,1,2499,PL1-2404-1
VR909904,C103462,VA-SW-FIT,2024-08-01,vireo.in,1,1999,FIT-2404-1
VR880346,C102743,VA-EB-PL1,2024-08-02,vireo.in,1,2499,PL1-2404-3
VR884939,C109473,VA-SP-ORB,2024-08-02,vireo.in,1,5399,ORB-2405-2
VR894731,C106751,VA-AC-CH65,2024-08-02,vireo.in,1,1499,CH65-2405-4
VR901496,C107845,VA-SW-FIT,2024-08-02,Amazon,1,1699,FIT-2404-1
VR903140,C103252,VA-SW-FIT,2024-08-02,vireo.in,1,1999,FIT-2404-2
VR905406,C103290,VA-AC-CH65,2024-08-02,Flipkart,1,1424,CH65-2405-4
VR892709,C100923,VA-EB-PL1,2024-08-03,Amazon,1,2499,PL1-2405-3
VR893134,C103119,VA-HP-ST2,2024-08-03,vireo.in,1,4999,ST2-2404-3
VR895315,C104181,VA-AC-CH65,2024-08-03,Amazon,1,1424,CH65-2404-3
VR897224,C107536,VA-EB-PL1,2024-08-03,Flipkart,1,2499,PL1-2407-2
VR880353,C103048,VA-HP-ST2,2024-08-04,Flipkart,1,4249,ST2-2406-3
VR880692,C102068,VA-EB-PL1,2024-08-04,vireo.in,2,4498,PL1-2405-3
VR886341,C102136,VA-NB-ARC,2024-08-04,Amazon,1,1299,ARC-2407-1
VR896431,C102197,VA-SW-FIT,2024-08-04,vireo.in,1,1999,FIT-2405-4
VR898714,C106592,VA-EB-PL1,2024-08-04,vireo.in,1,2374,PL1-2405-4
VR900502,C108143,VA-EB-PL1,2024-08-04,Amazon,1,2124,PL1-2405-3
VR903283,C105247,VA-EB-PL1,2024-08-04,Amazon,1,2124,PL1-2407-3
VR888194,C100154,VA-NB-ARC,2024-08-05,Amazon,1,1039,ARC-2407-2
VR891982,C100677,VA-SW-FIT,2024-08-05,vireo.in,1,1699,FIT-2405-4
VR905185,C104963,VA-EB-PL1,2024-08-05,vireo.in,1,2374,PL1-2404-4
VR905693,C109398,VA-HP-ST2,2024-08-05,Amazon,1,4499,ST2-2405-2
VR909525,C109099,VA-EB-PL1,2024-08-05,vireo.in,1,2124,PL1-2406-4
VR909754,C102242,VA-SP-ORB,2024-08-05,Flipkart,1,5099,ORB-2406-3
VR880241,C102158,VA-SW-FIT,2024-08-06,vireo.in,1,1999,FIT-2406-4
VR887188,C100402,VA-AC-CBL,2024-08-06,vireo.in,1,399,CBL-2405-3
VR899026,C104749,VA-SW-NX1,2024-08-06,vireo.in,1,4249,NX1-2405-2
VR901604,C102156,VA-SW-NX1,2024-08-06,Amazon,1,4499,NX1-2407-1
VR903566,C102266,VA-EB-PL1,2024-08-06,vireo.in,1,2499,PL1-2407-3
VR907114,C109029,VA-EB-PL1,2024-08-06,Amazon,1,2499,PL1-2405-3
VR907576,C108529,VA-EB-PL1,2024-08-06,vireo.in,1,2374,PL1-2405-2
VR889765,C101711,VA-HP-ST2,2024-08-07,vireo.in,1,4249,ST2-2405-3
VR893589,C101952,VA-SW-FIT,2024-08-07,Amazon,1,1999,FIT-2404-2
VR900924,C106692,VA-SP-ORB,2024-08-07,vireo.in,1,5399,ORB-2405-2
VR904716,C103557,VA-SP-ORB,2024-08-07,Amazon,1,5099,ORB-2407-3
VR907960,C102435,VA-EB-PL1,2024-08-07,Amazon,1,2374,PL1-2406-1
VR881543,C107360,VA-SP-ORB,2024-08-08,vireo.in,1,5999,ORB-2406-3
VR883628,C105141,VA-SW-NX1,2024-08-08,vireo.in,1,4749,NX1-2405-1
VR893311,C108249,VA-EB-PL1,2024-08-08,vireo.in,2,4998,PL1-2405-3
VR905823,C105336,VA-SP-ORB,2024-08-08,vireo.in,1,4799,ORB-2406-4
VR880045,C100923,VA-AC-CH65,2024-08-09,Amazon,2,2998,CH65-2406-3
VR880207,C103674,VA-SW-NX1,2024-08-09,Flipkart,1,4499,NX1-2404-2
VR881365,C106740,VA-HP-ST2,2024-08-09,vireo.in,1,4999,ST2-2407-1
VR882045,C104640,VA-NB-ARC,2024-08-09,Amazon,1,1299,ARC-2406-3
VR887574,C109247,VA-EB-PL1,2024-08-09,vireo.in,1,2124,PL1-2404-3
VR895109,C105561,VA-SW-NX1,2024-08-09,Amazon,1,4999,NX1-2407-3
VR897797,C104037,VA-SP-ORB,2024-08-09,vireo.in,1,5099,ORB-2405-3
VR899228,C100610,VA-NB-ARC,2024-08-09,Amazon,1,1104,ARC-2407-2
VR900240,C107678,VA-EB-PL1,2024-08-09,vireo.in,1,1999,PL1-2406-1
VR900668,C105766,VA-HP-ST2,2024-08-09,vireo.in,2,7998,ST2-2404-3
VR909493,C108740,VA-SW-FIT,2024-08-09,vireo.in,1,1599,FIT-2406-3
VR884391,C101039,VA-EB-PL1,2024-08-10,Amazon,1,2499,PL1-2407-1
VR887259,C106082,VA-EB-PL1,2024-08-10,Flipkart,1,2124,PL1-2405-1
VR891995,C106827,VA-SW-FIT,2024-08-10,Amazon,1,1999,FIT-2407-2
VR893335,C107767,VA-AC-CH65,2024-08-10,Amazon,1,1499,CH65-2406-1
VR899642,C103717,VA-EB-PL1,2024-08-10,vireo.in,1,1999,PL1-2407-1
VR885964,C106662,VA-SW-FIT,2024-08-11,Amazon,1,1999,FIT-2407-3
VR890078,C109438,VA-HP-ST2,2024-08-11,vireo.in,1,4749,ST2-2407-1
VR892882,C106824,VA-HP-ST2,2024-08-11,Flipkart,1,4749,ST2-2406-1
VR898110,C100742,VA-HP-ST2,2024-08-11,vireo.in,1,4999,ST2-2407-4
VR903221,C101648,VA-SP-ORB,2024-08-11,vireo.in,1,4799,ORB-2405-3
VR883550,C102537,VA-EB-PL1,2024-08-12,vireo.in,1,2499,PL1-2407-3
VR893703,C107860,VA-SW-NX1,2024-08-12,Amazon,1,3999,NX1-2405-3
VR898456,C101885,VA-AC-CBL,2024-08-12,Amazon,1,319,CBL-2405-3
VR903329,C100637,VA-NB-ARC,2024-08-12,Amazon,1,1169,ARC-2406-2
VR909544,C104750,VA-SW-FIT,2024-08-12,vireo.in,1,1799,FIT-2405-3
VR890246,C100701,VA-EB-PL1,2024-08-13,vireo.in,1,1999,PL1-2404-1
VR896104,C109445,VA-AC-CH65,2024-08-13,Amazon,1,1424,CH65-2406-2
VR897893,C105813,VA-EB-PL1,2024-08-13,Flipkart,2,4998,PL1-2407-4
VR899426,C109191,VA-HP-ST2,2024-08-13,vireo.in,1,4999,ST2-2406-3
VR902591,C108410,VA-SW-FIT,2024-08-13,vireo.in,1,1699,FIT-2405-4
VR906272,C109298,VA-EB-PL1,2024-08-13,Flipkart,1,2499,PL1-2405-4
VR880798,C103690,VA-HP-ST2,2024-08-14,vireo.in,1,4249,ST2-2405-1
VR881765,C100588,VA-SW-FIT,2024-08-14,vireo.in,1,1999,FIT-2406-2
VR885914,C104012,VA-EB-PL1,2024-08-14,vireo.in,1,2374,PL1-2406-3
VR887153,C100528,VA-SW-NX1,2024-08-14,vireo.in,1,3999,NX1-2406-1
VR888469,C108634,VA-NB-ARC,2024-08-14,Flipkart,1,1299,ARC-2406-1
VR888567,C106977,VA-EB-PL1,2024-08-14,vireo.in,1,2374,PL1-2406-4
VR888575,C101402,VA-EB-PL1,2024-08-14,vireo.in,1,2499,PL1-2406-3
VR889871,C107745,VA-EB-PL1,2024-08-14,Amazon,1,1999,PL1-2405-4
VR897611,C103890,VA-EB-PL1,2024-08-14,Amazon,1,2374,PL1-2406-1
VR905510,C101213,VA-EB-PL1,2024-08-14,vireo.in,2,4998,PL1-2405-2
VR906301,C105468,VA-EB-PL1,2024-08-14,vireo.in,1,2499,PL1-2406-2
VR906587,C109116,VA-SW-FIT,2024-08-14,Amazon,1,1699,FIT-2406-1
VR884897,C105786,VA-EB-PL1,2024-08-15,vireo.in,1,2499,PL1-2407-4
VR886258,C101126,VA-NB-ARC,2024-08-15,vireo.in,1,1299,ARC-2407-3
VR887849,C102788,VA-SW-FIT,2024-08-15,Amazon,1,1699,FIT-2405-3
VR888463,C106735,VA-NB-ARC,2024-08-15,Amazon,2,2078,ARC-2406-3
VR889709,C103986,VA-SW-FIT,2024-08-15,vireo.in,1,1799,FIT-2405-1
VR904139,C103116,VA-SW-NX1,2024-08-15,Amazon,1,4249,NX1-2406-2
VR907315,C108268,VA-SP-ORB,2024-08-15,vireo.in,1,5999,ORB-2405-1
VR882374,C106217,VA-SW-NX1,2024-08-16,vireo.in,1,4999,NX1-2407-4
VR886065,C106899,VA-AC-CH65,2024-08-16,vireo.in,1,1274,CH65-2405-1
VR889432,C105556,VA-SP-ORB,2024-08-16,vireo.in,1,5399,ORB-2406-2
VR892532,C101225,VA-SW-FIT,2024-08-16,vireo.in,1,1999,FIT-2406-3
VR892752,C105844,VA-SW-FIT,2024-08-16,vireo.in,1,1999,FIT-2404-2
VR895571,C104796,VA-NB-ARC,2024-08-16,Flipkart,1,1104,ARC-2406-2
VR895612,C100115,VA-EB-PL1,2024-08-16,Flipkart,1,1999,PL1-2406-2
VR899832,C107322,VA-HP-ST2,2024-08-16,Flipkart,1,3999,ST2-2405-1
VR885795,C101432,VA-SW-FIT,2024-08-17,vireo.in,1,1599,FIT-2406-4
VR888141,C101539,VA-EB-PL1,2024-08-17,vireo.in,1,2499,PL1-2405-1
VR890339,C100114,VA-HP-ST2,2024-08-17,vireo.in,1,4499,ST2-2406-1
VR905609,C101893,VA-NB-ARC,2024-08-17,Amazon,1,1299,ARC-2405-3
VR905728,C109336,VA-EB-PL1,2024-08-17,Amazon,1,2249,PL1-2407-4
VR908431,C107105,VA-EB-PL1,2024-08-17,vireo.in,1,2499,PL1-2406-2
VR909162,C106296,VA-EB-PL1,2024-08-17,Flipkart,1,2374,PL1-2407-4
VR882318,C101313,VA-EB-PL1,2024-08-18,vireo.in,1,2499,PL1-2406-2
VR884899,C108338,VA-EB-PL1,2024-08-18,vireo.in,1,2374,PL1-2406-4
VR886210,C101477,VA-HP-ST2,2024-08-18,Flipkart,1,4749,ST2-2405-1
VR888473,C105956,VA-NB-ARC,2024-08-18,vireo.in,1,1299,ARC-2406-4
VR894391,C104667,VA-NB-ARC,2024-08-18,vireo.in,1,1169,ARC-2405-1
VR906274,C104332,VA-HP-ST2,2024-08-18,Amazon,1,4249,ST2-2405-3
VR909619,C103111,VA-SW-FIT,2024-08-18,Flipkart,1,1599,FIT-2405-3
VR885013,C108454,VA-NB-ARC,2024-08-19,vireo.in,1,1299,ARC-2407-2
VR885747,C105686,VA-EB-PL1,2024-08-19,vireo.in,1,1999,PL1-2407-2
VR886655,C109419,VA-AC-CH65,2024-08-19,Amazon,1,1274,CH65-2405-4
VR887571,C101657,VA-NB-ARC,2024-08-19,vireo.in,1,1234,ARC-2407-3
VR888955,C105052,VA-AC-CH65,2024-08-19,Flipkart,1,1499,CH65-2406-4
VR895252,C107650,VA-EB-PL1,2024-08-19,Amazon,1,2499,PL1-2406-3
VR897236,C106194,VA-EB-PL1,2024-08-19,vireo.in,1,2124,PL1-2406-4
VR899856,C109444,VA-SW-NX1,2024-08-19,vireo.in,1,4499,NX1-2405-1
VR900877,C105657,VA-HP-ST2,2024-08-19,Amazon,1,4999,ST2-2407-3
VR881548,C106362,VA-SP-ORB,2024-08-20,vireo.in,1,5099,ORB-2407-1
VR884105,C109492,VA-SP-ORB,2024-08-20,Amazon,2,11998,ORB-2406-2
VR885070,C104517,VA-HP-ST2,2024-08-20,vireo.in,1,4999,ST2-2405-4
VR885391,C107250,VA-SW-NX1,2024-08-20,vireo.in,1,3999,NX1-2406-1
VR887858,C100014,VA-SW-NX1,2024-08-20,Flipkart,1,4499,NX1-2406-2
VR888013,C102698,VA-EB-PL1,2024-08-20,vireo.in,1,1999,PL1-2407-4
VR892411,C104986,VA-NB-ARC,2024-08-20,Flipkart,1,1039,ARC-2407-1
VR892886,C106805,VA-HP-ST2,2024-08-20,Flipkart,1,4999,ST2-2405-2
VR893011,C107709,VA-AC-CBL,2024-08-20,vireo.in,2,718,CBL-2406-2
VR894134,C105305,VA-HP-ST2,2024-08-20,Amazon,1,4999,ST2-2407-1
VR904409,C100724,VA-SP-ORB,2024-08-20,vireo.in,1,4799,ORB-2406-2
VR904816,C106867,VA-SW-FIT,2024-08-20,vireo.in,1,1599,FIT-2407-2
VR905509,C103582,VA-HP-ST2,2024-08-20,vireo.in,1,4999,ST2-2406-2
VR881820,C108379,VA-EB-PL1,2024-08-21,vireo.in,2,4498,PL1-2407-2
VR882611,C105366,VA-HP-ST2,2024-08-21,Amazon,1,4999,ST2-2407-2
VR882947,C109119,VA-HP-ST2,2024-08-21,vireo.in,1,4499,ST2-2407-4
VR885415,C104443,VA-AC-CH65,2024-08-21,vireo.in,1,1499,CH65-2405-1
VR889745,C104072,VA-SW-FIT,2024-08-21,vireo.in,2,3798,FIT-2405-4
VR896111,C103753,VA-SW-NX1,2024-08-21,Amazon,1,4999,NX1-2407-2
VR900851,C100871,VA-SP-ORB,2024-08-21,Flipkart,1,5399,ORB-2405-2
VR901632,C108078,VA-SW-FIT,2024-08-21,vireo.in,1,1999,FIT-2407-3
VR902521,C105957,VA-SW-FIT,2024-08-21,Flipkart,1,1999,FIT-2405-2
VR906349,C104092,VA-EB-PL1,2024-08-21,Flipkart,2,4748,PL1-2406-3
VR907361,C107155,VA-EB-PL1,2024-08-21,Amazon,1,2499,PL1-2407-3
VR899892,C101296,VA-SW-NX1,2024-08-22,Amazon,1,4749,NX1-2406-4
VR907256,C100702,VA-AC-CH65,2024-08-22,vireo.in,2,2548,CH65-2405-2
VR908459,C104527,VA-SW-NX1,2024-08-22,vireo.in,1,4749,NX1-2405-3
VR908623,C106909,VA-EB-PL1,2024-08-22,Amazon,1,2124,PL1-2406-3
VR881268,C109391,VA-SW-NX1,2024-08-23,vireo.in,1,4999,NX1-2407-3
VR890134,C108607,VA-EB-PL1,2024-08-23,Amazon,1,1999,PL1-2406-1
VR897454,C103548,VA-SW-FIT,2024-08-23,Amazon,1,1999,FIT-2405-4
VR898855,C107447,VA-EB-PL1,2024-08-23,vireo.in,1,2499,PL1-2406-4
VR899768,C102253,VA-NB-ARC,2024-08-23,vireo.in,1,1299,ARC-2406-2
VR902946,C100795,VA-SW-FIT,2024-08-23,Flipkart,1,1999,FIT-2406-4
VR883977,C104140,VA-EB-PL1,2024-08-24,Amazon,1,2499,PL1-2407-2
VR884831,C106593,VA-EB-PL1,2024-08-24,vireo.in,1,2124,PL1-2407-2
VR887122,C102762,VA-SW-NX1,2024-08-24,Amazon,1,4999,NX1-2405-2
VR887627,C100998,VA-EB-PL1,2024-08-24,vireo.in,1,1999,PL1-2406-1
VR888861,C103754,VA-EB-PL1,2024-08-24,Flipkart,1,2499,PL1-2406-3
VR889280,C106633,VA-AC-CH65,2024-08-24,vireo.in,1,1499,CH65-2406-2
VR893998,C107388,VA-NB-ARC,2024-08-24,Flipkart,1,1299,ARC-2407-1
VR900533,C106223,VA-SW-FIT,2024-08-24,Flipkart,1,1899,FIT-2406-3
VR907906,C102218,VA-EB-PL1,2024-08-24,Amazon,1,2499,PL1-2405-3
VR907985,C105292,VA-EB-PL1,2024-08-24,vireo.in,1,2499,PL1-2407-1
VR880781,C109321,VA-SP-ORB,2024-08-25,Flipkart,1,5999,ORB-2407-4
VR885150,C107124,VA-SW-FIT,2024-08-25,Amazon,1,1999,FIT-2407-3
VR888950,C100347,VA-EB-PL1,2024-08-25,Amazon,1,2124,PL1-2406-4
VR891794,C107898,VA-EB-PL1,2024-08-25,Amazon,1,2499,PL1-2405-1
VR901222,C105186,VA-SW-NX1,2024-08-25,vireo.in,1,4749,NX1-2405-1
VR904059,C105557,VA-EB-PL1,2024-08-25,Amazon,1,2249,PL1-2407-2
VR905278,C102183,VA-SW-NX1,2024-08-25,vireo.in,1,4499,NX1-2405-3
VR907278,C102288,VA-EB-PL1,2024-08-25,Flipkart,1,2499,PL1-2406-3
VR907366,C100790,VA-SW-NX1,2024-08-25,vireo.in,1,3999,NX1-2407-1
VR882061,C107103,VA-SP-ORB,2024-08-26,vireo.in,1,4799,ORB-2407-2
VR886658,C108507,VA-SW-NX1,2024-08-26,vireo.in,1,4249,NX1-2406-4
VR887295,C103525,VA-SW-NX1,2024-08-26,vireo.in,1,4999,NX1-2406-4
VR891159,C101694,VA-SP-ORB,2024-08-26,Flipkart,1,5399,ORB-2408-1
VR893399,C102697,VA-SW-NX1,2024-08-26,vireo.in,1,4999,NX1-2405-3
VR896327,C106822,VA-NB-ARC,2024-08-26,Amazon,1,1234,ARC-2406-1
VR896895,C108333,VA-SP-ORB,2024-08-26,vireo.in,1,5399,ORB-2407-3
VR902453,C108836,VA-SP-ORB,2024-08-26,vireo.in,1,5999,ORB-2408-2
VR880072,C100121,VA-SW-NX1,2024-08-27,Amazon,1,4249,NX1-2406-2
VR890369,C105107,VA-SP-ORB,2024-08-27,Flipkart,1,5999,ORB-2406-4
VR896355,C104913,VA-EB-PL1,2024-08-27,vireo.in,1,2499,PL1-2406-2
VR900348,C104365,VA-NB-ARC,2024-08-27,Amazon,2,2598,ARC-2406-3
VR901447,C107852,VA-SP-ORB,2024-08-27,vireo.in,1,5699,ORB-2405-3
VR907612,C109437,VA-EB-PL1,2024-08-27,Flipkart,1,2499,PL1-2407-3
VR880743,C100103,VA-EB-PL1,2024-08-28,vireo.in,1,2499,PL1-2407-4
VR884460,C104953,VA-SW-NX1,2024-08-28,Amazon,1,4999,NX1-2408-1
VR889659,C105284,VA-SP-ORB,2024-08-28,vireo.in,1,5399,ORB-2407-2
VR896905,C100166,VA-SP-ORB,2024-08-28,Flipkart,1,5399,ORB-2406-2
VR903490,C106484,VA-SP-ORB,2024-08-28,vireo.in,1,5699,ORB-2407-3
VR904666,C101235,VA-SP-ORB,2024-08-28,Amazon,1,5999,ORB-2405-4
VR893970,C101837,VA-EB-PL1,2024-08-29,vireo.in,1,2499,PL1-2408-4
VR895393,C104778,VA-EB-PL1,2024-08-29,vireo.in,1,2499,PL1-2407-3
VR897772,C107022,VA-SW-NX1,2024-08-29,Flipkart,2,8998,NX1-2405-3
VR900554,C102570,VA-SP-ORB,2024-08-29,vireo.in,1,5999,ORB-2405-4
VR902102,C106474,VA-SP-ORB,2024-08-29,Amazon,1,5699,ORB-2405-4
VR902665,C102780,VA-SW-NX1,2024-08-29,Amazon,1,3999,NX1-2406-4
VR909476,C107454,VA-EB-PL1,2024-08-29,vireo.in,1,1999,PL1-2407-3
VR887518,C108474,VA-EB-PL1,2024-08-30,Flipkart,2,4998,PL1-2406-3
VR891915,C107598,VA-AC-CH65,2024-08-30,vireo.in,1,1274,CH65-2408-4
VR895389,C103374,VA-SW-NX1,2024-08-30,Flipkart,1,4999,NX1-2407-3
VR896330,C102002,VA-HP-ST2,2024-08-30,vireo.in,1,4749,ST2-2406-3
VR899917,C107565,VA-SW-NX1,2024-08-30,Amazon,1,3999,NX1-2407-4
VR905952,C103721,VA-SW-FIT,2024-08-30,Flipkart,1,1699,FIT-2406-2
VR881067,C109257,VA-SW-NX1,2024-08-31,vireo.in,1,4749,NX1-2406-1
VR882155,C103125,VA-EB-PL1,2024-08-31,vireo.in,1,2249,PL1-2406-1
VR883272,C109274,VA-SP-ORB,2024-08-31,Amazon,1,5399,ORB-2407-1
VR886233,C100278,VA-SP-ORB,2024-08-31,vireo.in,1,4799,ORB-2407-2
VR887072,C105304,VA-EB-PL1,2024-08-31,Amazon,2,4748,PL1-2405-3
VR887542,C106335,VA-SW-NX1,2024-08-31,Amazon,1,4999,NX1-2407-2
VR888329,C109346,VA-NB-ARC,2024-08-31,vireo.in,1,1039,ARC-2407-4
VR889649,C102324,VA-EB-PL1,2024-08-31,vireo.in,1,2499,PL1-2407-3
VR890083,C108946,VA-SP-ORB,2024-08-31,vireo.in,2,11998,ORB-2406-1
VR890767,C100078,VA-HP-ST2,2024-08-31,vireo.in,1,3999,ST2-2407-3
VR891595,C106474,VA-SP-ORB,2024-08-31,vireo.in,1,5999,ORB-2405-4
VR905180,C104998,VA-SP-ORB,2024-08-31,vireo.in,2,11998,ORB-2405-2
VR880703,C106738,VA-HP-ST2,2024-09-01,vireo.in,1,4749,ST2-2405-2
VR881906,C103588,VA-SW-NX1,2024-09-01,Flipkart,1,4999,NX1-2406-4
VR883205,C103501,VA-NB-ARC,2024-09-01,Flipkart,1,1104,ARC-2405-2
VR885100,C109201,VA-EB-PL1,2024-09-01,Amazon,2,4498,PL1-2408-1
VR890336,C100519,VA-SW-FIT,2024-09-01,vireo.in,2,3998,FIT-2407-2
VR892283,C101559,VA-NB-ARC,2024-09-01,Amazon,1,1104,ARC-2406-1
VR893633,C102070,VA-HP-ST2,2024-09-01,vireo.in,1,4499,ST2-2406-4
VR896275,C106595,VA-NB-ARC,2024-09-01,vireo.in,1,1299,ARC-2407-2
VR898005,C100652,VA-EB-PL1,2024-09-01,vireo.in,1,2499,PL1-2407-2
VR902289,C105012,VA-EB-PL1,2024-09-01,vireo.in,1,1999,PL1-2408-4
VR902389,C107940,VA-EB-PL1,2024-09-01,vireo.in,1,2499,PL1-2407-4
VR907356,C100393,VA-EB-PL1,2024-09-01,Amazon,1,2499,PL1-2407-4
VR907746,C101353,VA-SW-FIT,2024-09-01,vireo.in,1,1999,FIT-2406-4
VR908777,C106879,VA-EB-PL1,2024-09-01,Amazon,1,1999,PL1-2407-3
VR909881,C100502,VA-EB-PL1,2024-09-01,Amazon,1,2499,PL1-2407-2
VR882377,C100182,VA-SP-ORB,2024-09-02,Amazon,2,11998,ORB-2406-1
VR885485,C106488,VA-EB-PL1,2024-09-02,vireo.in,1,2499,PL1-2405-3
VR892247,C108374,VA-EB-PL1,2024-09-02,vireo.in,1,2374,PL1-2406-3
VR898207,C101389,VA-EB-PL1,2024-09-02,vireo.in,1,1999,PL1-2407-2
VR901987,C107951,VA-SP-ORB,2024-09-02,Amazon,1,5099,ORB-2407-2
VR904251,C105958,VA-SW-FIT,2024-09-02,vireo.in,1,1799,FIT-2406-4
VR905361,C104654,VA-SW-NX1,2024-09-02,vireo.in,1,3999,NX1-2407-3
VR906105,C106186,VA-AC-CBL,2024-09-02,vireo.in,1,359,CBL-2405-4
VR880290,C104733,VA-HP-ST2,2024-09-03,vireo.in,1,4999,ST2-2407-3
VR883441,C107401,VA-SW-FIT,2024-09-03,vireo.in,1,1899,FIT-2405-3
VR884351,C104204,VA-EB-PL1,2024-09-03,Amazon,1,2124,PL1-2406-2
VR884984,C108122,VA-EB-PL1,2024-09-03,Amazon,1,2124,PL1-2406-4
VR896246,C109497,VA-SW-FIT,2024-09-03,Amazon,1,1699,FIT-2406-1
VR896627,C103592,VA-HP-ST2,2024-09-03,Flipkart,1,4499,ST2-2407-1
VR897143,C108685,VA-SW-NX1,2024-09-03,vireo.in,1,3999,NX1-2407-2
VR908589,C101550,VA-EB-PL1,2024-09-03,vireo.in,1,1999,PL1-2407-1
VR893753,C105208,VA-EB-PL1,2024-09-04,vireo.in,1,2124,PL1-2407-1
VR897356,C102302,VA-HP-ST2,2024-09-04,vireo.in,1,4999,ST2-2406-3
VR898313,C101461,VA-SW-FIT,2024-09-04,vireo.in,1,1799,FIT-2407-2
VR903814,C105073,VA-EB-PL1,2024-09-04,Amazon,1,2249,PL1-2407-3
VR905738,C104767,VA-SP-ORB,2024-09-04,Amazon,1,5099,ORB-2406-4
VR905918,C109489,VA-NB-ARC,2024-09-04,vireo.in,1,1169,ARC-2407-4
VR887580,C109396,VA-SW-FIT,2024-09-05,vireo.in,1,1899,FIT-2407-4
VR891520,C107689,VA-SP-ORB,2024-09-05,vireo.in,1,4799,ORB-2407-3
VR892138,C101075,VA-HP-ST2,2024-09-05,vireo.in,2,9998,ST2-2407-1
VR896440,C104966,VA-SW-FIT,2024-09-05,vireo.in,1,1799,FIT-2408-1
VR906081,C104728,VA-EB-PL1,2024-09-05,Flipkart,1,2499,PL1-2407-1
VR886100,C102935,VA-SW-NX1,2024-09-06,vireo.in,1,4499,NX1-2407-1
VR892787,C107531,VA-AC-CBL,2024-09-06,vireo.in,1,399,CBL-2407-4
VR905841,C101158,VA-SW-FIT,2024-09-06,Amazon,1,1999,FIT-2405-4
VR908004,C108469,VA-NB-ARC,2024-09-06,Amazon,1,1039,ARC-2408-3
VR880491,C106521,VA-HP-ST2,2024-09-07,vireo.in,2,8498,ST2-2408-4
VR905042,C109454,VA-NB-ARC,2024-09-07,Amazon,1,1104,ARC-2407-3
VR882792,C106546,VA-SW-FIT,2024-09-08,vireo.in,1,1999,FIT-2407-4
VR895593,C100640,VA-AC-CBL,2024-09-08,vireo.in,1,319,CBL-2408-1
VR898411,C101369,VA-EB-PL1,2024-09-08,Amazon,1,1999,PL1-2408-3
VR901832,C105719,VA-SP-ORB,2024-09-08,vireo.in,1,5099,ORB-2408-4
VR902804,C104807,VA-AC-CBL,2024-09-08,Amazon,1,379,CBL-2405-1
VR904000,C109154,VA-NB-ARC,2024-09-08,Amazon,1,1169,ARC-2406-4
VR904465,C107233,VA-HP-ST2,2024-09-08,vireo.in,1,4999,ST2-2407-1
VR908619,C101651,VA-NB-ARC,2024-09-08,vireo.in,1,1299,ARC-2406-1
VR880803,C102334,VA-AC-CH65,2024-09-09,Amazon,1,1274,CH65-2406-1
VR883005,C109189,VA-SW-FIT,2024-09-09,vireo.in,1,1999,FIT-2408-2
VR887293,C102346,VA-SP-ORB,2024-09-09,Flipkart,2,11398,ORB-2407-3
VR890645,C106886,VA-HP-ST2,2024-09-09,vireo.in,1,4249,ST2-2406-3
VR898710,C105617,VA-SW-FIT,2024-09-09,Amazon,1,1999,FIT-2408-4
VR904032,C103067,VA-SP-ORB,2024-09-09,vireo.in,1,5999,ORB-2408-1
VR908547,C105011,VA-EB-PL1,2024-09-09,Flipkart,1,2124,PL1-2406-1
VR881094,C109300,VA-HP-ST2,2024-09-10,vireo.in,2,7998,ST2-2407-2
VR883969,C108949,VA-EB-AIR,2024-09-10,Amazon,1,1439,AIR-2407-1
VR884191,C109047,VA-EB-PL1,2024-09-10,vireo.in,1,2499,PL1-2406-3
VR889040,C106823,VA-SW-FIT,2024-09-10,vireo.in,1,1999,FIT-2407-1
VR893924,C108342,VA-SW-NX1,2024-09-10,Flipkart,1,4999,NX1-2407-1
VR901006,C105273,VA-EB-PL1,2024-09-10,vireo.in,1,2499,PL1-2407-3
VR903102,C106826,VA-EB-PL1,2024-09-10,vireo.in,1,2499,PL1-2407-4
VR903516,C107484,VA-SW-NX1,2024-09-10,vireo.in,1,4499,NX1-2407-3
VR903877,C105508,VA-EB-PL1,2024-09-10,vireo.in,1,2499,PL1-2407-2
VR904234,C104339,VA-EB-AIR,2024-09-10,Amazon,1,1619,AIR-2408-4
VR880558,C107669,VA-HP-ST2,2024-09-11,vireo.in,1,4249,ST2-2407-2
VR884066,C101047,VA-AC-CH65,2024-09-11,Amazon,1,1349,CH65-2407-4
VR884891,C107183,VA-EB-AIR,2024-09-11,vireo.in,1,1439,AIR-2408-4
VR886252,C101826,VA-SW-FIT,2024-09-11,Flipkart,1,1999,FIT-2408-3
VR886529,C101371,VA-EB-PL1,2024-09-11,vireo.in,1,2124,PL1-2407-1
VR898380,C108221,VA-SW-FIT,2024-09-11,Amazon,1,1599,FIT-2408-3
VR898972,C103720,VA-EB-PL1,2024-09-11,vireo.in,1,2374,PL1-2407-2
VR904224,C105621,VA-SW-NX1,2024-09-11,vireo.in,1,4749,NX1-2407-3
VR904547,C105137,VA-SW-FIT,2024-09-11,vireo.in,1,1899,FIT-2408-3
VR906819,C108061,VA-EB-PL1,2024-09-11,Amazon,1,1999,PL1-2406-1
VR883429,C103646,VA-NB-ARC,2024-09-12,vireo.in,1,1234,ARC-2407-4
VR883709,C100589,VA-EB-AIR,2024-09-12,vireo.in,2,3598,AIR-2407-3
VR887876,C102383,VA-EB-PL1,2024-09-12,Flipkart,1,2499,PL1-2406-4
VR890489,C104733,VA-EB-AIR,2024-09-12,vireo.in,1,1439,AIR-2408-4
VR895011,C104871,VA-EB-AIR,2024-09-12,Amazon,1,1799,AIR-2405-1
VR899550,C108724,VA-EB-PL1,2024-09-12,vireo.in,1,2499,PL1-2407-1
VR900839,C102527,VA-NB-ARC,2024-09-12,vireo.in,1,1169,ARC-2407-2
VR904586,C104244,VA-SW-FIT,2024-09-12,vireo.in,1,1699,FIT-2405-1
VR905625,C104810,VA-EB-PL1,2024-09-12,vireo.in,1,2499,PL1-2407-2
VR908341,C106800,VA-EB-AIR,2024-09-12,vireo.in,2,2878,AIR-2407-3
VR881393,C105995,VA-EB-AIR,2024-09-13,vireo.in,1,1799,AIR-2406-4
VR882408,C104078,VA-SW-FIT,2024-09-13,vireo.in,1,1999,FIT-2406-2
VR884729,C104658,VA-HP-ST2,2024-09-13,vireo.in,1,4249,ST2-2406-2
VR887346,C101091,VA-EB-PL1,2024-09-13,vireo.in,1,1999,PL1-2407-4
VR888358,C109037,VA-SP-ORB,2024-09-13,vireo.in,1,5699,ORB-2407-4
VR891366,C101785,VA-SP-ORB,2024-09-13,Amazon,2,10798,ORB-2408-4
VR895757,C101681,VA-SW-FIT,2024-09-13,Flipkart,1,1999,FIT-2407-3
VR897734,C106311,VA-EB-PL1,2024-09-13,Flipkart,2,4748,PL1-2407-2
VR900575,C102568,VA-EB-AIR,2024-09-13,Amazon,1,1619,AIR-2406-1
VR908214,C105662,VA-SP-ORB,2024-09-13,Flipkart,1,5099,ORB-2406-1
VR908596,C100067,VA-SP-ORB,2024-09-13,Amazon,1,5999,ORB-2408-3
VR882191,C106242,VA-EB-AIR,2024-09-14,Flipkart,1,1619,AIR-2407-3
VR883334,C106066,VA-SW-NX1,2024-09-14,vireo.in,1,4499,NX1-2407-2
VR885252,C108696,VA-AC-CH65,2024-09-14,vireo.in,2,2548,CH65-2407-4
VR889952,C104046,VA-SW-NX1,2024-09-14,vireo.in,1,4999,NX1-2408-3
VR890412,C102325,VA-AC-CBL,2024-09-14,Amazon,1,399,CBL-2406-2
VR893949,C106356,VA-AC-CH65,2024-09-14,vireo.in,1,1199,CH65-2406-3
VR902382,C102624,VA-NB-ARC,2024-09-14,Amazon,1,1299,ARC-2407-1
VR904074,C103346,VA-SW-NX1,2024-09-14,Flipkart,1,4999,NX1-2406-4
VR904157,C102344,VA-EB-AIR,2024-09-14,Amazon,1,1529,AIR-2407-2
VR904257,C108067,VA-EB-AIR,2024-09-14,Flipkart,1,1799,AIR-2408-4
VR907944,C102435,VA-HP-ST2,2024-09-14,Amazon,1,4999,ST2-2406-1
VR908381,C105766,VA-SW-FIT,2024-09-14,vireo.in,1,1999,FIT-2406-4
VR880526,C100034,VA-AC-CBL,2024-09-15,Amazon,1,379,CBL-2406-4
VR880697,C103399,VA-EB-AIR,2024-09-15,vireo.in,1,1799,AIR-2407-1
VR882829,C107380,VA-HP-ST2,2024-09-15,Flipkart,1,4749,ST2-2407-1
VR886569,C103931,VA-EB-AIR,2024-09-15,vireo.in,1,1709,AIR-2408-3
VR889494,C103853,VA-EB-PL1,2024-09-15,vireo.in,1,2249,PL1-2406-4
VR891706,C102447,VA-SW-NX1,2024-09-15,vireo.in,1,4499,NX1-2406-2
VR898424,C101756,VA-EB-AIR,2024-09-15,vireo.in,2,3598,AIR-2407-3
VR900707,C103738,VA-EB-PL1,2024-09-15,vireo.in,1,1999,PL1-2407-4
VR904739,C101263,VA-EB-PL1,2024-09-15,vireo.in,1,2499,PL1-2407-2
VR907226,C100608,VA-EB-PL1,2024-09-15,vireo.in,1,1999,PL1-2405-1
VR880337,C107923,VA-EB-AIR,2024-09-16,Flipkart,1,1529,AIR-2408-2
VR883233,C100404,VA-SW-NX1,2024-09-16,vireo.in,1,4999,NX1-2406-3
VR883462,C101453,VA-SW-FIT,2024-09-16,Amazon,1,1599,FIT-2406-2
VR897076,C108442,VA-EB-PL1,2024-09-16,vireo.in,1,2249,PL1-2406-2
VR897919,C104034,VA-SW-NX1,2024-09-16,vireo.in,1,4249,NX1-2407-3
VR905626,C102530,VA-EB-PL1,2024-09-16,vireo.in,1,2249,PL1-2408-3
VR908534,C106190,VA-HP-ST2,2024-09-16,Flipkart,1,4499,ST2-2407-3
VR881463,C108419,VA-SW-FIT,2024-09-17,Amazon,1,1699,FIT-2408-3
VR883426,C106204,VA-EB-PL1,2024-09-17,vireo.in,1,2499,PL1-2408-3
VR883656,C108236,VA-HP-ST2,2024-09-17,Amazon,1,4999,ST2-2408-4
VR892889,C104843,VA-EB-AIR,2024-09-17,vireo.in,1,1799,AIR-2406-2
VR894908,C102126,VA-SW-NX1,2024-09-17,vireo.in,1,4999,NX1-2408-2
VR895581,C107465,VA-EB-PL1,2024-09-17,Amazon,1,2249,PL1-2407-1
VR895989,C103224,VA-EB-AIR,2024-09-17,vireo.in,1,1439,AIR-2406-2
VR900366,C100051,VA-AC-CH65,2024-09-17,Amazon,1,1274,CH65-2407-1
VR906456,C108234,VA-SW-FIT,2024-09-17,vireo.in,1,1999,FIT-2408-4
VR906707,C105391,VA-NB-ARC,2024-09-17,vireo.in,2,2598,ARC-2408-1
VR907124,C101481,VA-EB-PL1,2024-09-17,vireo.in,1,1999,PL1-2407-1
VR882804,C104715,VA-EB-AIR,2024-09-18,vireo.in,1,1709,AIR-2408-3
VR882855,C106226,VA-SW-NX1,2024-09-18,vireo.in,1,4999,NX1-2406-4
VR886584,C103744,VA-AC-CBL,2024-09-18,Amazon,1,399,CBL-2407-1
VR887651,C102006,VA-EB-AIR,2024-09-18,Flipkart,1,1799,AIR-2407-4
VR888372,C103504,VA-NB-ARC,2024-09-18,vireo.in,1,1104,ARC-2406-2
VR889385,C109255,VA-AC-CH65,2024-09-18,Amazon,2,2398,CH65-2407-4
VR891394,C102110,VA-EB-PL1,2024-09-18,vireo.in,1,2499,PL1-2407-4
VR895331,C101672,VA-EB-PL1,2024-09-18,Amazon,1,2374,PL1-2407-4
VR897507,C103381,VA-NB-ARC,2024-09-18,vireo.in,1,1299,ARC-2407-3
VR899476,C108619,VA-AC-CBL,2024-09-18,vireo.in,1,379,CBL-2407-4
VR880008,C102910,VA-SW-FIT,2024-09-19,vireo.in,1,1999,FIT-2406-1
VR884475,C102612,VA-EB-AIR,2024-09-19,vireo.in,1,1439,AIR-2407-3
VR885611,C101252,VA-HP-ST2,2024-09-19,vireo.in,1,4499,ST2-2406-3
VR886429,C102044,VA-SW-FIT,2024-09-19,vireo.in,1,1999,FIT-2407-3
VR886550,C100470,VA-SW-NX1,2024-09-19,Flipkart,1,4249,NX1-2407-1
VR888285,C107919,VA-AC-CH65,2024-09-19,vireo.in,1,1424,CH65-2407-2
VR889011,C108785,VA-EB-PL1,2024-09-19,Flipkart,2,4748,PL1-2408-1
VR889054,C103168,VA-SP-ORB,2024-09-19,vireo.in,1,5999,ORB-2406-3
VR895275,C102373,VA-SW-NX1,2024-09-19,vireo.in,1,4249,NX1-2408-1
VR898070,C101095,VA-SW-FIT,2024-09-19,Amazon,1,1899,FIT-2406-3
VR899191,C109424,VA-SW-FIT,2024-09-19,Flipkart,1,1999,FIT-2406-1
VR902400,C101292,VA-HP-ST2,2024-09-19,Flipkart,1,4749,ST2-2408-2
VR903058,C108690,VA-SP-ORB,2024-09-19,Amazon,1,5099,ORB-2408-3
VR909230,C108649,VA-EB-PL1,2024-09-19,vireo.in,1,2499,PL1-2407-3
VR909251,C101776,VA-SW-NX1,2024-09-19,Flipkart,1,4249,NX1-2407-4
VR880317,C109471,VA-SW-FIT,2024-09-20,vireo.in,1,1899,FIT-2408-2
VR880916,C105252,VA-AC-CH65,2024-09-20,vireo.in,1,1499,CH65-2406-1
VR881339,C103028,VA-SP-ORB,2024-09-20,Flipkart,1,5399,ORB-2407-4
VR882666,C106152,VA-EB-PL1,2024-09-20,vireo.in,1,2499,PL1-2406-1
VR882900,C109235,VA-SW-FIT,2024-09-20,Flipkart,1,1599,FIT-2407-3
VR885052,C106374,VA-EB-PL1,2024-09-20,vireo.in,1,2249,PL1-2407-2
VR889755,C104754,VA-SW-NX1,2024-09-20,vireo.in,1,4749,NX1-2406-4
VR890118,C104922,VA-EB-PL1,2024-09-20,Amazon,1,2499,PL1-2408-2
VR893114,C101747,VA-AC-CBL,2024-09-20,vireo.in,1,379,CBL-2407-2
VR896873,C106273,VA-EB-PL1,2024-09-20,vireo.in,1,2499,PL1-2407-3
VR898071,C108412,VA-NB-ARC,2024-09-20,vireo.in,1,1169,ARC-2406-1
VR899532,C101271,VA-EB-PL1,2024-09-20,vireo.in,1,2124,PL1-2407-1
VR905122,C102876,VA-EB-PL1,2024-09-20,vireo.in,1,2499,PL1-2407-2
VR907804,C101242,VA-EB-AIR,2024-09-20,Flipkart,1,1529,AIR-2407-4
VR909642,C104513,VA-EB-AIR,2024-09-20,Amazon,1,1799,AIR-2408-3
VR883693,C103147,VA-EB-PL1,2024-09-21,vireo.in,1,2499,PL1-2406-1
VR887939,C107661,VA-EB-AIR,2024-09-21,vireo.in,1,1799,AIR-2407-3
VR893022,C109496,VA-SP-ORB,2024-09-21,vireo.in,1,5699,ORB-2406-3
VR893786,C100224,VA-EB-PL1,2024-09-21,Flipkart,1,2374,PL1-2408-1
VR894979,C101466,VA-EB-PL1,2024-09-21,vireo.in,1,2124,PL1-2407-4
VR901734,C106271,VA-AC-CH65,2024-09-21,Amazon,1,1424,CH65-2407-2
VR903332,C100774,VA-SW-NX1,2024-09-21,Amazon,1,4749,NX1-2408-2
VR882972,C101618,VA-SP-ORB,2024-09-22,vireo.in,1,5699,ORB-2407-2
VR887016,C104341,VA-SP-ORB,2024-09-22,Amazon,1,5999,ORB-2407-2
VR887504,C104852,VA-EB-AIR,2024-09-22,vireo.in,1,1439,AIR-2408-2
VR888565,C104303,VA-EB-PL1,2024-09-22,vireo.in,1,2124,PL1-2408-3
VR892140,C108386,VA-NB-ARC,2024-09-22,Amazon,1,1104,ARC-2408-1
VR892735,C100786,VA-AC-CH65,2024-09-22,Amazon,1,1199,CH65-2407-4
VR900818,C109069,VA-EB-PL1,2024-09-22,Amazon,1,2124,PL1-2406-1
VR903169,C108284,VA-SW-FIT,2024-09-22,vireo.in,1,1999,FIT-2406-2
VR907112,C102833,VA-EB-AIR,2024-09-22,Amazon,1,1529,AIR-2407-3
VR908690,C106879,VA-EB-PL1,2024-09-22,Amazon,1,2499,PL1-2408-1
VR884834,C105789,VA-EB-AIR,2024-09-23,vireo.in,1,1799,AIR-2407-1
VR885047,C105728,VA-EB-AIR,2024-09-23,Amazon,1,1799,AIR-2408-2
VR891196,C106197,VA-EB-PL1,2024-09-23,vireo.in,1,2124,PL1-2408-1
VR893791,C104959,VA-EB-AIR,2024-09-23,vireo.in,1,1619,AIR-2407-4
VR898324,C103171,VA-SP-ORB,2024-09-23,Amazon,1,5099,ORB-2408-2
VR904508,C100677,VA-SW-NX1,2024-09-23,Flipkart,1,4749,NX1-2407-1
VR905741,C104960,VA-EB-AIR,2024-09-23,Amazon,1,1439,AIR-2408-3
VR908779,C104049,VA-SP-ORB,2024-09-23,Flipkart,1,5999,ORB-2407-4
VR909154,C100619,VA-NB-ARC,2024-09-23,Flipkart,1,1104,ARC-2408-1
VR883024,C102867,VA-SW-FIT,2024-09-24,vireo.in,1,1999,FIT-2406-3
VR891718,C103498,VA-EB-PL1,2024-09-24,Amazon,1,2124,PL1-2408-3
VR893014,C104035,VA-EB-PL1,2024-09-24,vireo.in,1,2124,PL1-2407-4
VR895940,C105419,VA-EB-PL1,2024-09-24,Amazon,1,2124,PL1-2408-1
VR899363,C104025,VA-NB-ARC,2024-09-24,vireo.in,1,1299,ARC-2407-2
VR901863,C106899,VA-EB-PL1,2024-09-24,vireo.in,1,2249,PL1-2407-1
VR901971,C105735,VA-EB-AIR,2024-09-24,vireo.in,2,3058,AIR-2407-4
VR889783,C107721,VA-NB-ARC,2024-09-25,Amazon,1,1234,ARC-2406-4
VR896316,C102762,VA-EB-AIR,2024-09-25,Amazon,1,1799,AIR-2408-3
VR897719,C100407,VA-EB-AIR,2024-09-25,vireo.in,1,1799,AIR-2406-1
VR900002,C103317,VA-EB-AIR,2024-09-25,Flipkart,1,1439,AIR-2407-4
VR903908,C107822,VA-SP-ORB,2024-09-25,Flipkart,2,9598,ORB-2406-1
VR883315,C103922,VA-SW-NX1,2024-09-26,vireo.in,2,7998,NX1-2407-3
VR888026,C107900,VA-EB-AIR,2024-09-26,Amazon,1,1799,AIR-2408-2
VR888573,C105724,VA-HP-ST2,2024-09-26,vireo.in,1,4749,ST2-2407-4
VR892784,C102499,VA-EB-AIR,2024-09-26,vireo.in,1,1799,AIR-2408-2
VR893709,C100825,VA-EB-PL1,2024-09-26,Amazon,1,2374,PL1-2407-1
VR896280,C105531,VA-SW-FIT,2024-09-26,vireo.in,1,1999,FIT-2406-4
VR896890,C108134,VA-SP-ORB,2024-09-26,vireo.in,1,5099,ORB-2407-3
VR899776,C102073,VA-SP-ORB,2024-09-26,Amazon,1,5399,ORB-2407-3
VR901143,C104108,VA-EB-PL1,2024-09-26,vireo.in,1,2374,PL1-2407-2
VR902160,C102542,VA-EB-PL1,2024-09-26,Amazon,1,2499,PL1-2408-2
VR902643,C109295,VA-SW-NX1,2024-09-26,vireo.in,1,4999,NX1-2406-2
VR903450,C105067,VA-AC-CBL,2024-09-26,vireo.in,1,319,CBL-2408-3
VR903883,C107945,VA-HP-ST2,2024-09-26,vireo.in,1,4749,ST2-2407-2
VR907537,C104318,VA-EB-AIR,2024-09-26,Amazon,1,1799,AIR-2408-4
VR909313,C101545,VA-HP-ST2,2024-09-26,Amazon,1,4999,ST2-2408-3
VR881735,C101768,VA-SW-FIT,2024-09-27,Amazon,1,1999,FIT-2406-4
VR885619,C104785,VA-SW-FIT,2024-09-27,vireo.in,1,1699,FIT-2408-1
VR887709,C106909,VA-EB-PL1,2024-09-27,Amazon,1,2374,PL1-2407-2
VR896010,C100002,VA-EB-PL1,2024-09-27,vireo.in,1,2124,PL1-2409-2
VR897664,C105681,VA-HP-ST2,2024-09-27,Flipkart,1,4999,ST2-2408-1
VR899560,C108318,VA-EB-PL1,2024-09-27,vireo.in,1,2499,PL1-2407-4
VR904491,C103313,VA-EB-AIR,2024-09-27,vireo.in,2,3058,AIR-2408-4
VR904937,C102995,VA-HP-ST2,2024-09-27,vireo.in,1,4749,ST2-2407-1
VR882091,C102675,VA-AC-CBL,2024-09-28,Amazon,1,359,CBL-2408-4
VR888833,C108098,VA-EB-PL1,2024-09-28,vireo.in,1,2374,PL1-2407-4
VR889291,C101949,VA-HP-ST2,2024-09-28,Flipkart,1,4249,ST2-2406-1
VR890401,C101249,VA-SP-ORB,2024-09-28,Amazon,1,5099,ORB-2408-2
VR896485,C103327,VA-EB-AIR,2024-09-28,vireo.in,1,1709,AIR-2407-4
VR901007,C107145,VA-EB-AIR,2024-09-28,vireo.in,1,1439,AIR-2406-2
VR901226,C108551,VA-HP-ST2,2024-09-28,vireo.in,1,4499,ST2-2408-4
VR901723,C103202,VA-EB-PL1,2024-09-28,Amazon,1,2499,PL1-2408-2
VR903226,C107050,VA-AC-CBL,2024-09-28,Amazon,1,399,CBL-2407-1
VR903522,C102878,VA-EB-AIR,2024-09-28,Amazon,1,1529,AIR-2406-1
VR903580,C103975,VA-EB-AIR,2024-09-28,Amazon,1,1799,AIR-2406-3
VR909069,C101316,VA-SW-NX1,2024-09-28,Amazon,1,4749,NX1-2407-4
VR882479,C103833,VA-HP-ST2,2024-09-29,vireo.in,1,3999,ST2-2407-2
VR882767,C102079,VA-SW-FIT,2024-09-29,Amazon,1,1699,FIT-2407-2
VR883051,C108353,VA-AC-CBL,2024-09-29,Amazon,1,339,CBL-2409-3
VR884941,C106314,VA-NB-ARC,2024-09-29,vireo.in,1,1039,ARC-2407-1
VR886827,C103258,VA-EB-PL1,2024-09-29,Amazon,1,2249,PL1-2408-3
VR891532,C102765,VA-NB-ARC,2024-09-29,Amazon,1,1039,ARC-2408-2
VR892729,C106254,VA-EB-PL1,2024-09-29,Flipkart,1,2499,PL1-2408-4
VR899515,C105819,VA-SW-NX1,2024-09-29,Amazon,1,4249,NX1-2407-3
VR902507,C103772,VA-SP-ORB,2024-09-29,Amazon,1,5099,ORB-2408-1
VR905525,C100510,VA-EB-AIR,2024-09-29,vireo.in,1,1709,AIR-2406-2
VR882806,C104066,VA-EB-PL1,2024-09-30,vireo.in,1,2249,PL1-2407-1
VR886878,C106804,VA-EB-AIR,2024-09-30,vireo.in,1,1799,AIR-2406-3
VR889072,C100311,VA-EB-AIR,2024-09-30,vireo.in,1,1799,AIR-2407-2
VR890283,C102802,VA-AC-CH65,2024-09-30,vireo.in,1,1349,CH65-2406-3
VR897834,C106362,VA-EB-PL1,2024-09-30,Amazon,1,2249,PL1-2408-1
VR900011,C101777,VA-SW-FIT,2024-09-30,Amazon,1,1999,FIT-2406-2
VR901432,C103416,VA-EB-PL1,2024-09-30,vireo.in,1,2374,PL1-2406-4
VR906346,C103192,VA-AC-CBL,2024-09-30,Flipkart,1,359,CBL-2408-1
VR906735,C102298,VA-EB-AIR,2024-09-30,Amazon,1,1799,AIR-2407-3
VR885116,C107654,VA-AC-CH65,2024-10-01,Amazon,1,1499,CH65-2406-1
VR887636,C105528,VA-HP-ST2,2024-10-01,vireo.in,1,4749,ST2-2407-3
VR888659,C106178,VA-EB-PL1,2024-10-01,Amazon,1,2124,PL1-2409-3
VR891099,C106166,VA-SW-FIT,2024-10-01,vireo.in,1,1899,FIT-2409-4
VR891831,C104525,VA-HP-ST2,2024-10-01,vireo.in,1,4499,ST2-2409-3
VR892606,C100777,VA-SP-ORB,2024-10-01,Amazon,1,5699,ORB-2406-3
VR893680,C106823,VA-EB-PL1,2024-10-01,Amazon,1,2124,PL1-2408-1
VR896171,C102448,VA-AC-CBL,2024-10-01,vireo.in,1,319,CBL-2408-1
VR897604,C103044,VA-EB-PL1,2024-10-01,vireo.in,1,2499,PL1-2408-3
VR901951,C105849,VA-HP-ST2,2024-10-01,vireo.in,1,4999,ST2-2407-1
VR902035,C108706,VA-EB-AIR,2024-10-01,vireo.in,1,1529,AIR-2407-3
VR902933,C100297,VA-EB-AIR,2024-10-01,vireo.in,1,1799,AIR-2408-1
VR902966,C103173,VA-EB-AIR,2024-10-01,vireo.in,1,1799,AIR-2408-3
VR904192,C100182,VA-SW-NX1,2024-10-01,vireo.in,1,4499,NX1-2408-3
VR907567,C108974,VA-NB-ARC,2024-10-01,Flipkart,1,1234,ARC-2408-2
VR908749,C102199,VA-EB-PL1,2024-10-01,vireo.in,1,2499,PL1-2408-4
VR881271,C107057,VA-EB-PL1,2024-10-02,Amazon,1,1999,PL1-2408-3
VR887234,C102712,VA-SP-ORB,2024-10-02,Amazon,1,5099,ORB-2408-2
VR890346,C100102,VA-EB-PL1,2024-10-02,vireo.in,1,2124,PL1-2407-3
VR896452,C101044,VA-NB-ARC,2024-10-02,vireo.in,1,1039,ARC-2407-4
VR899384,C102527,VA-EB-PL1,2024-10-02,vireo.in,1,2374,PL1-2409-4
VR901240,C108683,VA-SW-FIT,2024-10-02,Amazon,1,1799,FIT-2408-1
VR903738,C103330,VA-SP-ORB,2024-10-02,vireo.in,1,5399,ORB-2407-4
VR904917,C103250,VA-EB-AIR,2024-10-02,vireo.in,1,1529,AIR-2408-4
VR905570,C103041,VA-SP-ORB,2024-10-02,vireo.in,1,4799,ORB-2406-2
VR905700,C104245,VA-SW-FIT,2024-10-02,vireo.in,1,1599,FIT-2406-2
VR906881,C100085,VA-EB-PL1,2024-10-02,vireo.in,1,2374,PL1-2406-1
VR880823,C102934,VA-EB-PL1,2024-10-03,vireo.in,2,4498,PL1-2409-4
VR882680,C103542,VA-EB-PL1,2024-10-03,Amazon,1,2124,PL1-2406-3
VR884406,C109258,VA-SP-ORB,2024-10-03,vireo.in,1,5099,ORB-2408-2
VR884444,C106704,VA-EB-AIR,2024-10-03,vireo.in,1,1799,AIR-2407-4
VR887830,C108584,VA-EB-PL1,2024-10-03,Amazon,1,2374,PL1-2407-3
VR889186,C104372,VA-EB-PL1,2024-10-03,vireo.in,1,2374,PL1-2408-3
VR891118,C101704,VA-EB-AIR,2024-10-03,vireo.in,2,3058,AIR-2406-2
VR891339,C108222,VA-EB-AIR,2024-10-03,Amazon,2,3598,AIR-2408-1
VR893828,C106764,VA-EB-AIR,2024-10-03,vireo.in,1,1799,AIR-2406-2
VR895637,C107996,VA-SP-ORB,2024-10-03,Amazon,1,5099,ORB-2407-2
VR896601,C103050,VA-HP-ST2,2024-10-03,vireo.in,1,4499,ST2-2409-4
VR898512,C102483,VA-SW-FIT,2024-10-03,Amazon,1,1999,FIT-2406-3
VR900986,C105548,VA-EB-AIR,2024-10-03,vireo.in,1,1619,AIR-2408-3
VR902520,C102186,VA-SP-ORB,2024-10-03,vireo.in,1,5999,ORB-2408-4
VR906963,C108843,VA-EB-PL1,2024-10-03,vireo.in,2,3998,PL1-2406-3
VR882899,C105545,VA-SP-ORB,2024-10-04,vireo.in,1,5999,ORB-2409-1
VR883318,C106545,VA-EB-PL1,2024-10-04,vireo.in,1,2499,PL1-2406-2
VR883376,C104949,VA-SW-FIT,2024-10-04,Flipkart,1,1999,FIT-2406-3
VR884893,C108963,VA-EB-AIR,2024-10-04,vireo.in,1,1799,AIR-2407-1
VR886496,C108102,VA-AC-CBL,2024-10-04,vireo.in,1,399,CBL-2408-4
VR892745,C105474,VA-EB-AIR,2024-10-04,vireo.in,1,1799,AIR-2408-4
VR896351,C100453,VA-EB-AIR,2024-10-04,Flipkart,1,1709,AIR-2406-4
VR897949,C106430,VA-EB-AIR,2024-10-04,Amazon,1,1799,AIR-2407-2
VR903364,C106736,VA-EB-AIR,2024-10-04,Amazon,1,1439,AIR-2408-1
VR903582,C107697,VA-EB-PL1,2024-10-04,vireo.in,1,2499,PL1-2408-2
VR910027,C108104,VA-EB-PL1,2024-10-04,vireo.in,1,2124,PL1-2407-1
VR881973,C101767,VA-SW-FIT,2024-10-05,Flipkart,1,1699,FIT-2407-3
VR884863,C107578,VA-SW-FIT,2024-10-05,vireo.in,1,1899,FIT-2408-2
VR885982,C109230,VA-NB-ARC,2024-10-05,vireo.in,1,1104,ARC-2408-2
VR891212,C108404,VA-SP-ORB,2024-10-05,vireo.in,1,5399,ORB-2408-4
VR892279,C100498,VA-EB-PL1,2024-10-05,vireo.in,1,2124,PL1-2408-1
VR892489,C108146,VA-EB-AIR,2024-10-05,vireo.in,1,1439,AIR-2408-2
VR892659,C107033,VA-AC-CH65,2024-10-05,vireo.in,1,1499,CH65-2407-4
VR894539,C109402,VA-NB-ARC,2024-10-05,vireo.in,1,1169,ARC-2407-3
VR895037,C107926,VA-EB-PL1,2024-10-05,vireo.in,1,2124,PL1-2406-3
VR895515,C106874,VA-EB-AIR,2024-10-05,Flipkart,1,1799,AIR-2409-1
VR895874,C101356,VA-SW-FIT,2024-10-05,Flipkart,1,1699,FIT-2406-2
VR896739,C109091,VA-EB-PL1,2024-10-05,Amazon,1,2499,PL1-2407-4
VR898496,C101636,VA-EB-AIR,2024-10-05,vireo.in,1,1799,AIR-2408-4
VR901928,C108962,VA-HP-ST2,2024-10-05,Amazon,1,4999,ST2-2407-1
VR903199,C104622,VA-NB-ARC,2024-10-05,Amazon,1,1234,ARC-2408-1
VR909579,C102294,VA-EB-AIR,2024-10-05,vireo.in,1,1799,AIR-2407-4
VR909907,C107288,VA-SP-ORB,2024-10-05,vireo.in,1,5999,ORB-2407-3
VR880925,C107361,VA-SW-FIT,2024-10-06,Flipkart,1,1999,FIT-2407-4
VR884597,C106087,VA-SP-ORB,2024-10-06,Flipkart,1,5999,ORB-2409-4
VR884629,C103382,VA-SP-ORB,2024-10-06,vireo.in,1,5999,ORB-2408-4
VR887015,C105329,VA-EB-PL1,2024-10-06,vireo.in,1,2374,PL1-2409-1
VR887832,C108231,VA-HP-ST2,2024-10-06,Amazon,1,4749,ST2-2408-3
VR890676,C103116,VA-EB-AIR,2024-10-06,Amazon,1,1619,AIR-2408-2
VR890913,C100997,VA-EB-AIR,2024-10-06,Flipkart,1,1799,AIR-2408-1
VR892222,C100782,VA-HP-ST2,2024-10-06,Amazon,1,4999,ST2-2408-1
VR896362,C100185,VA-SW-NX1,2024-10-06,vireo.in,1,4749,NX1-2406-3
VR898270,C103671,VA-NB-ARC,2024-10-06,vireo.in,1,1234,ARC-2407-4
VR901355,C103391,VA-EB-AIR,2024-10-06,vireo.in,1,1799,AIR-2408-4
VR902918,C104205,VA-EB-PL1,2024-10-06,vireo.in,1,2499,PL1-2408-4
VR904151,C104741,VA-EB-AIR,2024-10-06,vireo.in,2,2878,AIR-2406-4
VR904633,C108598,VA-NB-ARC,2024-10-06,vireo.in,1,1299,ARC-2407-3
VR906507,C104211,VA-SW-FIT,2024-10-06,vireo.in,1,1999,FIT-2408-2
VR908516,C107857,VA-NB-ARC,2024-10-06,vireo.in,1,1234,ARC-2408-2
VR884550,C101061,VA-EB-AIR,2024-10-07,Flipkart,1,1799,AIR-2407-1
VR885271,C100446,VA-EB-AIR,2024-10-07,Amazon,1,1799,AIR-2408-4
VR887161,C103351,VA-EB-PL1,2024-10-07,vireo.in,2,4748,PL1-2406-4
VR887889,C102866,VA-SW-NX1,2024-10-07,Amazon,1,4999,NX1-2407-3
VR888624,C105559,VA-EB-PL1,2024-10-07,Amazon,2,3998,PL1-2408-4
VR889360,C108170,VA-AC-CBL,2024-10-07,Flipkart,1,319,CBL-2408-4
VR891229,C102806,VA-EB-AIR,2024-10-07,Amazon,1,1529,AIR-2407-3
VR894025,C106618,VA-EB-PL1,2024-10-07,Amazon,1,2249,PL1-2409-4
VR894889,C107504,VA-EB-PL1,2024-10-07,vireo.in,1,2249,PL1-2408-4
VR895734,C106815,VA-EB-AIR,2024-10-07,vireo.in,1,1619,AIR-2409-3
VR902349,C109208,VA-EB-PL1,2024-10-07,vireo.in,1,1999,PL1-2409-4
VR904907,C101350,VA-EB-PL1,2024-10-07,Amazon,1,2374,PL1-2408-4
VR905761,C101799,VA-SW-NX1,2024-10-07,Amazon,1,4999,NX1-2409-3
VR906160,C101450,VA-EB-PL1,2024-10-07,Amazon,1,2249,PL1-2409-2
VR906637,C100418,VA-NB-ARC,2024-10-07,vireo.in,1,1169,ARC-2408-3
VR906987,C108160,VA-SW-FIT,2024-10-07,vireo.in,1,1999,FIT-2407-4
VR881943,C104378,VA-HP-ST2,2024-10-08,Amazon,2,8998,ST2-2407-3
VR882869,C108865,VA-HP-ST2,2024-10-08,Amazon,1,3999,ST2-2409-4
VR883248,C108500,VA-EB-AIR,2024-10-08,vireo.in,1,1709,AIR-2407-4
VR890331,C106028,VA-SP-ORB,2024-10-08,vireo.in,1,4799,ORB-2408-4
VR895950,C102761,VA-SW-NX1,2024-10-08,vireo.in,1,4249,NX1-2407-1
VR896031,C105607,VA-SW-FIT,2024-10-08,Amazon,1,1999,FIT-2406-2
VR899323,C100629,VA-EB-PL1,2024-10-08,vireo.in,1,2499,PL1-2407-3
VR900433,C106016,VA-EB-AIR,2024-10-08,vireo.in,1,1709,AIR-2407-2
VR903756,C101353,VA-EB-PL1,2024-10-08,vireo.in,1,2124,PL1-2408-3
VR881474,C106454,VA-NB-ARC,2024-10-09,Amazon,2,2598,ARC-2409-4
VR884045,C105892,VA-SW-FIT,2024-10-09,vireo.in,1,1699,FIT-2408-3
VR885345,C109035,VA-EB-AIR,2024-10-09,Amazon,1,1799,AIR-2407-2
VR892733,C102778,VA-SW-NX1,2024-10-09,Amazon,1,4999,NX1-2406-2
VR895443,C106374,VA-EB-PL1,2024-10-09,vireo.in,1,2499,PL1-2408-3
VR900910,C102923,VA-SW-NX1,2024-10-09,Amazon,1,4999,NX1-2407-1
VR903920,C104411,VA-EB-AIR,2024-10-09,vireo.in,1,1799,AIR-2408-4
VR908614,C106801,VA-EB-AIR,2024-10-09,Amazon,2,3418,AIR-2406-4
VR909116,C103186,VA-AC-CH65,2024-10-09,vireo.in,1,1274,CH65-2406-2
VR883756,C103959,VA-EB-AIR,2024-10-10,Amazon,1,1799,AIR-2407-1
VR886779,C106195,VA-AC-CH65,2024-10-10,vireo.in,1,1499,CH65-2409-3
VR886891,C104710,VA-SW-NX1,2024-10-10,vireo.in,1,3999,NX1-2408-4
VR887302,C101138,VA-SW-NX1,2024-10-10,Amazon,1,4249,NX1-2409-2
VR890105,C103798,VA-SW-NX1,2024-10-10,Flipkart,1,4999,NX1-2408-1
VR891526,C105586,VA-EB-PL1,2024-10-10,Amazon,1,2249,PL1-2409-1
VR893569,C108962,VA-EB-PL1,2024-10-10,Flipkart,1,2124,PL1-2409-2
VR893865,C104491,VA-EB-AIR,2024-10-10,Amazon,1,1709,AIR-2409-3
VR898066,C108001,VA-EB-PL1,2024-10-10,Amazon,1,2249,PL1-2408-2
VR900082,C109067,VA-HP-ST2,2024-10-10,Amazon,1,3999,ST2-2407-4
VR904076,C106467,VA-NB-ARC,2024-10-10,vireo.in,1,1234,ARC-2407-2
VR904689,C105428,VA-EB-PL1,2024-10-10,Amazon,1,2499,PL1-2406-4
VR905671,C101193,VA-EB-PL1,2024-10-10,vireo.in,1,2124,PL1-2407-1
VR906187,C100327,VA-EB-PL1,2024-10-10,vireo.in,1,1999,PL1-2409-3
VR909566,C109392,VA-HP-ST2,2024-10-10,vireo.in,1,4749,ST2-2406-1
VR880157,C109359,VA-SW-NX1,2024-10-11,Flipkart,1,4749,NX1-2407-2
VR880528,C108721,VA-EB-PL1,2024-10-11,Flipkart,1,2124,PL1-2409-1
VR882126,C107083,VA-NB-ARC,2024-10-11,vireo.in,1,1234,ARC-2406-2
VR882594,C106738,VA-EB-AIR,2024-10-11,Flipkart,1,1529,AIR-2408-1
VR884169,C100923,VA-SW-NX1,2024-10-11,vireo.in,1,4999,NX1-2406-1
VR885730,C108746,VA-SW-FIT,2024-10-11,Flipkart,1,1899,FIT-2408-3
VR890481,C104461,VA-NB-ARC,2024-10-11,Flipkart,1,1299,ARC-2409-4
VR890586,C100019,VA-SP-ORB,2024-10-11,vireo.in,1,5399,ORB-2407-4
VR894075,C105724,VA-AC-CH65,2024-10-11,vireo.in,1,1274,CH65-2408-1
VR895082,C104023,VA-EB-AIR,2024-10-11,vireo.in,1,1709,AIR-2408-3
VR900973,C109330,VA-SW-FIT,2024-10-11,Amazon,1,1899,FIT-2408-1
VR903827,C101764,VA-SW-FIT,2024-10-11,Flipkart,1,1599,FIT-2407-1
VR906520,C109189,VA-SP-ORB,2024-10-11,vireo.in,1,4799,ORB-2407-4
VR908603,C104736,VA-EB-PL1,2024-10-11,Amazon,1,2124,PL1-2408-4
VR880733,C100364,VA-SW-NX1,2024-10-12,vireo.in,1,3999,NX1-2407-3
VR881426,C101273,VA-EB-AIR,2024-10-12,vireo.in,1,1619,AIR-2406-4
VR882470,C105170,VA-EB-AIR,2024-10-12,vireo.in,2,3418,AIR-2407-4
VR885997,C108835,VA-AC-CH65,2024-10-12,vireo.in,1,1499,CH65-2407-1
VR887789,C109256,VA-SW-FIT,2024-10-12,vireo.in,1,1999,FIT-2408-1
VR888030,C103125,VA-EB-PL1,2024-10-12,Amazon,1,2374,PL1-2407-3
VR889255,C106738,VA-EB-AIR,2024-10-12,vireo.in,1,1799,AIR-2406-4
VR896844,C107444,VA-SW-FIT,2024-10-12,Amazon,1,1699,FIT-2407-4
VR897025,C107902,VA-EB-AIR,2024-10-12,vireo.in,1,1799,AIR-2407-4
VR897967,C108490,VA-EB-AIR,2024-10-12,vireo.in,1,1709,AIR-2406-2
VR900380,C101379,VA-AC-CH65,2024-10-12,vireo.in,1,1499,CH65-2408-2
VR901329,C103035,VA-NB-ARC,2024-10-12,vireo.in,1,1104,ARC-2409-2
VR904250,C107284,VA-SP-ORB,2024-10-12,Flipkart,1,5699,ORB-2407-4
VR904782,C104664,VA-EB-PL1,2024-10-12,vireo.in,1,2499,PL1-2407-4
VR881910,C106056,VA-SW-FIT,2024-10-13,Flipkart,1,1699,FIT-2407-4
VR885217,C108959,VA-EB-PL1,2024-10-13,Flipkart,2,4748,PL1-2409-1
VR887976,C103226,VA-SW-NX1,2024-10-13,vireo.in,1,4749,NX1-2409-1
VR890235,C106036,VA-SW-FIT,2024-10-13,vireo.in,1,1999,FIT-2407-1
VR891329,C104531,VA-EB-PL1,2024-10-13,Flipkart,1,2374,PL1-2407-4
VR893696,C109443,VA-EB-AIR,2024-10-13,Amazon,1,1799,AIR-2408-2
VR894444,C100650,VA-EB-PL1,2024-10-13,Amazon,1,2499,PL1-2408-2
VR894685,C102269,VA-SW-FIT,2024-10-13,Amazon,1,1999,FIT-2407-3
VR899750,C106822,VA-SW-FIT,2024-10-13,vireo.in,1,1599,FIT-2406-2
VR903941,C108274,VA-EB-PL1,2024-10-13,vireo.in,1,2374,PL1-2406-3
VR904363,C107145,VA-EB-PL1,2024-10-13,vireo.in,2,4748,PL1-2408-2
VR880603,C101726,VA-SW-FIT,2024-10-14,vireo.in,1,1599,FIT-2406-1
VR883266,C101813,VA-EB-AIR,2024-10-14,vireo.in,1,1799,AIR-2407-3
VR884375,C100275,VA-EB-AIR,2024-10-14,vireo.in,1,1709,AIR-2409-2
VR887117,C105494,VA-HP-ST2,2024-10-14,Amazon,1,4999,ST2-2407-4
VR891010,C102920,VA-EB-PL1,2024-10-14,vireo.in,1,2499,PL1-2407-3
VR891314,C103580,VA-SW-NX1,2024-10-14,vireo.in,1,4249,NX1-2409-4
VR898175,C101265,VA-AC-CH65,2024-10-14,vireo.in,1,1199,CH65-2408-4
VR899535,C105530,VA-HP-ST2,2024-10-14,vireo.in,1,4749,ST2-2406-4
VR880774,C101141,VA-AC-CH65,2024-10-15,Flipkart,1,1499,CH65-2407-4
VR888130,C103588,VA-SP-ORB,2024-10-15,vireo.in,1,5699,ORB-2407-1
VR892557,C109381,VA-SW-NX1,2024-10-15,vireo.in,1,4249,NX1-2407-4
VR893871,C107332,VA-EB-PL1,2024-10-15,vireo.in,1,2249,PL1-2408-4
VR895596,C100591,VA-SP-ORB,2024-10-15,vireo.in,1,5999,ORB-2409-4
VR900683,C106305,VA-HP-ST2,2024-10-15,Amazon,1,4999,ST2-2407-1
VR904149,C107946,VA-HP-ST2,2024-10-15,Flipkart,1,4249,ST2-2409-3
VR904643,C106297,VA-HP-ST2,2024-10-15,Flipkart,1,3999,ST2-2409-4
VR904724,C107837,VA-SP-ORB,2024-10-15,vireo.in,1,4799,ORB-2407-4
VR905126,C105539,VA-EB-PL1,2024-10-15,vireo.in,1,2499,PL1-2407-1
VR905878,C105669,VA-SW-FIT,2024-10-15,Flipkart,1,1999,FIT-2409-2
VR905908,C101266,VA-SP-ORB,2024-10-15,Amazon,1,5999,ORB-2409-1
VR907155,C103355,VA-EB-PL1,2024-10-15,Flipkart,1,2124,PL1-2408-1
VR880854,C102593,VA-EB-PL1,2024-10-16,Amazon,1,2374,PL1-2407-1
VR881384,C100252,VA-EB-AIR,2024-10-16,Amazon,1,1709,AIR-2408-1
VR882629,C104907,VA-EB-AIR,2024-10-16,Amazon,1,1799,AIR-2407-1
VR882817,C108883,VA-NB-ARC,2024-10-16,vireo.in,1,1169,ARC-2408-2
VR884236,C106466,VA-HP-ST2,2024-10-16,Amazon,1,4749,ST2-2409-3
VR884878,C109201,VA-EB-AIR,2024-10-16,vireo.in,1,1529,AIR-2407-3
VR889061,C106869,VA-SP-ORB,2024-10-16,Amazon,1,5099,ORB-2407-2
VR891197,C109498,VA-EB-AIR,2024-10-16,vireo.in,1,1799,AIR-2408-3
VR892267,C107260,VA-EB-PL1,2024-10-16,Flipkart,1,2499,PL1-2408-1
VR900121,C104786,VA-EB-PL1,2024-10-16,vireo.in,1,1999,PL1-2408-2
VR901797,C100762,VA-EB-AIR,2024-10-16,vireo.in,1,1619,AIR-2408-4
VR906196,C104948,VA-EB-AIR,2024-10-16,vireo.in,1,1799,AIR-2409-2
VR906634,C101137,VA-EB-AIR,2024-10-16,Amazon,1,1529,AIR-2409-1
VR907484,C106189,VA-EB-PL1,2024-10-16,Amazon,2,4998,PL1-2408-1
VR908894,C109458,VA-EB-AIR,2024-10-16,Amazon,1,1529,AIR-2407-4
VR909347,C105682,VA-EB-PL1,2024-10-16,vireo.in,1,2499,PL1-2407-3
VR884036,C105807,VA-HP-ST2,2024-10-17,vireo.in,1,3999,ST2-2407-2
VR884823,C104600,VA-EB-PL1,2024-10-17,Flipkart,1,2499,PL1-2409-2
VR885149,C100528,VA-EB-AIR,2024-10-17,vireo.in,1,1529,AIR-2408-4
VR887102,C104651,VA-EB-AIR,2024-10-17,vireo.in,1,1439,AIR-2408-1
VR891868,C104885,VA-EB-PL1,2024-10-17,vireo.in,1,1999,PL1-2409-1
VR894022,C105846,VA-SW-FIT,2024-10-17,Amazon,2,3398,FIT-2407-4
VR895047,C106586,VA-NB-ARC,2024-10-17,vireo.in,1,1234,ARC-2409-3
VR900549,C108221,VA-EB-PL1,2024-10-17,Amazon,1,2499,PL1-2408-4
VR901811,C105978,VA-NB-ARC,2024-10-17,vireo.in,1,1104,ARC-2406-2
VR906140,C102508,VA-EB-AIR,2024-10-17,Amazon,1,1529,AIR-2409-4
VR908294,C108583,VA-SW-FIT,2024-10-17,Flipkart,1,1999,FIT-2409-3
VR908517,C100968,VA-EB-AIR,2024-10-17,vireo.in,1,1619,AIR-2409-1
VR882192,C102346,VA-EB-PL1,2024-10-18,vireo.in,1,1999,PL1-2407-1
VR884110,C106912,VA-HP-ST2,2024-10-18,Flipkart,1,4499,ST2-2408-1
VR885060,C107049,VA-EB-AIR,2024-10-18,vireo.in,1,1799,AIR-2407-2
VR886387,C109422,VA-NB-ARC,2024-10-18,Amazon,1,1039,ARC-2409-4
VR886660,C105006,VA-EB-PL1,2024-10-18,Amazon,1,2249,PL1-2408-4
VR886739,C106162,VA-EB-PL1,2024-10-18,vireo.in,1,2374,PL1-2409-1
VR895510,C108909,VA-EB-AIR,2024-10-18,vireo.in,1,1799,AIR-2409-3
VR896478,C105782,VA-AC-CH65,2024-10-18,vireo.in,1,1199,CH65-2408-3
VR897683,C108417,VA-EB-PL1,2024-10-18,vireo.in,1,2124,PL1-2407-2
VR899751,C105736,VA-SP-ORB,2024-10-18,vireo.in,1,4799,ORB-2407-4
VR900613,C106052,VA-EB-AIR,2024-10-18,Amazon,1,1439,AIR-2407-4
VR901605,C106764,VA-AC-CH65,2024-10-18,vireo.in,1,1499,CH65-2407-4
VR902222,C105625,VA-EB-PL1,2024-10-18,Amazon,1,2124,PL1-2407-1
VR902545,C107161,VA-EB-PL1,2024-10-18,vireo.in,1,2124,PL1-2408-3
VR902743,C104233,VA-SW-FIT,2024-10-18,vireo.in,1,1999,FIT-2409-4
VR903927,C108557,VA-EB-AIR,2024-10-18,Amazon,1,1799,AIR-2407-4
VR904909,C100335,VA-NB-ARC,2024-10-18,vireo.in,1,1299,ARC-2406-4
VR908620,C100581,VA-EB-PL1,2024-10-18,vireo.in,1,2499,PL1-2408-1
VR883860,C103272,VA-EB-PL1,2024-10-19,Flipkart,1,2499,PL1-2409-2
VR888011,C102286,VA-SW-FIT,2024-10-19,Flipkart,2,3998,FIT-2408-3
VR890906,C108799,VA-HP-ST2,2024-10-19,vireo.in,1,4999,ST2-2408-2
VR892864,C108632,VA-EB-AIR,2024-10-19,vireo.in,1,1529,AIR-2408-3
VR893511,C106543,VA-EB-PL1,2024-10-19,vireo.in,1,2499,PL1-2409-1
VR894601,C100024,VA-NB-ARC,2024-10-19,Flipkart,2,2598,ARC-2408-1
VR896341,C106081,VA-SW-NX1,2024-10-19,vireo.in,1,4749,NX1-2407-1
VR896979,C103847,VA-SW-FIT,2024-10-19,Flipkart,1,1999,FIT-2407-1
VR899172,C106340,VA-EB-AIR,2024-10-19,Amazon,1,1799,AIR-2408-3
VR899593,C107461,VA-HP-ST2,2024-10-19,vireo.in,1,3999,ST2-2407-3
VR900974,C103082,VA-HP-ST2,2024-10-19,vireo.in,1,4999,ST2-2409-4
VR901569,C101953,VA-EB-PL1,2024-10-19,vireo.in,2,4748,PL1-2408-3
VR909129,C101881,VA-EB-AIR,2024-10-19,Amazon,1,1799,AIR-2409-3
VR882508,C109370,VA-EB-PL1,2024-10-20,vireo.in,1,2124,PL1-2408-1
VR887958,C104317,VA-SW-FIT,2024-10-20,Flipkart,1,1999,FIT-2409-1
VR890202,C108729,VA-HP-ST2,2024-10-20,vireo.in,1,3999,ST2-2408-2
VR892104,C106355,VA-EB-PL1,2024-10-20,Flipkart,1,2374,PL1-2409-4
VR894063,C101838,VA-EB-PL1,2024-10-20,Amazon,1,2249,PL1-2408-3
VR902020,C105916,VA-HP-ST2,2024-10-20,vireo.in,1,4999,ST2-2408-4
VR902620,C104156,VA-SW-NX1,2024-10-20,vireo.in,1,4999,NX1-2407-4
VR904998,C106062,VA-SW-NX1,2024-10-20,vireo.in,1,4249,NX1-2409-3
VR907467,C107611,VA-HP-ST2,2024-10-20,Amazon,1,4999,ST2-2408-3
VR909086,C104937,VA-HP-ST2,2024-10-20,vireo.in,1,4749,ST2-2408-2
VR880099,C108734,VA-AC-CBL,2024-10-21,vireo.in,1,399,CBL-2407-1
VR880211,C107281,VA-AC-CH65,2024-10-21,Flipkart,1,1424,CH65-2409-2
VR880615,C103982,VA-AC-CH65,2024-10-21,Amazon,1,1274,CH65-2407-3
VR884350,C100043,VA-EB-PL1,2024-10-21,vireo.in,1,2124,PL1-2409-2
VR885422,C108426,VA-EB-AIR,2024-10-21,vireo.in,2,2878,AIR-2408-2
VR885709,C103627,VA-HP-ST2,2024-10-21,Flipkart,1,4999,ST2-2409-1
VR885712,C106148,VA-EB-AIR,2024-10-21,vireo.in,1,1799,AIR-2409-1
VR886166,C106810,VA-EB-AIR,2024-10-21,Amazon,2,3418,AIR-2408-2
VR887855,C104691,VA-EB-PL1,2024-10-21,vireo.in,1,2249,PL1-2409-2
VR891945,C107412,VA-SW-FIT,2024-10-21,Flipkart,1,1999,FIT-2407-1
VR892687,C107472,VA-EB-PL1,2024-10-21,Amazon,1,2499,PL1-2408-2
VR894709,C105768,VA-EB-PL1,2024-10-21,Amazon,1,2374,PL1-2408-1
VR899460,C100565,VA-SW-FIT,2024-10-21,Amazon,1,1999,FIT-2408-3
VR900904,C103240,VA-EB-AIR,2024-10-21,vireo.in,1,1799,AIR-2408-1
VR901078,C101048,VA-EB-AIR,2024-10-21,Amazon,2,2878,AIR-2407-1
VR902533,C101047,VA-EB-PL1,2024-10-21,Amazon,1,2374,PL1-2409-4
VR904012,C103299,VA-EB-AIR,2024-10-21,Amazon,1,1439,AIR-2407-1
VR905207,C105392,VA-SW-FIT,2024-10-21,vireo.in,1,1599,FIT-2407-4
VR905674,C100894,VA-AC-CH65,2024-10-21,vireo.in,1,1499,CH65-2408-2
VR907254,C106824,VA-NB-ARC,2024-10-21,Amazon,1,1299,ARC-2407-3
VR908767,C103836,VA-EB-PL1,2024-10-21,vireo.in,2,4248,PL1-2408-3
VR884784,C105301,VA-EB-PL1,2024-10-22,Amazon,1,2499,PL1-2407-2
VR891959,C107318,VA-EB-PL1,2024-10-22,Amazon,2,4248,PL1-2408-2
VR892036,C100991,VA-HP-ST2,2024-10-22,Flipkart,1,4749,ST2-2407-1
VR893068,C107023,VA-EB-AIR,2024-10-22,vireo.in,1,1799,AIR-2407-1
VR893099,C105069,VA-EB-AIR,2024-10-22,Amazon,1,1709,AIR-2407-2
VR896027,C107042,VA-EB-AIR,2024-10-22,vireo.in,1,1619,AIR-2408-3
VR900809,C109233,VA-SW-NX1,2024-10-22,vireo.in,1,4749,NX1-2409-4
VR905793,C105666,VA-SW-NX1,2024-10-22,vireo.in,1,4749,NX1-2409-3
VR906628,C100017,VA-EB-PL1,2024-10-22,vireo.in,1,2499,PL1-2408-3
VR880535,C102696,VA-SP-ORB,2024-10-23,vireo.in,1,4799,ORB-2407-3
VR891772,C109011,VA-EB-PL1,2024-10-23,Amazon,1,1999,PL1-2409-3
VR894942,C100341,VA-HP-ST2,2024-10-23,Amazon,1,4999,ST2-2407-3
VR895351,C109237,VA-SP-ORB,2024-10-23,vireo.in,1,5699,ORB-2408-3
VR895854,C107586,VA-EB-AIR,2024-10-23,Amazon,1,1529,AIR-2408-2
VR896046,C100991,VA-EB-AIR,2024-10-23,vireo.in,2,3598,AIR-2408-4
VR896540,C102960,VA-EB-PL1,2024-10-23,vireo.in,1,2124,PL1-2407-4
VR898906,C109409,VA-SP-ORB,2024-10-23,Amazon,1,5999,ORB-2407-2
VR899148,C103790,VA-EB-PL1,2024-10-23,Amazon,1,2124,PL1-2407-4
VR899339,C105694,VA-EB-PL1,2024-10-23,vireo.in,1,1999,PL1-2409-4
VR899800,C100767,VA-EB-AIR,2024-10-23,vireo.in,1,1799,AIR-2408-1
VR903959,C100727,VA-EB-PL1,2024-10-23,Flipkart,1,2249,PL1-2409-4
VR905340,C101576,VA-EB-PL1,2024-10-23,Flipkart,1,1999,PL1-2409-1
VR905791,C104412,VA-EB-PL1,2024-10-23,vireo.in,1,2499,PL1-2408-2
VR906113,C105455,VA-HP-ST2,2024-10-23,vireo.in,2,9498,ST2-2407-2
VR880133,C102621,VA-AC-CH65,2024-10-24,vireo.in,1,1199,CH65-2409-3
VR881212,C101159,VA-EB-PL1,2024-10-24,Amazon,1,1999,PL1-2409-3
VR881678,C106526,VA-EB-PL1,2024-10-24,vireo.in,1,2249,PL1-2407-2
VR887646,C108194,VA-SW-FIT,2024-10-24,vireo.in,1,1699,FIT-2407-3
VR887650,C105203,VA-EB-PL1,2024-10-24,Amazon,1,2249,PL1-2407-3
VR887778,C106392,VA-EB-PL1,2024-10-24,vireo.in,1,2124,PL1-2408-4
VR888872,C100104,VA-EB-PL1,2024-10-24,vireo.in,1,2499,PL1-2407-2
VR890779,C105580,VA-EB-PL1,2024-10-24,vireo.in,1,2249,PL1-2409-2
VR894119,C105555,VA-EB-PL1,2024-10-24,vireo.in,1,2374,PL1-2408-3
VR897445,C109073,VA-EB-PL1,2024-10-24,vireo.in,1,1999,PL1-2409-4
VR898373,C108301,VA-EB-AIR,2024-10-24,vireo.in,1,1799,AIR-2407-3
VR900457,C107681,VA-EB-AIR,2024-10-24,Amazon,1,1799,AIR-2409-3
VR902772,C106889,VA-HP-ST2,2024-10-24,vireo.in,1,4999,ST2-2409-3
VR883918,C108211,VA-HP-ST2,2024-10-25,vireo.in,1,4249,ST2-2407-2
VR886706,C101259,VA-EB-AIR,2024-10-25,Flipkart,1,1709,AIR-2409-3
VR889129,C109429,VA-NB-ARC,2024-10-25,Amazon,1,1104,ARC-2407-3
VR890923,C104742,VA-SW-NX1,2024-10-25,vireo.in,1,4999,NX1-2407-1
VR891996,C106519,VA-EB-PL1,2024-10-25,vireo.in,1,2499,PL1-2408-3
VR896606,C106319,VA-EB-AIR,2024-10-25,vireo.in,1,1619,AIR-2408-1
VR899733,C105627,VA-EB-PL1,2024-10-25,Amazon,1,2374,PL1-2408-1
VR906031,C103092,VA-SP-ORB,2024-10-25,Flipkart,1,5099,ORB-2407-4
VR908424,C101997,VA-EB-PL1,2024-10-25,vireo.in,1,2249,PL1-2408-3
VR881221,C108594,VA-NB-ARC,2024-10-26,vireo.in,1,1299,ARC-2407-3
VR886897,C102220,VA-SW-FIT,2024-10-26,Flipkart,1,1999,FIT-2410-1
VR888705,C101701,VA-EB-PL1,2024-10-26,Flipkart,1,2374,PL1-2408-2
VR891177,C108557,VA-EB-PL1,2024-10-26,Amazon,1,1999,PL1-2407-3
VR892555,C108509,VA-EB-AIR,2024-10-26,Flipkart,1,1619,AIR-2409-4
VR897095,C105686,VA-EB-AIR,2024-10-26,Amazon,1,1799,AIR-2409-2
VR897722,C106081,VA-SW-FIT,2024-10-26,Flipkart,1,1799,FIT-2408-1
VR897853,C104199,VA-EB-AIR,2024-10-26,vireo.in,2,3418,AIR-2408-3
VR898631,C108654,VA-SW-FIT,2024-10-26,Amazon,1,1999,FIT-2409-2
VR901434,C101816,VA-SW-FIT,2024-10-26,vireo.in,1,1999,FIT-2409-3
VR903540,C106118,VA-HP-ST2,2024-10-26,Amazon,2,7998,ST2-2409-2
VR906000,C108349,VA-SP-ORB,2024-10-26,Amazon,1,5399,ORB-2408-3
VR906585,C100437,VA-EB-PL1,2024-10-26,vireo.in,1,2499,PL1-2409-2
VR881225,C106053,VA-SP-ORB,2024-10-27,vireo.in,1,5399,ORB-2408-4
VR884480,C102487,VA-EB-PL1,2024-10-27,vireo.in,1,1999,PL1-2408-3
VR884955,C103676,VA-EB-AIR,2024-10-27,vireo.in,1,1529,AIR-2408-1
VR888406,C108237,VA-EB-AIR,2024-10-27,Flipkart,1,1799,AIR-2409-4
VR890358,C106706,VA-EB-PL1,2024-10-27,vireo.in,2,4748,PL1-2408-3
VR890640,C104281,VA-NB-ARC,2024-10-27,Amazon,1,1299,ARC-2408-1
VR891190,C108035,VA-EB-PL1,2024-10-27,vireo.in,1,2374,PL1-2410-4
VR891822,C109081,VA-AC-CH65,2024-10-27,vireo.in,1,1499,CH65-2409-2
VR897966,C104580,VA-AC-CBL,2024-10-27,Flipkart,1,319,CBL-2408-2
VR899543,C105286,VA-SW-NX1,2024-10-27,Flipkart,1,4749,NX1-2407-3
VR904921,C107119,VA-NB-ARC,2024-10-27,Flipkart,1,1104,ARC-2409-4
VR906935,C101539,VA-EB-PL1,2024-10-27,vireo.in,1,2499,PL1-2407-3
VR907792,C104289,VA-EB-PL1,2024-10-27,vireo.in,1,2249,PL1-2407-2
VR880879,C107142,VA-EB-PL1,2024-10-28,vireo.in,1,2499,PL1-2408-1
VR882023,C102834,VA-SW-FIT,2024-10-28,vireo.in,1,1999,FIT-2410-2
VR882118,C104162,VA-EB-AIR,2024-10-28,Amazon,1,1799,AIR-2409-2
VR884357,C104767,VA-EB-PL1,2024-10-28,vireo.in,1,1999,PL1-2407-2
VR885525,C101605,VA-EB-AIR,2024-10-28,Amazon,1,1799,AIR-2409-2
VR887456,C101935,VA-SW-FIT,2024-10-28,vireo.in,1,1999,FIT-2409-3
VR887952,C103706,VA-HP-ST2,2024-10-28,vireo.in,1,4999,ST2-2408-1
VR888930,C105693,VA-EB-PL1,2024-10-28,vireo.in,1,2499,PL1-2407-2
VR889856,C102739,VA-SW-NX1,2024-10-28,vireo.in,1,3999,NX1-2410-1
VR892736,C104485,VA-SW-FIT,2024-10-28,Amazon,1,1699,FIT-2409-2
VR900939,C103770,VA-EB-AIR,2024-10-28,Amazon,1,1799,AIR-2409-4
VR902100,C108878,VA-EB-PL1,2024-10-28,vireo.in,1,2124,PL1-2410-1
VR903111,C102030,VA-AC-CBL,2024-10-28,vireo.in,1,319,CBL-2407-1
VR904173,C108187,VA-AC-CBL,2024-10-28,vireo.in,1,399,CBL-2409-3
VR908061,C109249,VA-EB-PL1,2024-10-28,Amazon,1,1999,PL1-2410-3
VR880771,C104907,VA-EB-PL1,2024-10-29,vireo.in,1,1999,PL1-2407-1
VR885074,C102334,VA-EB-PL1,2024-10-29,Amazon,1,2374,PL1-2408-4
VR885292,C107686,VA-EB-AIR,2024-10-29,Flipkart,1,1709,AIR-2409-3
VR886877,C105145,VA-SW-FIT,2024-10-29,Amazon,1,1999,FIT-2407-3
VR887592,C103077,VA-SW-NX1,2024-10-29,vireo.in,1,4999,NX1-2408-1
VR887894,C104256,VA-SW-FIT,2024-10-29,vireo.in,1,1799,FIT-2408-4
VR888155,C108088,VA-EB-AIR,2024-10-29,vireo.in,1,1799,AIR-2408-3
VR888973,C108001,VA-SW-NX1,2024-10-29,Amazon,1,4999,NX1-2408-2
VR889667,C108196,VA-SW-NX1,2024-10-29,Flipkart,1,4249,NX1-2409-2
VR890244,C101796,VA-SW-NX1,2024-10-29,Amazon,1,4499,NX1-2410-1
VR892971,C102278,VA-EB-PL1,2024-10-29,vireo.in,1,2499,PL1-2409-4
VR894761,C108199,VA-EB-PL1,2024-10-29,Flipkart,1,1999,PL1-2407-2
VR897146,C104157,VA-SW-NX1,2024-10-29,Amazon,1,4999,NX1-2407-3
VR903086,C106543,VA-EB-AIR,2024-10-29,Amazon,1,1529,AIR-2408-3
VR907605,C105893,VA-SW-FIT,2024-10-29,vireo.in,1,1799,FIT-2408-1
VR907729,C105690,VA-SW-NX1,2024-10-29,Amazon,1,4249,NX1-2409-2
VR907822,C108521,VA-NB-ARC,2024-10-29,vireo.in,1,1104,ARC-2409-3
VR908930,C103472,VA-SW-NX1,2024-10-29,vireo.in,1,4999,NX1-2408-2
VR880529,C107705,VA-SW-NX1,2024-10-30,vireo.in,1,4499,NX1-2409-2
VR885956,C103692,VA-EB-PL1,2024-10-30,Flipkart,2,3998,PL1-2407-2
VR886289,C101958,VA-NB-ARC,2024-10-30,Amazon,1,1169,ARC-2409-1
VR888735,C101208,VA-EB-PL1,2024-10-30,vireo.in,1,2499,PL1-2407-1
VR889179,C101381,VA-SW-FIT,2024-10-30,vireo.in,1,1599,FIT-2407-3
VR890654,C103861,VA-HP-ST2,2024-10-30,vireo.in,1,4999,ST2-2408-3
VR891382,C102128,VA-HP-ST2,2024-10-30,vireo.in,1,4249,ST2-2408-3
VR894608,C107147,VA-EB-AIR,2024-10-30,vireo.in,1,1799,AIR-2409-2
VR896401,C100784,VA-SW-FIT,2024-10-30,Flipkart,1,1599,FIT-2408-4
VR896728,C104782,VA-SP-ORB,2024-10-30,Amazon,1,5999,ORB-2409-2
VR897426,C100529,VA-SP-ORB,2024-10-30,vireo.in,1,5999,ORB-2408-1
VR899423,C103746,VA-EB-AIR,2024-10-30,vireo.in,1,1529,AIR-2408-4
VR906125,C104998,VA-EB-AIR,2024-10-30,vireo.in,1,1529,AIR-2409-3
VR880140,C107950,VA-AC-CH65,2024-10-31,Amazon,1,1199,CH65-2407-4
VR881219,C106640,VA-SW-FIT,2024-10-31,vireo.in,1,1999,FIT-2409-3
VR881651,C101338,VA-EB-AIR,2024-10-31,vireo.in,1,1799,AIR-2408-4
VR883914,C105495,VA-HP-ST2,2024-10-31,Amazon,1,4749,ST2-2408-1
VR892801,C101805,VA-EB-PL1,2024-10-31,vireo.in,1,1999,PL1-2409-3
VR892853,C108796,VA-SW-FIT,2024-10-31,Amazon,1,1899,FIT-2409-1
VR893391,C108342,VA-SW-NX1,2024-10-31,Flipkart,1,4749,NX1-2409-3
VR893582,C109117,VA-EB-PL1,2024-10-31,Amazon,1,1999,PL1-2409-3
VR894244,C107978,VA-EB-PL1,2024-10-31,vireo.in,1,2249,PL1-2408-1
VR895930,C105167,VA-HP-ST2,2024-10-31,vireo.in,1,3999,ST2-2408-4
VR897000,C104443,VA-EB-AIR,2024-10-31,vireo.in,1,1709,AIR-2409-3
VR907812,C102607,VA-SP-ORB,2024-10-31,Flipkart,2,11398,ORB-2408-1
VR909026,C105438,VA-SP-ORB,2024-10-31,vireo.in,1,4799,ORB-2409-2
VR880137,C103255,VA-SP-ORB,2024-11-01,vireo.in,1,4799,ORB-2408-2
VR880148,C103520,VA-SW-FIT,2024-11-01,Amazon,1,1999,FIT-2409-3
VR889250,C108026,VA-SW-FIT,2024-11-01,vireo.in,1,1599,FIT-2409-3
VR896659,C100732,VA-NB-ARC,2024-11-01,Amazon,1,1299,ARC-2408-1
VR899124,C106090,VA-SW-NX1,2024-11-01,Amazon,1,4999,NX1-2408-1
VR899305,C105905,VA-EB-PL1,2024-11-01,Amazon,1,2249,PL1-2409-4
VR900738,C105111,VA-EB-AIR,2024-11-01,vireo.in,1,1619,AIR-2410-1
VR902286,C102787,VA-NB-ARC,2024-11-01,Flipkart,2,2598,ARC-2407-3
VR906293,C105277,VA-EB-AIR,2024-11-01,vireo.in,1,1439,AIR-2409-2
VR907757,C102939,VA-EB-PL1,2024-11-01,Amazon,1,2499,PL1-2409-2
VR881006,C106634,VA-EB-PL1,2024-11-02,vireo.in,1,2499,PL1-2408-3
VR883646,C103164,VA-SW-NX1,2024-11-02,vireo.in,1,4249,NX1-2408-1
VR886974,C104781,VA-EB-AIR,2024-11-02,vireo.in,2,3598,AIR-2407-3
VR887594,C100666,VA-EB-PL1,2024-11-02,Amazon,2,4748,PL1-2408-3
VR889229,C102563,VA-AC-CH65,2024-11-02,Amazon,1,1424,CH65-2408-4
VR893092,C109159,VA-AC-CH65,2024-11-02,Amazon,1,1499,CH65-2409-1
VR893416,C103603,VA-EB-PL1,2024-11-02,vireo.in,1,2124,PL1-2408-3
VR893418,C103764,VA-SW-FIT,2024-11-02,vireo.in,1,1999,FIT-2409-1
VR893826,C100018,VA-HP-ST2,2024-11-02,vireo.in,1,4999,ST2-2407-3
VR899225,C107108,VA-EB-AIR,2024-11-02,Amazon,1,1799,AIR-2408-2
VR903322,C105908,VA-EB-PL1,2024-11-02,vireo.in,1,2124,PL1-2407-1
VR904635,C100797,VA-EB-PL1,2024-11-02,vireo.in,1,2499,PL1-2407-3
VR905153,C106485,VA-SW-FIT,2024-11-02,Amazon,1,1799,FIT-2409-2
VR906733,C102190,VA-NB-ARC,2024-11-02,Amazon,1,1169,ARC-2408-1
VR907233,C108692,VA-SW-FIT,2024-11-02,vireo.in,1,1599,FIT-2408-2
VR907477,C109408,VA-SP-ORB,2024-11-02,vireo.in,1,5699,ORB-2409-2
VR907851,C107034,VA-SP-ORB,2024-11-02,vireo.in,1,5399,ORB-2408-2
VR908108,C107389,VA-EB-PL1,2024-11-02,Amazon,1,2499,PL1-2409-2
VR909800,C107675,VA-SW-FIT,2024-11-02,vireo.in,1,1999,FIT-2409-4
VR880387,C105980,VA-EB-AIR,2024-11-03,Flipkart,1,1799,AIR-2409-2
VR881682,C103547,VA-EB-PL1,2024-11-03,vireo.in,1,2124,PL1-2409-4
VR882231,C105538,VA-EB-PL1,2024-11-03,Flipkart,1,2499,PL1-2408-2
VR885477,C108673,VA-EB-AIR,2024-11-03,Amazon,1,1799,AIR-2408-4
VR887806,C103319,VA-EB-AIR,2024-11-03,vireo.in,1,1529,AIR-2407-3
VR890270,C102863,VA-EB-AIR,2024-11-03,vireo.in,1,1619,AIR-2409-1
VR895754,C102883,VA-SP-ORB,2024-11-03,vireo.in,1,5699,ORB-2410-2
VR897161,C108401,VA-EB-PL1,2024-11-03,vireo.in,1,2249,PL1-2409-3
VR897715,C108480,VA-AC-CH65,2024-11-03,vireo.in,1,1199,CH65-2409-2
VR900477,C107953,VA-SW-NX1,2024-11-03,Flipkart,1,4999,NX1-2409-3
VR903986,C101334,VA-SP-ORB,2024-11-03,vireo.in,1,5399,ORB-2407-2
VR908977,C102711,VA-SW-FIT,2024-11-03,vireo.in,1,1999,FIT-2409-1
VR880350,C107046,VA-EB-PL1,2024-11-04,vireo.in,1,1999,PL1-2407-2
VR886867,C105152,VA-HP-ST2,2024-11-04,vireo.in,1,4749,ST2-2408-3
VR892052,C105347,VA-SW-FIT,2024-11-04,vireo.in,1,1799,FIT-2408-2
VR893768,C101407,VA-NB-ARC,2024-11-04,Flipkart,1,1299,ARC-2407-2
VR894920,C107473,VA-SW-NX1,2024-11-04,vireo.in,1,4499,NX1-2410-3
VR908524,C104487,VA-EB-PL1,2024-11-04,vireo.in,1,2249,PL1-2408-3
VR909677,C106686,VA-SP-ORB,2024-11-04,vireo.in,1,5999,ORB-2407-1
VR882279,C107271,VA-EB-PL1,2024-11-05,vireo.in,1,2499,PL1-2409-2
VR883797,C100476,VA-EB-AIR,2024-11-05,Flipkart,1,1799,AIR-2410-2
VR885347,C104970,VA-EB-PL1,2024-11-05,vireo.in,2,4998,PL1-2409-1
VR885763,C103780,VA-EB-PL1,2024-11-05,Flipkart,1,2124,PL1-2409-4
VR896405,C105207,VA-EB-AIR,2024-11-05,Flipkart,1,1799,AIR-2408-4
VR900999,C109031,VA-EB-PL1,2024-11-05,vireo.in,1,2499,PL1-2410-3
VR902847,C102484,VA-SP-ORB,2024-11-05,vireo.in,1,5999,ORB-2409-3
VR905395,C101263,VA-SW-FIT,2024-11-05,vireo.in,1,1799,FIT-2408-3
VR905612,C104619,VA-SW-NX1,2024-11-05,vireo.in,1,4749,NX1-2409-2
VR880432,C107650,VA-EB-AIR,2024-11-06,vireo.in,1,1709,AIR-2409-1
VR880714,C103643,VA-SW-FIT,2024-11-06,Amazon,1,1599,FIT-2408-3
VR882141,C104340,VA-EB-AIR,2024-11-06,vireo.in,1,1799,AIR-2409-1
VR887620,C104282,VA-EB-PL1,2024-11-06,Amazon,1,2499,PL1-2410-2
VR890310,C106837,VA-SP-ORB,2024-11-06,Amazon,1,5099,ORB-2409-3
VR891127,C103832,VA-EB-PL1,2024-11-06,Amazon,1,2249,PL1-2408-4
VR891713,C101560,VA-SW-FIT,2024-11-06,vireo.in,1,1999,FIT-2409-4
VR894667,C101970,VA-SW-NX1,2024-11-06,Amazon,1,4249,NX1-2408-2
VR895793,C104477,VA-SW-NX1,2024-11-06,vireo.in,1,4499,NX1-2410-2
VR896789,C104069,VA-EB-PL1,2024-11-06,vireo.in,1,2499,PL1-2407-2
VR896941,C108183,VA-SW-FIT,2024-11-06,vireo.in,1,1999,FIT-2409-4
VR900682,C104538,VA-AC-CH65,2024-11-06,Amazon,1,1349,CH65-2409-3
VR906850,C106664,VA-SW-NX1,2024-11-06,vireo.in,1,3999,NX1-2408-4
VR907038,C109036,VA-EB-AIR,2024-11-06,Amazon,1,1709,AIR-2408-3
VR908654,C100468,VA-HP-ST2,2024-11-06,Flipkart,1,4999,ST2-2407-3
VR909433,C100961,VA-SW-FIT,2024-11-06,vireo.in,2,3998,FIT-2409-2
VR880126,C108537,VA-SP-ORB,2024-11-07,vireo.in,1,5999,ORB-2408-2
VR880227,C105305,VA-SW-NX1,2024-11-07,vireo.in,1,4999,NX1-2409-2
VR880548,C104174,VA-SW-FIT,2024-11-07,Amazon,1,1799,FIT-2408-1
VR884978,C101374,VA-EB-AIR,2024-11-07,Amazon,1,1709,AIR-2409-2
VR888817,C105305,VA-EB-AIR,2024-11-07,Amazon,1,1799,AIR-2408-4
VR895771,C107402,VA-AC-CBL,2024-11-07,Flipkart,1,319,CBL-2409-2
VR897587,C108272,VA-SW-FIT,2024-11-07,Amazon,1,1699,FIT-2407-2
VR904272,C104575,VA-EB-PL1,2024-11-07,Amazon,1,2124,PL1-2409-2
VR904468,C105453,VA-AC-CH65,2024-11-07,Amazon,1,1499,CH65-2409-3
VR904969,C100771,VA-EB-AIR,2024-11-07,vireo.in,1,1439,AIR-2408-3
VR908236,C102956,VA-EB-PL1,2024-11-07,Amazon,1,2499,PL1-2408-1
VR884016,C102321,VA-NB-ARC,2024-11-08,Amazon,1,1299,ARC-2408-1
VR885659,C103642,VA-AC-CBL,2024-11-08,vireo.in,1,319,CBL-2410-2
VR885878,C105162,VA-SW-FIT,2024-11-08,Flipkart,1,1799,FIT-2409-3
VR893701,C102854,VA-SP-ORB,2024-11-08,vireo.in,1,5099,ORB-2409-4
VR897886,C109449,VA-EB-PL1,2024-11-08,vireo.in,1,2499,PL1-2408-3
VR898817,C105749,VA-HP-ST2,2024-11-08,Amazon,1,4249,ST2-2408-2
VR906366,C103922,VA-SW-FIT,2024-11-08,vireo.in,1,1999,FIT-2408-1
VR906599,C106030,VA-EB-AIR,2024-11-08,vireo.in,1,1799,AIR-2407-1
VR881060,C106978,VA-SW-FIT,2024-11-09,vireo.in,2,3398,FIT-2410-4
VR881896,C100275,VA-NB-ARC,2024-11-09,Amazon,1,1299,ARC-2407-3
VR883093,C103499,VA-SP-ORB,2024-11-09,vireo.in,1,5999,ORB-2409-1
VR888502,C109176,VA-EB-PL1,2024-11-09,vireo.in,1,2249,PL1-2409-3
VR888601,C100361,VA-EB-PL1,2024-11-09,vireo.in,1,2499,PL1-2409-4
VR892620,C104347,VA-SW-NX1,2024-11-09,Amazon,1,4749,NX1-2408-2
VR895602,C104314,VA-EB-AIR,2024-11-09,Amazon,1,1799,AIR-2408-1
VR898161,C109259,VA-EB-AIR,2024-11-09,Flipkart,1,1799,AIR-2407-4
VR901156,C108594,VA-HP-ST2,2024-11-09,vireo.in,1,3999,ST2-2410-1
VR903888,C103237,VA-SW-FIT,2024-11-09,Amazon,1,1999,FIT-2409-4
VR904605,C105711,VA-SW-FIT,2024-11-09,vireo.in,1,1999,FIT-2408-1
VR904800,C108469,VA-EB-PL1,2024-11-09,vireo.in,1,2249,PL1-2408-4
VR905131,C106117,VA-SW-FIT,2024-11-09,vireo.in,1,1699,FIT-2410-2
VR905766,C102303,VA-EB-AIR,2024-11-09,vireo.in,1,1619,AIR-2410-4
VR882098,C105691,VA-HP-ST2,2024-11-10,vireo.in,1,4999,ST2-2409-3
VR884524,C103324,VA-HP-ST2,2024-11-10,vireo.in,1,3999,ST2-2408-3
VR885034,C107620,VA-AC-CH65,2024-11-10,vireo.in,1,1424,CH65-2409-4
VR887630,C106657,VA-AC-CH65,2024-11-10,vireo.in,2,2848,CH65-2408-3
VR888876,C100242,VA-NB-ARC,2024-11-10,vireo.in,1,1169,ARC-2410-2
VR888918,C108015,VA-SP-ORB,2024-11-10,vireo.in,1,5099,ORB-2407-1
VR889496,C104983,VA-EB-PL1,2024-11-10,Amazon,1,1999,PL1-2408-1
VR894768,C109185,VA-EB-AIR,2024-11-10,vireo.in,1,1619,AIR-2410-3
VR901068,C104927,VA-SW-FIT,2024-11-10,Amazon,1,1799,FIT-2410-1
VR904108,C104298,VA-SP-ORB,2024-11-10,vireo.in,1,5999,ORB-2409-3
VR904581,C104586,VA-EB-AIR,2024-11-10,vireo.in,1,1439,AIR-2409-3
VR907076,C109490,VA-SW-FIT,2024-11-10,vireo.in,1,1599,FIT-2408-2
VR909219,C109005,VA-EB-PL1,2024-11-10,Amazon,2,4998,PL1-2409-2
VR880764,C109008,VA-SW-NX1,2024-11-11,vireo.in,1,4749,NX1-2408-2
VR881133,C107511,VA-EB-AIR,2024-11-11,vireo.in,1,1529,AIR-2408-1
VR883189,C106892,VA-NB-ARC,2024-11-11,vireo.in,1,1299,ARC-2408-3
VR885117,C109432,VA-AC-CH65,2024-11-11,Amazon,1,1424,CH65-2410-2
VR885679,C102726,VA-EB-PL1,2024-11-11,vireo.in,1,2249,PL1-2408-2
VR888660,C108177,VA-SP-ORB,2024-11-11,Amazon,1,5399,ORB-2409-3
VR892330,C106336,VA-EB-AIR,2024-11-11,vireo.in,1,1799,AIR-2408-3
VR894113,C106311,VA-EB-PL1,2024-11-11,vireo.in,2,4998,PL1-2410-1
VR899712,C101041,VA-EB-PL1,2024-11-11,Flipkart,1,2499,PL1-2410-4
VR903563,C102077,VA-EB-PL1,2024-11-11,vireo.in,1,1999,PL1-2409-4
VR904167,C109308,VA-SW-FIT,2024-11-11,vireo.in,1,1999,FIT-2410-2
VR905615,C106356,VA-EB-AIR,2024-11-11,vireo.in,1,1799,AIR-2410-3
VR907620,C103309,VA-HP-ST2,2024-11-11,Flipkart,1,4249,ST2-2409-2
VR883326,C105729,VA-HP-ST2,2024-11-12,Amazon,1,4999,ST2-2409-2
VR883913,C106547,VA-HP-ST2,2024-11-12,vireo.in,1,4999,ST2-2410-1
VR885494,C108475,VA-SP-ORB,2024-11-12,Amazon,2,11998,ORB-2410-2
VR886816,C109399,VA-SP-ORB,2024-11-12,vireo.in,1,5999,ORB-2410-4
VR892453,C100745,VA-EB-PL1,2024-11-12,Flipkart,1,2249,PL1-2408-1
VR893089,C104587,VA-SW-NX1,2024-11-12,vireo.in,1,4249,NX1-2410-3
VR893406,C108219,VA-EB-AIR,2024-11-12,vireo.in,1,1709,AIR-2410-1
VR895996,C100315,VA-EB-PL1,2024-11-12,Flipkart,1,1999,PL1-2410-1
VR896253,C103407,VA-SP-ORB,2024-11-12,Amazon,1,4799,ORB-2408-3
VR898019,C106265,VA-EB-AIR,2024-11-12,vireo.in,1,1619,AIR-2407-3
VR898989,C107755,VA-EB-PL1,2024-11-12,vireo.in,1,2499,PL1-2408-2
VR904690,C100739,VA-EB-AIR,2024-11-12,vireo.in,1,1619,AIR-2408-3
VR906804,C105244,VA-NB-ARC,2024-11-12,vireo.in,1,1169,ARC-2410-4
VR880760,C107776,VA-EB-AIR,2024-11-13,vireo.in,1,1799,AIR-2408-1
VR882309,C104379,VA-AC-CH65,2024-11-13,vireo.in,1,1349,CH65-2409-3
VR886355,C108025,VA-EB-PL1,2024-11-13,vireo.in,1,2374,PL1-2410-1
VR888483,C106744,VA-SP-ORB,2024-11-13,vireo.in,1,5999,ORB-2410-3
VR888858,C106428,VA-EB-PL1,2024-11-13,Flipkart,1,2499,PL1-2407-2
VR889470,C105251,VA-HP-ST2,2024-11-13,Amazon,1,4999,ST2-2408-1
VR890042,C101740,VA-AC-CH65,2024-11-13,vireo.in,1,1424,CH65-2408-3
VR890901,C109271,VA-EB-AIR,2024-11-13,vireo.in,2,3598,AIR-2409-2
VR891811,C104155,VA-SW-NX1,2024-11-13,vireo.in,1,4749,NX1-2408-1
VR894294,C104792,VA-EB-PL1,2024-11-13,Amazon,1,2374,PL1-2409-2
VR900471,C101513,VA-AC-CBL,2024-11-13,vireo.in,1,319,CBL-2409-1
VR901753,C102001,VA-EB-AIR,2024-11-13,vireo.in,1,1439,AIR-2410-4
VR908222,C101585,VA-SW-NX1,2024-11-13,vireo.in,1,4249,NX1-2410-3
VR908457,C102786,VA-EB-PL1,2024-11-13,vireo.in,1,2374,PL1-2409-4
VR881049,C100578,VA-NB-ARC,2024-11-14,Flipkart,1,1299,ARC-2409-1
VR884158,C105039,VA-HP-ST2,2024-11-14,vireo.in,1,3999,ST2-2410-2
VR885260,C105498,VA-AC-CH65,2024-11-14,vireo.in,1,1499,CH65-2409-2
VR889782,C107769,VA-HP-ST2,2024-11-14,Amazon,1,3999,ST2-2408-4
VR891450,C100338,VA-EB-AIR,2024-11-14,vireo.in,1,1619,AIR-2409-4
VR892296,C106277,VA-AC-CH65,2024-11-14,Flipkart,1,1199,CH65-2409-4
VR892773,C106590,VA-SP-ORB,2024-11-14,vireo.in,1,5999,ORB-2407-1
VR897290,C104336,VA-SW-FIT,2024-11-14,Amazon,1,1999,FIT-2410-2
VR901159,C103114,VA-NB-ARC,2024-11-14,Amazon,1,1299,ARC-2408-2
VR882525,C108448,VA-HP-ST2,2024-11-15,vireo.in,1,4999,ST2-2408-4
VR888521,C109279,VA-EB-PL1,2024-11-15,vireo.in,2,4248,PL1-2408-4
VR888671,C103462,VA-SW-FIT,2024-11-15,vireo.in,1,1599,FIT-2410-1
VR889748,C108500,VA-EB-PL1,2024-11-15,Amazon,1,2124,PL1-2410-4
VR892111,C103330,VA-EB-PL1,2024-11-15,Flipkart,1,2374,PL1-2408-3
VR892625,C100948,VA-NB-ARC,2024-11-15,Flipkart,1,1299,ARC-2409-2
VR896879,C103255,VA-EB-AIR,2024-11-15,vireo.in,1,1799,AIR-2410-4
VR899684,C104623,VA-NB-ARC,2024-11-15,Amazon,1,1234,ARC-2410-2
VR907724,C109481,VA-SP-ORB,2024-11-15,Amazon,1,5999,ORB-2409-4
VR907953,C106193,VA-EB-PL1,2024-11-15,vireo.in,1,2499,PL1-2409-4
VR908448,C106695,VA-EB-AIR,2024-11-15,Amazon,1,1619,AIR-2410-1
VR882634,C101985,VA-NB-ARC,2024-11-16,vireo.in,1,1104,ARC-2409-2
VR884462,C103080,VA-EB-PL1,2024-11-16,vireo.in,1,2499,PL1-2408-3
VR885405,C102207,VA-SP-ORB,2024-11-16,Flipkart,1,5999,ORB-2408-3
VR892114,C107443,VA-SW-NX1,2024-11-16,vireo.in,1,4499,NX1-2408-1
VR892679,C100765,VA-SP-ORB,2024-11-16,Amazon,1,5999,ORB-2408-3
VR895987,C104559,VA-EB-PL1,2024-11-16,vireo.in,1,2499,PL1-2409-1
VR899976,C102552,VA-EB-PL1,2024-11-16,Amazon,1,2499,PL1-2409-3
VR909019,C105073,VA-SW-FIT,2024-11-16,Flipkart,1,1599,FIT-2407-2
VR909163,C104744,VA-EB-PL1,2024-11-16,vireo.in,1,2499,PL1-2409-4
VR886275,C108326,VA-EB-PL1,2024-11-17,Amazon,1,1999,PL1-2409-4
VR887933,C105883,VA-EB-PL1,2024-11-17,Amazon,1,2499,PL1-2410-3
VR891187,C104940,VA-EB-PL1,2024-11-17,vireo.in,1,2499,PL1-2409-1
VR893788,C103709,VA-EB-AIR,2024-11-17,vireo.in,1,1619,AIR-2410-4
VR895530,C103940,VA-SP-ORB,2024-11-17,vireo.in,1,5999,ORB-2408-3
VR895667,C108118,VA-EB-PL1,2024-11-17,vireo.in,1,2499,PL1-2410-3
VR897933,C102877,VA-EB-PL1,2024-11-17,vireo.in,1,2124,PL1-2410-4
VR900357,C108581,VA-EB-PL1,2024-11-17,vireo.in,1,2499,PL1-2409-4
VR909336,C106014,VA-EB-PL1,2024-11-17,vireo.in,1,2499,PL1-2408-1
VR880629,C108756,VA-EB-AIR,2024-11-18,vireo.in,1,1619,AIR-2410-4
VR884439,C100132,VA-EB-AIR,2024-11-18,Amazon,1,1709,AIR-2408-1
VR884930,C104881,VA-EB-AIR,2024-11-18,Flipkart,1,1439,AIR-2410-3
VR885605,C107874,VA-SP-ORB,2024-11-18,vireo.in,1,5999,ORB-2409-4
VR893363,C103857,VA-AC-CH65,2024-11-18,Flipkart,1,1349,CH65-2409-2
VR895536,C108138,VA-NB-ARC,2024-11-18,vireo.in,1,1299,ARC-2410-1
VR896029,C102962,VA-SP-ORB,2024-11-18,vireo.in,1,5999,ORB-2408-4
VR904777,C105291,VA-EB-AIR,2024-11-18,vireo.in,1,1619,AIR-2408-3
VR881174,C103644,VA-EB-PL1,2024-11-19,vireo.in,1,2499,PL1-2410-3
VR882654,C103147,VA-EB-PL1,2024-11-19,vireo.in,1,2499,PL1-2410-2
VR883702,C103772,VA-EB-PL1,2024-11-19,vireo.in,1,2499,PL1-2409-3
VR883992,C105502,VA-EB-PL1,2024-11-19,Flipkart,2,4998,PL1-2408-4
VR887431,C107001,VA-SP-ORB,2024-11-19,Amazon,1,4799,ORB-2408-1
VR889246,C106401,VA-AC-CBL,2024-11-19,vireo.in,1,379,CBL-2410-2
VR893003,C103826,VA-SP-ORB,2024-11-19,Amazon,1,5699,ORB-2410-4
VR895484,C102552,VA-HP-ST2,2024-11-19,vireo.in,1,4999,ST2-2408-3
VR900046,C108505,VA-EB-AIR,2024-11-19,Flipkart,1,1619,AIR-2410-3
VR901015,C102040,VA-EB-PL1,2024-11-19,vireo.in,1,2499,PL1-2409-4
VR905429,C106806,VA-EB-AIR,2024-11-19,vireo.in,1,1619,AIR-2409-2
VR905758,C104902,VA-EB-AIR,2024-11-19,vireo.in,1,1619,AIR-2408-4
VR906878,C105402,VA-EB-AIR,2024-11-19,vireo.in,1,1799,AIR-2410-3
VR907359,C104257,VA-EB-PL1,2024-11-19,vireo.in,1,2499,PL1-2410-4
VR880843,C102004,VA-EB-AIR,2024-11-20,Amazon,1,1799,AIR-2409-4
VR889176,C103774,VA-EB-PL1,2024-11-20,Flipkart,1,2374,PL1-2410-1
VR890231,C106275,VA-SW-NX1,2024-11-20,Amazon,1,4499,NX1-2408-3
VR890702,C101849,VA-SW-NX1,2024-11-20,vireo.in,1,4999,NX1-2408-4
VR891166,C107703,VA-EB-AIR,2024-11-20,vireo.in,1,1619,AIR-2409-4
VR892167,C108435,VA-SW-FIT,2024-11-20,Amazon,2,3398,FIT-2409-3
VR897315,C103850,VA-HP-ST3,2024-11-20,vireo.in,1,5599,ST3-2409-1
VR901437,C105384,VA-HP-ST2,2024-11-20,Flipkart,1,3999,ST2-2409-3
VR906181,C109090,VA-HP-ST2,2024-11-20,Amazon,1,4999,ST2-2410-1
VR909095,C104671,VA-HP-ST3,2024-11-20,Amazon,1,6999,ST3-2409-3
VR883762,C108928,VA-SW-NX1,2024-11-21,Flipkart,2,9998,NX1-2410-3
VR888691,C108017,VA-SW-NX1,2024-11-21,Amazon,1,4499,NX1-2410-2
VR890304,C105141,VA-NB-ARC,2024-11-21,vireo.in,1,1169,ARC-2409-3
VR891161,C102416,VA-SP-ORB,2024-11-21,vireo.in,1,5999,ORB-2408-3
VR893006,C107018,VA-HP-ST3,2024-11-21,vireo.in,1,5599,ST3-2410-2
VR897673,C106941,VA-EB-AIR,2024-11-21,Amazon,1,1619,AIR-2408-4
VR903732,C100351,VA-HP-ST3,2024-11-21,Amazon,1,6999,ST3-2409-1
VR904640,C107119,VA-EB-PL1,2024-11-21,Amazon,1,1999,PL1-2410-1
VR904775,C109433,VA-HP-ST3,2024-11-21,Amazon,2,13998,ST3-2409-4
VR906020,C100630,VA-NB-ARC,2024-11-21,vireo.in,1,1169,ARC-2410-3
VR907526,C107934,VA-AC-CH65,2024-11-21,vireo.in,1,1274,CH65-2409-2
VR907593,C104548,VA-EB-PL1,2024-11-21,Flipkart,1,2499,PL1-2408-3
VR880040,C101073,VA-AC-CH65,2024-11-22,vireo.in,1,1499,CH65-2410-1
VR880637,C109335,VA-AC-CH65,2024-11-22,vireo.in,1,1274,CH65-2408-4
VR882302,C103038,VA-SW-FIT,2024-11-22,vireo.in,1,1999,FIT-2409-2
VR882772,C105799,VA-EB-AIR,2024-11-22,vireo.in,2,2878,AIR-2409-3
VR884747,C100697,VA-EB-AIR,2024-11-22,Flipkart,1,1619,AIR-2408-3
VR885944,C100533,VA-NB-ARC,2024-11-22,vireo.in,1,1299,ARC-2408-2
VR887176,C101562,VA-HP-ST3,2024-11-22,Flipkart,1,6999,ST3-2408-4
VR890383,C103048,VA-EB-PL1,2024-11-22,Flipkart,1,2124,PL1-2409-3
VR891068,C102594,VA-SW-NX1,2024-11-22,Flipkart,1,4999,NX1-2409-4
VR891555,C106681,VA-SW-NX1,2024-11-22,vireo.in,2,9998,NX1-2409-1
VR899454,C102289,VA-HP-ST2,2024-11-22,Amazon,1,3999,ST2-2408-4
VR902813,C108212,VA-HP-ST3,2024-11-22,Flipkart,1,6999,ST3-2410-2
VR903890,C104751,VA-AC-CBL,2024-11-22,vireo.in,1,319,CBL-2409-2
VR904016,C107006,VA-EB-AIR,2024-11-22,vireo.in,1,1619,AIR-2408-2
VR880563,C106206,VA-EB-AIR,2024-11-23,vireo.in,1,1709,AIR-2409-1
VR882614,C102438,VA-EB-PL1,2024-11-23,vireo.in,1,2124,PL1-2408-3
VR885022,C104464,VA-SW-FIT,2024-11-23,vireo.in,1,1799,FIT-2410-2
VR886990,C105235,VA-SP-ORB,2024-11-23,Flipkart,1,5399,ORB-2410-4
VR891547,C101592,VA-SP-ORB,2024-11-23,Flipkart,1,5099,ORB-2409-4
VR894945,C101264,VA-SW-FIT,2024-11-23,vireo.in,1,1899,FIT-2408-3
VR895220,C100509,VA-SW-NX1,2024-11-23,Amazon,2,7998,NX1-2408-1
VR897569,C102403,VA-SW-FIT,2024-11-23,vireo.in,1,1899,FIT-2410-2
VR898528,C106895,VA-EB-PL1,2024-11-23,vireo.in,1,2499,PL1-2409-4
VR904302,C100731,VA-EB-AIR,2024-11-23,Amazon,1,1799,AIR-2410-2
VR880114,C103058,VA-EB-PL1,2024-11-24,vireo.in,1,2124,PL1-2409-3
VR883883,C104627,VA-HP-ST3,2024-11-24,vireo.in,1,6999,ST3-2410-1
VR886343,C107812,VA-EB-AIR,2024-11-24,vireo.in,1,1799,AIR-2408-3
VR887037,C104119,VA-HP-ST3,2024-11-24,vireo.in,1,6999,ST3-2409-3
VR888736,C106594,VA-HP-ST3,2024-11-24,vireo.in,1,5599,ST3-2408-1
VR888764,C103252,VA-NB-ARC,2024-11-24,Flipkart,1,1039,ARC-2408-4
VR890509,C104611,VA-HP-ST3,2024-11-24,Amazon,1,6999,ST3-2410-1
VR893106,C106990,VA-EB-AIR,2024-11-24,vireo.in,1,1619,AIR-2408-4
VR894003,C102449,VA-SP-ORB,2024-11-24,vireo.in,2,10198,ORB-2408-2
VR894212,C102992,VA-EB-PL1,2024-11-24,vireo.in,1,2499,PL1-2409-1
VR894716,C108936,VA-NB-ARC,2024-11-24,Flipkart,1,1234,ARC-2409-1
VR899540,C105695,VA-EB-PL1,2024-11-24,vireo.in,1,2499,PL1-2409-4
VR902472,C103902,VA-SW-FIT,2024-11-24,vireo.in,1,1599,FIT-2408-3
VR903041,C100800,VA-HP-ST3,2024-11-24,vireo.in,1,5599,ST3-2410-4
VR908719,C109106,VA-EB-PL1,2024-11-24,Amazon,1,2499,PL1-2409-1
VR882959,C101271,VA-EB-PL1,2024-11-25,vireo.in,2,4998,PL1-2410-4
VR884313,C101684,VA-SP-ORB,2024-11-25,vireo.in,1,4799,ORB-2408-2
VR884973,C102290,VA-SW-FIT,2024-11-25,vireo.in,2,3998,FIT-2408-1
VR885180,C102239,VA-HP-ST3,2024-11-25,Amazon,1,5599,ST3-2409-4
VR888977,C100696,VA-EB-PL1,2024-11-25,vireo.in,1,2374,PL1-2409-4
VR889939,C107488,VA-EB-PL1,2024-11-25,vireo.in,1,2374,PL1-2409-4
VR891583,C107022,VA-EB-PL1,2024-11-25,vireo.in,1,1999,PL1-2409-1
VR892500,C106164,VA-HP-ST2,2024-11-25,Amazon,1,4999,ST2-2409-1
VR896178,C105583,VA-EB-PL1,2024-11-25,Amazon,1,2499,PL1-2409-3
VR896217,C107800,VA-HP-ST3,2024-11-25,Flipkart,1,6999,ST3-2410-1
VR899078,C107982,VA-SW-FIT,2024-11-25,vireo.in,1,1699,FIT-2408-2
VR899473,C101756,VA-HP-ST3,2024-11-25,Amazon,1,6649,ST3-2408-1
VR900251,C104650,VA-EB-PL1,2024-11-25,Amazon,1,1999,PL1-2410-1
VR904712,C101430,VA-EB-PL1,2024-11-25,vireo.in,2,4748,PL1-2409-1
VR904923,C101714,VA-EB-PL1,2024-11-25,Amazon,1,2374,PL1-2408-1
VR905836,C104659,VA-NB-ARC,2024-11-25,Flipkart,1,1299,ARC-2409-4
VR907267,C101708,VA-HP-ST3,2024-11-25,vireo.in,1,6649,ST3-2410-3
VR907869,C107821,VA-SW-FIT,2024-11-25,Amazon,1,1599,FIT-2410-2
VR907949,C103734,VA-HP-ST3,2024-11-25,vireo.in,1,6999,ST3-2408-1
VR909412,C107184,VA-EB-PL1,2024-11-25,Amazon,1,2374,PL1-2408-1
VR880672,C101753,VA-HP-ST3,2024-11-26,vireo.in,1,6999,ST3-2410-1
VR881030,C107222,VA-EB-PL1,2024-11-26,Amazon,1,2374,PL1-2408-1
VR881093,C101255,VA-EB-AIR,2024-11-26,vireo.in,1,1799,AIR-2409-2
VR881518,C109361,VA-HP-ST3,2024-11-26,vireo.in,1,6999,ST3-2410-3
VR886686,C101870,VA-HP-ST3,2024-11-26,vireo.in,1,5949,ST3-2410-3
VR889218,C107077,VA-EB-AIR,2024-11-26,vireo.in,1,1799,AIR-2409-2
VR889605,C107226,VA-EB-AIR,2024-11-26,Amazon,1,1799,AIR-2410-2
VR897206,C102318,VA-SW-FIT,2024-11-26,vireo.in,2,3998,FIT-2411-2
VR899627,C100717,VA-EB-PL1,2024-11-26,Flipkart,1,2374,PL1-2408-3
VR902392,C108175,VA-EB-PL1,2024-11-26,Amazon,1,2249,PL1-2410-3
VR904958,C104758,VA-HP-ST3,2024-11-26,Flipkart,1,6999,ST3-2409-4
VR906862,C107767,VA-EB-PL1,2024-11-26,Amazon,1,2499,PL1-2410-1
VR907990,C106680,VA-HP-ST3,2024-11-26,vireo.in,1,6649,ST3-2408-4
VR908802,C103668,VA-EB-AIR,2024-11-26,Amazon,1,1619,AIR-2408-2
VR908916,C104920,VA-AC-CH65,2024-11-26,vireo.in,1,1349,CH65-2409-4
VR909542,C104462,VA-SW-NX1,2024-11-26,vireo.in,1,3999,NX1-2411-1
VR884092,C101078,VA-EB-PL1,2024-11-27,vireo.in,2,4998,PL1-2410-3
VR885604,C100819,VA-EB-PL1,2024-11-27,vireo.in,1,2499,PL1-2409-3
VR886020,C100287,VA-EB-AIR,2024-11-27,Amazon,1,1439,AIR-2410-3
VR893302,C103976,VA-SP-ORB,2024-11-27,vireo.in,1,5699,ORB-2411-4
VR893390,C101414,VA-AC-CBL,2024-11-27,vireo.in,1,359,CBL-2408-2
VR893895,C102470,VA-HP-ST3,2024-11-27,vireo.in,1,6999,ST3-2409-3
VR902143,C106668,VA-AC-CH65,2024-11-27,Flipkart,1,1274,CH65-2409-2
VR902690,C104142,VA-EB-AIR,2024-11-27,Flipkart,1,1709,AIR-2409-2
VR903247,C106813,VA-SW-NX1,2024-11-27,vireo.in,1,4999,NX1-2409-3
VR905568,C103433,VA-EB-AIR,2024-11-27,Amazon,1,1799,AIR-2410-1
VR909231,C107985,VA-EB-PL1,2024-11-27,Amazon,1,2374,PL1-2408-2
VR887098,C102802,VA-HP-ST3,2024-11-28,vireo.in,1,5949,ST3-2409-1
VR887525,C103302,VA-EB-AIR,2024-11-28,Flipkart,1,1709,AIR-2410-2
VR889591,C101854,VA-HP-ST3,2024-11-28,Flipkart,1,6999,ST3-2408-1
VR889937,C101738,VA-EB-AIR,2024-11-28,vireo.in,2,3418,AIR-2410-2
VR890021,C107837,VA-EB-AIR,2024-11-28,vireo.in,2,3058,AIR-2410-2
VR893893,C100620,VA-AC-CBL,2024-11-28,Flipkart,1,339,CBL-2410-4
VR896058,C104958,VA-EB-PL1,2024-11-28,vireo.in,1,2124,PL1-2408-4
VR899332,C103489,VA-SW-FIT,2024-11-28,vireo.in,1,1599,FIT-2409-1
VR899472,C101581,VA-HP-ST3,2024-11-28,vireo.in,1,6649,ST3-2409-3
VR905239,C103716,VA-EB-AIR,2024-11-28,vireo.in,1,1799,AIR-2409-3
VR905560,C101389,VA-EB-AIR,2024-11-28,Flipkart,1,1799,AIR-2409-4
VR906550,C108493,VA-EB-PL1,2024-11-28,Amazon,2,3998,PL1-2410-4
VR883399,C104893,VA-EB-AIR,2024-11-29,vireo.in,1,1529,AIR-2408-4
VR884476,C104491,VA-EB-AIR,2024-11-29,vireo.in,1,1439,AIR-2410-2
VR885424,C107975,VA-EB-PL1,2024-11-29,Flipkart,2,4998,PL1-2411-4
VR890431,C104964,VA-EB-PL1,2024-11-29,vireo.in,2,4998,PL1-2409-1
VR891903,C109218,VA-EB-PL1,2024-11-29,vireo.in,1,2499,PL1-2411-4
VR891905,C102412,VA-NB-ARC,2024-11-29,vireo.in,2,2078,ARC-2410-2
VR892726,C104865,VA-SP-ORB,2024-11-29,vireo.in,1,5399,ORB-2409-4
VR893542,C108271,VA-EB-PL1,2024-11-29,Amazon,1,1999,PL1-2410-1
VR899552,C108128,VA-HP-ST3,2024-11-29,vireo.in,1,5599,ST3-2411-2
VR899669,C102755,VA-HP-ST3,2024-11-29,vireo.in,1,5949,ST3-2408-2
VR900382,C105233,VA-EB-AIR,2024-11-29,vireo.in,1,1619,AIR-2410-2
VR900398,C101622,VA-NB-ARC,2024-11-29,vireo.in,1,1234,ARC-2410-4
VR901228,C107838,VA-SW-FIT,2024-11-29,Amazon,1,1699,FIT-2410-2
VR901566,C106219,VA-EB-PL1,2024-11-29,vireo.in,1,2124,PL1-2409-1
VR903315,C100744,VA-HP-ST3,2024-11-29,vireo.in,1,5599,ST3-2409-4
VR903934,C107612,VA-EB-PL1,2024-11-29,vireo.in,1,2374,PL1-2410-2
VR905328,C102950,VA-EB-AIR,2024-11-29,Flipkart,1,1529,AIR-2409-1
VR907916,C103431,VA-EB-AIR,2024-11-29,vireo.in,1,1799,AIR-2409-1
VR909427,C103953,VA-EB-AIR,2024-11-29,Amazon,2,2878,AIR-2410-3
VR881825,C102148,VA-EB-AIR,2024-11-30,vireo.in,1,1799,AIR-2409-1
VR882965,C108886,VA-EB-PL1,2024-11-30,vireo.in,1,1999,PL1-2410-3
VR885840,C105612,VA-EB-PL1,2024-11-30,Flipkart,1,2499,PL1-2409-1
VR888434,C108355,VA-SW-FIT,2024-11-30,vireo.in,1,1699,FIT-2409-3
VR889504,C107551,VA-HP-ST3,2024-11-30,vireo.in,1,6999,ST3-2410-2
VR892464,C103054,VA-EB-AIR,2024-11-30,vireo.in,1,1799,AIR-2408-3
VR894954,C105189,VA-SW-NX1,2024-11-30,Amazon,1,4999,NX1-2409-2
VR896643,C101720,VA-SW-NX1,2024-11-30,Amazon,1,4249,NX1-2411-2
VR897027,C107485,VA-SW-NX1,2024-11-30,vireo.in,1,4999,NX1-2411-4
VR900412,C106884,VA-EB-PL1,2024-11-30,Flipkart,1,2124,PL1-2408-2
VR901014,C108935,VA-AC-CH65,2024-11-30,vireo.in,1,1424,CH65-2410-4
VR903366,C102500,VA-EB-PL1,2024-11-30,vireo.in,1,2499,PL1-2409-2
VR905334,C103366,VA-EB-AIR,2024-11-30,vireo.in,1,1799,AIR-2410-3
VR906840,C103445,VA-EB-AIR,2024-11-30,vireo.in,1,1529,AIR-2411-4
VR910057,C102829,VA-EB-PL1,2024-11-30,vireo.in,1,2124,PL1-2409-1
VR883252,C104332,VA-EB-AIR,2024-12-01,vireo.in,1,1799,AIR-2409-3
VR887829,C107798,VA-EB-PL1,2024-12-01,vireo.in,1,2124,PL1-2409-4
VR888926,C104287,VA-NB-ARC,2024-12-01,vireo.in,1,1299,ARC-2410-4
VR890673,C103218,VA-EB-PL1,2024-12-01,vireo.in,1,2249,PL1-2410-1
VR891842,C104078,VA-HP-ST2,2024-12-01,vireo.in,1,4499,ST2-2408-3
VR892561,C102801,VA-EB-PL1,2024-12-01,vireo.in,1,2374,PL1-2410-2
VR894015,C104345,VA-EB-PL1,2024-12-01,vireo.in,1,2499,PL1-2408-3
VR894103,C105196,VA-AC-CH65,2024-12-01,Amazon,1,1349,CH65-2409-1
VR894191,C107117,VA-EB-AIR,2024-12-01,vireo.in,1,1799,AIR-2411-1
VR894448,C104649,VA-EB-PL1,2024-12-01,vireo.in,1,2499,PL1-2409-3
VR896868,C102614,VA-HP-ST3,2024-12-01,Amazon,1,6999,ST3-2410-4
VR900958,C108287,VA-AC-CH65,2024-12-01,vireo.in,1,1499,CH65-2409-3
VR901979,C108853,VA-SW-NX1,2024-12-01,Amazon,1,4999,NX1-2408-1
VR903107,C103572,VA-SW-FIT,2024-12-01,vireo.in,1,1999,FIT-2408-3
VR904098,C102703,VA-SW-FIT,2024-12-01,vireo.in,1,1799,FIT-2408-4
VR907830,C103271,VA-SW-FIT,2024-12-01,Flipkart,1,1999,FIT-2409-1
VR908600,C103424,VA-HP-ST3,2024-12-01,vireo.in,1,6299,ST3-2410-2
VR881121,C108545,VA-HP-ST3,2024-12-02,vireo.in,1,6999,ST3-2409-1
VR882395,C105834,VA-AC-CH65,2024-12-02,vireo.in,2,2398,CH65-2408-4
VR883022,C100487,VA-EB-PL1,2024-12-02,Amazon,1,2499,PL1-2411-2
VR883257,C103378,VA-SW-FIT,2024-12-02,vireo.in,1,1999,FIT-2409-1
VR889768,C101505,VA-EB-PL1,2024-12-02,Flipkart,1,2374,PL1-2409-3
VR894757,C104716,VA-NB-ARC,2024-12-02,vireo.in,1,1039,ARC-2411-1
VR897468,C103615,VA-HP-ST3,2024-12-02,vireo.in,1,6999,ST3-2410-1
VR898344,C107882,VA-HP-ST3,2024-12-02,Amazon,1,6649,ST3-2410-4
VR899915,C109317,VA-HP-ST3,2024-12-02,Amazon,1,6649,ST3-2411-3
VR905053,C103349,VA-EB-PL1,2024-12-02,Flipkart,2,3998,PL1-2411-2
VR906331,C106193,VA-HP-ST2,2024-12-02,Flipkart,1,4749,ST2-2409-4
VR882249,C106471,VA-SW-NX1,2024-12-03,vireo.in,1,4749,NX1-2409-1
VR882371,C105830,VA-EB-PL1,2024-12-03,Flipkart,1,2124,PL1-2410-4
VR883095,C101385,VA-EB-AIR,2024-12-03,Flipkart,1,1529,AIR-2409-2
VR883679,C109211,VA-EB-PL1,2024-12-03,Amazon,1,2124,PL1-2408-3
VR886856,C109136,VA-EB-AIR,2024-12-03,Flipkart,1,1439,AIR-2410-1
VR890017,C107383,VA-EB-PL1,2024-12-03,Flipkart,1,2499,PL1-2410-2
VR890099,C103396,VA-HP-ST3,2024-12-03,Amazon,1,6999,ST3-2409-4
VR893452,C103251,VA-EB-AIR,2024-12-03,vireo.in,1,1439,AIR-2408-4
VR898471,C105257,VA-EB-AIR,2024-12-03,vireo.in,1,1439,AIR-2408-1
VR904323,C106044,VA-EB-PL1,2024-12-03,vireo.in,1,2374,PL1-2408-1
VR884211,C103583,VA-EB-AIR,2024-12-04,Amazon,2,3238,AIR-2409-3
VR885677,C103108,VA-HP-ST2,2024-12-04,Flipkart,1,3999,ST2-2409-1
VR885887,C102493,VA-AC-CH65,2024-12-04,Amazon,1,1424,CH65-2411-2
VR886648,C106177,VA-EB-AIR,2024-12-04,vireo.in,2,3598,AIR-2411-3
VR888309,C101687,VA-HP-ST3,2024-12-04,Flipkart,1,6999,ST3-2410-4
VR889577,C109485,VA-HP-ST2,2024-12-04,vireo.in,2,9498,ST2-2410-4
VR889630,C108967,VA-EB-PL1,2024-12-04,vireo.in,1,1999,PL1-2410-3
VR892898,C106626,VA-HP-ST2,2024-12-04,vireo.in,1,4749,ST2-2410-2
VR897751,C104589,VA-SW-FIT,2024-12-04,Amazon,1,1999,FIT-2409-3
VR900480,C104030,VA-HP-ST2,2024-12-04,vireo.in,1,4499,ST2-2410-2
VR902762,C102251,VA-SW-FIT,2024-12-04,vireo.in,1,1999,FIT-2410-2
VR907911,C102868,VA-HP-ST2,2024-12-04,Amazon,1,4249,ST2-2408-1
VR882258,C103908,VA-SW-FIT,2024-12-05,vireo.in,1,1999,FIT-2410-3
VR883758,C107652,VA-SW-NX1,2024-12-05,vireo.in,1,3999,NX1-2410-3
VR885380,C108178,VA-EB-PL1,2024-12-05,vireo.in,1,2249,PL1-2410-4
VR890718,C105715,VA-EB-PL1,2024-12-05,vireo.in,1,1999,PL1-2408-4
VR892164,C107918,VA-EB-PL1,2024-12-05,vireo.in,1,2499,PL1-2409-4
VR892190,C105198,VA-SP-ORB,2024-12-05,vireo.in,1,5099,ORB-2408-4
VR892533,C101274,VA-EB-AIR,2024-12-05,vireo.in,1,1619,AIR-2409-1
VR893827,C104869,VA-EB-PL1,2024-12-05,Amazon,1,1999,PL1-2410-4
VR894032,C106966,VA-EB-PL1,2024-12-05,vireo.in,1,2499,PL1-2409-3
VR899664,C108533,VA-SP-ORB,2024-12-05,Flipkart,1,5999,ORB-2410-3
VR903847,C107796,VA-SW-FIT,2024-12-05,vireo.in,1,1599,FIT-2409-4
VR903870,C103551,VA-SP-ORB,2024-12-05,Flipkart,2,9598,ORB-2410-3
VR908223,C107395,VA-SW-FIT,2024-12-05,Amazon,1,1799,FIT-2408-1
VR880544,C107671,VA-EB-PL1,2024-12-06,vireo.in,1,2249,PL1-2410-2
VR880606,C108969,VA-AC-CH65,2024-12-06,vireo.in,1,1499,CH65-2410-2
VR883642,C102684,VA-EB-PL1,2024-12-06,Flipkart,2,4498,PL1-2410-2
VR886111,C102828,VA-EB-PL1,2024-12-06,vireo.in,1,2374,PL1-2410-4
VR891665,C108593,VA-HP-ST2,2024-12-06,Amazon,1,4249,ST2-2409-3
VR899695,C107354,VA-EB-AIR,2024-12-06,Amazon,1,1799,AIR-2410-2
VR900604,C109291,VA-SP-ORB,2024-12-06,vireo.in,1,5399,ORB-2410-4
VR902251,C106001,VA-EB-PL1,2024-12-06,Amazon,1,2124,PL1-2408-1
VR902878,C105026,VA-SW-NX1,2024-12-06,Amazon,1,4999,NX1-2409-4
VR907041,C103734,VA-AC-CH65,2024-12-06,Flipkart,1,1424,CH65-2410-4
VR907288,C106162,VA-SW-NX1,2024-12-06,Amazon,1,4499,NX1-2409-4
VR909050,C103073,VA-HP-ST3,2024-12-06,vireo.in,1,6649,ST3-2410-1
VR909580,C103975,VA-EB-PL1,2024-12-06,Amazon,1,2499,PL1-2408-3
VR880336,C108768,VA-NB-ARC,2024-12-07,Flipkart,1,1104,ARC-2410-3
VR880469,C100794,VA-SW-FIT,2024-12-07,vireo.in,1,1999,FIT-2408-4
VR888687,C108513,VA-HP-ST3,2024-12-07,Flipkart,1,6999,ST3-2411-4
VR891419,C100015,VA-NB-ARC,2024-12-07,Amazon,1,1169,ARC-2409-3
VR896464,C105767,VA-NB-ARC,2024-12-07,vireo.in,1,1299,ARC-2409-3
VR899267,C108033,VA-AC-CH65,2024-12-07,vireo.in,1,1499,CH65-2410-1
VR880294,C106995,VA-EB-AIR,2024-12-08,Amazon,1,1709,AIR-2408-1
VR884870,C107704,VA-EB-AIR,2024-12-08,vireo.in,1,1709,AIR-2410-2
VR888945,C108873,VA-AC-CH65,2024-12-08,vireo.in,1,1424,CH65-2408-3
VR890993,C109450,VA-EB-AIR,2024-12-08,Flipkart,1,1529,AIR-2408-4
VR895678,C106067,VA-HP-ST3,2024-12-08,Amazon,1,6999,ST3-2409-1
VR897428,C101170,VA-SP-ORB,2024-12-08,vireo.in,1,5099,ORB-2409-2
VR901262,C105278,VA-EB-PL1,2024-12-08,Amazon,1,2499,PL1-2411-2
VR905804,C109102,VA-SP-ORB,2024-12-08,vireo.in,1,4799,ORB-2410-2
VR906545,C102408,VA-HP-ST3,2024-12-08,Amazon,1,6999,ST3-2409-1
VR909951,C102882,VA-EB-PL1,2024-12-08,vireo.in,1,2124,PL1-2410-4
VR880730,C104689,VA-NB-ARC,2024-12-09,Amazon,1,1104,ARC-2411-4
VR881079,C107347,VA-EB-AIR,2024-12-09,Flipkart,1,1529,AIR-2408-3
VR884994,C106179,VA-EB-AIR,2024-12-09,Amazon,1,1709,AIR-2411-4
VR886295,C105000,VA-SW-FIT,2024-12-09,vireo.in,1,1799,FIT-2409-2
VR892461,C105348,VA-SW-NX1,2024-12-09,vireo.in,1,4999,NX1-2411-4
VR892713,C105962,VA-EB-AIR,2024-12-09,Flipkart,1,1619,AIR-2409-1
VR898842,C105451,VA-EB-AIR,2024-12-09,Flipkart,1,1439,AIR-2408-2
VR900371,C107201,VA-HP-ST2,2024-12-09,vireo.in,1,4749,ST2-2411-1
VR901518,C108686,VA-SW-FIT,2024-12-09,Amazon,1,1999,FIT-2409-1
VR902686,C100484,VA-EB-AIR,2024-12-09,Amazon,1,1709,AIR-2410-2
VR902891,C105307,VA-HP-ST2,2024-12-09,vireo.in,1,4999,ST2-2411-4
VR905064,C103622,VA-EB-PL1,2024-12-09,vireo.in,2,4748,PL1-2411-3
VR907619,C106296,VA-NB-ARC,2024-12-09,Flipkart,1,1299,ARC-2409-4
VR884023,C103277,VA-EB-AIR,2024-12-10,vireo.in,1,1709,AIR-2411-4
VR884562,C104865,VA-HP-ST3,2024-12-10,Flipkart,1,5599,ST3-2410-2
VR887361,C104544,VA-SW-FIT,2024-12-10,Amazon,1,1999,FIT-2408-4
VR888210,C104965,VA-HP-ST2,2024-12-10,vireo.in,1,4249,ST2-2409-4
VR893139,C102519,VA-EB-PL1,2024-12-10,Flipkart,1,2499,PL1-2408-1
VR893214,C105817,VA-SW-FIT,2024-12-10,vireo.in,1,1699,FIT-2410-4
VR894370,C103566,VA-SW-FIT,2024-12-10,vireo.in,1,1799,FIT-2411-4
VR894691,C103698,VA-HP-ST3,2024-12-10,vireo.in,1,6999,ST3-2410-3
VR900446,C101564,VA-NB-ARC,2024-12-10,vireo.in,1,1169,ARC-2410-4
VR901087,C107723,VA-SW-FIT,2024-12-10,Flipkart,1,1999,FIT-2409-1
VR902340,C106429,VA-SW-NX1,2024-12-10,Amazon,1,4249,NX1-2409-3
VR903418,C103442,VA-SW-FIT,2024-12-10,vireo.in,1,1699,FIT-2410-4
VR906098,C102401,VA-EB-AIR,2024-12-10,vireo.in,1,1799,AIR-2410-3
VR908351,C102354,VA-EB-AIR,2024-12-10,vireo.in,1,1799,AIR-2409-3
VR908769,C106368,VA-EB-PL1,2024-12-10,Flipkart,1,2499,PL1-2408-4
VR909270,C109419,VA-EB-PL1,2024-12-10,vireo.in,1,2124,PL1-2408-2
VR881166,C107548,VA-EB-PL1,2024-12-11,vireo.in,2,4998,PL1-2408-2
VR883059,C104061,VA-AC-CBL,2024-12-11,Flipkart,1,379,CBL-2411-2
VR884571,C106376,VA-AC-CBL,2024-12-11,vireo.in,1,339,CBL-2411-1
VR896332,C108611,VA-AC-CH65,2024-12-11,vireo.in,1,1499,CH65-2410-4
VR897382,C107411,VA-EB-AIR,2024-12-11,vireo.in,1,1619,AIR-2409-2
VR899840,C109059,VA-HP-ST2,2024-12-11,vireo.in,1,4999,ST2-2409-1
VR903409,C106475,VA-HP-ST2,2024-12-11,vireo.in,1,4249,ST2-2411-2
VR903539,C100096,VA-AC-CBL,2024-12-11,Amazon,1,399,CBL-2410-4
VR905410,C100331,VA-EB-PL1,2024-12-11,Flipkart,1,2124,PL1-2410-3
VR880689,C106175,VA-SP-ORB,2024-12-12,Amazon,1,5699,ORB-2410-3
VR880863,C101633,VA-NB-ARC,2024-12-12,Amazon,1,1234,ARC-2410-3
VR881483,C107768,VA-SP-ORB,2024-12-12,vireo.in,1,5699,ORB-2410-2
VR883353,C102121,VA-EB-AIR,2024-12-12,Amazon,1,1529,AIR-2410-1
VR883727,C102613,VA-HP-ST2,2024-12-12,vireo.in,1,3999,ST2-2410-3
VR887612,C107242,VA-EB-PL1,2024-12-12,vireo.in,1,1999,PL1-2409-3
VR889030,C108439,VA-EB-AIR,2024-12-12,vireo.in,1,1709,AIR-2411-1
VR890839,C109161,VA-SW-NX1,2024-12-12,Amazon,1,4499,NX1-2409-2
VR893056,C104155,VA-SP-ORB,2024-12-12,vireo.in,1,5999,ORB-2410-3
VR895699,C100961,VA-EB-AIR,2024-12-12,Flipkart,1,1799,AIR-2410-2
VR901252,C107099,VA-SP-ORB,2024-12-12,Flipkart,2,10198,ORB-2409-1
VR902218,C105893,VA-HP-ST2,2024-12-12,Amazon,1,4999,ST2-2410-4
VR905204,C105648,VA-EB-PL1,2024-12-12,vireo.in,1,2499,PL1-2408-2
VR908169,C100635,VA-SW-FIT,2024-12-12,vireo.in,1,1799,FIT-2409-2
VR908400,C101522,VA-NB-ARC,2024-12-12,vireo.in,1,1299,ARC-2409-4
VR881342,C101512,VA-AC-CBL,2024-12-13,vireo.in,1,339,CBL-2411-1
VR883255,C105649,VA-HP-ST3,2024-12-13,vireo.in,1,5949,ST3-2410-2
VR891401,C104515,VA-SP-ORB,2024-12-13,vireo.in,1,5699,ORB-2410-1
VR892638,C101949,VA-EB-AIR,2024-12-13,Flipkart,1,1439,AIR-2409-4
VR894780,C108401,VA-EB-PL1,2024-12-13,vireo.in,1,1999,PL1-2411-4
VR895136,C107080,VA-EB-AIR,2024-12-13,Amazon,1,1439,AIR-2408-2
VR896082,C101800,VA-SW-FIT,2024-12-13,vireo.in,1,1599,FIT-2410-4
VR896556,C103071,VA-SW-FIT,2024-12-13,Flipkart,1,1999,FIT-2409-3
VR899057,C106463,VA-SW-FIT,2024-12-13,Amazon,1,1799,FIT-2409-4
VR903601,C105719,VA-HP-ST3,2024-12-13,vireo.in,1,6649,ST3-2410-3
VR906361,C101310,VA-SW-FIT,2024-12-13,vireo.in,1,1999,FIT-2411-4
VR909481,C101915,VA-SW-FIT,2024-12-13,Amazon,1,1699,FIT-2409-4
VR883896,C100894,VA-EB-PL1,2024-12-14,vireo.in,1,2374,PL1-2411-4
VR885873,C109355,VA-HP-ST3,2024-12-14,Flipkart,1,6299,ST3-2410-4
VR887194,C103677,VA-EB-AIR,2024-12-14,Flipkart,2,3058,AIR-2408-1
VR887267,C107759,VA-SP-ORB,2024-12-14,Amazon,1,5999,ORB-2409-1
VR887930,C102702,VA-HP-ST3,2024-12-14,vireo.in,1,6649,ST3-2411-4
VR890356,C106456,VA-SP-ORB,2024-12-14,Amazon,1,5999,ORB-2410-3
VR891731,C108040,VA-EB-PL1,2024-12-14,vireo.in,1,2249,PL1-2410-4
VR892118,C103537,VA-SP-ORB,2024-12-14,Amazon,1,5999,ORB-2409-1
VR892454,C108633,VA-HP-ST3,2024-12-14,vireo.in,2,13298,ST3-2411-1
VR893425,C109366,VA-HP-ST3,2024-12-14,Flipkart,1,6299,ST3-2410-1
VR902836,C104756,VA-SW-FIT,2024-12-14,Amazon,1,1599,FIT-2411-3
VR908827,C104390,VA-EB-PL1,2024-12-14,Flipkart,1,2124,PL1-2410-4
VR883235,C108301,VA-HP-ST3,2024-12-15,vireo.in,1,6649,ST3-2410-2
VR884498,C104117,VA-EB-AIR,2024-12-15,vireo.in,2,3598,AIR-2409-4
VR885373,C107185,VA-AC-CH65,2024-12-15,Flipkart,1,1424,CH65-2410-2
VR886774,C109207,VA-HP-ST3,2024-12-15,vireo.in,1,6999,ST3-2410-1
VR886824,C103761,VA-HP-ST2,2024-12-15,vireo.in,1,4499,ST2-2411-4
VR889873,C107873,VA-SP-ORB,2024-12-15,vireo.in,1,5999,ORB-2410-2
VR891893,C104945,VA-HP-ST2,2024-12-15,vireo.in,1,3999,ST2-2409-4
VR892207,C102830,VA-HP-ST3,2024-12-15,Flipkart,1,5949,ST3-2409-3
VR892254,C101021,VA-NB-ARC,2024-12-15,vireo.in,2,2598,ARC-2408-4
VR901181,C100547,VA-HP-ST3,2024-12-15,Amazon,1,6999,ST3-2410-1
VR902343,C102397,VA-EB-AIR,2024-12-15,Amazon,1,1709,AIR-2408-3
VR906185,C105364,VA-AC-CH65,2024-12-15,vireo.in,1,1499,CH65-2411-2
VR908106,C101194,VA-SP-ORB,2024-12-15,vireo.in,1,5999,ORB-2409-4
VR909268,C107040,VA-HP-ST2,2024-12-15,vireo.in,1,3999,ST2-2411-3
VR909916,C108184,VA-SW-FIT,2024-12-15,vireo.in,1,1999,FIT-2408-1
VR880937,C105484,VA-EB-AIR,2024-12-16,Amazon,1,1799,AIR-2410-1
VR880959,C102819,VA-SW-NX1,2024-12-16,Flipkart,1,3999,NX1-2411-3
VR881159,C100734,VA-EB-PL1,2024-12-16,vireo.in,1,2374,PL1-2410-2
VR881334,C101598,VA-EB-PL1,2024-12-16,vireo.in,1,2249,PL1-2409-4
VR881771,C108556,VA-EB-AIR,2024-12-16,Amazon,1,1529,AIR-2411-2
VR886992,C100785,VA-SW-FIT,2024-12-16,vireo.in,1,1699,FIT-2410-1
VR894187,C106051,VA-SW-NX1,2024-12-16,Amazon,1,4999,NX1-2411-1
VR897816,C107351,VA-HP-ST3,2024-12-16,Amazon,1,5599,ST3-2411-3
VR901027,C101687,VA-HP-ST3,2024-12-16,vireo.in,1,6999,ST3-2411-2
VR908483,C106220,VA-HP-ST3,2024-12-16,vireo.in,1,6999,ST3-2410-2
VR883278,C106892,VA-SP-ORB,2024-12-17,vireo.in,1,5999,ORB-2410-4
VR888902,C106947,VA-EB-PL1,2024-12-17,vireo.in,1,2499,PL1-2409-1
VR889758,C104228,VA-SP-ORB,2024-12-17,vireo.in,1,4799,ORB-2409-3
VR895489,C104543,VA-EB-AIR,2024-12-17,Amazon,1,1799,AIR-2409-4
VR900180,C107491,VA-EB-AIR,2024-12-17,Flipkart,1,1799,AIR-2410-4
VR900388,C106437,VA-SP-ORB,2024-12-17,vireo.in,1,5099,ORB-2410-3
VR905113,C100810,VA-NB-ARC,2024-12-17,Amazon,1,1104,ARC-2410-4
VR905348,C109175,VA-EB-PL1,2024-12-17,vireo.in,1,2124,PL1-2410-4
VR905680,C108410,VA-SW-FIT,2024-12-17,vireo.in,1,1599,FIT-2410-4
VR906066,C106015,VA-HP-ST3,2024-12-17,vireo.in,1,6299,ST3-2411-1
VR883175,C101934,VA-EB-PL1,2024-12-18,vireo.in,1,1999,PL1-2410-3
VR886526,C104665,VA-EB-AIR,2024-12-18,vireo.in,1,1439,AIR-2410-1
VR889490,C107806,VA-HP-ST3,2024-12-18,Flipkart,1,6299,ST3-2410-1
VR891544,C101094,VA-HP-ST2,2024-12-18,vireo.in,1,4749,ST2-2410-1
VR893759,C107368,VA-AC-CH65,2024-12-18,vireo.in,1,1424,CH65-2411-2
VR896017,C105693,VA-EB-AIR,2024-12-18,Amazon,1,1799,AIR-2411-4
VR896205,C100040,VA-EB-PL1,2024-12-18,vireo.in,1,1999,PL1-2410-3
VR897559,C102776,VA-HP-ST3,2024-12-18,Amazon,2,13998,ST3-2410-3
VR897941,C102739,VA-EB-PL1,2024-12-18,vireo.in,1,2249,PL1-2409-4
VR899679,C105558,VA-SW-NX1,2024-12-18,vireo.in,1,4999,NX1-2409-2
VR904200,C108012,VA-HP-ST2,2024-12-18,Amazon,1,4999,ST2-2410-4
VR887047,C104739,VA-EB-PL1,2024-12-19,Amazon,1,2499,PL1-2411-1
VR888226,C102549,VA-EB-AIR,2024-12-19,vireo.in,1,1529,AIR-2411-3
VR888591,C101008,VA-AC-CBL,2024-12-19,Flipkart,1,379,CBL-2411-3
VR894835,C103808,VA-SP-ORB,2024-12-19,Amazon,1,5399,ORB-2410-3
VR894995,C101504,VA-EB-AIR,2024-12-19,vireo.in,1,1709,AIR-2409-4
VR899198,C107165,VA-EB-AIR,2024-12-19,Amazon,2,2878,AIR-2409-1
VR901926,C100732,VA-SW-FIT,2024-12-19,vireo.in,1,1699,FIT-2410-2
VR903851,C109400,VA-EB-PL1,2024-12-19,Amazon,1,2374,PL1-2410-3
VR906155,C103768,VA-EB-AIR,2024-12-19,vireo.in,1,1619,AIR-2411-3
VR881881,C104485,VA-HP-ST3,2024-12-20,vireo.in,1,6999,ST3-2410-3
VR885191,C102834,VA-SW-FIT,2024-12-20,vireo.in,1,1999,FIT-2411-1
VR886852,C102819,VA-SP-ORB,2024-12-20,Flipkart,1,4799,ORB-2410-1
VR887908,C105817,VA-EB-PL1,2024-12-20,vireo.in,1,2499,PL1-2411-1
VR888402,C101877,VA-HP-ST3,2024-12-20,vireo.in,1,6649,ST3-2411-2
VR895432,C106720,VA-SW-FIT,2024-12-20,vireo.in,1,1999,FIT-2410-3
VR896166,C100577,VA-EB-AIR,2024-12-20,Amazon,2,3058,AIR-2409-1
VR897738,C101853,VA-EB-AIR,2024-12-20,vireo.in,1,1799,AIR-2409-2
VR899169,C102592,VA-AC-CBL,2024-12-20,Flipkart,1,399,CBL-2411-3
VR899439,C105813,VA-EB-PL1,2024-12-20,Flipkart,1,2499,PL1-2410-2
VR901110,C102983,VA-HP-ST3,2024-12-20,vireo.in,1,6649,ST3-2411-4
VR905152,C108899,VA-AC-CBL,2024-12-20,vireo.in,1,359,CBL-2410-3
VR906228,C100708,VA-SW-NX1,2024-12-20,vireo.in,1,4749,NX1-2410-2
VR908555,C101687,VA-EB-AIR,2024-12-20,vireo.in,1,1799,AIR-2410-1
VR909673,C100979,VA-AC-CH65,2024-12-20,Flipkart,1,1499,CH65-2411-1
VR881378,C106493,VA-HP-ST3,2024-12-21,Flipkart,1,5949,ST3-2409-4
VR887030,C103940,VA-SW-NX1,2024-12-21,vireo.in,1,4999,NX1-2410-4
VR887994,C105075,VA-AC-CH65,2024-12-21,Flipkart,2,2548,CH65-2411-3
VR889233,C102575,VA-AC-CBL,2024-12-21,Flipkart,1,319,CBL-2409-4
VR889973,C103756,VA-EB-PL1,2024-12-21,Amazon,1,1999,PL1-2411-2
VR890211,C104171,VA-EB-PL1,2024-12-21,vireo.in,1,2499,PL1-2409-2
VR896375,C104162,VA-SP-ORB,2024-12-21,Amazon,1,5699,ORB-2409-2
VR899519,C105078,VA-SW-FIT,2024-12-21,vireo.in,1,1999,FIT-2409-1
VR904269,C107649,VA-EB-PL1,2024-12-21,Amazon,1,2499,PL1-2410-1
VR909933,C104619,VA-SP-ORB,2024-12-21,vireo.in,1,4799,ORB-2410-4
VR882602,C101715,VA-HP-ST3,2024-12-22,Amazon,1,6299,ST3-2409-1
VR885409,C106420,VA-EB-PL1,2024-12-22,vireo.in,1,2249,PL1-2411-2
VR890361,C102053,VA-EB-PL1,2024-12-22,vireo.in,1,2499,PL1-2410-3
VR897589,C102545,VA-SW-FIT,2024-12-22,vireo.in,1,1799,FIT-2410-4
VR898277,C105590,VA-EB-AIR,2024-12-22,vireo.in,2,3238,AIR-2409-2
VR898370,C107779,VA-EB-PL1,2024-12-22,vireo.in,1,2499,PL1-2410-4
VR900358,C101677,VA-EB-AIR,2024-12-22,vireo.in,1,1439,AIR-2411-2
VR903697,C103510,VA-EB-PL1,2024-12-22,vireo.in,1,2374,PL1-2411-4
VR905496,C104920,VA-HP-ST2,2024-12-22,vireo.in,1,4749,ST2-2409-3
VR905842,C107106,VA-EB-PL1,2024-12-22,vireo.in,2,4998,PL1-2410-1
VR907859,C108636,VA-EB-AIR,2024-12-22,vireo.in,2,3238,AIR-2410-4
VR880884,C103088,VA-EB-PL1,2024-12-23,vireo.in,1,2499,PL1-2411-2
VR880965,C105299,VA-EB-AIR,2024-12-23,vireo.in,1,1439,AIR-2410-2
VR881240,C107225,VA-SW-NX1,2024-12-23,Amazon,2,9998,NX1-2410-2
VR885834,C105907,VA-EB-PL1,2024-12-23,vireo.in,1,2499,PL1-2409-3
VR888493,C104844,VA-EB-PL1,2024-12-23,vireo.in,1,2499,PL1-2411-4
VR890375,C104071,VA-HP-ST2,2024-12-23,Amazon,1,4999,ST2-2410-3
VR897124,C102122,VA-EB-PL1,2024-12-23,vireo.in,1,2374,PL1-2410-4
VR898677,C100302,VA-HP-ST2,2024-12-23,Amazon,1,4749,ST2-2410-3
VR899817,C100017,VA-EB-PL1,2024-12-23,vireo.in,1,2124,PL1-2410-3
VR900828,C107695,VA-HP-ST2,2024-12-23,vireo.in,1,4999,ST2-2410-3
VR904297,C108819,VA-EB-AIR,2024-12-23,Flipkart,1,1799,AIR-2410-3
VR904448,C100546,VA-NB-ARC,2024-12-23,vireo.in,1,1039,ARC-2411-3
VR906671,C107001,VA-HP-ST2,2024-12-23,Amazon,1,4749,ST2-2410-1
VR909925,C104599,VA-SW-FIT,2024-12-23,Flipkart,1,1599,FIT-2411-2
VR885170,C105739,VA-EB-PL1,2024-12-24,vireo.in,1,2499,PL1-2411-4
VR888092,C106156,VA-EB-PL1,2024-12-24,vireo.in,1,2499,PL1-2410-3
VR890306,C104435,VA-HP-ST3,2024-12-24,vireo.in,1,5599,ST3-2410-4
VR890428,C108210,VA-HP-ST2,2024-12-24,vireo.in,1,4249,ST2-2409-1
VR891541,C105616,VA-SW-FIT,2024-12-24,vireo.in,1,1599,FIT-2411-4
VR892257,C108000,VA-AC-CH65,2024-12-24,vireo.in,1,1349,CH65-2411-2
VR893889,C105142,VA-HP-ST3,2024-12-24,vireo.in,1,6299,ST3-2411-1
VR894483,C100899,VA-SP-ORB,2024-12-24,Flipkart,1,4799,ORB-2410-3
VR895162,C107793,VA-SP-ORB,2024-12-24,vireo.in,1,5999,ORB-2411-1
VR897158,C108080,VA-NB-ARC,2024-12-24,Amazon,1,1299,ARC-2411-2
VR897288,C107150,VA-AC-CBL,2024-12-24,Flipkart,1,399,CBL-2410-2
VR898384,C100703,VA-EB-AIR,2024-12-24,vireo.in,1,1709,AIR-2409-1
VR898780,C105313,VA-SW-NX1,2024-12-24,vireo.in,1,4999,NX1-2412-2
VR904413,C105367,VA-EB-PL1,2024-12-24,vireo.in,1,1999,PL1-2409-2
VR908993,C104938,VA-SW-NX1,2024-12-24,Flipkart,1,4249,NX1-2411-2
VR881439,C100712,VA-EB-PL1,2024-12-25,Flipkart,1,1999,PL1-2412-1
VR890866,C107089,VA-SW-FIT,2024-12-25,vireo.in,1,1599,FIT-2411-1
VR894790,C107393,VA-AC-CH65,2024-12-25,vireo.in,1,1424,CH65-2411-3
VR896150,C107899,VA-EB-PL1,2024-12-25,vireo.in,1,2499,PL1-2410-1
VR899801,C107653,VA-EB-AIR,2024-12-25,vireo.in,1,1619,AIR-2410-1
VR901873,C106052,VA-HP-ST3,2024-12-25,vireo.in,1,5949,ST3-2410-3
VR906547,C108376,VA-NB-ARC,2024-12-25,vireo.in,1,1299,ARC-2409-3
VR907188,C108104,VA-SW-FIT,2024-12-25,Amazon,2,3198,FIT-2410-2
VR908748,C109362,VA-HP-ST3,2024-12-25,vireo.in,1,6999,ST3-2409-4
VR882738,C107246,VA-EB-PL1,2024-12-26,vireo.in,1,2499,PL1-2412-3
VR885375,C109079,VA-EB-AIR,2024-12-26,Amazon,1,1529,AIR-2410-1
VR886797,C100652,VA-EB-PL1,2024-12-26,vireo.in,1,2499,PL1-2411-4
VR887424,C107021,VA-HP-ST3,2024-12-26,Amazon,1,6649,ST3-2411-4
VR892312,C105265,VA-EB-PL1,2024-12-26,Amazon,1,2124,PL1-2411-3
VR904156,C105782,VA-HP-ST2,2024-12-26,Flipkart,1,4249,ST2-2411-4
VR905631,C104118,VA-EB-AIR,2024-12-26,vireo.in,1,1799,AIR-2411-4
VR908455,C105545,VA-NB-ARC,2024-12-26,vireo.in,1,1169,ARC-2410-3
VR888153,C103772,VA-EB-AIR,2024-12-27,vireo.in,2,3238,AIR-2410-1
VR893008,C106246,VA-SW-NX1,2024-12-27,Flipkart,1,4999,NX1-2411-1
VR899773,C104518,VA-HP-ST3,2024-12-27,vireo.in,1,6999,ST3-2410-1
VR903232,C100976,VA-HP-ST3,2024-12-27,vireo.in,1,5599,ST3-2411-1
VR905606,C107591,VA-SW-FIT,2024-12-27,Amazon,1,1999,FIT-2411-2
VR909927,C106752,VA-NB-ARC,2024-12-27,vireo.in,1,1104,ARC-2409-4
VR882932,C107961,VA-EB-PL1,2024-12-28,Amazon,1,2249,PL1-2412-2
VR887990,C104851,VA-SP-ORB,2024-12-28,Amazon,1,5999,ORB-2409-2
VR896496,C103373,VA-EB-AIR,2024-12-28,Amazon,1,1799,AIR-2410-3
VR897791,C100917,VA-EB-AIR,2024-12-28,Amazon,1,1529,AIR-2411-4
VR898023,C106416,VA-EB-PL1,2024-12-28,vireo.in,1,1999,PL1-2410-2
VR902452,C106041,VA-EB-PL1,2024-12-28,Amazon,1,2499,PL1-2411-4
VR902852,C101990,VA-HP-ST3,2024-12-28,vireo.in,1,6999,ST3-2411-2
VR904051,C106561,VA-HP-ST3,2024-12-28,vireo.in,1,6999,ST3-2411-2
VR904084,C104047,VA-EB-PL1,2024-12-28,Flipkart,1,2124,PL1-2410-3
VR906508,C101502,VA-HP-ST3,2024-12-28,Amazon,1,6299,ST3-2411-1
VR907394,C101946,VA-HP-ST2,2024-12-28,Flipkart,1,3999,ST2-2411-4
VR908383,C101895,VA-EB-AIR,2024-12-28,Flipkart,1,1799,AIR-2411-2
VR909610,C103993,VA-HP-ST2,2024-12-28,vireo.in,1,4749,ST2-2409-3
VR881329,C103937,VA-SW-FIT,2024-12-29,Amazon,1,1599,FIT-2411-1
VR883431,C104495,VA-EB-AIR,2024-12-29,vireo.in,1,1799,AIR-2411-4
VR884560,C108114,VA-HP-ST3,2024-12-29,vireo.in,1,6999,ST3-2409-3
VR885071,C102016,VA-AC-CBL,2024-12-29,Amazon,1,339,CBL-2411-1
VR887476,C100887,VA-EB-PL1,2024-12-29,vireo.in,1,2124,PL1-2411-1
VR887757,C102385,VA-HP-ST2,2024-12-29,vireo.in,1,4499,ST2-2410-3
VR888939,C108668,VA-AC-CH65,2024-12-29,vireo.in,1,1199,CH65-2409-3
VR890018,C108788,VA-EB-AIR,2024-12-29,vireo.in,1,1799,AIR-2411-1
VR890653,C106327,VA-EB-PL1,2024-12-29,vireo.in,1,2374,PL1-2409-1
VR893235,C102093,VA-EB-PL1,2024-12-29,vireo.in,2,3998,PL1-2409-1
VR894634,C108525,VA-EB-AIR,2024-12-29,Amazon,1,1619,AIR-2411-2
VR897986,C102389,VA-EB-PL1,2024-12-29,vireo.in,1,2499,PL1-2410-4
VR905808,C100050,VA-EB-PL1,2024-12-29,vireo.in,1,2249,PL1-2411-4
VR884593,C101425,VA-EB-AIR,2024-12-30,Amazon,1,1529,AIR-2410-2
VR885139,C109397,VA-NB-ARC,2024-12-30,vireo.in,1,1299,ARC-2409-3
VR885600,C105993,VA-NB-ARC,2024-12-30,vireo.in,1,1039,ARC-2410-1
VR885751,C105566,VA-NB-ARC,2024-12-30,vireo.in,1,1299,ARC-2412-2
VR886103,C103711,VA-HP-ST3,2024-12-30,vireo.in,1,6649,ST3-2410-4
VR887727,C107519,VA-EB-PL1,2024-12-30,Flipkart,1,2374,PL1-2410-1
VR890479,C107748,VA-SW-NX1,2024-12-30,Amazon,1,4999,NX1-2412-3
VR893397,C102350,VA-EB-PL1,2024-12-30,Flipkart,2,3998,PL1-2409-3
VR894503,C105936,VA-HP-ST2,2024-12-30,vireo.in,1,3999,ST2-2410-1
VR895303,C104339,VA-SW-NX1,2024-12-30,vireo.in,1,4499,NX1-2410-3
VR895789,C100481,VA-AC-CBL,2024-12-30,vireo.in,1,339,CBL-2410-3
VR905050,C108777,VA-EB-PL1,2024-12-30,Flipkart,1,2374,PL1-2412-2
VR880338,C106846,VA-AC-CH65,2024-12-31,vireo.in,1,1499,CH65-2411-2
VR884094,C108861,VA-HP-ST2,2024-12-31,vireo.in,1,4249,ST2-2410-2
VR888640,C106679,VA-SW-FIT,2024-12-31,Amazon,1,1899,FIT-2412-3
VR894491,C102169,VA-SW-FIT,2024-12-31,Amazon,1,1999,FIT-2409-2
VR895590,C104460,VA-EB-PL1,2024-12-31,Amazon,1,2499,PL1-2411-1
VR897294,C102901,VA-HP-ST3,2024-12-31,vireo.in,1,5949,ST3-2411-3
VR902302,C103005,VA-EB-AIR,2024-12-31,Amazon,1,1619,AIR-2410-3
VR902877,C109176,VA-SW-FIT,2024-12-31,Amazon,1,1699,FIT-2411-3
VR903002,C101290,VA-HP-ST3,2024-12-31,vireo.in,1,5949,ST3-2410-1
VR905254,C108751,VA-HP-ST3,2024-12-31,vireo.in,1,5599,ST3-2412-2
VR887385,C108785,VA-EB-AIR,2025-01-01,Amazon,1,1439,AIR-2410-2
VR887946,C105606,VA-HP-ST3,2025-01-01,vireo.in,1,6299,ST3-2410-2
VR891611,C100015,VA-SP-ORB,2025-01-01,Flipkart,1,5699,ORB-2411-4
VR891726,C109448,VA-AC-CH65,2025-01-01,vireo.in,1,1499,CH65-2411-1
VR894659,C108259,VA-SW-FIT,2025-01-01,Flipkart,1,1799,FIT-2410-4
VR901930,C100280,VA-EB-PL1,2025-01-01,Amazon,1,2499,PL1-2411-2
VR902893,C104869,VA-EB-PL1,2025-01-01,Flipkart,2,4998,PL1-2409-2
VR903157,C101750,VA-EB-PL1,2025-01-01,Flipkart,1,2124,PL1-2410-3
VR904494,C103592,VA-EB-AIR,2025-01-01,Amazon,1,1619,AIR-2412-3
VR905910,C108670,VA-EB-AIR,2025-01-01,vireo.in,1,1799,AIR-2411-1
VR889086,C103889,VA-EB-AIR,2025-01-02,vireo.in,1,1709,AIR-2409-4
VR891364,C107821,VA-HP-ST3,2025-01-02,Amazon,1,5949,ST3-2410-1
VR892366,C104564,VA-EB-AIR,2025-01-02,vireo.in,2,2878,AIR-2409-4
VR899824,C108553,VA-HP-ST3,2025-01-02,vireo.in,1,6999,ST3-2411-1
VR901471,C108234,VA-HP-ST3,2025-01-02,vireo.in,1,5949,ST3-2412-2
VR906633,C105624,VA-EB-PL1,2025-01-02,vireo.in,1,2249,PL1-2409-2
VR881687,C103625,VA-EB-PL1,2025-01-03,vireo.in,1,2499,PL1-2411-1
VR882029,C107587,VA-HP-ST2,2025-01-03,Amazon,1,4749,ST2-2411-1
VR882263,C109005,VA-EB-PL1,2025-01-03,vireo.in,1,2499,PL1-2409-3
VR888807,C109117,VA-EB-PL1,2025-01-03,Flipkart,1,2499,PL1-2411-4
VR889732,C103639,VA-EB-AIR,2025-01-03,vireo.in,1,1439,AIR-2409-3
VR891256,C102004,VA-HP-ST3,2025-01-03,vireo.in,1,6999,ST3-2410-2
VR895621,C102331,VA-HP-ST3,2025-01-03,Amazon,1,5949,ST3-2411-1
VR900142,C107695,VA-HP-ST3,2025-01-03,Amazon,1,6999,ST3-2410-3
VR900761,C102226,VA-EB-AIR,2025-01-03,vireo.in,1,1529,AIR-2411-3
VR902680,C108004,VA-SP-ORB,2025-01-03,vireo.in,1,4799,ORB-2411-1
VR905063,C101084,VA-EB-AIR,2025-01-03,Amazon,1,1529,AIR-2411-4
VR905734,C100167,VA-SP-ORB,2025-01-03,Flipkart,1,5999,ORB-2411-2
VR887932,C105088,VA-SW-FIT,2025-01-04,vireo.in,1,1799,FIT-2409-2
VR892924,C108452,VA-NB-ARC,2025-01-04,Flipkart,2,2338,ARC-2411-3
VR895991,C107424,VA-SW-FIT,2025-01-04,Flipkart,1,1999,FIT-2410-2
VR898330,C106149,VA-EB-PL1,2025-01-04,vireo.in,1,2374,PL1-2410-2
VR899141,C105259,VA-HP-ST3,2025-01-04,Amazon,1,6299,ST3-2411-4
VR899249,C105760,VA-EB-AIR,2025-01-04,vireo.in,1,1439,AIR-2410-1
VR899409,C100308,VA-EB-PL1,2025-01-04,vireo.in,1,1999,PL1-2411-3
VR901339,C101637,VA-HP-ST3,2025-01-04,Amazon,1,6649,ST3-2410-2
VR902458,C109464,VA-EB-PL1,2025-01-04,Flipkart,1,2249,PL1-2409-1
VR903824,C105605,VA-SP-ORB,2025-01-04,vireo.in,2,11998,ORB-2412-3
VR904242,C108557,VA-EB-PL1,2025-01-04,Flipkart,1,1999,PL1-2412-2
VR908700,C105793,VA-AC-CH65,2025-01-04,vireo.in,1,1274,CH65-2410-4
VR883115,C107521,VA-SW-NX1,2025-01-05,vireo.in,1,4999,NX1-2412-1
VR885201,C106827,VA-EB-AIR,2025-01-05,Amazon,1,1799,AIR-2412-2
VR885658,C104069,VA-SP-ORB,2025-01-05,vireo.in,1,5999,ORB-2410-2
VR888432,C100005,VA-EB-PL1,2025-01-05,Flipkart,1,2499,PL1-2411-1
VR889712,C106726,VA-EB-PL1,2025-01-05,vireo.in,1,2499,PL1-2411-4
VR893325,C109080,VA-EB-PL1,2025-01-05,vireo.in,1,2499,PL1-2411-2
VR898112,C106420,VA-EB-PL1,2025-01-05,vireo.in,1,2249,PL1-2410-2
VR905937,C109499,VA-EB-PL1,2025-01-05,vireo.in,1,2124,PL1-2410-3
VR880505,C102439,VA-SW-FIT,2025-01-06,vireo.in,1,1599,FIT-2412-2
VR885673,C105572,VA-HP-ST3,2025-01-06,vireo.in,1,6999,ST3-2409-2
VR889994,C102762,VA-NB-ARC,2025-01-06,Flipkart,1,1299,ARC-2409-4
VR893315,C102640,VA-NB-ARC,2025-01-06,Amazon,1,1039,ARC-2411-2
VR893438,C106916,VA-EB-PL1,2025-01-06,Flipkart,1,2499,PL1-2411-3
VR897465,C101943,VA-EB-PL1,2025-01-06,vireo.in,1,1999,PL1-2412-4
VR898809,C107349,VA-EB-AIR,2025-01-06,Amazon,1,1619,AIR-2411-2
VR900622,C105516,VA-EB-PL1,2025-01-06,Flipkart,1,2249,PL1-2412-1
VR907771,C106846,VA-SW-FIT,2025-01-06,vireo.in,1,1599,FIT-2410-2
VR909921,C105224,VA-EB-PL1,2025-01-06,Amazon,1,2499,PL1-2411-1
VR881400,C103470,VA-HP-ST3,2025-01-07,Amazon,1,5599,ST3-2411-3
VR889986,C108108,VA-AC-CBL,2025-01-07,vireo.in,1,399,CBL-2412-3
VR890954,C103195,VA-SW-FIT,2025-01-07,Amazon,1,1699,FIT-2411-2
VR892174,C106041,VA-EB-PL1,2025-01-07,vireo.in,1,2374,PL1-2411-3
VR892740,C104036,VA-EB-AIR,2025-01-07,vireo.in,1,1619,AIR-2411-2
VR895868,C105227,VA-EB-PL1,2025-01-07,vireo.in,1,1999,PL1-2410-1
VR898757,C108907,VA-EB-PL1,2025-01-07,vireo.in,1,1999,PL1-2411-4
VR899023,C105392,VA-SW-NX1,2025-01-07,Amazon,1,4249,NX1-2411-1
VR900402,C108878,VA-HP-ST2,2025-01-07,vireo.in,1,4499,ST2-2409-4
VR906922,C108979,VA-EB-AIR,2025-01-07,vireo.in,2,3418,AIR-2410-2
VR907224,C105296,VA-EB-PL1,2025-01-07,vireo.in,1,2499,PL1-2410-1
VR908335,C108252,VA-NB-ARC,2025-01-07,Amazon,1,1299,ARC-2409-2
VR882360,C102777,VA-EB-AIR,2025-01-08,Flipkart,1,1619,AIR-2410-4
VR885111,C104761,VA-HP-ST3,2025-01-08,Amazon,1,6999,ST3-2409-4
VR886000,C103596,VA-SP-ORB,2025-01-08,vireo.in,1,5999,ORB-2409-3
VR886358,C107014,VA-SP-ORB,2025-01-08,vireo.in,1,5099,ORB-2410-2
VR892963,C100597,VA-SW-FIT,2025-01-08,Amazon,1,1999,FIT-2410-4
VR896189,C102927,VA-EB-PL1,2025-01-08,vireo.in,1,1999,PL1-2409-4
VR897687,C103477,VA-EB-PL1,2025-01-08,Amazon,1,2249,PL1-2409-2
VR903339,C100697,VA-SW-FIT,2025-01-08,Amazon,1,1999,FIT-2411-4
VR904630,C103395,VA-EB-AIR,2025-01-08,vireo.in,1,1799,AIR-2410-4
VR905392,C104680,VA-EB-AIR,2025-01-08,Amazon,1,1799,AIR-2412-4
VR884770,C101810,VA-SP-ORB,2025-01-09,vireo.in,1,5999,ORB-2412-1
VR885263,C107148,VA-SP-ORB,2025-01-09,Flipkart,1,5999,ORB-2411-4
VR887034,C101866,VA-SW-FIT,2025-01-09,Amazon,1,1999,FIT-2409-1
VR891489,C109121,VA-NB-ARC,2025-01-09,Flipkart,1,1299,ARC-2411-2
VR891825,C105056,VA-EB-AIR,2025-01-09,Flipkart,1,1799,AIR-2411-3
VR896268,C108696,VA-SW-FIT,2025-01-09,Amazon,1,1699,FIT-2412-2
VR897396,C104926,VA-EB-PL1,2025-01-09,Amazon,1,1999,PL1-2409-2
VR900411,C106897,VA-AC-CH65,2025-01-09,Flipkart,1,1424,CH65-2412-4
VR901414,C101875,VA-SW-FIT,2025-01-09,vireo.in,1,1999,FIT-2411-2
VR903266,C104496,VA-EB-AIR,2025-01-09,Amazon,1,1529,AIR-2409-1
VR906238,C105177,VA-EB-AIR,2025-01-09,vireo.in,1,1619,AIR-2411-4
VR906971,C107907,VA-EB-PL1,2025-01-09,Amazon,1,2499,PL1-2410-2
VR908570,C103770,VA-EB-PL1,2025-01-09,vireo.in,1,2249,PL1-2410-2
VR908796,C108594,VA-EB-PL1,2025-01-09,vireo.in,1,2124,PL1-2410-2
VR884997,C106741,VA-AC-CH65,2025-01-10,Amazon,1,1274,CH65-2411-1
VR888635,C102184,VA-SW-NX1,2025-01-10,Amazon,1,4999,NX1-2409-4
VR889116,C106877,VA-NB-ARC,2025-01-10,vireo.in,1,1169,ARC-2411-4
VR890256,C100329,VA-SP-ORB,2025-01-10,vireo.in,1,5999,ORB-2409-2
VR890327,C101018,VA-EB-AIR,2025-01-10,Amazon,1,1709,AIR-2410-4
VR891677,C102006,VA-SW-FIT,2025-01-10,vireo.in,2,3598,FIT-2411-1
VR895724,C104579,VA-NB-ARC,2025-01-10,Flipkart,1,1299,ARC-2412-4
VR901328,C108919,VA-EB-PL1,2025-01-10,vireo.in,1,1999,PL1-2411-2
VR901712,C108367,VA-HP-ST3,2025-01-10,vireo.in,1,5599,ST3-2411-4
VR905308,C101531,VA-NB-ARC,2025-01-10,Flipkart,1,1299,ARC-2412-3
VR908587,C105005,VA-EB-AIR,2025-01-10,vireo.in,1,1799,AIR-2410-1
VR881733,C109493,VA-NB-ARC,2025-01-11,vireo.in,1,1104,ARC-2411-4
VR883275,C108985,VA-EB-AIR,2025-01-11,Amazon,1,1799,AIR-2410-3
VR884359,C104255,VA-SW-FIT,2025-01-11,vireo.in,1,1899,FIT-2410-4
VR885634,C102722,VA-EB-PL1,2025-01-11,vireo.in,1,1999,PL1-2412-3
VR888910,C104888,VA-HP-ST3,2025-01-11,vireo.in,1,5949,ST3-2410-4
VR890846,C103788,VA-SP-ORB,2025-01-11,Amazon,1,5699,ORB-2410-4
VR890922,C108515,VA-NB-ARC,2025-01-11,Amazon,1,1104,ARC-2410-4
VR891370,C105488,VA-SP-ORB,2025-01-11,vireo.in,1,5399,ORB-2410-1
VR897727,C102053,VA-SP-ORB,2025-01-11,Flipkart,1,5399,ORB-2411-2
VR900535,C109064,VA-NB-ARC,2025-01-11,vireo.in,1,1299,ARC-2412-1
VR901634,C103165,VA-EB-PL1,2025-01-11,vireo.in,1,1999,PL1-2409-3
VR902732,C107262,VA-EB-PL1,2025-01-11,Amazon,1,2249,PL1-2410-3
VR905421,C109425,VA-HP-ST3,2025-01-11,vireo.in,1,6299,ST3-2412-2
VR905821,C101849,VA-SW-FIT,2025-01-11,vireo.in,1,1799,FIT-2411-1
VR907392,C105107,VA-SW-FIT,2025-01-11,Amazon,1,1699,FIT-2412-4
VR909759,C108087,VA-EB-AIR,2025-01-11,Amazon,1,1799,AIR-2411-1
VR880400,C101964,VA-SW-FIT,2025-01-12,Amazon,1,1999,FIT-2410-1
VR884715,C109330,VA-SW-FIT,2025-01-12,vireo.in,1,1599,FIT-2412-3
VR888839,C106525,VA-SP-ORB,2025-01-12,vireo.in,1,5999,ORB-2412-1
VR889100,C107325,VA-EB-PL1,2025-01-12,vireo.in,1,2499,PL1-2410-1
VR889815,C100715,VA-NB-ARC,2025-01-12,vireo.in,1,1169,ARC-2411-4
VR891865,C107952,VA-EB-PL1,2025-01-12,Amazon,1,2499,PL1-2411-3
VR893457,C107556,VA-HP-ST2,2025-01-12,vireo.in,1,4249,ST2-2409-3
VR898263,C104277,VA-HP-ST2,2025-01-12,vireo.in,1,4499,ST2-2409-2
VR900775,C104627,VA-HP-ST3,2025-01-12,Flipkart,1,6999,ST3-2410-4
VR902940,C101057,VA-SW-FIT,2025-01-12,vireo.in,1,1899,FIT-2410-2
VR885206,C109450,VA-AC-CBL,2025-01-13,vireo.in,1,319,CBL-2410-3
VR885562,C105557,VA-EB-AIR,2025-01-13,Flipkart,1,1529,AIR-2411-1
VR889652,C105418,VA-SW-NX1,2025-01-13,Amazon,1,4499,NX1-2409-4
VR896014,C103458,VA-SW-FIT,2025-01-13,Flipkart,1,1599,FIT-2411-4
VR896339,C102747,VA-AC-CBL,2025-01-13,Flipkart,1,339,CBL-2411-3
VR901617,C108235,VA-HP-ST2,2025-01-13,Flipkart,1,4999,ST2-2410-4
VR901772,C109386,VA-EB-PL1,2025-01-13,Amazon,1,2124,PL1-2409-1
VR908149,C107307,VA-SW-FIT,2025-01-13,vireo.in,1,1999,FIT-2412-4
VR908656,C103570,VA-EB-PL1,2025-01-13,Amazon,1,2499,PL1-2412-2
VR880172,C106007,VA-SP-ORB,2025-01-14,Amazon,1,5699,ORB-2410-4
VR883807,C103853,VA-SW-NX1,2025-01-14,Flipkart,1,4249,NX1-2410-1
VR884873,C103305,VA-SW-FIT,2025-01-14,vireo.in,1,1699,FIT-2412-4
VR885427,C103036,VA-SP-ORB,2025-01-14,Amazon,1,5999,ORB-2411-1
VR887870,C106746,VA-EB-PL1,2025-01-14,vireo.in,1,2249,PL1-2411-4
VR893377,C102314,VA-HP-ST2,2025-01-14,vireo.in,1,4999,ST2-2412-3
VR895704,C100459,VA-AC-CBL,2025-01-14,Amazon,1,399,CBL-2412-3
VR904634,C100456,VA-AC-CH65,2025-01-14,Amazon,1,1499,CH65-2409-3
VR906169,C108828,VA-EB-AIR,2025-01-14,Amazon,1,1799,AIR-2412-3
VR907182,C105698,VA-EB-AIR,2025-01-14,Flipkart,1,1439,AIR-2411-3
VR907913,C101828,VA-SW-NX1,2025-01-14,Amazon,1,3999,NX1-2412-1
VR908205,C103414,VA-EB-PL1,2025-01-14,vireo.in,1,2249,PL1-2410-3
VR880740,C101046,VA-HP-ST2,2025-01-15,Flipkart,1,4999,ST2-2410-3
VR888875,C104300,VA-EB-PL1,2025-01-15,Amazon,2,3998,PL1-2411-3
VR890197,C101209,VA-EB-PL1,2025-01-15,Flipkart,1,2499,PL1-2411-3
VR893918,C107848,VA-EB-PL1,2025-01-15,Amazon,1,2249,PL1-2411-2
VR895917,C101493,VA-HP-ST3,2025-01-15,vireo.in,1,6649,ST3-2410-4
VR896737,C104466,VA-EB-PL1,2025-01-15,vireo.in,1,2249,PL1-2410-3
VR897362,C109351,VA-SW-FIT,2025-01-15,vireo.in,1,1799,FIT-2409-3
VR898705,C106407,VA-EB-AIR,2025-01-15,Flipkart,1,1799,AIR-2410-4
VR901383,C105693,VA-EB-PL1,2025-01-15,Flipkart,1,2499,PL1-2410-4
VR907737,C104776,VA-EB-PL1,2025-01-15,vireo.in,1,2124,PL1-2411-3
VR880070,C104447,VA-EB-PL1,2025-01-16,vireo.in,1,2374,PL1-2410-2
VR880523,C102387,VA-EB-PL1,2025-01-16,vireo.in,1,2499,PL1-2410-3
VR882465,C106685,VA-EB-AIR,2025-01-16,vireo.in,1,1619,AIR-2412-1
VR883409,C103266,VA-EB-AIR,2025-01-16,vireo.in,1,1709,AIR-2411-1
VR886861,C105634,VA-SW-FIT,2025-01-16,vireo.in,1,1699,FIT-2409-2
VR888771,C107108,VA-EB-PL1,2025-01-16,Amazon,1,2499,PL1-2411-2
VR890607,C103991,VA-HP-ST2,2025-01-16,vireo.in,2,8498,ST2-2411-2
VR891738,C103926,VA-AC-CH65,2025-01-16,Amazon,1,1499,CH65-2411-4
VR894710,C109496,VA-SP-ORB,2025-01-16,vireo.in,1,5999,ORB-2410-4
VR896751,C105715,VA-SP-ORB,2025-01-16,vireo.in,1,5999,ORB-2412-2
VR897174,C108979,VA-EB-PL1,2025-01-16,vireo.in,1,1999,PL1-2411-2
VR897973,C101764,VA-NB-ARC,2025-01-16,vireo.in,1,1299,ARC-2411-4
VR899785,C106403,VA-HP-ST2,2025-01-16,Amazon,1,4749,ST2-2410-4
VR902024,C100123,VA-EB-AIR,2025-01-16,vireo.in,2,2878,AIR-2411-3
VR902584,C109279,VA-EB-PL1,2025-01-16,vireo.in,1,2499,PL1-2412-2
VR902741,C107892,VA-EB-AIR,2025-01-16,vireo.in,1,1439,AIR-2410-2
VR903349,C103360,VA-EB-AIR,2025-01-16,vireo.in,1,1709,AIR-2411-3
VR906705,C107921,VA-SW-NX1,2025-01-16,Flipkart,1,4499,NX1-2411-1
VR906716,C105099,VA-SW-NX1,2025-01-16,vireo.in,1,4999,NX1-2411-2
VR891764,C105419,VA-HP-ST3,2025-01-17,Flipkart,1,6299,ST3-2412-2
VR894437,C107061,VA-SW-FIT,2025-01-17,Flipkart,2,3398,FIT-2410-2
VR895386,C104520,VA-EB-PL1,2025-01-17,vireo.in,1,2499,PL1-2411-3
VR897411,C108701,VA-EB-AIR,2025-01-17,Amazon,1,1799,AIR-2410-1
VR899036,C105120,VA-SP-ORB,2025-01-17,vireo.in,1,5699,ORB-2412-3
VR899633,C103048,VA-EB-PL1,2025-01-17,Flipkart,1,2499,PL1-2412-3
VR901323,C102546,VA-SW-FIT,2025-01-17,vireo.in,1,1999,FIT-2412-4
VR906687,C106705,VA-HP-ST3,2025-01-17,Amazon,1,6999,ST3-2412-4
VR906829,C108952,VA-NB-ARC,2025-01-17,Amazon,1,1299,ARC-2411-2
VR909407,C103184,VA-EB-PL1,2025-01-17,Flipkart,1,2499,PL1-2410-1
VR880125,C107296,VA-HP-ST2,2025-01-18,vireo.in,1,4999,ST2-2410-2
VR880164,C103099,VA-EB-AIR,2025-01-18,Flipkart,1,1799,AIR-2410-2
VR885354,C109244,VA-EB-PL1,2025-01-18,Amazon,2,4998,PL1-2411-4
VR885844,C105417,VA-NB-ARC,2025-01-18,vireo.in,1,1104,ARC-2410-4
VR887067,C108904,VA-EB-PL1,2025-01-18,vireo.in,1,1999,PL1-2411-4
VR894056,C100662,VA-HP-ST2,2025-01-18,Amazon,1,4249,ST2-2410-4
VR896989,C103282,VA-EB-AIR,2025-01-18,vireo.in,1,1799,AIR-2412-2
VR899582,C102683,VA-SW-NX1,2025-01-18,Flipkart,1,4999,NX1-2411-1
VR900949,C101072,VA-EB-PL1,2025-01-18,Amazon,1,1999,PL1-2411-2
VR902012,C103342,VA-AC-CH65,2025-01-18,vireo.in,1,1199,CH65-2410-4
VR904565,C101753,VA-EB-AIR,2025-01-18,vireo.in,1,1799,AIR-2410-2
VR905466,C109418,VA-HP-ST3,2025-01-18,vireo.in,1,6299,ST3-2410-1
VR907751,C101798,VA-SW-NX1,2025-01-18,vireo.in,1,3999,NX1-2410-3
VR908322,C104873,VA-EB-PL1,2025-01-18,vireo.in,1,2499,PL1-2412-4
VR880569,C109304,VA-EB-PL1,2025-01-19,vireo.in,1,2374,PL1-2411-4
VR881084,C101320,VA-HP-ST3,2025-01-19,vireo.in,1,5599,ST3-2410-1
VR883017,C107052,VA-NB-ARC,2025-01-19,vireo.in,2,2338,ARC-2411-3
VR883868,C108461,VA-SP-ORB,2025-01-19,vireo.in,1,4799,ORB-2411-3
VR892097,C108810,VA-HP-ST3,2025-01-19,vireo.in,1,6649,ST3-2410-2
VR892992,C100408,VA-EB-AIR,2025-01-19,Amazon,1,1799,AIR-2410-2
VR895253,C109183,VA-EB-AIR,2025-01-19,Amazon,1,1529,AIR-2412-1
VR897261,C106294,VA-NB-ARC,2025-01-19,vireo.in,1,1234,ARC-2412-4
VR901178,C104746,VA-HP-ST3,2025-01-19,vireo.in,1,5949,ST3-2412-4
VR903434,C107675,VA-NB-ARC,2025-01-19,vireo.in,1,1104,ARC-2411-2
VR906320,C102438,VA-SW-FIT,2025-01-19,vireo.in,1,1999,FIT-2412-4
VR907282,C108634,VA-EB-AIR,2025-01-19,Amazon,1,1439,AIR-2410-1
VR881073,C100241,VA-HP-ST3,2025-01-20,Amazon,1,6999,ST3-2411-4
VR882427,C104171,VA-EB-PL1,2025-01-20,Flipkart,1,2249,PL1-2412-2
VR883577,C100355,VA-HP-ST2,2025-01-20,Flipkart,1,4249,ST2-2412-4
VR884188,C105071,VA-EB-AIR,2025-01-20,vireo.in,1,1799,AIR-2410-4
VR885289,C106013,VA-HP-ST3,2025-01-20,vireo.in,1,6999,ST3-2410-4
VR886406,C105392,VA-EB-PL1,2025-01-20,Amazon,1,2124,PL1-2411-4
VR894904,C107258,VA-EB-AIR,2025-01-20,Amazon,1,1799,AIR-2410-3
VR895143,C108192,VA-EB-PL1,2025-01-20,Flipkart,1,2499,PL1-2411-3
VR895847,C101504,VA-SW-NX2,2025-01-20,Flipkart,1,5524,NX2-2411-4
VR896733,C108873,VA-HP-ST3,2025-01-20,Amazon,1,6299,ST3-2412-2
VR897652,C102928,VA-SW-NX2,2025-01-20,vireo.in,1,5524,NX2-2411-3
VR902784,C103416,VA-SW-NX2,2025-01-20,Amazon,1,5524,NX2-2410-4
VR902951,C104934,VA-EB-AIR,2025-01-20,Amazon,1,1529,AIR-2412-4
VR903383,C103788,VA-EB-AIR,2025-01-20,vireo.in,1,1709,AIR-2410-1
VR906730,C107780,VA-NB-ARC,2025-01-20,Amazon,1,1299,ARC-2411-3
VR906996,C107480,VA-SW-NX2,2025-01-20,Amazon,1,6499,NX2-2411-1
VR907784,C103253,VA-SW-NX1,2025-01-20,Amazon,1,4999,NX1-2412-2
VR881326,C107478,VA-SW-NX2,2025-01-21,Amazon,1,6499,NX2-2410-2
VR882859,C105529,VA-SW-NX2,2025-01-21,vireo.in,1,6174,NX2-2412-1
VR884879,C105739,VA-HP-ST3,2025-01-21,vireo.in,1,5599,ST3-2412-1
VR885322,C103545,VA-HP-ST3,2025-01-21,Amazon,1,5949,ST3-2412-1
VR887936,C108318,VA-EB-PL1,2025-01-21,Flipkart,1,2499,PL1-2411-1
VR893816,C105426,VA-SP-ORB,2025-01-21,vireo.in,1,4799,ORB-2412-4
VR896858,C106986,VA-NB-ARC,2025-01-21,vireo.in,1,1104,ARC-2410-2
VR897741,C107559,VA-SW-NX1,2025-01-21,vireo.in,1,4999,NX1-2411-4
VR902937,C100521,VA-EB-PL1,2025-01-21,vireo.in,1,2374,PL1-2411-2
VR903280,C109161,VA-SW-FIT,2025-01-21,vireo.in,1,1599,FIT-2410-1
VR903395,C101556,VA-SP-ORB,2025-01-21,vireo.in,1,5999,ORB-2411-4
VR907051,C107005,VA-EB-AIR,2025-01-21,vireo.in,1,1799,AIR-2412-3
VR908682,C109255,VA-SP-ORB,2025-01-21,vireo.in,2,10798,ORB-2412-4
VR881853,C105220,VA-EB-PL1,2025-01-22,Amazon,1,2499,PL1-2412-1
VR882673,C103696,VA-EB-PL1,2025-01-22,Amazon,1,2124,PL1-2411-4
VR884639,C109195,VA-SP-ORB,2025-01-22,Amazon,1,5399,ORB-2411-3
VR889610,C100966,VA-EB-PL1,2025-01-22,vireo.in,1,2499,PL1-2412-4
VR889956,C107455,VA-NB-ARC,2025-01-22,vireo.in,1,1299,ARC-2410-3
VR892357,C107430,VA-EB-PL1,2025-01-22,vireo.in,1,2249,PL1-2410-2
VR892566,C101015,VA-SW-NX2,2025-01-22,vireo.in,1,5524,NX2-2411-4
VR894317,C109135,VA-HP-ST3,2025-01-22,Flipkart,1,5949,ST3-2411-4
VR896665,C106358,VA-SW-NX2,2025-01-22,Amazon,1,6174,NX2-2410-1
VR896718,C107436,VA-SW-NX2,2025-01-22,Amazon,1,5849,NX2-2411-2
VR897749,C101324,VA-EB-AIR,2025-01-22,vireo.in,2,3238,AIR-2410-4
VR898286,C108895,VA-SP-ORB,2025-01-22,vireo.in,1,5999,ORB-2411-4
VR900080,C104223,VA-HP-ST3,2025-01-22,vireo.in,1,6649,ST3-2410-2
VR906287,C105252,VA-HP-ST3,2025-01-22,Amazon,1,5599,ST3-2410-4
VR906677,C101847,VA-EB-AIR,2025-01-22,Amazon,1,1439,AIR-2410-2
VR907809,C101849,VA-EB-AIR,2025-01-22,Flipkart,1,1709,AIR-2412-4
VR908365,C103128,VA-EB-AIR,2025-01-22,vireo.in,1,1799,AIR-2412-3
VR882068,C107303,VA-SW-NX2,2025-01-23,vireo.in,1,5199,NX2-2410-2
VR885690,C109442,VA-EB-PL1,2025-01-23,Flipkart,1,2499,PL1-2412-2
VR886805,C106073,VA-NB-ARC,2025-01-23,Amazon,1,1299,ARC-2411-1
VR887912,C105513,VA-NB-ARC,2025-01-23,vireo.in,1,1299,ARC-2410-2
VR892341,C106803,VA-HP-ST3,2025-01-23,Amazon,2,11898,ST3-2411-2
VR893765,C108849,VA-HP-ST3,2025-01-23,Amazon,1,5599,ST3-2411-2
VR895210,C108767,VA-SW-NX2,2025-01-23,vireo.in,1,5524,NX2-2411-2
VR901826,C105005,VA-SP-ORB,2025-01-23,vireo.in,1,5399,ORB-2412-2
VR905282,C109488,VA-EB-AIR,2025-01-23,Amazon,1,1529,AIR-2412-4
VR906290,C106128,VA-SW-FIT,2025-01-23,vireo.in,1,1899,FIT-2411-3
VR907060,C103001,VA-NB-ARC,2025-01-23,Amazon,1,1039,ARC-2411-1
VR881419,C101264,VA-HP-ST3,2025-01-24,Flipkart,1,6999,ST3-2411-2
VR881434,C104522,VA-HP-ST3,2025-01-24,vireo.in,1,6999,ST3-2412-2
VR883582,C100007,VA-EB-PL1,2025-01-24,vireo.in,1,2249,PL1-2411-4
VR885815,C105014,VA-SW-NX2,2025-01-24,vireo.in,2,11048,NX2-2412-2
VR886261,C106231,VA-HP-ST2,2025-01-24,vireo.in,1,4999,ST2-2410-1
VR886615,C105022,VA-SW-NX2,2025-01-24,Amazon,1,6499,NX2-2412-2
VR886907,C105398,VA-EB-PL1,2025-01-24,vireo.in,1,2124,PL1-2410-4
VR887950,C109449,VA-SW-FIT,2025-01-24,vireo.in,1,1999,FIT-2412-2
VR889035,C108924,VA-EB-PL1,2025-01-24,vireo.in,1,2499,PL1-2412-2
VR889170,C101928,VA-EB-PL1,2025-01-24,vireo.in,1,2124,PL1-2412-1
VR889984,C108587,VA-SW-FIT,2025-01-24,Amazon,1,1799,FIT-2410-2
VR891777,C107435,VA-EB-PL1,2025-01-24,vireo.in,1,2499,PL1-2412-2
VR892325,C101802,VA-EB-PL1,2025-01-24,vireo.in,1,2374,PL1-2410-2
VR895885,C105829,VA-EB-AIR,2025-01-24,vireo.in,1,1799,AIR-2410-1
VR896022,C103682,VA-EB-AIR,2025-01-24,Amazon,2,3598,AIR-2410-1
VR896067,C107640,VA-SP-ORB,2025-01-24,Amazon,1,5699,ORB-2412-1
VR897072,C105240,VA-EB-PL1,2025-01-24,Amazon,1,2374,PL1-2412-3
VR899586,C108884,VA-NB-ARC,2025-01-24,vireo.in,1,1299,ARC-2412-2
VR904005,C104869,VA-EB-PL1,2025-01-24,vireo.in,1,2374,PL1-2412-2
VR904596,C105335,VA-SW-NX2,2025-01-24,Amazon,1,6499,NX2-2412-2
VR905627,C103671,VA-SP-ORB,2025-01-24,Amazon,1,5399,ORB-2412-4
VR906294,C104470,VA-SW-NX2,2025-01-24,vireo.in,1,5849,NX2-2410-3
VR906486,C106929,VA-EB-AIR,2025-01-24,Amazon,1,1439,AIR-2410-1
VR907145,C101419,VA-EB-PL1,2025-01-24,vireo.in,1,2499,PL1-2412-4
VR908653,C100516,VA-SW-NX2,2025-01-24,vireo.in,1,6174,NX2-2410-3
VR908891,C106996,VA-SW-NX2,2025-01-24,vireo.in,1,6499,NX2-2412-2
VR909502,C103577,VA-HP-ST3,2025-01-24,Amazon,1,6299,ST3-2501-3
VR909757,C106834,VA-SP-ORB,2025-01-24,vireo.in,1,5099,ORB-2410-4
VR881312,C104767,VA-HP-ST3,2025-01-25,vireo.in,1,6299,ST3-2411-4
VR881797,C108972,VA-SW-NX2,2025-01-25,vireo.in,2,12998,NX2-2411-2
VR882632,C109409,VA-EB-AIR,2025-01-25,vireo.in,1,1439,AIR-2411-2
VR883310,C104418,VA-EB-PL1,2025-01-25,vireo.in,1,2249,PL1-2501-4
VR884432,C105646,VA-EB-PL1,2025-01-25,vireo.in,1,2124,PL1-2412-4
VR886138,C107142,VA-HP-ST3,2025-01-25,vireo.in,1,5949,ST3-2412-1
VR886226,C102480,VA-EB-AIR,2025-01-25,Flipkart,1,1529,AIR-2412-3
VR898941,C106187,VA-SW-NX1,2025-01-25,vireo.in,1,4249,NX1-2410-4
VR899255,C104918,VA-NB-ARC,2025-01-25,vireo.in,1,1104,ARC-2410-1
VR901103,C103597,VA-EB-PL1,2025-01-25,vireo.in,1,2374,PL1-2411-3
VR902202,C108621,VA-EB-PL1,2025-01-25,Amazon,1,1999,PL1-2412-1
VR904176,C104522,VA-EB-AIR,2025-01-25,Amazon,1,1529,AIR-2501-1
VR904411,C106086,VA-NB-ARC,2025-01-25,vireo.in,1,1169,ARC-2411-4
VR904870,C102234,VA-SP-ORB,2025-01-25,Flipkart,1,5999,ORB-2410-2
VR905178,C109051,VA-HP-ST3,2025-01-25,vireo.in,2,12598,ST3-2412-4
VR905380,C105676,VA-SW-NX2,2025-01-25,Amazon,1,5199,NX2-2412-2
VR909660,C102081,VA-EB-PL1,2025-01-25,vireo.in,1,2249,PL1-2410-2
VR880228,C101080,VA-SW-FIT,2025-01-26,vireo.in,1,1999,FIT-2411-3
VR883418,C105418,VA-SP-ORB,2025-01-26,vireo.in,1,5999,ORB-2411-4
VR883464,C107953,VA-HP-ST3,2025-01-26,Amazon,2,13998,ST3-2410-4
VR887171,C109185,VA-SW-FIT,2025-01-26,Amazon,1,1999,FIT-2410-3
VR887548,C100625,VA-EB-PL1,2025-01-26,vireo.in,1,2124,PL1-2412-2
VR887614,C105718,VA-EB-AIR,2025-01-26,vireo.in,1,1799,AIR-2411-1
VR888240,C104080,VA-SW-NX2,2025-01-26,Flipkart,1,5199,NX2-2411-3
VR890602,C107049,VA-EB-PL1,2025-01-26,vireo.in,2,4998,PL1-2412-4
VR892755,C107002,VA-EB-PL1,2025-01-26,Amazon,2,3998,PL1-2411-1
VR893431,C104063,VA-SW-NX2,2025-01-26,vireo.in,1,6174,NX2-2412-2
VR895946,C106707,VA-SW-NX2,2025-01-26,Amazon,1,6499,NX2-2410-2
VR896309,C102438,VA-EB-AIR,2025-01-26,vireo.in,1,1799,AIR-2501-1
VR902439,C105274,VA-NB-ARC,2025-01-26,vireo.in,1,1104,ARC-2410-4
VR903606,C107497,VA-NB-ARC,2025-01-26,vireo.in,1,1039,ARC-2411-2
VR903900,C109406,VA-HP-ST2,2025-01-26,vireo.in,1,4499,ST2-2412-4
VR909479,C108576,VA-SP-ORB,2025-01-26,vireo.in,1,5699,ORB-2410-1
VR881677,C103298,VA-EB-PL1,2025-01-27,vireo.in,1,2249,PL1-2412-1
VR881800,C107309,VA-EB-AIR,2025-01-27,vireo.in,1,1439,AIR-2412-3
VR887142,C108043,VA-SW-FIT,2025-01-27,vireo.in,1,1799,FIT-2412-2
VR889374,C108615,VA-EB-AIR,2025-01-27,Flipkart,1,1439,AIR-2411-1
VR890589,C106017,VA-HP-ST2,2025-01-27,Amazon,1,4749,ST2-2412-4
VR892914,C102000,VA-NB-ARC,2025-01-27,vireo.in,1,1299,ARC-2411-3
VR893321,C100956,VA-HP-ST3,2025-01-27,vireo.in,1,6299,ST3-2410-2
VR893626,C108345,VA-EB-PL1,2025-01-27,vireo.in,1,2124,PL1-2411-1
VR896420,C105829,VA-SW-NX2,2025-01-27,vireo.in,1,5199,NX2-2411-1
VR898469,C103510,VA-SW-NX2,2025-01-27,vireo.in,1,5199,NX2-2412-4
VR904853,C107550,VA-SW-NX2,2025-01-27,vireo.in,1,6499,NX2-2410-4
VR905176,C103602,VA-SW-NX2,2025-01-27,vireo.in,1,6499,NX2-2411-1
VR881972,C105617,VA-HP-ST2,2025-01-28,vireo.in,1,3999,ST2-2411-4
VR884050,C102343,VA-NB-ARC,2025-01-28,Flipkart,1,1299,ARC-2410-3
VR886468,C104061,VA-SW-NX2,2025-01-28,Amazon,1,6174,NX2-2410-4
VR886844,C102183,VA-SP-ORB,2025-01-28,vireo.in,1,5999,ORB-2410-3
VR887364,C105319,VA-SW-FIT,2025-01-28,Amazon,1,1999,FIT-2411-4
VR887567,C106861,VA-EB-AIR,2025-01-28,vireo.in,1,1709,AIR-2412-3
VR887901,C102767,VA-SW-NX1,2025-01-28,vireo.in,1,4999,NX1-2411-1
VR890610,C102730,VA-SW-NX2,2025-01-28,vireo.in,1,6499,NX2-2411-1
VR893726,C100672,VA-EB-AIR,2025-01-28,Amazon,1,1619,AIR-2411-2
VR897022,C109396,VA-SW-FIT,2025-01-28,Amazon,1,1999,FIT-2410-1
VR898304,C108189,VA-EB-AIR,2025-01-28,Amazon,1,1799,AIR-2412-2
VR898669,C102365,VA-EB-AIR,2025-01-28,vireo.in,1,1709,AIR-2412-1
VR899264,C102502,VA-EB-PL1,2025-01-28,Flipkart,1,1999,PL1-2412-1
VR902816,C103835,VA-HP-ST3,2025-01-28,Amazon,1,6649,ST3-2412-1
VR903423,C105400,VA-EB-AIR,2025-01-28,vireo.in,1,1529,AIR-2411-3
VR906627,C107601,VA-HP-ST3,2025-01-28,vireo.in,1,5599,ST3-2410-1
VR909315,C103651,VA-SP-ORB,2025-01-28,vireo.in,1,5399,ORB-2411-4
VR880829,C106405,VA-HP-ST2,2025-01-29,Amazon,2,9498,ST2-2412-2
VR880995,C100793,VA-SW-NX2,2025-01-29,Amazon,1,6499,NX2-2411-1
VR883858,C102296,VA-SW-NX2,2025-01-29,Amazon,1,5524,NX2-2411-4
VR883922,C107443,VA-SW-NX2,2025-01-29,Amazon,1,5524,NX2-2412-4
VR884015,C105466,VA-SW-FIT,2025-01-29,Flipkart,2,3398,FIT-2411-1
VR887258,C102063,VA-EB-PL1,2025-01-29,vireo.in,1,2499,PL1-2412-1
VR888203,C101937,VA-SW-FIT,2025-01-29,Amazon,1,1899,FIT-2411-3
VR889435,C102227,VA-EB-PL1,2025-01-29,vireo.in,1,2249,PL1-2412-4
VR890427,C109008,VA-SW-FIT,2025-01-29,vireo.in,1,1599,FIT-2411-2
VR892058,C103704,VA-HP-ST3,2025-01-29,vireo.in,1,6299,ST3-2412-1
VR898391,C107755,VA-EB-PL1,2025-01-29,Flipkart,1,2499,PL1-2412-2
VR899371,C102566,VA-SW-NX2,2025-01-29,vireo.in,1,5524,NX2-2412-4
VR901029,C108164,VA-SP-ORB,2025-01-29,Flipkart,1,5999,ORB-2412-3
VR902200,C104813,VA-NB-ARC,2025-01-29,vireo.in,1,1299,ARC-2411-3
VR902332,C108853,VA-HP-ST3,2025-01-29,Amazon,1,5599,ST3-2412-1
VR884130,C100515,VA-SW-FIT,2025-01-30,Amazon,1,1699,FIT-2501-1
VR890273,C106502,VA-SW-NX2,2025-01-30,vireo.in,1,5849,NX2-2411-1
VR890354,C105021,VA-SP-ORB,2025-01-30,Amazon,1,4799,ORB-2411-1
VR896946,C104193,VA-HP-ST3,2025-01-30,vireo.in,1,5599,ST3-2412-4
VR897313,C107714,VA-HP-ST2,2025-01-30,Amazon,1,4499,ST2-2411-3
VR897818,C104737,VA-EB-PL1,2025-01-30,vireo.in,1,2499,PL1-2412-4
VR899927,C100149,VA-HP-ST3,2025-01-30,vireo.in,1,5599,ST3-2412-4
VR900637,C105638,VA-NB-ARC,2025-01-30,vireo.in,1,1299,ARC-2410-2
VR902501,C108710,VA-SW-NX2,2025-01-30,Amazon,1,6499,NX2-2410-1
VR905675,C106130,VA-HP-ST3,2025-01-30,Flipkart,1,5949,ST3-2410-1
VR906068,C106073,VA-SW-NX2,2025-01-30,Flipkart,1,5524,NX2-2412-1
VR908492,C104434,VA-SP-ORB,2025-01-30,Amazon,1,5399,ORB-2411-2
VR880949,C107792,VA-SW-FIT,2025-01-31,vireo.in,1,1999,FIT-2412-2
VR881530,C108713,VA-SW-FIT,2025-01-31,vireo.in,1,1999,FIT-2411-4
VR881969,C105344,VA-EB-PL1,2025-01-31,Amazon,1,2124,PL1-2411-2
VR884265,C104502,VA-EB-AIR,2025-01-31,vireo.in,1,1799,AIR-2410-3
VR887204,C100422,VA-SW-NX1,2025-01-31,Flipkart,1,4749,NX1-2410-1
VR890151,C105529,VA-HP-ST3,2025-01-31,vireo.in,1,6999,ST3-2411-2
VR890318,C102376,VA-HP-ST2,2025-01-31,vireo.in,1,4749,ST2-2411-4
VR891179,C108312,VA-SW-NX2,2025-01-31,vireo.in,1,6499,NX2-2410-1
VR892103,C100875,VA-EB-PL1,2025-01-31,vireo.in,1,2374,PL1-2411-3
VR893840,C105871,VA-SW-FIT,2025-01-31,vireo.in,1,1599,FIT-2410-3
VR894518,C108589,VA-NB-ARC,2025-01-31,Amazon,1,1299,ARC-2412-3
VR894700,C102013,VA-HP-ST2,2025-01-31,vireo.in,1,4249,ST2-2411-4
VR895829,C106637,VA-SW-FIT,2025-01-31,Amazon,1,1799,FIT-2410-3
VR896193,C107599,VA-HP-ST3,2025-01-31,Flipkart,1,5599,ST3-2411-3
VR900023,C106218,VA-HP-ST3,2025-01-31,Flipkart,1,5599,ST3-2412-1
VR900140,C104051,VA-EB-AIR,2025-01-31,vireo.in,1,1619,AIR-2412-3
VR901897,C102109,VA-EB-AIR,2025-01-31,vireo.in,1,1799,AIR-2412-1
VR902540,C100599,VA-EB-AIR,2025-01-31,Flipkart,1,1439,AIR-2411-2
VR904578,C106974,VA-HP-ST3,2025-01-31,vireo.in,1,5949,ST3-2410-2
VR907396,C104247,VA-HP-ST3,2025-01-31,Amazon,1,6999,ST3-2411-2
VR909306,C105616,VA-EB-AIR,2025-01-31,vireo.in,1,1799,AIR-2412-2
VR882269,C101702,VA-EB-PL1,2025-02-01,vireo.in,1,2499,PL1-2412-4
VR886485,C107193,VA-EB-AIR,2025-02-01,Amazon,1,1799,AIR-2412-3
VR886855,C100607,VA-NB-ARC,2025-02-01,vireo.in,1,1104,ARC-2410-3
VR892178,C108415,VA-EB-AIR,2025-02-01,vireo.in,1,1799,AIR-2410-1
VR893690,C105605,VA-SP-ORB,2025-02-01,vireo.in,1,5999,ORB-2412-3
VR897091,C102251,VA-EB-AIR,2025-02-01,Flipkart,1,1799,AIR-2410-3
VR899398,C104675,VA-SP-ORB,2025-02-01,vireo.in,1,5999,ORB-2412-4
VR903978,C100751,VA-SP-ORB,2025-02-01,Amazon,1,5999,ORB-2411-3
VR904806,C107216,VA-EB-AIR,2025-02-01,vireo.in,1,1799,AIR-2410-2
VR904873,C102225,VA-SW-FIT,2025-02-01,Amazon,1,1799,FIT-2411-4
VR905092,C107006,VA-EB-AIR,2025-02-01,Flipkart,1,1799,AIR-2411-2
VR905163,C109089,VA-SW-FIT,2025-02-01,vireo.in,1,1999,FIT-2411-3
VR881051,C102157,VA-EB-PL1,2025-02-02,Amazon,1,2374,PL1-2412-4
VR883682,C104495,VA-SW-FIT,2025-02-02,Amazon,1,1999,FIT-2501-2
VR884800,C100880,VA-EB-AIR,2025-02-02,vireo.in,1,1799,AIR-2410-1
VR890579,C105124,VA-HP-ST3,2025-02-02,Amazon,2,12598,ST3-2411-2
VR895272,C100728,VA-HP-ST3,2025-02-02,Amazon,1,6299,ST3-2412-2
VR897270,C104576,VA-EB-AIR,2025-02-02,Flipkart,2,3598,AIR-2501-3
VR900499,C107446,VA-SW-NX2,2025-02-02,Flipkart,1,6499,NX2-2410-1
VR906828,C104663,VA-SW-FIT,2025-02-02,Flipkart,1,1599,FIT-2412-3
VR907769,C104362,VA-EB-PL1,2025-02-02,vireo.in,1,2499,PL1-2411-1
VR908432,C109411,VA-SW-NX2,2025-02-02,vireo.in,1,6499,NX2-2412-4
VR908834,C102573,VA-HP-ST2,2025-02-02,Flipkart,1,4749,ST2-2411-4
VR910019,C107718,VA-HP-ST3,2025-02-02,Amazon,1,6999,ST3-2411-3
VR882713,C100327,VA-SP-ORB,2025-02-03,Flipkart,1,5099,ORB-2411-2
VR882788,C108545,VA-SW-NX2,2025-02-03,Amazon,1,6499,NX2-2411-4
VR883850,C100262,VA-SW-NX2,2025-02-03,Amazon,1,5199,NX2-2411-3
VR888238,C106174,VA-AC-CH65,2025-02-03,Amazon,1,1274,CH65-2501-1
VR890191,C105131,VA-HP-ST3,2025-02-03,vireo.in,1,6999,ST3-2412-3
VR898085,C105064,VA-EB-PL1,2025-02-03,vireo.in,1,2499,PL1-2411-2
VR900753,C105679,VA-EB-PL1,2025-02-03,Amazon,1,2374,PL1-2412-2
VR902082,C104543,VA-SW-NX1,2025-02-03,vireo.in,1,4749,NX1-2411-4
VR902479,C106129,VA-EB-PL1,2025-02-03,Amazon,1,2249,PL1-2411-2
VR904318,C102261,VA-EB-PL1,2025-02-03,Amazon,1,1999,PL1-2410-1
VR905545,C106200,VA-SW-FIT,2025-02-03,Flipkart,1,1799,FIT-2410-3
VR905902,C105344,VA-EB-PL1,2025-02-03,vireo.in,1,2374,PL1-2411-1
VR906240,C101525,VA-EB-PL1,2025-02-03,Amazon,1,2124,PL1-2410-2
VR906446,C102832,VA-EB-PL1,2025-02-03,vireo.in,1,2249,PL1-2410-3
VR908300,C107010,VA-SW-NX2,2025-02-03,vireo.in,1,6499,NX2-2410-1
VR908552,C103041,VA-SP-ORB,2025-02-03,Flipkart,2,10798,ORB-2412-4
VR884000,C103616,VA-EB-PL1,2025-02-04,vireo.in,1,2499,PL1-2412-3
VR888200,C104669,VA-HP-ST2,2025-02-04,vireo.in,1,4499,ST2-2412-4
VR888224,C109211,VA-EB-PL1,2025-02-04,vireo.in,1,2249,PL1-2410-3
VR889620,C100064,VA-SW-FIT,2025-02-04,Amazon,1,1999,FIT-2410-1
VR890251,C102749,VA-EB-AIR,2025-02-04,Amazon,1,1799,AIR-2411-1
VR892750,C102981,VA-SW-FIT,2025-02-04,vireo.in,2,3598,FIT-2410-2
VR892998,C100149,VA-HP-ST3,2025-02-04,Amazon,1,5949,ST3-2412-1
VR895025,C107278,VA-NB-ARC,2025-02-04,vireo.in,1,1299,ARC-2411-3
VR895594,C100509,VA-HP-ST2,2025-02-04,vireo.in,1,4999,ST2-2501-3
VR896580,C108540,VA-SW-NX2,2025-02-04,Amazon,1,5199,NX2-2412-1
VR896600,C102712,VA-SW-NX1,2025-02-04,Amazon,1,4999,NX1-2410-2
VR901959,C105833,VA-SW-FIT,2025-02-04,vireo.in,1,1899,FIT-2412-4
VR907317,C104826,VA-NB-ARC,2025-02-04,vireo.in,1,1039,ARC-2501-2
VR908034,C104988,VA-EB-AIR,2025-02-04,Amazon,1,1439,AIR-2412-3
VR908551,C103373,VA-EB-PL1,2025-02-04,Amazon,1,2124,PL1-2411-2
VR882311,C107490,VA-EB-PL1,2025-02-05,vireo.in,1,2499,PL1-2412-2
VR882662,C101336,VA-EB-AIR,2025-02-05,Amazon,1,1799,AIR-2412-1
VR882815,C100536,VA-HP-ST2,2025-02-05,vireo.in,1,3999,ST2-2410-3
VR883168,C105604,VA-EB-PL1,2025-02-05,Amazon,1,1999,PL1-2411-1
VR883898,C107544,VA-EB-PL1,2025-02-05,Amazon,1,2499,PL1-2411-2
VR886894,C106708,VA-SW-NX2,2025-02-05,vireo.in,1,5199,NX2-2411-2
VR888596,C107495,VA-EB-PL1,2025-02-05,Amazon,1,2124,PL1-2501-1
VR892275,C107274,VA-SW-NX2,2025-02-05,vireo.in,1,5849,NX2-2411-2
VR899774,C106223,VA-EB-PL1,2025-02-05,Amazon,1,2124,PL1-2410-2
VR899905,C107293,VA-EB-PL1,2025-02-05,Flipkart,1,1999,PL1-2412-2
VR905739,C104931,VA-EB-PL1,2025-02-05,Flipkart,1,2124,PL1-2410-4
VR909222,C100976,VA-EB-PL1,2025-02-05,vireo.in,1,2124,PL1-2411-3
VR881193,C103244,VA-EB-PL1,2025-02-06,Flipkart,1,2124,PL1-2411-4
VR882823,C108115,VA-EB-AIR,2025-02-06,Amazon,1,1529,AIR-2411-4
VR882938,C101144,VA-SW-FIT,2025-02-06,Flipkart,1,1899,FIT-2410-2
VR884117,C101201,VA-EB-PL1,2025-02-06,vireo.in,1,2499,PL1-2411-3
VR885091,C101465,VA-EB-AIR,2025-02-06,vireo.in,1,1529,AIR-2501-1
VR887308,C104375,VA-EB-AIR,2025-02-06,vireo.in,1,1709,AIR-2411-3
VR891735,C102450,VA-HP-ST2,2025-02-06,vireo.in,1,4999,ST2-2501-4
VR891925,C101974,VA-EB-PL1,2025-02-06,vireo.in,1,2499,PL1-2410-2
VR895348,C100488,VA-SW-NX2,2025-02-06,Amazon,1,5849,NX2-2411-3
VR897024,C104286,VA-HP-ST3,2025-02-06,vireo.in,1,6999,ST3-2501-2
VR898076,C106906,VA-EB-AIR,2025-02-06,vireo.in,1,1799,AIR-2411-3
VR900198,C102487,VA-SW-NX2,2025-02-06,vireo.in,1,6499,NX2-2501-3
VR900649,C108066,VA-EB-AIR,2025-02-06,vireo.in,1,1529,AIR-2501-3
VR904509,C102548,VA-SW-FIT,2025-02-06,vireo.in,1,1899,FIT-2411-4
VR904644,C105331,VA-EB-PL1,2025-02-06,Flipkart,1,2499,PL1-2411-4
VR909706,C107784,VA-EB-AIR,2025-02-06,vireo.in,1,1799,AIR-2411-2
VR880936,C104448,VA-EB-PL1,2025-02-07,vireo.in,1,2499,PL1-2412-2
VR880998,C102978,VA-EB-AIR,2025-02-07,vireo.in,1,1799,AIR-2412-3
VR886395,C100814,VA-SW-NX2,2025-02-07,vireo.in,1,6499,NX2-2411-3
VR887264,C101932,VA-EB-AIR,2025-02-07,vireo.in,1,1619,AIR-2412-2
VR891690,C100361,VA-EB-PL1,2025-02-07,vireo.in,1,2374,PL1-2412-4
VR904624,C109268,VA-SW-NX1,2025-02-07,vireo.in,1,3999,NX1-2501-1
VR906426,C106085,VA-EB-PL1,2025-02-07,vireo.in,1,2499,PL1-2501-4
VR908949,C102048,VA-EB-PL1,2025-02-07,vireo.in,1,2249,PL1-2412-1
VR909963,C104229,VA-EB-PL1,2025-02-07,vireo.in,1,2499,PL1-2501-1
VR884171,C106762,VA-EB-AIR,2025-02-08,Amazon,1,1619,AIR-2411-1
VR887045,C105087,VA-SW-NX2,2025-02-08,vireo.in,1,6174,NX2-2412-4
VR887535,C108810,VA-EB-PL1,2025-02-08,Flipkart,1,2124,PL1-2412-1
VR891266,C108512,VA-HP-ST3,2025-02-08,vireo.in,2,11898,ST3-2411-3
VR894682,C102851,VA-SW-NX2,2025-02-08,Amazon,1,5849,NX2-2501-1
VR897486,C104381,VA-AC-CH65,2025-02-08,vireo.in,1,1499,CH65-2412-1
VR898319,C107467,VA-SP-ORB,2025-02-08,Flipkart,2,10798,ORB-2411-1
VR905538,C106800,VA-EB-AIR,2025-02-08,Amazon,1,1799,AIR-2412-4
VR907922,C108205,VA-SW-NX1,2025-02-08,vireo.in,1,4999,NX1-2501-3
VR881636,C108441,VA-SW-NX1,2025-02-09,vireo.in,1,4999,NX1-2501-4
VR882568,C102731,VA-SP-ORB,2025-02-09,vireo.in,1,5399,ORB-2410-3
VR885597,C109166,VA-SW-NX2,2025-02-09,vireo.in,2,12348,NX2-2412-3
VR886150,C102026,VA-NB-ARC,2025-02-09,vireo.in,1,1299,ARC-2412-4
VR889586,C108859,VA-EB-AIR,2025-02-09,Flipkart,1,1799,AIR-2501-3
VR890574,C101603,VA-SW-NX2,2025-02-09,Flipkart,1,6499,NX2-2501-4
VR894631,C102991,VA-SW-NX2,2025-02-09,vireo.in,1,5524,NX2-2412-1
VR894996,C101656,VA-EB-AIR,2025-02-09,Flipkart,2,3598,AIR-2412-2
VR902184,C109315,VA-SW-NX2,2025-02-09,Amazon,1,6499,NX2-2501-1
VR902432,C104696,VA-SW-NX2,2025-02-09,vireo.in,1,6499,NX2-2501-3
VR902994,C108165,VA-AC-CBL,2025-02-09,vireo.in,1,319,CBL-2411-2
VR905315,C104327,VA-SW-NX2,2025-02-09,Amazon,2,10398,NX2-2411-3
VR908522,C101198,VA-HP-ST3,2025-02-09,vireo.in,1,5599,ST3-2411-2
VR908610,C107971,VA-EB-AIR,2025-02-09,vireo.in,1,1439,AIR-2411-2
VR880612,C100696,VA-SW-NX1,2025-02-10,Amazon,1,4999,NX1-2412-2
VR880754,C103896,VA-EB-PL1,2025-02-10,vireo.in,1,2374,PL1-2501-4
VR883560,C103691,VA-EB-PL1,2025-02-10,Amazon,1,2499,PL1-2412-4
VR883578,C101474,VA-SW-NX2,2025-02-10,vireo.in,1,6499,NX2-2412-2
VR883880,C107088,VA-SW-NX2,2025-02-10,vireo.in,1,5199,NX2-2410-4
VR884869,C108282,VA-SW-NX2,2025-02-10,vireo.in,1,6499,NX2-2411-2
VR885773,C103086,VA-SW-NX2,2025-02-10,Amazon,1,6174,NX2-2411-3
VR887378,C104963,VA-NB-ARC,2025-02-10,vireo.in,1,1104,ARC-2412-4
VR889387,C102237,VA-SW-NX2,2025-02-10,vireo.in,1,6499,NX2-2412-1
VR895905,C102814,VA-SP-ORB,2025-02-10,Amazon,1,5999,ORB-2412-1
VR896007,C102078,VA-AC-CH65,2025-02-10,vireo.in,1,1499,CH65-2412-1
VR898736,C101589,VA-SW-NX1,2025-02-10,vireo.in,1,4999,NX1-2412-3
VR905736,C108969,VA-SW-NX2,2025-02-10,vireo.in,1,6499,NX2-2501-3
VR906059,C104361,VA-HP-ST3,2025-02-10,vireo.in,1,6999,ST3-2411-3
VR906451,C100848,VA-SW-NX2,2025-02-10,Flipkart,1,5524,NX2-2411-4
VR908507,C108781,VA-EB-AIR,2025-02-10,vireo.in,1,1439,AIR-2410-1
VR909629,C100156,VA-EB-PL1,2025-02-10,vireo.in,1,2499,PL1-2412-2
VR881837,C107054,VA-EB-AIR,2025-02-11,vireo.in,1,1529,AIR-2411-3
VR882048,C101095,VA-EB-AIR,2025-02-11,vireo.in,1,1799,AIR-2412-1
VR882721,C107792,VA-EB-AIR,2025-02-11,Amazon,1,1799,AIR-2501-4
VR884355,C101820,VA-SW-NX2,2025-02-11,vireo.in,1,6499,NX2-2411-2
VR884841,C107129,VA-SW-NX2,2025-02-11,Amazon,1,5199,NX2-2501-4
VR885268,C102297,VA-AC-CH65,2025-02-11,Amazon,1,1499,CH65-2501-2
VR885565,C109179,VA-EB-AIR,2025-02-11,vireo.in,1,1709,AIR-2411-4
VR886514,C104656,VA-NB-ARC,2025-02-11,Amazon,1,1299,ARC-2411-1
VR888316,C106387,VA-EB-PL1,2025-02-11,vireo.in,1,2499,PL1-2412-3
VR889319,C105205,VA-HP-ST3,2025-02-11,Flipkart,1,6999,ST3-2410-2
VR894804,C107605,VA-EB-PL1,2025-02-11,vireo.in,1,2249,PL1-2411-4
VR894859,C106030,VA-HP-ST3,2025-02-11,vireo.in,1,6999,ST3-2501-1
VR897766,C104546,VA-HP-ST3,2025-02-11,Amazon,2,13998,ST3-2411-3
VR898719,C103681,VA-EB-PL1,2025-02-11,Flipkart,1,2374,PL1-2410-1
VR899811,C109363,VA-HP-ST2,2025-02-11,Amazon,1,4249,ST2-2411-3
VR901845,C101734,VA-SW-NX2,2025-02-11,vireo.in,1,5199,NX2-2501-1
VR902043,C104206,VA-SW-NX2,2025-02-11,vireo.in,1,6499,NX2-2411-4
VR902538,C101923,VA-EB-AIR,2025-02-11,vireo.in,1,1619,AIR-2412-2
VR905709,C103246,VA-EB-PL1,2025-02-11,vireo.in,1,2499,PL1-2412-3
VR906581,C106367,VA-HP-ST3,2025-02-11,Amazon,1,5599,ST3-2501-1
VR906988,C106453,VA-EB-PL1,2025-02-11,Amazon,1,2499,PL1-2410-2
VR906989,C107156,VA-EB-PL1,2025-02-11,Amazon,1,2499,PL1-2412-4
VR908467,C109281,VA-SW-FIT,2025-02-11,Flipkart,1,1799,FIT-2411-3
VR909078,C105612,VA-SW-NX1,2025-02-11,vireo.in,1,4999,NX1-2501-3
VR880502,C103079,VA-HP-ST3,2025-02-12,vireo.in,1,6299,ST3-2411-3
VR882289,C106296,VA-NB-ARC,2025-02-12,vireo.in,1,1299,ARC-2412-3
VR883220,C107434,VA-SW-FIT,2025-02-12,Amazon,1,1999,FIT-2411-4
VR891817,C107653,VA-SP-ORB,2025-02-12,vireo.in,1,5099,ORB-2501-4
VR898429,C103491,VA-NB-ARC,2025-02-12,vireo.in,1,1299,ARC-2410-4
VR899379,C100717,VA-SP-ORB,2025-02-12,vireo.in,1,5099,ORB-2412-4
VR903042,C102110,VA-HP-ST3,2025-02-12,vireo.in,1,6299,ST3-2501-1
VR904168,C106329,VA-SP-ORB,2025-02-12,vireo.in,1,5999,ORB-2411-2
VR905265,C102205,VA-HP-ST3,2025-02-12,vireo.in,1,6999,ST3-2412-4
VR908664,C104033,VA-EB-PL1,2025-02-12,vireo.in,1,2499,PL1-2411-1
VR882657,C103971,VA-SW-NX1,2025-02-13,vireo.in,1,4999,NX1-2412-2
VR883039,C104099,VA-SW-NX2,2025-02-13,vireo.in,1,6499,NX2-2412-4
VR884447,C102879,VA-EB-PL1,2025-02-13,Amazon,1,2499,PL1-2501-4
VR885457,C105614,VA-EB-AIR,2025-02-13,Amazon,1,1799,AIR-2411-4
VR889075,C103241,VA-HP-ST3,2025-02-13,Amazon,1,6649,ST3-2411-2
VR890538,C106542,VA-SW-FIT,2025-02-13,vireo.in,1,1699,FIT-2411-3
VR890746,C107188,VA-HP-ST3,2025-02-13,Amazon,1,6299,ST3-2412-4
VR894745,C101990,VA-HP-ST3,2025-02-13,Amazon,1,6649,ST3-2411-2
VR894778,C100763,VA-EB-PL1,2025-02-13,vireo.in,1,2499,PL1-2411-1
VR897932,C101426,VA-HP-ST3,2025-02-13,Flipkart,1,6999,ST3-2501-1
VR898241,C103354,VA-HP-ST3,2025-02-13,Amazon,1,6999,ST3-2411-1
VR898678,C104800,VA-SW-NX2,2025-02-13,vireo.in,1,5849,NX2-2501-3
VR907741,C101126,VA-EB-PL1,2025-02-13,Flipkart,1,2249,PL1-2412-3
VR908245,C106734,VA-SW-FIT,2025-02-13,vireo.in,1,1999,FIT-2410-2
VR883226,C108476,VA-EB-PL1,2025-02-14,vireo.in,1,2249,PL1-2501-4
VR883268,C102335,VA-SW-FIT,2025-02-14,Amazon,1,1799,FIT-2411-2
VR884307,C105495,VA-SP-MINI,2025-02-14,Amazon,1,2124,MINI-2412-2
VR889518,C108373,VA-EB-PL1,2025-02-14,Amazon,1,2124,PL1-2501-3
VR891242,C101601,VA-SW-NX1,2025-02-14,vireo.in,1,3999,NX1-2411-3
VR891962,C106807,VA-HP-ST3,2025-02-14,vireo.in,1,6649,ST3-2412-3
VR897612,C100017,VA-EB-AIR,2025-02-14,vireo.in,1,1799,AIR-2412-4
VR897638,C101980,VA-HP-ST3,2025-02-14,vireo.in,1,6649,ST3-2501-1
VR897976,C102805,VA-EB-AIR,2025-02-14,vireo.in,1,1709,AIR-2411-1
VR899212,C108652,VA-EB-PL1,2025-02-14,Amazon,1,2374,PL1-2411-4
VR899391,C108009,VA-SW-NX2,2025-02-14,Flipkart,1,5199,NX2-2412-3
VR902895,C101683,VA-SW-FIT,2025-02-14,vireo.in,1,1899,FIT-2501-3
VR904990,C100081,VA-SP-MINI,2025-02-14,vireo.in,1,2374,MINI-2412-2
VR905295,C108429,VA-SP-MINI,2025-02-14,Amazon,1,2499,MINI-2501-1
VR905809,C102859,VA-SP-MINI,2025-02-14,vireo.in,1,2249,MINI-2412-4
VR906260,C103562,VA-SP-MINI,2025-02-14,vireo.in,1,1999,MINI-2501-1
VR907029,C101652,VA-HP-ST3,2025-02-14,vireo.in,2,13998,ST3-2412-4
VR907098,C101838,VA-SP-ORB,2025-02-14,vireo.in,1,5999,ORB-2412-4
VR907242,C101944,VA-SP-MINI,2025-02-14,Amazon,1,1999,MINI-2411-3
VR882635,C102843,VA-SW-NX2,2025-02-15,vireo.in,1,5849,NX2-2411-4
VR882844,C101256,VA-EB-PL1,2025-02-15,vireo.in,1,2499,PL1-2411-3
VR883155,C108907,VA-NB-ARC,2025-02-15,vireo.in,1,1104,ARC-2410-1
VR886692,C103060,VA-SW-NX2,2025-02-15,vireo.in,1,5524,NX2-2501-1
VR888418,C109157,VA-SP-MINI,2025-02-15,Flipkart,1,2374,MINI-2411-3
VR891306,C103339,VA-SW-NX2,2025-02-15,vireo.in,1,6499,NX2-2501-1
VR895768,C109232,VA-EB-PL1,2025-02-15,vireo.in,1,2124,PL1-2411-2
VR899262,C101345,VA-EB-AIR,2025-02-15,vireo.in,1,1619,AIR-2411-1
VR904368,C105386,VA-SP-ORB,2025-02-15,Flipkart,1,5399,ORB-2411-4
VR904384,C103128,VA-EB-PL1,2025-02-15,vireo.in,1,2499,PL1-2501-3
VR909522,C100626,VA-HP-ST2,2025-02-15,Amazon,1,4499,ST2-2411-1
VR884061,C100489,VA-NB-ARC,2025-02-16,Flipkart,1,1299,ARC-2501-2
VR887880,C105404,VA-SP-MINI,2025-02-16,Amazon,1,2499,MINI-2501-3
VR890977,C104832,VA-EB-PL1,2025-02-16,Amazon,1,2499,PL1-2411-1
VR893324,C103515,VA-SW-FIT,2025-02-16,vireo.in,1,1999,FIT-2411-4
VR894120,C107529,VA-AC-CH65,2025-02-16,vireo.in,2,2998,CH65-2501-3
VR896952,C104877,VA-EB-AIR,2025-02-16,Amazon,2,3598,AIR-2411-1
VR897327,C103619,VA-EB-AIR,2025-02-16,vireo.in,1,1529,AIR-2412-2
VR898827,C103516,VA-EB-AIR,2025-02-16,vireo.in,1,1529,AIR-2501-1
VR899295,C106526,VA-HP-ST2,2025-02-16,vireo.in,2,9998,ST2-2412-3
VR904864,C103663,VA-HP-ST2,2025-02-16,Amazon,1,4499,ST2-2501-2
VR886587,C105599,VA-EB-AIR,2025-02-17,vireo.in,1,1799,AIR-2412-2
VR886794,C106359,VA-SW-FIT,2025-02-17,Flipkart,1,1999,FIT-2412-1
VR889136,C109288,VA-HP-ST3,2025-02-17,Amazon,1,6999,ST3-2411-2
VR889976,C106323,VA-EB-AIR,2025-02-17,vireo.in,1,1799,AIR-2412-2
VR893329,C101688,VA-SW-NX2,2025-02-17,Amazon,1,6174,NX2-2501-4
VR895926,C105943,VA-SP-ORB,2025-02-17,vireo.in,1,5999,ORB-2501-3
VR901247,C101254,VA-HP-ST3,2025-02-17,vireo.in,2,12598,ST3-2501-2
VR905195,C100743,VA-SW-NX2,2025-02-17,vireo.in,1,5199,NX2-2412-3
VR907490,C101339,VA-SP-MINI,2025-02-17,vireo.in,1,2249,MINI-2411-1
VR909319,C103002,VA-EB-AIR,2025-02-17,Amazon,1,1799,AIR-2411-4
VR883187,C106979,VA-SP-MINI,2025-02-18,Flipkart,1,1999,MINI-2410-4
VR883247,C101182,VA-EB-AIR,2025-02-18,vireo.in,1,1529,AIR-2412-2
VR884750,C100348,VA-SW-NX1,2025-02-18,vireo.in,1,4999,NX1-2412-1
VR886131,C103291,VA-EB-PL1,2025-02-18,Amazon,1,1999,PL1-2411-1
VR892476,C105302,VA-HP-ST3,2025-02-18,Flipkart,1,6649,ST3-2501-3
VR896240,C108746,VA-SP-MINI,2025-02-18,vireo.in,1,2499,MINI-2412-3
VR897166,C100236,VA-SW-NX2,2025-02-18,Amazon,1,6499,NX2-2412-4
VR898224,C106385,VA-EB-AIR,2025-02-18,Flipkart,1,1799,AIR-2501-3
VR898895,C109082,VA-HP-ST3,2025-02-18,Flipkart,1,6999,ST3-2411-1
VR898933,C106299,VA-HP-ST2,2025-02-18,vireo.in,1,3999,ST2-2501-2
VR899447,C108871,VA-SP-MINI,2025-02-18,vireo.in,1,2499,MINI-2501-4
VR899807,C102783,VA-EB-AIR,2025-02-18,Flipkart,1,1709,AIR-2412-1
VR900012,C106376,VA-EB-AIR,2025-02-18,Amazon,2,3418,AIR-2412-3
VR901309,C101895,VA-EB-PL1,2025-02-18,vireo.in,1,2249,PL1-2411-3
VR903969,C108536,VA-EB-PL1,2025-02-18,vireo.in,1,1999,PL1-2501-2
VR908414,C104602,VA-HP-ST3,2025-02-18,vireo.in,1,5949,ST3-2411-2
VR908479,C101378,VA-AC-CBL,2025-02-18,Amazon,1,399,CBL-2501-2
VR908581,C102278,VA-EB-PL1,2025-02-18,vireo.in,1,2499,PL1-2501-4
VR884095,C101845,VA-SP-MINI,2025-02-19,Amazon,1,2499,MINI-2411-3
VR888728,C109057,VA-SP-ORB,2025-02-19,Amazon,1,5999,ORB-2412-1
VR893169,C105616,VA-EB-AIR,2025-02-19,vireo.in,1,1529,AIR-2411-3
VR894555,C101136,VA-EB-AIR,2025-02-19,Flipkart,1,1799,AIR-2412-4
VR895821,C105679,VA-HP-ST3,2025-02-19,vireo.in,1,5949,ST3-2411-2
VR898145,C108442,VA-EB-PL1,2025-02-19,Amazon,1,2499,PL1-2501-1
VR899421,C109269,VA-SW-NX2,2025-02-19,vireo.in,1,6174,NX2-2501-3
VR901107,C106829,VA-HP-ST3,2025-02-19,vireo.in,1,5599,ST3-2411-4
VR903744,C100416,VA-EB-PL1,2025-02-19,vireo.in,1,2374,PL1-2412-4
VR908065,C101464,VA-SP-MINI,2025-02-19,Flipkart,1,2499,MINI-2501-4
VR908100,C108307,VA-EB-AIR,2025-02-19,vireo.in,1,1799,AIR-2412-1
VR909996,C101598,VA-EB-PL1,2025-02-19,Flipkart,1,2124,PL1-2412-1
VR881777,C104657,VA-HP-ST3,2025-02-20,Amazon,1,6999,ST3-2411-1
VR882175,C107014,VA-SW-NX2,2025-02-20,vireo.in,1,5524,NX2-2501-3
VR882488,C100175,VA-HP-ST3,2025-02-20,Amazon,1,5599,ST3-2412-3
VR884370,C104920,VA-SW-NX2,2025-02-20,Amazon,1,6499,NX2-2412-3
VR887793,C102883,VA-SW-NX2,2025-02-20,vireo.in,1,6174,NX2-2412-2
VR897864,C104677,VA-SW-NX2,2025-02-20,Flipkart,1,6174,NX2-2411-4
VR898333,C104783,VA-HP-ST3,2025-02-20,vireo.in,1,5949,ST3-2411-1
VR899314,C104440,VA-SW-NX1,2025-02-20,Amazon,1,4999,NX1-2411-1
VR900037,C104460,VA-EB-PL1,2025-02-20,vireo.in,1,2499,PL1-2411-1
VR904306,C106745,VA-AC-CH65,2025-02-20,Amazon,1,1199,CH65-2501-3
VR907389,C100166,VA-NB-ARC,2025-02-20,Amazon,1,1039,ARC-2411-2
VR909871,C108945,VA-HP-ST2,2025-02-20,Amazon,1,4499,ST2-2501-2
VR910064,C104223,VA-EB-AIR,2025-02-20,Amazon,1,1439,AIR-2412-4
VR880074,C104428,VA-SW-NX1,2025-02-21,vireo.in,1,4499,NX1-2412-2
VR887245,C102534,VA-SP-MINI,2025-02-21,Flipkart,1,2249,MINI-2411-2
VR888170,C103317,VA-SW-FIT,2025-02-21,vireo.in,1,1899,FIT-2501-2
VR891491,C103930,VA-EB-AIR,2025-02-21,Amazon,1,1529,AIR-2501-4
VR892345,C108213,VA-SW-NX2,2025-02-21,Amazon,1,5524,NX2-2412-3
VR892647,C104434,VA-NB-ARC,2025-02-21,Amazon,1,1299,ARC-2501-3
VR897429,C105830,VA-EB-AIR,2025-02-21,vireo.in,1,1529,AIR-2411-2
VR899630,C105810,VA-EB-AIR,2025-02-21,vireo.in,1,1799,AIR-2412-2
VR900804,C105300,VA-HP-ST2,2025-02-21,Flipkart,2,9998,ST2-2412-2
VR906959,C103380,VA-EB-AIR,2025-02-21,vireo.in,2,3418,AIR-2411-2
VR907194,C106839,VA-SW-NX2,2025-02-21,Flipkart,2,12998,NX2-2411-3
VR907446,C105197,VA-SP-MINI,2025-02-21,Amazon,1,1999,MINI-2411-2
VR880435,C101086,VA-SW-NX2,2025-02-22,vireo.in,1,5524,NX2-2412-2
VR883303,C102609,VA-EB-PL1,2025-02-22,vireo.in,1,2124,PL1-2412-4
VR894326,C100485,VA-HP-ST3,2025-02-22,Amazon,2,11898,ST3-2412-1
VR895729,C103006,VA-HP-ST3,2025-02-22,vireo.in,1,6999,ST3-2411-1
VR898364,C100616,VA-SW-NX2,2025-02-22,vireo.in,1,6499,NX2-2412-2
VR900634,C108914,VA-SP-ORB,2025-02-22,vireo.in,1,5699,ORB-2501-2
VR902399,C105799,VA-HP-ST3,2025-02-22,vireo.in,1,6999,ST3-2411-2
VR902475,C109201,VA-HP-ST2,2025-02-22,vireo.in,1,3999,ST2-2411-1
VR903861,C109264,VA-EB-PL1,2025-02-22,Amazon,1,2499,PL1-2501-2
VR904344,C106691,VA-SW-NX2,2025-02-22,vireo.in,1,5199,NX2-2411-2
VR905513,C100243,VA-HP-ST2,2025-02-22,Amazon,1,4499,ST2-2501-4
VR909596,C103255,VA-SW-FIT,2025-02-22,Flipkart,1,1999,FIT-2412-1
VR909868,C107613,VA-EB-PL1,2025-02-22,Amazon,1,2499,PL1-2411-4
VR880745,C105619,VA-EB-PL1,2025-02-23,Amazon,1,2499,PL1-2411-3
VR884927,C107525,VA-SW-NX2,2025-02-23,Flipkart,1,6174,NX2-2411-3
VR885446,C103884,VA-SW-NX2,2025-02-23,vireo.in,1,6499,NX2-2501-4
VR887335,C102407,VA-EB-PL1,2025-02-23,vireo.in,1,2499,PL1-2412-4
VR889882,C103598,VA-EB-PL1,2025-02-23,Amazon,1,2374,PL1-2501-2
VR901098,C100124,VA-SP-MINI,2025-02-23,vireo.in,1,2249,MINI-2502-2
VR901994,C106364,VA-SW-FIT,2025-02-23,vireo.in,1,1799,FIT-2501-4
VR902101,C107554,VA-SP-MINI,2025-02-23,Amazon,1,2499,MINI-2411-1
VR905232,C102083,VA-SW-FIT,2025-02-23,Amazon,1,1699,FIT-2412-1
VR906684,C107027,VA-SW-NX2,2025-02-23,Amazon,1,6499,NX2-2411-1
VR908465,C104815,VA-EB-PL1,2025-02-23,vireo.in,1,2249,PL1-2411-3
VR882090,C101949,VA-SW-NX1,2025-02-24,Amazon,1,4999,NX1-2411-3
VR885774,C104599,VA-EB-PL1,2025-02-24,vireo.in,1,2499,PL1-2412-4
VR889367,C103312,VA-EB-AIR,2025-02-24,Flipkart,1,1799,AIR-2412-1
VR889915,C107091,VA-SW-FIT,2025-02-24,vireo.in,1,1699,FIT-2501-3
VR892639,C104303,VA-SP-MINI,2025-02-24,vireo.in,2,3998,MINI-2412-3
VR895098,C101834,VA-HP-ST2,2025-02-24,vireo.in,1,4999,ST2-2411-3
VR903430,C109472,VA-HP-ST3,2025-02-24,vireo.in,1,6299,ST3-2501-3
VR904342,C101769,VA-NB-ARC,2025-02-24,vireo.in,1,1299,ARC-2412-3
VR904898,C100737,VA-SW-FIT,2025-02-24,Amazon,1,1599,FIT-2501-4
VR883000,C104561,VA-SW-FIT,2025-02-25,Amazon,1,1899,FIT-2411-3
VR884669,C104705,VA-SP-MINI,2025-02-25,vireo.in,1,2499,MINI-2412-3
VR884843,C105681,VA-EB-AIR,2025-02-25,Amazon,1,1799,AIR-2501-3
VR886548,C105364,VA-HP-ST2,2025-02-25,vireo.in,1,4999,ST2-2412-2
VR886766,C100745,VA-SP-MINI,2025-02-25,Amazon,1,2374,MINI-2411-2
VR887054,C103160,VA-SW-FIT,2025-02-25,vireo.in,1,1799,FIT-2501-2
VR888539,C105833,VA-HP-ST3,2025-02-25,Amazon,1,6649,ST3-2412-3
VR890819,C102599,VA-EB-PL1,2025-02-25,Amazon,1,2249,PL1-2501-3
VR890999,C104183,VA-EB-PL1,2025-02-25,vireo.in,1,2249,PL1-2412-1
VR894455,C101628,VA-SW-NX1,2025-02-25,Flipkart,1,4249,NX1-2412-2
VR897965,C107875,VA-SW-NX2,2025-02-25,Amazon,1,6499,NX2-2412-1
VR899512,C106321,VA-SW-FIT,2025-02-25,Amazon,1,1899,FIT-2411-1
VR903229,C103621,VA-SW-NX2,2025-02-25,Flipkart,1,5199,NX2-2412-3
VR904676,C107432,VA-SP-MINI,2025-02-25,vireo.in,1,2249,MINI-2412-4
VR905048,C104345,VA-SP-MINI,2025-02-25,Amazon,1,2499,MINI-2411-3
VR906484,C108949,VA-SW-NX2,2025-02-25,vireo.in,1,5849,NX2-2501-3
VR908472,C107182,VA-SP-MINI,2025-02-25,vireo.in,1,2499,MINI-2411-1
VR909842,C105868,VA-NB-ARC,2025-02-25,Amazon,1,1299,ARC-2501-3
VR880820,C108636,VA-SW-NX2,2025-02-26,vireo.in,1,5849,NX2-2412-4
VR883008,C106803,VA-EB-PL1,2025-02-26,vireo.in,1,2499,PL1-2412-2
VR884865,C102833,VA-EB-AIR,2025-02-26,Flipkart,1,1799,AIR-2501-2
VR886053,C100435,VA-EB-AIR,2025-02-26,vireo.in,1,1799,AIR-2501-3
VR888157,C103043,VA-EB-PL1,2025-02-26,vireo.in,1,2374,PL1-2411-1
VR889079,C108124,VA-SW-NX1,2025-02-26,vireo.in,2,9498,NX1-2501-1
VR890737,C109212,VA-HP-ST3,2025-02-26,vireo.in,2,11898,ST3-2501-4
VR891245,C105140,VA-EB-PL1,2025-02-26,Amazon,1,2499,PL1-2501-4
VR896780,C102309,VA-EB-AIR,2025-02-26,Amazon,1,1709,AIR-2412-3
VR897230,C109208,VA-SW-NX2,2025-02-26,Amazon,1,6499,NX2-2501-2
VR901310,C100655,VA-AC-CH65,2025-02-26,Flipkart,1,1349,CH65-2501-3
VR902494,C103864,VA-EB-AIR,2025-02-26,Amazon,1,1799,AIR-2411-2
VR904490,C103432,VA-SW-NX1,2025-02-26,vireo.in,1,4999,NX1-2501-1
VR905412,C103910,VA-SP-ORB,2025-02-26,vireo.in,1,5999,ORB-2412-3
VR905590,C101965,VA-EB-PL1,2025-02-26,vireo.in,1,1999,PL1-2502-1
VR907980,C101767,VA-SW-NX2,2025-02-26,vireo.in,2,12348,NX2-2501-2
VR909296,C106359,VA-SP-MINI,2025-02-26,vireo.in,1,2374,MINI-2411-4
VR909725,C109304,VA-SW-FIT,2025-02-26,vireo.in,1,1899,FIT-2501-3
VR909966,C105247,VA-AC-CH65,2025-02-26,vireo.in,1,1499,CH65-2412-3
VR880779,C101107,VA-EB-PL1,2025-02-27,Amazon,1,2124,PL1-2411-4
VR881401,C109078,VA-SW-FIT,2025-02-27,vireo.in,1,1599,FIT-2412-2
VR885443,C105062,VA-SP-MINI,2025-02-27,Flipkart,1,1999,MINI-2501-4
VR886628,C103561,VA-SP-ORB,2025-02-27,Flipkart,2,10798,ORB-2411-2
VR892927,C104186,VA-SW-FIT,2025-02-27,vireo.in,1,1899,FIT-2412-1
VR893284,C108871,VA-SW-NX2,2025-02-27,vireo.in,1,6499,NX2-2501-2
VR894353,C107125,VA-SP-MINI,2025-02-27,Flipkart,1,2499,MINI-2502-3
VR895844,C104216,VA-SW-FIT,2025-02-27,Amazon,1,1999,FIT-2412-1
VR900399,C104629,VA-SW-FIT,2025-02-27,vireo.in,1,1999,FIT-2411-4
VR900475,C100730,VA-HP-ST3,2025-02-27,Amazon,1,5949,ST3-2502-3
VR901653,C107323,VA-SP-MINI,2025-02-27,vireo.in,1,2499,MINI-2501-4
VR904281,C105487,VA-SP-MINI,2025-02-27,Amazon,2,4498,MINI-2501-4
VR905859,C106042,VA-SP-MINI,2025-02-27,vireo.in,1,2124,MINI-2412-3
VR907357,C109091,VA-NB-ARC,2025-02-27,vireo.in,1,1299,ARC-2411-4
VR909742,C101470,VA-EB-PL1,2025-02-27,Flipkart,1,2499,PL1-2502-1
VR881354,C102415,VA-SW-FIT,2025-02-28,Amazon,1,1699,FIT-2411-2
VR882385,C104502,VA-EB-PL1,2025-02-28,vireo.in,1,2249,PL1-2501-1
VR886184,C101404,VA-HP-ST3,2025-02-28,Amazon,1,5949,ST3-2412-3
VR891892,C102241,VA-SP-MINI,2025-02-28,Flipkart,1,1999,MINI-2411-1
VR893249,C104637,VA-SW-NX2,2025-02-28,Amazon,1,6499,NX2-2412-4
VR896117,C103423,VA-EB-AIR,2025-02-28,vireo.in,1,1439,AIR-2411-1
VR900230,C107861,VA-SW-FIT,2025-02-28,Amazon,1,1599,FIT-2501-4
VR900289,C101539,VA-EB-AIR,2025-02-28,vireo.in,1,1709,AIR-2411-2
VR905960,C107569,VA-EB-AIR,2025-02-28,vireo.in,1,1799,AIR-2412-4
VR907786,C102258,VA-SP-MINI,2025-02-28,Amazon,1,2499,MINI-2412-2
VR909123,C104647,VA-SW-FIT,2025-02-28,vireo.in,1,1799,FIT-2412-2
VR884006,C103207,VA-SW-NX1,2025-03-01,vireo.in,1,3999,NX1-2412-1
VR889859,C108585,VA-SP-MINI,2025-03-01,vireo.in,1,2499,MINI-2501-2
VR891387,C107897,VA-EB-PL1,2025-03-01,Amazon,1,2499,PL1-2501-2
VR892329,C105349,VA-AC-CH65,2025-03-01,vireo.in,1,1499,CH65-2412-1
VR894286,C106190,VA-EB-PL1,2025-03-01,vireo.in,2,4998,PL1-2412-4
VR894459,C103818,VA-SW-FIT,2025-03-01,Amazon,1,1599,FIT-2412-2
VR895503,C102860,VA-EB-PL1,2025-03-01,Amazon,2,4998,PL1-2501-1
VR895564,C106702,VA-NB-ARC,2025-03-01,vireo.in,1,1039,ARC-2501-3
VR897301,C102023,VA-EB-PL1,2025-03-01,Amazon,1,2374,PL1-2501-3
VR899793,C108535,VA-SP-ORB,2025-03-01,Amazon,1,5399,ORB-2501-3
VR900078,C100082,VA-AC-CH65,2025-03-01,Amazon,1,1349,CH65-2412-4
VR904900,C102821,VA-AC-CBL,2025-03-01,Flipkart,1,339,CBL-2411-3
VR904945,C108661,VA-HP-ST3,2025-03-01,vireo.in,1,6999,ST3-2412-2
VR908736,C107412,VA-HP-ST3,2025-03-01,Amazon,1,6999,ST3-2411-3
VR880208,C102940,VA-EB-AIR,2025-03-02,Amazon,1,1799,AIR-2501-2
VR881931,C102568,VA-NB-ARC,2025-03-02,Flipkart,1,1169,ARC-2501-3
VR881961,C100953,VA-SW-NX1,2025-03-02,vireo.in,1,3999,NX1-2501-3
VR885340,C107576,VA-SW-NX2,2025-03-02,vireo.in,1,6499,NX2-2502-2
VR886995,C101994,VA-SP-MINI,2025-03-02,Flipkart,2,4248,MINI-2501-4
VR889921,C100121,VA-SW-NX2,2025-03-02,vireo.in,1,6499,NX2-2411-2
VR892419,C109204,VA-HP-ST3,2025-03-02,Amazon,1,6649,ST3-2501-2
VR894262,C100276,VA-SW-NX1,2025-03-02,Flipkart,1,3999,NX1-2502-1
VR894527,C108545,VA-HP-ST3,2025-03-02,vireo.in,1,6299,ST3-2501-4
VR897606,C100472,VA-EB-AIR,2025-03-02,vireo.in,1,1619,AIR-2411-2
VR898966,C105383,VA-SP-MINI,2025-03-02,vireo.in,1,2374,MINI-2501-2
VR899220,C103878,VA-SW-NX2,2025-03-02,vireo.in,1,5199,NX2-2412-3
VR906638,C103672,VA-SW-NX2,2025-03-02,Amazon,2,10398,NX2-2411-1
VR907445,C101461,VA-HP-ST3,2025-03-02,Amazon,1,6999,ST3-2411-3
VR885007,C109136,VA-EB-AIR,2025-03-03,vireo.in,1,1799,AIR-2412-3
VR885300,C106697,VA-SP-MINI,2025-03-03,Flipkart,2,4748,MINI-2502-3
VR886311,C102694,VA-EB-PL1,2025-03-03,Amazon,1,1999,PL1-2411-4
VR889814,C101321,VA-SP-ORB,2025-03-03,vireo.in,1,5099,ORB-2501-2
VR898253,C106085,VA-SP-MINI,2025-03-03,vireo.in,1,2374,MINI-2502-3
VR899500,C107592,VA-SP-MINI,2025-03-03,vireo.in,1,2249,MINI-2412-1
VR900060,C108821,VA-SW-NX2,2025-03-03,Flipkart,1,6499,NX2-2502-2
VR904747,C109256,VA-NB-ARC,2025-03-03,Amazon,1,1169,ARC-2412-4
VR909474,C104968,VA-SP-MINI,2025-03-03,vireo.in,1,2499,MINI-2411-2
VR885833,C107017,VA-SW-NX1,2025-03-04,vireo.in,1,4999,NX1-2501-4
VR887489,C103472,VA-SW-NX2,2025-03-04,vireo.in,1,6499,NX2-2502-1
VR887937,C108664,VA-SW-FIT,2025-03-04,Flipkart,1,1699,FIT-2411-2
VR892027,C102600,VA-SP-MINI,2025-03-04,vireo.in,1,2499,MINI-2501-3
VR892682,C107876,VA-EB-AIR,2025-03-04,Amazon,1,1799,AIR-2501-1
VR893226,C103735,VA-EB-AIR,2025-03-04,vireo.in,1,1799,AIR-2501-1
VR896830,C101604,VA-SW-NX2,2025-03-04,Flipkart,1,6499,NX2-2412-1
VR903627,C107129,VA-NB-ARC,2025-03-04,Amazon,1,1039,ARC-2501-1
VR905299,C105133,VA-EB-AIR,2025-03-04,vireo.in,1,1439,AIR-2412-1
VR906328,C104181,VA-EB-PL1,2025-03-04,vireo.in,1,2499,PL1-2411-4
VR906567,C107859,VA-SW-FIT,2025-03-04,Amazon,1,1999,FIT-2411-1
VR908933,C100760,VA-AC-CH65,2025-03-04,vireo.in,1,1499,CH65-2501-3
VR880162,C100625,VA-HP-ST3,2025-03-05,Amazon,1,6999,ST3-2501-3
VR883422,C100751,VA-AC-CH65,2025-03-05,Amazon,1,1424,CH65-2412-3
VR887399,C109188,VA-SP-MINI,2025-03-05,vireo.in,1,2499,MINI-2501-3
VR888696,C107682,VA-NB-ARC,2025-03-05,Amazon,1,1299,ARC-2502-1
VR890242,C107435,VA-SW-NX2,2025-03-05,vireo.in,1,5849,NX2-2412-4
VR893740,C103727,VA-AC-CH65,2025-03-05,vireo.in,2,2998,CH65-2411-1
VR896220,C107868,VA-EB-PL1,2025-03-05,vireo.in,1,2499,PL1-2501-2
VR896482,C108989,VA-EB-AIR,2025-03-05,vireo.in,1,1709,AIR-2502-3
VR898012,C108475,VA-HP-ST3,2025-03-05,Flipkart,1,5599,ST3-2411-4
VR898040,C107615,VA-EB-AIR,2025-03-05,vireo.in,1,1619,AIR-2411-1
VR901623,C108996,VA-SW-NX1,2025-03-05,Amazon,1,4999,NX1-2411-4
VR907333,C108539,VA-EB-PL1,2025-03-05,Amazon,1,2249,PL1-2502-3
VR908951,C104388,VA-SP-ORB,2025-03-05,vireo.in,1,5999,ORB-2412-4
VR881245,C105693,VA-SW-FIT,2025-03-06,vireo.in,1,1599,FIT-2501-3
VR881385,C101571,VA-SW-NX2,2025-03-06,vireo.in,1,6499,NX2-2412-2
VR882396,C108054,VA-SP-MINI,2025-03-06,vireo.in,1,1999,MINI-2501-1
VR882994,C106804,VA-SW-NX2,2025-03-06,vireo.in,1,5849,NX2-2501-1
VR883045,C100001,VA-SP-MINI,2025-03-06,vireo.in,2,4998,MINI-2412-3
VR884044,C102435,VA-SW-FIT,2025-03-06,Flipkart,1,1999,FIT-2412-2
VR885787,C102444,VA-SW-NX2,2025-03-06,vireo.in,1,5524,NX2-2412-1
VR887499,C102406,VA-SW-NX2,2025-03-06,vireo.in,2,11698,NX2-2502-3
VR889312,C100752,VA-HP-ST3,2025-03-06,vireo.in,1,6999,ST3-2411-1
VR889666,C100013,VA-SW-NX2,2025-03-06,vireo.in,1,6174,NX2-2411-3
VR891069,C101622,VA-SP-ORB,2025-03-06,Amazon,1,5999,ORB-2501-3
VR891235,C108760,VA-HP-ST3,2025-03-06,Amazon,1,5599,ST3-2502-4
VR892985,C105346,VA-HP-ST2,2025-03-06,vireo.in,1,3999,ST2-2501-1
VR893661,C101307,VA-HP-ST2,2025-03-06,Amazon,1,4499,ST2-2412-1
VR894476,C103993,VA-SW-NX2,2025-03-06,vireo.in,1,5524,NX2-2501-3
VR896681,C104973,VA-SW-NX2,2025-03-06,Amazon,1,5849,NX2-2502-2
VR898715,C103824,VA-AC-CH65,2025-03-06,Amazon,1,1499,CH65-2411-4
VR901874,C102180,VA-EB-PL1,2025-03-06,vireo.in,1,2124,PL1-2501-1
VR903643,C105943,VA-HP-ST2,2025-03-06,vireo.in,1,4999,ST2-2501-4
VR904540,C105858,VA-SW-NX2,2025-03-06,vireo.in,1,5524,NX2-2502-4
VR908988,C108806,VA-EB-PL1,2025-03-06,vireo.in,2,4998,PL1-2501-3
VR881484,C108877,VA-HP-ST2,2025-03-07,vireo.in,1,4999,ST2-2501-4
VR883117,C103146,VA-EB-PL1,2025-03-07,vireo.in,1,2249,PL1-2502-4
VR883772,C104993,VA-HP-ST2,2025-03-07,vireo.in,1,4249,ST2-2412-4
VR884975,C107091,VA-EB-AIR,2025-03-07,vireo.in,2,3238,AIR-2502-1
VR885989,C104441,VA-EB-AIR,2025-03-07,Flipkart,1,1799,AIR-2501-2
VR886631,C108018,VA-HP-ST2,2025-03-07,Flipkart,1,4499,ST2-2501-4
VR893201,C103884,VA-EB-PL1,2025-03-07,Amazon,1,2249,PL1-2501-2
VR893722,C104270,VA-NB-ARC,2025-03-07,vireo.in,1,1299,ARC-2502-4
VR894467,C107599,VA-SW-NX1,2025-03-07,vireo.in,1,4249,NX1-2501-2
VR894980,C107680,VA-EB-PL1,2025-03-07,Amazon,1,2499,PL1-2501-2
VR895031,C105153,VA-SW-NX2,2025-03-07,vireo.in,1,5524,NX2-2412-2
VR897928,C103326,VA-EB-PL1,2025-03-07,vireo.in,1,2499,PL1-2502-3
VR899913,C104060,VA-EB-AIR,2025-03-07,vireo.in,1,1619,AIR-2411-2
VR901271,C100796,VA-SW-NX2,2025-03-07,Amazon,1,6499,NX2-2501-2
VR902644,C102078,VA-SP-MINI,2025-03-07,Flipkart,1,1999,MINI-2501-2
VR903944,C102880,VA-EB-PL1,2025-03-07,vireo.in,1,2249,PL1-2411-4
VR904223,C104785,VA-SW-NX2,2025-03-07,vireo.in,1,6174,NX2-2412-3
VR904287,C104008,VA-EB-PL1,2025-03-07,vireo.in,1,2499,PL1-2411-1
VR904501,C102924,VA-HP-ST2,2025-03-07,Flipkart,1,4499,ST2-2501-1
VR906386,C107136,VA-SW-NX2,2025-03-07,Flipkart,1,6499,NX2-2501-2
VR906797,C100061,VA-HP-ST3,2025-03-07,vireo.in,1,5599,ST3-2412-3
VR907546,C101022,VA-HP-ST2,2025-03-07,vireo.in,1,4999,ST2-2412-2
VR908398,C103933,VA-EB-PL1,2025-03-07,Amazon,1,1999,PL1-2412-2
VR908822,C107895,VA-SW-NX2,2025-03-07,Amazon,1,5849,NX2-2502-3
VR880933,C100335,VA-SW-NX2,2025-03-08,vireo.in,1,6499,NX2-2501-2
VR885109,C103632,VA-EB-PL1,2025-03-08,vireo.in,1,2499,PL1-2412-2
VR886287,C104091,VA-SW-NX2,2025-03-08,vireo.in,2,11048,NX2-2412-4
VR889336,C106681,VA-SP-MINI,2025-03-08,vireo.in,1,2499,MINI-2411-4
VR896392,C106506,VA-SW-NX1,2025-03-08,Amazon,1,3999,NX1-2502-4
VR897536,C104739,VA-SP-MINI,2025-03-08,Amazon,1,2374,MINI-2412-3
VR902207,C107028,VA-HP-ST3,2025-03-08,vireo.in,1,6649,ST3-2501-4
VR902320,C108433,VA-HP-ST3,2025-03-08,vireo.in,1,5949,ST3-2501-2
VR903597,C105059,VA-EB-PL1,2025-03-08,vireo.in,1,2374,PL1-2501-1
VR907609,C102137,VA-SW-NX2,2025-03-08,Amazon,1,6499,NX2-2411-3
VR909471,C107654,VA-EB-AIR,2025-03-08,Amazon,1,1439,AIR-2411-3
VR909554,C100306,VA-HP-ST2,2025-03-08,vireo.in,1,4749,ST2-2412-2
VR881508,C107057,VA-HP-ST3,2025-03-09,Amazon,1,6299,ST3-2501-3
VR883020,C103149,VA-EB-PL1,2025-03-09,vireo.in,1,1999,PL1-2502-1
VR883198,C104949,VA-SP-MINI,2025-03-09,vireo.in,1,2374,MINI-2501-4
VR883732,C104958,VA-SW-FIT,2025-03-09,vireo.in,1,1999,FIT-2411-3
VR888045,C105942,VA-SW-FIT,2025-03-09,vireo.in,1,1999,FIT-2502-3
VR888395,C103186,VA-SW-FIT,2025-03-09,Amazon,1,1799,FIT-2411-4
VR890470,C101042,VA-HP-ST2,2025-03-09,Amazon,1,4499,ST2-2411-4
VR890639,C108635,VA-SW-NX2,2025-03-09,Flipkart,1,5199,NX2-2502-3
VR891496,C108319,VA-HP-ST3,2025-03-09,vireo.in,1,6999,ST3-2501-1
VR893097,C103283,VA-EB-PL1,2025-03-09,vireo.in,1,1999,PL1-2501-3
VR895750,C106919,VA-SW-NX1,2025-03-09,Flipkart,1,4749,NX1-2412-4
VR897191,C101857,VA-EB-PL1,2025-03-09,Amazon,1,1999,PL1-2501-3
VR898256,C101054,VA-SW-NX2,2025-03-09,Flipkart,1,5524,NX2-2501-2
VR899706,C101253,VA-SW-NX2,2025-03-09,vireo.in,1,6499,NX2-2411-1
VR901451,C108087,VA-EB-PL1,2025-03-09,vireo.in,1,2499,PL1-2411-4
VR904825,C102281,VA-SW-FIT,2025-03-09,vireo.in,1,1599,FIT-2501-4
VR905506,C107091,VA-HP-ST3,2025-03-09,vireo.in,2,11198,ST3-2412-1
VR907602,C105502,VA-SW-NX1,2025-03-09,vireo.in,1,4249,NX1-2412-4
VR882216,C108778,VA-SW-FIT,2025-03-10,vireo.in,1,1999,FIT-2411-3
VR883394,C103304,VA-NB-ARC,2025-03-10,Flipkart,1,1039,ARC-2502-1
VR886490,C107728,VA-EB-PL1,2025-03-10,vireo.in,1,2124,PL1-2412-4
VR889531,C106881,VA-SW-NX2,2025-03-10,vireo.in,1,6499,NX2-2502-2
VR890094,C100996,VA-SW-NX2,2025-03-10,Amazon,1,5849,NX2-2412-3
VR891509,C107622,VA-SW-NX1,2025-03-10,Amazon,1,4999,NX1-2501-1
VR894329,C106524,VA-SP-ORB,2025-03-10,vireo.in,1,5999,ORB-2412-1
VR895365,C108165,VA-EB-PL1,2025-03-10,vireo.in,1,2499,PL1-2502-3
VR896187,C104910,VA-SW-FIT,2025-03-10,Amazon,1,1799,FIT-2412-4
VR902247,C108320,VA-SP-ORB,2025-03-10,vireo.in,1,5999,ORB-2501-4
VR902466,C107432,VA-SP-ORB,2025-03-10,vireo.in,1,5999,ORB-2412-2
VR904793,C100057,VA-HP-ST3,2025-03-10,vireo.in,1,6299,ST3-2501-3
VR904954,C108620,VA-SP-MINI,2025-03-10,vireo.in,1,1999,MINI-2501-4
VR909592,C106090,VA-SW-NX2,2025-03-10,vireo.in,1,5849,NX2-2412-2
VR881743,C103340,VA-HP-ST3,2025-03-11,Amazon,2,13998,ST3-2501-4
VR881778,C106221,VA-SW-FIT,2025-03-11,vireo.in,2,3598,FIT-2412-1
VR883685,C108680,VA-EB-AIR,2025-03-11,Flipkart,1,1709,AIR-2501-4
VR888167,C108400,VA-SP-ORB,2025-03-11,vireo.in,1,5999,ORB-2502-2
VR889391,C108215,VA-SP-ORB,2025-03-11,vireo.in,1,5999,ORB-2502-4
VR890195,C100862,VA-SW-FIT,2025-03-11,Amazon,1,1999,FIT-2412-1
VR893464,C107104,VA-EB-AIR,2025-03-11,Flipkart,1,1619,AIR-2502-1
VR894939,C107091,VA-HP-ST2,2025-03-11,vireo.in,1,3999,ST2-2502-4
VR895646,C100391,VA-SP-MINI,2025-03-11,vireo.in,1,2374,MINI-2412-4
VR896354,C107367,VA-SW-NX2,2025-03-11,vireo.in,1,5199,NX2-2412-2
VR897284,C101697,VA-AC-CBL,2025-03-11,vireo.in,1,379,CBL-2502-3
VR899816,C107414,VA-SW-FIT,2025-03-11,Amazon,1,1799,FIT-2412-4
VR900116,C101488,VA-SP-MINI,2025-03-11,vireo.in,1,2374,MINI-2412-1
VR901389,C107838,VA-SW-NX2,2025-03-11,Amazon,1,5849,NX2-2411-4
VR903381,C106806,VA-HP-ST2,2025-03-11,vireo.in,1,4999,ST2-2501-3
VR906298,C105236,VA-EB-PL1,2025-03-11,Amazon,1,2499,PL1-2501-2
VR881138,C101778,VA-SW-NX1,2025-03-12,Amazon,1,4499,NX1-2411-2
VR881387,C103143,VA-SW-FIT,2025-03-12,vireo.in,1,1999,FIT-2501-1
VR888717,C102403,VA-HP-ST3,2025-03-12,vireo.in,1,6999,ST3-2412-3
VR890856,C100103,VA-EB-PL1,2025-03-12,Amazon,1,1999,PL1-2412-4
VR891623,C102221,VA-SP-ORB,2025-03-12,vireo.in,1,5999,ORB-2502-1
VR895559,C108384,VA-HP-ST3,2025-03-12,Amazon,2,13298,ST3-2502-1
VR895744,C104873,VA-SP-MINI,2025-03-12,Flipkart,1,1999,MINI-2501-1
VR900075,C103140,VA-EB-PL1,2025-03-12,Amazon,1,2249,PL1-2412-4
VR900768,C104218,VA-NB-ARC,2025-03-12,Amazon,1,1234,ARC-2412-2
VR900928,C105454,VA-EB-PL1,2025-03-12,Amazon,1,2249,PL1-2412-3
VR901760,C105163,VA-SW-NX2,2025-03-12,Amazon,1,6174,NX2-2501-4
VR902516,C100440,VA-EB-PL1,2025-03-12,Flipkart,2,3998,PL1-2502-1
VR904649,C107449,VA-SP-MINI,2025-03-12,vireo.in,1,2499,MINI-2502-3
VR908447,C102949,VA-EB-PL1,2025-03-12,vireo.in,1,2499,PL1-2501-4
VR881157,C100991,VA-SW-NX2,2025-03-13,vireo.in,1,5849,NX2-2502-1
VR882799,C104427,VA-SP-MINI,2025-03-13,Amazon,1,2499,MINI-2501-2
VR883785,C105535,VA-EB-AIR,2025-03-13,vireo.in,1,1529,AIR-2501-4
VR885067,C107293,VA-HP-ST3,2025-03-13,Amazon,1,6649,ST3-2412-4
VR886108,C107456,VA-EB-AIR,2025-03-13,vireo.in,2,3598,AIR-2501-2
VR892758,C106211,VA-SW-NX2,2025-03-13,vireo.in,2,12998,NX2-2501-4
VR894651,C106312,VA-SW-NX2,2025-03-13,Flipkart,1,5199,NX2-2501-2
VR894679,C100974,VA-EB-PL1,2025-03-13,vireo.in,1,2499,PL1-2412-2
VR896784,C105380,VA-NB-ARC,2025-03-13,vireo.in,1,1039,ARC-2501-1
VR898742,C102063,VA-EB-PL1,2025-03-13,vireo.in,1,2249,PL1-2502-4
VR903150,C107231,VA-HP-ST3,2025-03-13,vireo.in,1,6649,ST3-2412-3
VR903604,C109240,VA-SW-FIT,2025-03-13,Flipkart,1,1799,FIT-2412-1
VR904579,C102733,VA-EB-PL1,2025-03-13,vireo.in,1,2499,PL1-2411-4
VR905388,C105797,VA-HP-ST2,2025-03-13,Amazon,1,4999,ST2-2412-3
VR907449,C106747,VA-SP-ORB,2025-03-13,Amazon,1,5999,ORB-2412-3
VR908917,C108630,VA-SW-NX2,2025-03-13,vireo.in,1,5849,NX2-2412-2
VR909459,C108004,VA-HP-ST2,2025-03-13,Amazon,1,4749,ST2-2502-4
VR880218,C108790,VA-SW-NX2,2025-03-14,Amazon,1,5199,NX2-2412-3
VR882085,C101484,VA-HP-ST3,2025-03-14,vireo.in,1,6649,ST3-2411-4
VR888306,C103511,VA-HP-ST3,2025-03-14,vireo.in,1,5599,ST3-2411-1
VR890627,C107159,VA-SW-NX2,2025-03-14,Amazon,1,6174,NX2-2501-3
VR891188,C102969,VA-AC-CH65,2025-03-14,Amazon,1,1274,CH65-2501-1
VR894919,C100981,VA-EB-AIR,2025-03-14,Amazon,1,1799,AIR-2502-4
VR896233,C106607,VA-EB-AIR,2025-03-14,Amazon,1,1799,AIR-2411-1
VR897441,C106315,VA-SP-MINI,2025-03-14,Amazon,1,2499,MINI-2412-4
VR898564,C107241,VA-NB-ARC,2025-03-14,vireo.in,1,1039,ARC-2502-1
VR898990,C103986,VA-SW-FIT,2025-03-14,vireo.in,1,1599,FIT-2501-3
VR899069,C100301,VA-SW-NX2,2025-03-14,Amazon,1,6499,NX2-2412-2
VR899880,C107179,VA-SW-NX1,2025-03-14,Amazon,1,4999,NX1-2501-3
VR900853,C107227,VA-SW-FIT,2025-03-14,Flipkart,1,1999,FIT-2502-1
VR907079,C102082,VA-SP-MINI,2025-03-14,Flipkart,1,2499,MINI-2502-1
VR908648,C106876,VA-HP-ST3,2025-03-14,Amazon,2,13298,ST3-2502-2
VR908714,C107932,VA-EB-PL1,2025-03-14,vireo.in,1,2499,PL1-2412-1
VR908854,C109123,VA-HP-ST2,2025-03-14,Amazon,1,4749,ST2-2411-4
VR881666,C108239,VA-SP-ORB,2025-03-15,vireo.in,1,5999,ORB-2412-4
VR882224,C103170,VA-EB-PL1,2025-03-15,vireo.in,1,2499,PL1-2412-2
VR883109,C109016,VA-EB-PL1,2025-03-15,Flipkart,2,4248,PL1-2411-4
VR886541,C103779,VA-SW-NX1,2025-03-15,Amazon,1,4499,NX1-2412-4
VR887183,C102670,VA-HP-ST3,2025-03-15,Amazon,1,6299,ST3-2501-4
VR887655,C100458,VA-SW-NX2,2025-03-15,vireo.in,2,12998,NX2-2412-3
VR888110,C100155,VA-NB-ARC,2025-03-15,vireo.in,1,1299,ARC-2502-1
VR893255,C104558,VA-HP-ST3,2025-03-15,Amazon,1,5599,ST3-2502-4
VR894250,C100346,VA-SP-ORB,2025-03-15,vireo.in,1,5999,ORB-2411-2
VR898728,C106193,VA-EB-PL1,2025-03-15,Flipkart,1,2499,PL1-2501-3
VR898874,C104219,VA-HP-ST3,2025-03-15,vireo.in,1,6299,ST3-2501-1
VR901059,C102491,VA-EB-AIR,2025-03-15,vireo.in,1,1799,AIR-2412-2
VR901369,C108143,VA-EB-AIR,2025-03-15,vireo.in,1,1619,AIR-2502-2
VR904736,C101020,VA-SW-FIT,2025-03-15,vireo.in,1,1999,FIT-2502-3
VR905165,C106330,VA-AC-CH65,2025-03-15,vireo.in,1,1199,CH65-2501-1
VR905557,C101827,VA-SP-MINI,2025-03-15,vireo.in,2,4998,MINI-2502-3
VR906367,C107200,VA-SP-MINI,2025-03-15,vireo.in,1,2499,MINI-2502-3
VR907304,C105197,VA-EB-PL1,2025-03-15,Flipkart,1,2374,PL1-2412-1
VR907836,C106261,VA-HP-ST3,2025-03-15,Flipkart,1,5949,ST3-2501-4
VR907995,C106198,VA-EB-PL1,2025-03-15,Amazon,1,2499,PL1-2501-3
VR909006,C102749,VA-SW-NX2,2025-03-15,vireo.in,1,6499,NX2-2412-3
VR882774,C100198,VA-HP-ST3,2025-03-16,Amazon,1,6649,ST3-2501-1
VR882974,C100892,VA-AC-CH65,2025-03-16,Amazon,1,1499,CH65-2501-2
VR888558,C106624,VA-SW-NX2,2025-03-16,vireo.in,1,5524,NX2-2501-3
VR891514,C102735,VA-SW-NX2,2025-03-16,Amazon,1,5524,NX2-2501-1
VR896414,C101271,VA-EB-AIR,2025-03-16,vireo.in,2,3418,AIR-2501-2
VR896530,C109424,VA-SP-MINI,2025-03-16,Amazon,1,2374,MINI-2412-3
VR897601,C107908,VA-HP-ST3,2025-03-16,vireo.in,2,13998,ST3-2501-1
VR899390,C109020,VA-SP-MINI,2025-03-16,vireo.in,2,4248,MINI-2502-3
VR901427,C106524,VA-EB-AIR,2025-03-16,Amazon,1,1619,AIR-2502-2
VR901980,C100425,VA-SW-NX1,2025-03-16,Amazon,1,4999,NX1-2412-3
VR904035,C106372,VA-SP-MINI,2025-03-16,vireo.in,1,2499,MINI-2501-2
VR904961,C108848,VA-HP-ST3,2025-03-16,vireo.in,1,6999,ST3-2412-3
VR905446,C101269,VA-EB-PL1,2025-03-16,vireo.in,1,1999,PL1-2411-1
VR906338,C105798,VA-HP-ST2,2025-03-16,vireo.in,1,4999,ST2-2501-1
VR908159,C103495,VA-SW-NX2,2025-03-16,vireo.in,1,6499,NX2-2412-2
VR908919,C100783,VA-NB-ARC,2025-03-16,vireo.in,1,1234,ARC-2502-2
VR909197,C107374,VA-EB-PL1,2025-03-16,Flipkart,1,2249,PL1-2501-3
VR881948,C103889,VA-SW-NX1,2025-03-17,Flipkart,1,4999,NX1-2502-1
VR882251,C107862,VA-HP-ST3,2025-03-17,Amazon,2,13998,ST3-2412-4
VR883383,C100859,VA-EB-AIR,2025-03-17,vireo.in,1,1529,AIR-2502-1
VR884814,C107439,VA-SP-ORB,2025-03-17,vireo.in,2,11998,ORB-2412-2
VR884971,C108223,VA-EB-PL1,2025-03-17,vireo.in,1,2499,PL1-2501-1
VR887955,C102476,VA-SW-NX2,2025-03-17,vireo.in,1,6174,NX2-2502-3
VR898328,C100598,VA-EB-PL1,2025-03-17,vireo.in,1,2249,PL1-2501-3
VR900691,C107303,VA-SP-MINI,2025-03-17,Amazon,1,1999,MINI-2502-1
VR903874,C107209,VA-HP-ST3,2025-03-17,vireo.in,1,6299,ST3-2412-1
VR909177,C109052,VA-HP-ST3,2025-03-17,vireo.in,1,6999,ST3-2502-2
VR880817,C104407,VA-HP-ST3,2025-03-18,Amazon,1,5599,ST3-2412-3
VR884953,C100766,VA-SP-MINI,2025-03-18,Amazon,2,4998,MINI-2501-3
VR886672,C103652,VA-SW-NX2,2025-03-18,Amazon,1,6499,NX2-2501-3
VR887086,C107406,VA-EB-AIR,2025-03-18,Flipkart,1,1439,AIR-2502-4
VR887219,C107775,VA-EB-AIR,2025-03-18,Amazon,1,1709,AIR-2502-1
VR887375,C101584,VA-SP-ORB,2025-03-18,Flipkart,1,4799,ORB-2412-1
VR887718,C101137,VA-SP-ORB,2025-03-18,vireo.in,2,11398,ORB-2412-3
VR888996,C106190,VA-HP-ST3,2025-03-18,Amazon,1,6649,ST3-2502-4
VR889143,C104118,VA-EB-PL1,2025-03-18,Amazon,1,2499,PL1-2501-4
VR889881,C108857,VA-EB-PL1,2025-03-18,vireo.in,1,2249,PL1-2412-3
VR891876,C106729,VA-NB-ARC,2025-03-18,Amazon,1,1169,ARC-2502-3
VR891901,C107869,VA-EB-PL1,2025-03-18,Flipkart,1,2499,PL1-2501-4
VR892479,C106289,VA-EB-AIR,2025-03-18,Amazon,1,1709,AIR-2501-2
VR894753,C104337,VA-NB-ARC,2025-03-18,vireo.in,1,1104,ARC-2412-1
VR897462,C102806,VA-SP-ORB,2025-03-18,vireo.in,2,11998,ORB-2502-2
VR901622,C100496,VA-SP-ORB,2025-03-18,vireo.in,1,5999,ORB-2412-1
VR902704,C107357,VA-EB-PL1,2025-03-18,vireo.in,1,2124,PL1-2502-2
VR905486,C101457,VA-EB-AIR,2025-03-18,vireo.in,1,1799,AIR-2412-3
VR906070,C104991,VA-SP-MINI,2025-03-18,vireo.in,1,2124,MINI-2412-1
VR881954,C102340,VA-SP-ORB,2025-03-19,vireo.in,1,5999,ORB-2412-1
VR882060,C106092,VA-EB-PL1,2025-03-19,vireo.in,1,2499,PL1-2412-1
VR884772,C106324,VA-HP-ST3,2025-03-19,vireo.in,1,6999,ST3-2502-2
VR885557,C106529,VA-SP-MINI,2025-03-19,vireo.in,1,1999,MINI-2501-2
VR886408,C107337,VA-EB-PL1,2025-03-19,Amazon,1,2499,PL1-2502-1
VR888421,C106501,VA-AC-CH65,2025-03-19,vireo.in,1,1499,CH65-2501-3
VR893263,C101203,VA-SP-ORB,2025-03-19,vireo.in,1,5999,ORB-2501-4
VR893534,C101562,VA-SW-NX2,2025-03-19,vireo.in,1,6174,NX2-2412-3
VR895237,C107462,VA-SP-MINI,2025-03-19,Amazon,1,1999,MINI-2501-2
VR897330,C101166,VA-EB-PL1,2025-03-19,vireo.in,1,1999,PL1-2412-2
VR900900,C103418,VA-SW-NX2,2025-03-19,vireo.in,1,6499,NX2-2501-4
VR901366,C102365,VA-EB-AIR,2025-03-19,Amazon,1,1619,AIR-2501-2
VR902419,C108768,VA-EB-PL1,2025-03-19,Amazon,1,2499,PL1-2502-3
VR903897,C106991,VA-SP-MINI,2025-03-19,Amazon,1,2374,MINI-2412-1
VR904602,C100108,VA-HP-ST3,2025-03-19,vireo.in,1,6299,ST3-2412-2
VR905873,C103658,VA-SP-MINI,2025-03-19,vireo.in,1,2249,MINI-2502-4
VR906577,C105282,VA-HP-ST3,2025-03-19,Amazon,1,6999,ST3-2412-1
VR907009,C100058,VA-HP-ST2,2025-03-19,Flipkart,1,3999,ST2-2501-2
VR909282,C109114,VA-HP-ST3,2025-03-19,Amazon,1,6999,ST3-2502-1
VR881770,C105987,VA-EB-PL1,2025-03-20,vireo.in,2,4248,PL1-2501-3
VR883740,C108424,VA-EB-AIR,2025-03-20,vireo.in,1,1619,AIR-2502-4
VR885351,C101100,VA-HP-ST3,2025-03-20,vireo.in,1,6299,ST3-2501-4
VR885591,C102993,VA-SW-FIT,2025-03-20,vireo.in,1,1899,FIT-2412-2
VR890309,C103708,VA-EB-AIR,2025-03-20,Amazon,1,1439,AIR-2412-3
VR895416,C100195,VA-EB-PL1,2025-03-20,vireo.in,1,1999,PL1-2412-2
VR899105,C108033,VA-SP-MINI,2025-03-20,vireo.in,1,2124,MINI-2502-4
VR899357,C106672,VA-HP-ST3,2025-03-20,Amazon,1,6649,ST3-2501-1
VR899720,C105347,VA-HP-ST3,2025-03-20,Flipkart,1,6299,ST3-2502-4
VR899890,C105958,VA-SW-NX1,2025-03-20,vireo.in,1,4999,NX1-2501-1
VR900145,C100704,VA-SW-NX2,2025-03-20,Amazon,1,6174,NX2-2502-1
VR900227,C106541,VA-SW-NX1,2025-03-20,Amazon,1,4749,NX1-2502-3
VR900584,C108751,VA-EB-AIR,2025-03-20,vireo.in,1,1799,AIR-2501-3
VR901659,C105260,VA-SW-NX2,2025-03-20,Amazon,1,5849,NX2-2412-2
VR903963,C101718,VA-EB-PL1,2025-03-20,vireo.in,1,2499,PL1-2502-4
VR904155,C103427,VA-EB-PL1,2025-03-20,vireo.in,1,2499,PL1-2501-4
VR907887,C103532,VA-EB-AIR,2025-03-20,vireo.in,1,1709,AIR-2501-4
VR909527,C103326,VA-SW-NX2,2025-03-20,vireo.in,1,6499,NX2-2501-3
VR881932,C102503,VA-EB-AIR,2025-03-21,vireo.in,1,1799,AIR-2412-2
VR882194,C107285,VA-EB-AIR,2025-03-21,vireo.in,1,1619,AIR-2412-4
VR882540,C104960,VA-SW-FIT,2025-03-21,Flipkart,1,1999,FIT-2501-3
VR883827,C102372,VA-SW-NX1,2025-03-21,vireo.in,1,4749,NX1-2502-2
VR885804,C102966,VA-EB-PL1,2025-03-21,Flipkart,1,2374,PL1-2412-3
VR897854,C108274,VA-NB-ARC,2025-03-21,Flipkart,1,1169,ARC-2502-1
VR902106,C103719,VA-HP-ST3,2025-03-21,vireo.in,1,5599,ST3-2502-2
VR902241,C105673,VA-SW-NX2,2025-03-21,vireo.in,1,6499,NX2-2412-1
VR903699,C103182,VA-EB-PL1,2025-03-21,Amazon,1,2374,PL1-2501-3
VR904545,C104925,VA-SP-MINI,2025-03-21,vireo.in,1,2374,MINI-2501-1
VR905448,C107533,VA-SW-NX1,2025-03-21,Amazon,1,4749,NX1-2502-2
VR906411,C106898,VA-EB-AIR,2025-03-21,Amazon,1,1619,AIR-2412-3
VR907789,C101017,VA-EB-PL1,2025-03-21,vireo.in,1,2499,PL1-2501-1
VR880191,C106035,VA-SW-FIT,2025-03-22,vireo.in,1,1999,FIT-2502-4
VR881660,C109318,VA-EB-AIR,2025-03-22,Amazon,1,1799,AIR-2502-1
VR882315,C108523,VA-EB-PL1,2025-03-22,Flipkart,1,2124,PL1-2412-4
VR883638,C105624,VA-EB-AIR,2025-03-22,vireo.in,1,1529,AIR-2412-2
VR886537,C106138,VA-HP-ST3,2025-03-22,vireo.in,1,5599,ST3-2412-2
VR886551,C104677,VA-SP-MINI,2025-03-22,Amazon,1,2499,MINI-2502-2
VR887008,C108029,VA-SW-NX1,2025-03-22,Amazon,1,4999,NX1-2501-4
VR888407,C104430,VA-NB-ARC,2025-03-22,vireo.in,1,1299,ARC-2501-4
VR892011,C107841,VA-SW-NX2,2025-03-22,vireo.in,1,6499,NX2-2501-2
VR892182,C101755,VA-SP-MINI,2025-03-22,vireo.in,1,2499,MINI-2502-2
VR892799,C107016,VA-SW-NX1,2025-03-22,Amazon,1,4999,NX1-2412-2
VR893286,C106223,VA-SP-MINI,2025-03-22,vireo.in,1,2499,MINI-2501-2
VR894913,C107024,VA-HP-ST2,2025-03-22,Amazon,1,4999,ST2-2501-3
VR894928,C100559,VA-NB-ARC,2025-03-22,Flipkart,1,1234,ARC-2412-3
VR898752,C105782,VA-HP-ST3,2025-03-22,vireo.in,1,6299,ST3-2501-4
VR898864,C105091,VA-SP-MINI,2025-03-22,Amazon,1,1999,MINI-2502-1
VR903659,C108754,VA-SP-MINI,2025-03-22,vireo.in,1,2499,MINI-2412-2
VR903937,C104205,VA-HP-ST3,2025-03-22,vireo.in,1,6999,ST3-2501-3
VR906594,C106598,VA-HP-ST3,2025-03-22,vireo.in,1,5949,ST3-2502-1
VR909134,C106029,VA-HP-ST2,2025-03-22,Amazon,1,4749,ST2-2502-4
VR909329,C103052,VA-SP-MINI,2025-03-22,vireo.in,1,1999,MINI-2502-4
VR880132,C107645,VA-HP-ST2,2025-03-23,vireo.in,1,4999,ST2-2412-1
VR882811,C107948,VA-NB-ARC,2025-03-23,Amazon,1,1169,ARC-2501-1
VR884924,C107294,VA-EB-PL1,2025-03-23,vireo.in,1,2124,PL1-2501-1
VR888393,C103011,VA-HP-ST3,2025-03-23,vireo.in,1,6999,ST3-2412-2
VR892577,C108981,VA-SW-NX2,2025-03-23,Amazon,1,5849,NX2-2412-3
VR892802,C108687,VA-EB-PL1,2025-03-23,Amazon,1,2249,PL1-2412-1
VR895634,C103310,VA-EB-PL1,2025-03-23,vireo.in,1,2374,PL1-2502-4
VR901913,C100405,VA-SP-MINI,2025-03-23,Flipkart,2,4748,MINI-2502-1
VR903278,C108723,VA-SW-NX1,2025-03-23,vireo.in,1,4999,NX1-2502-1
VR903907,C104062,VA-SP-MINI,2025-03-23,vireo.in,1,2499,MINI-2412-2
VR905257,C104589,VA-SW-NX2,2025-03-23,vireo.in,2,11698,NX2-2412-3
VR905479,C106706,VA-HP-ST3,2025-03-23,vireo.in,2,13998,ST3-2501-3
VR909988,C100101,VA-EB-AIR,2025-03-23,vireo.in,1,1799,AIR-2412-1
VR880018,C102489,VA-SW-FIT,2025-03-24,vireo.in,1,1999,FIT-2502-2
VR883385,C106412,VA-SW-NX2,2025-03-24,vireo.in,1,6174,NX2-2501-2
VR883706,C104614,VA-HP-ST2,2025-03-24,vireo.in,1,4249,ST2-2502-1
VR886356,C101247,VA-EB-AIR,2025-03-24,vireo.in,1,1799,AIR-2502-3
VR887686,C109260,VA-EB-AIR,2025-03-24,vireo.in,1,1619,AIR-2412-2
VR889729,C105049,VA-EB-AIR,2025-03-24,Amazon,2,3418,AIR-2412-2
VR891259,C101399,VA-HP-ST3,2025-03-24,vireo.in,1,6649,ST3-2502-3
VR894091,C108259,VA-EB-AIR,2025-03-24,vireo.in,1,1709,AIR-2412-2
VR896013,C106918,VA-SW-NX2,2025-03-24,Flipkart,1,5524,NX2-2502-3
VR896634,C104609,VA-SP-MINI,2025-03-24,vireo.in,1,2249,MINI-2502-1
VR902405,C102115,VA-HP-ST2,2025-03-24,vireo.in,1,4999,ST2-2412-3
VR903088,C100764,VA-EB-AIR,2025-03-24,vireo.in,1,1439,AIR-2412-2
VR906905,C102489,VA-EB-PL1,2025-03-24,vireo.in,1,1999,PL1-2502-3
VR909424,C108531,VA-SW-FIT,2025-03-24,Flipkart,1,1599,FIT-2502-1
VR881805,C100247,VA-SP-ORB,2025-03-25,vireo.in,1,5699,ORB-2501-2
VR882007,C107555,VA-EB-PL1,2025-03-25,vireo.in,1,2499,PL1-2412-2
VR882872,C102302,VA-SP-ORB,2025-03-25,vireo.in,1,5099,ORB-2412-1
VR882877,C103205,VA-SW-NX1,2025-03-25,vireo.in,1,4999,NX1-2501-1
VR883178,C106608,VA-AC-CH65,2025-03-25,Amazon,1,1274,CH65-2502-1
VR886909,C109399,VA-HP-ST2,2025-03-25,vireo.in,1,4999,ST2-2501-1
VR887559,C106408,VA-HP-ST2,2025-03-25,vireo.in,1,3999,ST2-2501-1
VR889805,C106043,VA-EB-PL1,2025-03-25,vireo.in,1,1999,PL1-2503-4
VR892145,C106640,VA-SW-NX2,2025-03-25,vireo.in,1,6499,NX2-2412-1
VR894876,C102354,VA-HP-ST3,2025-03-25,vireo.in,2,13998,ST3-2502-1
VR898544,C104071,VA-SP-MINI,2025-03-25,vireo.in,1,2499,MINI-2501-4
VR901413,C108297,VA-SP-MINI,2025-03-25,Amazon,1,2249,MINI-2501-3
VR882072,C108844,VA-EB-PL1,2025-03-26,vireo.in,1,2124,PL1-2501-1
VR886543,C102434,VA-EB-AIR,2025-03-26,vireo.in,1,1799,AIR-2502-3
VR886745,C100321,VA-EB-PL1,2025-03-26,Flipkart,2,4498,PL1-2502-1
VR887965,C101255,VA-EB-PL1,2025-03-26,vireo.in,1,2499,PL1-2503-2
VR890087,C103179,VA-HP-ST2,2025-03-26,Flipkart,1,4999,ST2-2502-3
VR890108,C107462,VA-EB-AIR,2025-03-26,Amazon,1,1619,AIR-2502-4
VR893472,C100713,VA-SP-MINI,2025-03-26,vireo.in,1,2499,MINI-2412-4
VR895428,C104555,VA-HP-ST2,2025-03-26,Amazon,1,4499,ST2-2502-4
VR901405,C108662,VA-EB-PL1,2025-03-26,Flipkart,1,2374,PL1-2501-4
VR901814,C106505,VA-HP-ST3,2025-03-26,vireo.in,1,5599,ST3-2501-2
VR902446,C101423,VA-EB-PL1,2025-03-26,Flipkart,1,2249,PL1-2412-4
VR907465,C101765,VA-HP-ST3,2025-03-26,vireo.in,1,5949,ST3-2503-4
VR909254,C101771,VA-SW-NX1,2025-03-26,Amazon,1,3999,NX1-2412-4
VR880261,C104258,VA-EB-PL1,2025-03-27,Amazon,1,2499,PL1-2501-2
VR880985,C103806,VA-SW-NX2,2025-03-27,Flipkart,1,6174,NX2-2502-1
VR881814,C105316,VA-EB-AIR,2025-03-27,vireo.in,1,1799,AIR-2502-4
VR881828,C104012,VA-SW-NX2,2025-03-27,vireo.in,1,5849,NX2-2412-2
VR882785,C107665,VA-NB-ARC,2025-03-27,vireo.in,1,1104,ARC-2412-3
VR884694,C105830,VA-HP-ST2,2025-03-27,vireo.in,1,4999,ST2-2412-1
VR885101,C105687,VA-SW-NX1,2025-03-27,vireo.in,1,4999,NX1-2412-2
VR888627,C106908,VA-SP-MINI,2025-03-27,Flipkart,1,2374,MINI-2501-3
VR889352,C102423,VA-SP-MINI,2025-03-27,Amazon,1,1999,MINI-2501-1
VR893124,C100402,VA-EB-PL1,2025-03-27,vireo.in,1,2499,PL1-2503-1
VR893379,C104111,VA-SW-FIT,2025-03-27,Amazon,1,1999,FIT-2412-1
VR894532,C106177,VA-NB-ARC,2025-03-27,Amazon,2,2208,ARC-2501-4
VR894535,C106409,VA-EB-PL1,2025-03-27,vireo.in,1,2499,PL1-2412-4
VR899455,C101648,VA-EB-AIR,2025-03-27,vireo.in,1,1799,AIR-2412-4
VR900945,C108336,VA-SW-NX2,2025-03-27,Amazon,1,5199,NX2-2502-4
VR901689,C102245,VA-SW-NX2,2025-03-27,Flipkart,1,5849,NX2-2412-2
VR901935,C102093,VA-EB-AIR,2025-03-27,Flipkart,1,1619,AIR-2502-1
VR902992,C102700,VA-SW-NX1,2025-03-27,vireo.in,1,4999,NX1-2501-1
VR881255,C106831,VA-HP-ST3,2025-03-28,Flipkart,1,5949,ST3-2502-4
VR881841,C100696,VA-HP-ST2,2025-03-28,Amazon,1,4999,ST2-2412-3
VR881963,C100664,VA-HP-ST2,2025-03-28,vireo.in,1,4999,ST2-2502-3
VR884544,C100723,VA-AC-CBL,2025-03-28,Amazon,2,758,CBL-2501-3
VR886231,C107778,VA-SW-NX2,2025-03-28,Flipkart,1,5199,NX2-2502-4
VR886398,C101304,VA-NB-ARC,2025-03-28,vireo.in,1,1299,ARC-2501-4
VR894159,C107127,VA-EB-AIR,2025-03-28,Amazon,1,1439,AIR-2412-2
VR896557,C102244,VA-SP-ORB,2025-03-28,vireo.in,1,5999,ORB-2501-3
VR896864,C106436,VA-HP-ST3,2025-03-28,Amazon,1,6999,ST3-2501-4
VR900431,C101190,VA-EB-AIR,2025-03-28,Amazon,1,1799,AIR-2502-2
VR900723,C109276,VA-SW-NX2,2025-03-28,vireo.in,1,6499,NX2-2503-3
VR901766,C108530,VA-SP-MINI,2025-03-28,Amazon,1,2249,MINI-2501-1
VR902523,C104483,VA-HP-ST3,2025-03-28,vireo.in,1,6999,ST3-2501-4
VR904740,C104629,VA-HP-ST2,2025-03-28,vireo.in,1,3999,ST2-2501-3
VR905436,C106710,VA-SW-NX2,2025-03-28,Flipkart,1,6499,NX2-2501-2
VR905839,C108489,VA-NB-ARC,2025-03-28,Amazon,1,1299,ARC-2412-4
VR907925,C105020,VA-EB-PL1,2025-03-28,vireo.in,2,4998,PL1-2502-1
VR880068,C103457,VA-SW-NX2,2025-03-29,vireo.in,1,5849,NX2-2501-4
VR882927,C106286,VA-SW-NX2,2025-03-29,vireo.in,1,6499,NX2-2412-1
VR883042,C104535,VA-SW-FIT,2025-03-29,Amazon,1,1999,FIT-2501-1
VR883576,C105288,VA-EB-PL1,2025-03-29,Amazon,1,2374,PL1-2503-3
VR884315,C106943,VA-SW-FIT,2025-03-29,vireo.in,1,1999,FIT-2412-1
VR890571,C105807,VA-SP-MINI,2025-03-29,Amazon,2,4998,MINI-2501-3
VR900735,C106852,VA-HP-ST3,2025-03-29,Flipkart,1,6999,ST3-2502-2
VR904879,C100696,VA-SW-NX2,2025-03-29,vireo.in,1,6499,NX2-2412-4
VR906374,C103330,VA-AC-CBL,2025-03-29,Amazon,1,399,CBL-2412-4
VR906784,C105990,VA-SW-NX2,2025-03-29,Flipkart,1,6174,NX2-2412-3
VR910029,C104863,VA-HP-ST2,2025-03-29,vireo.in,1,4499,ST2-2501-4
VR880127,C109125,VA-HP-ST3,2025-03-30,Amazon,1,5949,ST3-2502-4
VR880243,C101649,VA-HP-ST3,2025-03-30,Amazon,1,6999,ST3-2501-1
VR883461,C102557,VA-SW-NX1,2025-03-30,Amazon,1,4249,NX1-2503-1
VR884531,C101177,VA-HP-ST3,2025-03-30,vireo.in,1,6299,ST3-2501-2
VR884648,C103473,VA-EB-AIR,2025-03-30,vireo.in,1,1799,AIR-2502-4
VR884692,C108042,VA-EB-PL1,2025-03-30,vireo.in,1,1999,PL1-2412-3
VR885215,C100197,VA-SW-NX2,2025-03-30,Amazon,1,5199,NX2-2501-4
VR886758,C101829,VA-HP-ST2,2025-03-30,Amazon,1,4999,ST2-2412-4
VR886982,C106153,VA-HP-ST3,2025-03-30,Amazon,1,6299,ST3-2501-1
VR887730,C109228,VA-SW-NX2,2025-03-30,Amazon,2,11048,NX2-2502-1
VR890679,C104109,VA-EB-PL1,2025-03-30,vireo.in,1,1999,PL1-2412-3
VR890880,C106364,VA-EB-PL1,2025-03-30,vireo.in,1,1999,PL1-2503-4
VR893891,C101416,VA-EB-AIR,2025-03-30,vireo.in,1,1799,AIR-2412-1
VR894533,C105811,VA-EB-PL1,2025-03-30,Amazon,1,2499,PL1-2412-1
VR895909,C100649,VA-SP-MINI,2025-03-30,Amazon,1,1999,MINI-2412-1
VR900458,C104960,VA-SW-NX2,2025-03-30,vireo.in,1,5199,NX2-2502-1
VR902729,C108599,VA-SP-MINI,2025-03-30,Flipkart,2,4748,MINI-2501-4
VR881152,C106392,VA-SP-MINI,2025-03-31,vireo.in,1,2249,MINI-2501-1
VR883726,C101541,VA-EB-AIR,2025-03-31,vireo.in,1,1799,AIR-2412-3
VR883751,C107314,VA-SP-MINI,2025-03-31,Amazon,1,1999,MINI-2503-4
VR890049,C105824,VA-NB-ARC,2025-03-31,vireo.in,2,2078,ARC-2502-1
VR900612,C105408,VA-NB-ARC,2025-03-31,Amazon,1,1299,ARC-2412-4
VR901085,C109274,VA-HP-ST2,2025-03-31,Flipkart,1,4499,ST2-2501-4
VR904693,C103396,VA-EB-AIR,2025-03-31,vireo.in,1,1709,AIR-2501-4
VR906149,C107440,VA-EB-PL1,2025-03-31,Amazon,1,2374,PL1-2502-2
VR880793,C105943,VA-EB-PL1,2025-04-01,Amazon,2,4748,PL1-2501-1
VR881638,C101750,VA-EB-AIR,2025-04-01,vireo.in,1,1709,AIR-2503-1
VR881736,C104789,VA-EB-AIR,2025-04-01,Flipkart,1,1709,AIR-2412-3
VR891311,C108135,VA-HP-ST2,2025-04-01,vireo.in,1,4999,ST2-2501-3
VR895169,C105054,VA-SW-NX2,2025-04-01,vireo.in,1,5849,NX2-2501-4
VR899865,C101812,VA-SW-NX2,2025-04-01,Amazon,1,6174,NX2-2502-4
VR902261,C108492,VA-SP-MINI,2025-04-01,Amazon,1,2249,MINI-2502-4
VR902652,C100281,VA-EB-PL1,2025-04-01,vireo.in,1,2499,PL1-2501-4
VR902776,C106339,VA-SW-FIT,2025-04-01,vireo.in,1,1999,FIT-2501-2
VR905303,C103518,VA-HP-ST2,2025-04-01,vireo.in,1,4249,ST2-2501-1
VR905433,C103268,VA-AC-CBL,2025-04-01,vireo.in,1,359,CBL-2503-2
VR906543,C107424,VA-EB-PL1,2025-04-01,Amazon,1,2499,PL1-2501-4
VR882330,C107240,VA-EB-PL1,2025-04-02,vireo.in,1,2374,PL1-2502-3
VR885674,C108018,VA-EB-PL1,2025-04-02,vireo.in,1,1999,PL1-2501-1
VR885883,C100482,VA-EB-PL1,2025-04-02,vireo.in,1,2249,PL1-2502-1
VR887003,C104963,VA-EB-AIR,2025-04-02,vireo.in,1,1799,AIR-2501-2
VR887270,C102072,VA-HP-ST3,2025-04-02,Flipkart,1,6999,ST3-2501-1
VR889043,C109221,VA-SP-MINI,2025-04-02,Flipkart,2,3998,MINI-2501-1
VR895471,C105915,VA-EB-PL1,2025-04-02,Amazon,2,3998,PL1-2412-2
VR901425,C108133,VA-SW-NX1,2025-04-02,Amazon,1,4249,NX1-2501-3
VR902260,C107890,VA-AC-CH65,2025-04-02,vireo.in,1,1199,CH65-2501-2
VR906444,C106576,VA-SW-NX2,2025-04-02,vireo.in,1,5524,NX2-2412-1
VR907075,C101326,VA-EB-PL1,2025-04-02,Amazon,2,4998,PL1-2502-1
VR907662,C103295,VA-SW-NX1,2025-04-02,Flipkart,1,3999,NX1-2501-1
VR882256,C103828,VA-SP-MINI,2025-04-03,vireo.in,1,1999,MINI-2503-4
VR882372,C101114,VA-HP-ST2,2025-04-03,vireo.in,1,4249,ST2-2502-4
VR883329,C108110,VA-NB-ARC,2025-04-03,Flipkart,1,1039,ARC-2503-4
VR884134,C104546,VA-EB-PL1,2025-04-03,vireo.in,1,2499,PL1-2502-2
VR884738,C100116,VA-EB-PL1,2025-04-03,vireo.in,1,2124,PL1-2501-3
VR886204,C100274,VA-EB-AIR,2025-04-03,vireo.in,1,1799,AIR-2412-1
VR887882,C107229,VA-SW-NX2,2025-04-03,vireo.in,2,12998,NX2-2503-2
VR888744,C106722,VA-SP-MINI,2025-04-03,vireo.in,1,2499,MINI-2501-2
VR890291,C105818,VA-SW-NX2,2025-04-03,Flipkart,2,10398,NX2-2502-3
VR890301,C108947,VA-SW-NX2,2025-04-03,Amazon,1,6174,NX2-2501-3
VR890712,C108393,VA-EB-PL1,2025-04-03,vireo.in,1,2499,PL1-2502-4
VR897128,C107040,VA-SW-NX2,2025-04-03,vireo.in,1,6499,NX2-2412-2
VR897911,C108439,VA-SW-NX1,2025-04-03,vireo.in,1,3999,NX1-2412-4
VR901551,C105793,VA-EB-PL1,2025-04-03,vireo.in,1,2374,PL1-2501-4
VR906724,C105408,VA-EB-PL1,2025-04-03,Flipkart,1,2249,PL1-2501-4
VR906983,C106084,VA-EB-PL1,2025-04-03,Amazon,1,2499,PL1-2412-1
VR907600,C104978,VA-SW-NX1,2025-04-03,Amazon,1,4749,NX1-2503-2
VR908976,C108893,VA-AC-CBL,2025-04-03,Flipkart,1,319,CBL-2502-4
VR881234,C108807,VA-SW-FIT,2025-04-04,vireo.in,1,1599,FIT-2503-1
VR882557,C105582,VA-SP-ORB,2025-04-04,vireo.in,1,4799,ORB-2501-2
VR883319,C101911,VA-SP-MINI,2025-04-04,vireo.in,1,2499,MINI-2501-1
VR885590,C105987,VA-SP-MINI,2025-04-04,Amazon,2,3998,MINI-2412-1
VR887127,C107774,VA-SP-ORB,2025-04-04,vireo.in,1,5399,ORB-2501-1
VR889641,C106996,VA-SW-FIT,2025-04-04,vireo.in,1,1999,FIT-2502-1
VR889828,C104166,VA-EB-AIR,2025-04-04,vireo.in,1,1799,AIR-2501-1
VR892778,C105023,VA-SP-MINI,2025-04-04,vireo.in,1,2499,MINI-2501-1
VR895130,C103081,VA-HP-ST3,2025-04-04,Flipkart,1,6999,ST3-2412-3
VR895370,C108359,VA-SW-FIT,2025-04-04,vireo.in,1,1699,FIT-2503-1
VR895896,C107203,VA-EB-AIR,2025-04-04,Flipkart,1,1799,AIR-2503-1
VR897657,C101652,VA-HP-ST3,2025-04-04,vireo.in,1,6999,ST3-2501-1
VR897805,C104528,VA-SW-NX2,2025-04-04,vireo.in,1,5849,NX2-2502-2
VR900733,C104030,VA-SW-NX1,2025-04-04,vireo.in,1,4999,NX1-2503-4
VR901515,C105716,VA-SW-NX2,2025-04-04,vireo.in,1,6499,NX2-2412-3
VR902413,C102922,VA-SW-NX2,2025-04-04,vireo.in,1,5524,NX2-2412-2
VR903536,C109227,VA-EB-AIR,2025-04-04,vireo.in,1,1799,AIR-2412-2
VR904575,C100618,VA-HP-ST3,2025-04-04,Amazon,1,6999,ST3-2502-4
VR906468,C103317,VA-NB-ARC,2025-04-04,vireo.in,1,1234,ARC-2503-1
VR907193,C100537,VA-EB-PL1,2025-04-04,vireo.in,1,2124,PL1-2501-3
VR882764,C103066,VA-EB-PL1,2025-04-05,vireo.in,1,2374,PL1-2502-2
VR883653,C106131,VA-HP-ST3,2025-04-05,vireo.in,1,6299,ST3-2501-3
VR883973,C100492,VA-SW-NX2,2025-04-05,Amazon,1,5199,NX2-2502-4
VR885702,C108631,VA-SP-ORB,2025-04-05,Flipkart,1,5999,ORB-2502-1
VR888034,C102534,VA-SW-NX2,2025-04-05,vireo.in,1,6499,NX2-2502-3
VR893838,C101623,VA-SW-FIT,2025-04-05,Amazon,1,1799,FIT-2502-2
VR894402,C101538,VA-SP-ORB,2025-04-05,Amazon,1,4799,ORB-2412-1
VR895021,C109484,VA-EB-PL1,2025-04-05,vireo.in,1,2499,PL1-2502-3
VR896526,C109223,VA-SW-NX2,2025-04-05,vireo.in,2,12998,NX2-2412-4
VR897699,C104241,VA-SP-ORB,2025-04-05,Flipkart,1,5999,ORB-2502-3
VR898315,C102202,VA-EB-PL1,2025-04-05,Amazon,1,2124,PL1-2501-2
VR901529,C107551,VA-SP-MINI,2025-04-05,vireo.in,1,2499,MINI-2501-1
VR901767,C103691,VA-SW-NX2,2025-04-05,Amazon,1,6499,NX2-2502-4
VR902050,C109164,VA-SP-MINI,2025-04-05,Amazon,1,2249,MINI-2502-3
VR902380,C108161,VA-SW-NX1,2025-04-05,vireo.in,1,4749,NX1-2502-3
VR903576,C106681,VA-SP-ORB,2025-04-05,vireo.in,1,5399,ORB-2412-4
VR904750,C105557,VA-SW-NX2,2025-04-05,vireo.in,1,5199,NX2-2503-4
VR905363,C102818,VA-EB-PL1,2025-04-05,vireo.in,1,1999,PL1-2501-4
VR908514,C108913,VA-SW-NX2,2025-04-05,Amazon,1,6174,NX2-2502-3
VR908576,C103045,VA-HP-ST2,2025-04-05,Amazon,1,4749,ST2-2503-1
VR908781,C103043,VA-HP-ST3,2025-04-05,vireo.in,1,6299,ST3-2502-4
VR910022,C103189,VA-EB-PL1,2025-04-05,Amazon,1,2499,PL1-2412-1
VR881472,C107754,VA-SW-NX1,2025-04-06,Amazon,1,4999,NX1-2503-3
VR882820,C105929,VA-SP-MINI,2025-04-06,vireo.in,1,2499,MINI-2501-4
VR882888,C108965,VA-EB-PL1,2025-04-06,Flipkart,1,2374,PL1-2501-1
VR885543,C100225,VA-EB-PL1,2025-04-06,Amazon,1,2249,PL1-2501-3
VR886415,C105504,VA-SP-MINI,2025-04-06,Amazon,1,2499,MINI-2412-3
VR889120,C102348,VA-NB-ARC,2025-04-06,vireo.in,1,1299,ARC-2501-1
VR889723,C107019,VA-EB-PL1,2025-04-06,Amazon,1,2124,PL1-2502-4
VR890802,C104799,VA-HP-ST3,2025-04-06,vireo.in,1,6999,ST3-2501-4
VR892471,C101666,VA-AC-CH65,2025-04-06,Amazon,1,1349,CH65-2501-3
VR893127,C102197,VA-SW-NX2,2025-04-06,Amazon,1,5199,NX2-2501-2
VR894138,C100030,VA-EB-PL1,2025-04-06,Flipkart,1,2499,PL1-2502-3
VR894301,C107528,VA-EB-PL1,2025-04-06,Flipkart,1,1999,PL1-2502-3
VR896960,C108161,VA-SW-FIT,2025-04-06,vireo.in,1,1799,FIT-2502-4
VR898930,C108447,VA-EB-PL1,2025-04-06,vireo.in,1,2499,PL1-2501-1
VR901118,C100538,VA-SW-NX2,2025-04-06,vireo.in,1,6499,NX2-2503-3
VR901828,C100313,VA-SP-ORB,2025-04-06,vireo.in,1,5999,ORB-2501-1
VR903015,C100123,VA-SW-NX2,2025-04-06,vireo.in,1,6174,NX2-2503-1
VR904299,C102770,VA-SP-ORB,2025-04-06,vireo.in,1,5999,ORB-2501-2
VR880888,C103087,VA-SW-NX1,2025-04-07,vireo.in,1,4999,NX1-2503-3
VR881360,C106140,VA-SW-NX2,2025-04-07,Amazon,1,5524,NX2-2502-3
VR882205,C101868,VA-SP-ORB,2025-04-07,vireo.in,1,5699,ORB-2501-4
VR883498,C103138,VA-HP-ST2,2025-04-07,vireo.in,1,4499,ST2-2501-3
VR886626,C101540,VA-SW-FIT,2025-04-07,Amazon,1,1799,FIT-2412-4
VR887968,C106182,VA-EB-PL1,2025-04-07,Amazon,1,2374,PL1-2503-4
VR888453,C105934,VA-SW-NX2,2025-04-07,vireo.in,1,6499,NX2-2502-1
VR889911,C103334,VA-SW-NX2,2025-04-07,Amazon,1,6499,NX2-2502-1
VR892949,C100603,VA-HP-ST3,2025-04-07,Flipkart,1,5599,ST3-2503-4
VR899544,C101237,VA-EB-PL1,2025-04-07,Amazon,1,2499,PL1-2502-2
VR900235,C105200,VA-SW-NX1,2025-04-07,Flipkart,1,4999,NX1-2412-3
VR904081,C104264,VA-AC-CBL,2025-04-07,Flipkart,1,359,CBL-2502-4
VR904417,C108681,VA-SP-MINI,2025-04-07,vireo.in,1,2249,MINI-2502-2
VR904542,C100950,VA-HP-ST3,2025-04-07,Amazon,1,5949,ST3-2503-1
VR883946,C107014,VA-AC-CH65,2025-04-08,Amazon,1,1274,CH65-2503-3
VR886997,C106609,VA-HP-ST3,2025-04-08,Amazon,1,6649,ST3-2501-2
VR887834,C104612,VA-EB-AIR,2025-04-08,Flipkart,1,1799,AIR-2412-4
VR888808,C107765,VA-SP-ORB,2025-04-08,Amazon,1,5999,ORB-2502-4
VR895560,C108735,VA-SW-NX2,2025-04-08,vireo.in,1,6499,NX2-2502-1
VR895784,C105084,VA-EB-AIR,2025-04-08,Amazon,1,1709,AIR-2501-4
VR896700,C102394,VA-HP-ST3,2025-04-08,Amazon,1,6999,ST3-2501-1
VR899001,C107596,VA-HP-ST2,2025-04-08,vireo.in,1,4249,ST2-2501-4
VR899477,C108778,VA-EB-PL1,2025-04-08,vireo.in,1,2499,PL1-2501-1
VR904165,C103210,VA-EB-AIR,2025-04-08,Amazon,1,1529,AIR-2503-1
VR908798,C105435,VA-EB-AIR,2025-04-08,Amazon,1,1799,AIR-2501-4
VR880496,C109010,VA-SW-FIT,2025-04-09,Amazon,1,1999,FIT-2502-2
VR881987,C100749,VA-SW-NX2,2025-04-09,vireo.in,1,5849,NX2-2501-3
VR883340,C105509,VA-SP-ORB,2025-04-09,Amazon,1,4799,ORB-2503-2
VR883375,C105799,VA-EB-PL1,2025-04-09,vireo.in,1,2124,PL1-2503-1
VR886118,C108746,VA-HP-ST2,2025-04-09,Flipkart,1,4249,ST2-2501-1
VR888251,C108870,VA-SW-NX2,2025-04-09,Amazon,1,6499,NX2-2501-3
VR895039,C103720,VA-EB-PL1,2025-04-09,vireo.in,1,2249,PL1-2501-1
VR897702,C105717,VA-EB-AIR,2025-04-09,vireo.in,1,1799,AIR-2501-4
VR898577,C102875,VA-EB-AIR,2025-04-09,Amazon,1,1799,AIR-2503-4
VR900841,C105254,VA-SW-NX2,2025-04-09,vireo.in,2,12998,NX2-2503-2
VR903476,C105237,VA-SW-NX1,2025-04-09,Flipkart,1,4249,NX1-2503-2
VR907117,C107566,VA-SP-MINI,2025-04-09,Flipkart,1,2499,MINI-2502-3
VR907285,C108355,VA-SW-NX2,2025-04-09,vireo.in,1,5199,NX2-2502-3
VR908842,C106162,VA-NB-ARC,2025-04-09,Amazon,1,1234,ARC-2502-2
VR909055,C102564,VA-HP-ST3,2025-04-09,Amazon,1,6999,ST3-2502-2
VR882267,C103005,VA-SW-NX2,2025-04-10,vireo.in,2,12998,NX2-2502-3
VR882403,C106808,VA-EB-AIR,2025-04-10,vireo.in,1,1799,AIR-2501-2
VR882697,C100303,VA-EB-AIR,2025-04-10,vireo.in,1,1709,AIR-2502-1
VR887438,C102152,VA-HP-ST3,2025-04-10,Amazon,1,6999,ST3-2502-2
VR887693,C105598,VA-SW-FIT,2025-04-10,vireo.in,1,1999,FIT-2502-3
VR891296,C108856,VA-SW-NX2,2025-04-10,vireo.in,1,5849,NX2-2502-2
VR893146,C103690,VA-SW-FIT,2025-04-10,Flipkart,1,1699,FIT-2503-1
VR897505,C108922,VA-EB-PL1,2025-04-10,vireo.in,1,2374,PL1-2412-4
VR897915,C102935,VA-EB-AIR,2025-04-10,Flipkart,2,3598,AIR-2502-1
VR899335,C104297,VA-HP-ST3,2025-04-10,vireo.in,1,6999,ST3-2501-2
VR909401,C104499,VA-SW-NX1,2025-04-10,vireo.in,1,4999,NX1-2501-2
VR881299,C108036,VA-SW-NX2,2025-04-11,Flipkart,1,5849,NX2-2501-3
VR884245,C101482,VA-HP-ST3,2025-04-11,Amazon,1,6999,ST3-2501-1
VR884867,C100136,VA-SP-MINI,2025-04-11,vireo.in,1,2499,MINI-2501-4
VR886622,C107580,VA-NB-ARC,2025-04-11,vireo.in,1,1299,ARC-2501-2
VR887458,C109107,VA-SW-FIT,2025-04-11,vireo.in,1,1599,FIT-2501-1
VR890324,C109260,VA-EB-PL1,2025-04-11,vireo.in,1,2374,PL1-2501-2
VR890344,C106286,VA-SP-MINI,2025-04-11,vireo.in,1,1999,MINI-2503-1
VR892202,C102458,VA-SP-ORB,2025-04-11,vireo.in,1,5099,ORB-2502-2
VR892262,C104566,VA-SW-NX2,2025-04-11,Amazon,1,6499,NX2-2501-3
VR897705,C107566,VA-AC-CH65,2025-04-11,vireo.in,1,1424,CH65-2503-1
VR899575,C100866,VA-SP-ORB,2025-04-11,Flipkart,1,5699,ORB-2501-3
VR902425,C100941,VA-SW-FIT,2025-04-11,vireo.in,1,1699,FIT-2501-4
VR903591,C105925,VA-SP-MINI,2025-04-11,vireo.in,2,4998,MINI-2502-3
VR904570,C107992,VA-SW-NX1,2025-04-11,vireo.in,1,4999,NX1-2501-1
VR907481,C100247,VA-SP-ORB,2025-04-11,vireo.in,1,5999,ORB-2502-3
VR907894,C104895,VA-SW-FIT,2025-04-11,vireo.in,1,1899,FIT-2502-1
VR908895,C108804,VA-HP-ST2,2025-04-11,vireo.in,1,4999,ST2-2502-3
VR880449,C106746,VA-HP-ST3,2025-04-12,vireo.in,1,6649,ST3-2502-2
VR881442,C109000,VA-EB-PL1,2025-04-12,vireo.in,1,2249,PL1-2503-1
VR886718,C108929,VA-SW-NX2,2025-04-12,vireo.in,1,6499,NX2-2501-1
VR891323,C100298,VA-SP-MINI,2025-04-12,Flipkart,1,2499,MINI-2501-4
VR891524,C106420,VA-SW-NX2,2025-04-12,Flipkart,1,6499,NX2-2501-1
VR893179,C104171,VA-SP-MINI,2025-04-12,Flipkart,1,1999,MINI-2503-4
VR893512,C104061,VA-AC-CH65,2025-04-12,Amazon,1,1499,CH65-2503-2
VR898521,C104664,VA-SW-NX2,2025-04-12,Amazon,1,6174,NX2-2502-2
VR901588,C108248,VA-SW-NX2,2025-04-12,vireo.in,1,6499,NX2-2501-3
VR902919,C105127,VA-SW-FIT,2025-04-12,Amazon,2,3598,FIT-2502-4
VR903436,C106427,VA-SW-NX2,2025-04-12,vireo.in,1,6174,NX2-2501-1
VR904808,C102812,VA-EB-AIR,2025-04-12,Amazon,1,1799,AIR-2501-1
VR905034,C106134,VA-EB-PL1,2025-04-12,vireo.in,1,2499,PL1-2501-3
VR908258,C106320,VA-SW-NX2,2025-04-12,vireo.in,1,5849,NX2-2503-3
VR908461,C108058,VA-SW-NX2,2025-04-12,Amazon,1,6499,NX2-2503-4
VR881128,C102639,VA-EB-PL1,2025-04-13,vireo.in,1,2499,PL1-2501-3
VR885224,C102327,VA-HP-ST3,2025-04-13,vireo.in,1,6999,ST3-2501-2
VR886609,C107980,VA-SP-MINI,2025-04-13,vireo.in,1,2499,MINI-2502-3
VR886641,C108589,VA-EB-PL1,2025-04-13,Flipkart,1,2499,PL1-2501-2
VR888984,C107309,VA-NB-ARC,2025-04-13,Amazon,1,1169,ARC-2501-3
VR890408,C103789,VA-SW-NX2,2025-04-13,Amazon,1,6499,NX2-2501-2
VR890989,C102622,VA-SW-NX2,2025-04-13,Amazon,1,6499,NX2-2501-3
VR891007,C101858,VA-EB-AIR,2025-04-13,vireo.in,1,1529,AIR-2503-2
VR892430,C108798,VA-EB-PL1,2025-04-13,Amazon,1,2374,PL1-2501-2
VR892551,C101536,VA-EB-AIR,2025-04-13,vireo.in,1,1799,AIR-2412-1
VR895535,C103291,VA-AC-CH65,2025-04-13,vireo.in,1,1274,CH65-2503-2
VR896390,C103606,VA-HP-ST3,2025-04-13,Amazon,1,6299,ST3-2502-3
VR896906,C102128,VA-SW-NX1,2025-04-13,Amazon,1,4499,NX1-2412-2
VR897009,C104352,VA-SP-MINI,2025-04-13,vireo.in,1,1999,MINI-2502-3
VR897420,C103470,VA-SW-NX2,2025-04-13,Amazon,1,5524,NX2-2501-4
VR898546,C100270,VA-SW-NX2,2025-04-13,Amazon,1,6174,NX2-2502-4
VR898942,C108609,VA-SW-NX2,2025-04-13,Amazon,1,6499,NX2-2503-4
VR899934,C100800,VA-SW-FIT,2025-04-13,Flipkart,1,1699,FIT-2501-4
VR906596,C108893,VA-HP-ST3,2025-04-13,vireo.in,2,12598,ST3-2501-4
VR907516,C100566,VA-SP-ORB,2025-04-13,Flipkart,1,5999,ORB-2502-1
VR907574,C101041,VA-EB-AIR,2025-04-13,vireo.in,2,3598,AIR-2501-2
VR909013,C107373,VA-EB-PL1,2025-04-13,vireo.in,1,2249,PL1-2501-3
VR909101,C108602,VA-EB-PL1,2025-04-13,Amazon,1,2124,PL1-2501-1
VR882325,C100711,VA-HP-ST2,2025-04-14,vireo.in,1,4999,ST2-2502-1
VR885866,C106087,VA-SW-NX1,2025-04-14,vireo.in,1,4499,NX1-2502-3
VR886019,C103861,VA-SP-MINI,2025-04-14,Amazon,1,1999,MINI-2501-4
VR886080,C104508,VA-EB-PL1,2025-04-14,vireo.in,1,2124,PL1-2501-2
VR886473,C106702,VA-EB-AIR,2025-04-14,vireo.in,1,1529,AIR-2501-4
VR887449,C101290,VA-HP-ST2,2025-04-14,vireo.in,1,4749,ST2-2502-1
VR887722,C100620,VA-SW-NX2,2025-04-14,Flipkart,1,5524,NX2-2502-3
VR888663,C106701,VA-SW-NX2,2025-04-14,Amazon,1,6499,NX2-2502-3
VR890445,C108811,VA-AC-CH65,2025-04-14,vireo.in,1,1499,CH65-2503-3
VR892704,C106735,VA-HP-ST2,2025-04-14,Flipkart,1,4749,ST2-2501-4
VR893132,C109152,VA-SW-NX1,2025-04-14,Amazon,1,4249,NX1-2501-4
VR893173,C108926,VA-HP-ST3,2025-04-14,Flipkart,1,6649,ST3-2501-3
VR893556,C104801,VA-HP-ST3,2025-04-14,vireo.in,1,5599,ST3-2501-3
VR901135,C108654,VA-SW-FIT,2025-04-14,Flipkart,1,1599,FIT-2502-1
VR902369,C100618,VA-EB-AIR,2025-04-14,Amazon,1,1529,AIR-2502-3
VR903126,C103906,VA-HP-ST3,2025-04-14,vireo.in,1,6299,ST3-2502-3
VR904178,C106946,VA-NB-ARC,2025-04-14,vireo.in,1,1299,ARC-2503-1
VR905368,C103716,VA-SW-NX2,2025-04-14,vireo.in,1,5199,NX2-2502-4
VR882391,C103304,VA-SW-NX2,2025-04-15,vireo.in,1,5524,NX2-2502-1
VR882776,C107787,VA-EB-PL1,2025-04-15,vireo.in,1,2499,PL1-2503-3
VR884203,C103869,VA-EB-AIR,2025-04-15,Flipkart,1,1529,AIR-2412-2
VR887263,C106518,VA-SW-NX2,2025-04-15,Amazon,1,5199,NX2-2503-3
VR887380,C107961,VA-AC-CH65,2025-04-15,Flipkart,1,1424,CH65-2503-2
VR889776,C104587,VA-SP-ORB,2025-04-15,vireo.in,1,5999,ORB-2503-2
VR890051,C102489,VA-EB-AIR,2025-04-15,vireo.in,1,1799,AIR-2503-1
VR893069,C101187,VA-SW-FIT,2025-04-15,Amazon,1,1999,FIT-2501-2
VR898109,C106470,VA-AC-CH65,2025-04-15,vireo.in,1,1499,CH65-2502-4
VR905855,C101428,VA-SW-NX2,2025-04-15,vireo.in,1,6174,NX2-2503-3
VR905858,C105579,VA-EB-PL1,2025-04-15,vireo.in,1,2499,PL1-2503-2
VR906794,C107938,VA-NB-ARC,2025-04-15,vireo.in,1,1299,ARC-2503-3
VR907824,C103538,VA-EB-PL1,2025-04-15,vireo.in,1,2374,PL1-2501-1
VR908276,C108469,VA-SW-NX2,2025-04-15,Amazon,2,10398,NX2-2501-1
VR909236,C107521,VA-SW-NX2,2025-04-15,Flipkart,1,6174,NX2-2503-2
VR880095,C101201,VA-SP-ORB,2025-04-16,vireo.in,1,5099,ORB-2502-2
VR880611,C100698,VA-HP-ST3,2025-04-16,Amazon,1,6999,ST3-2503-1
VR881090,C106288,VA-HP-ST3,2025-04-16,Flipkart,1,6299,ST3-2503-2
VR888276,C100785,VA-EB-AIR,2025-04-16,Amazon,1,1439,AIR-2501-2
VR889095,C109099,VA-EB-AIR,2025-04-16,vireo.in,1,1529,AIR-2503-2
VR889474,C103492,VA-EB-AIR,2025-04-16,Flipkart,1,1799,AIR-2501-4
VR890565,C101811,VA-SW-FIT,2025-04-16,vireo.in,1,1599,FIT-2502-2
VR893825,C103329,VA-SP-MINI,2025-04-16,Amazon,1,2499,MINI-2503-1
VR895721,C103001,VA-HP-ST3,2025-04-16,vireo.in,1,6999,ST3-2502-2
VR902658,C102800,VA-NB-ARC,2025-04-16,vireo.in,1,1039,ARC-2503-3
VR903608,C100779,VA-SW-NX2,2025-04-16,Amazon,1,5849,NX2-2502-3
VR909466,C107900,VA-SW-NX2,2025-04-16,vireo.in,1,6499,NX2-2503-1
VR880766,C103700,VA-AC-CH65,2025-04-17,vireo.in,1,1499,CH65-2412-1
VR882430,C102329,VA-HP-ST2,2025-04-17,vireo.in,1,4249,ST2-2502-1
VR882437,C106189,VA-EB-PL1,2025-04-17,vireo.in,1,2499,PL1-2503-1
VR884958,C102443,VA-HP-ST2,2025-04-17,Amazon,1,4249,ST2-2501-2
VR886776,C101610,VA-NB-ARC,2025-04-17,vireo.in,1,1039,ARC-2503-2
VR887539,C103898,VA-EB-AIR,2025-04-17,vireo.in,1,1799,AIR-2502-3
VR888291,C100860,VA-SP-ORB,2025-04-17,vireo.in,1,5699,ORB-2412-4
VR893041,C104994,VA-NB-ARC,2025-04-17,Amazon,1,1234,ARC-2501-3
VR897930,C102157,VA-SW-NX2,2025-04-17,vireo.in,1,6174,NX2-2502-4
VR899766,C107247,VA-EB-PL1,2025-04-17,Amazon,1,2249,PL1-2502-4
VR900317,C108502,VA-SP-MINI,2025-04-17,vireo.in,1,2499,MINI-2503-1
VR900504,C104283,VA-HP-ST3,2025-04-17,vireo.in,1,6999,ST3-2503-2
VR902065,C104014,VA-SW-NX1,2025-04-17,Amazon,1,4999,NX1-2502-2
VR903133,C102597,VA-HP-ST3,2025-04-17,Flipkart,1,5599,ST3-2501-4
VR903686,C102574,VA-SW-FIT,2025-04-17,Amazon,1,1899,FIT-2501-2
VR905688,C103150,VA-HP-ST3,2025-04-17,vireo.in,1,6999,ST3-2501-1
VR909681,C105952,VA-SP-MINI,2025-04-17,vireo.in,1,2249,MINI-2501-1
VR880624,C109282,VA-SW-FIT,2025-04-18,Amazon,1,1999,FIT-2503-3
VR881137,C104842,VA-SP-MINI,2025-04-18,vireo.in,1,2499,MINI-2501-1
VR892442,C109281,VA-EB-PL1,2025-04-18,Flipkart,1,2124,PL1-2501-2
VR892505,C101896,VA-HP-ST3,2025-04-18,vireo.in,1,6999,ST3-2501-1
VR896607,C105491,VA-HP-ST3,2025-04-18,Amazon,1,6299,ST3-2502-2
VR897323,C106908,VA-HP-ST2,2025-04-18,vireo.in,1,4999,ST2-2501-3
VR898290,C107079,VA-SP-MINI,2025-04-18,Amazon,1,2499,MINI-2501-4
VR901375,C101919,VA-EB-PL1,2025-04-18,vireo.in,1,2499,PL1-2502-3
VR901802,C101929,VA-SW-NX1,2025-04-18,Amazon,1,3999,NX1-2501-3
VR902984,C101237,VA-HP-ST3,2025-04-18,vireo.in,1,6299,ST3-2502-4
VR903021,C104120,VA-EB-PL1,2025-04-18,Amazon,1,2499,PL1-2501-3
VR906695,C105578,VA-NB-ARC,2025-04-18,vireo.in,1,1039,ARC-2503-2
VR907984,C103564,VA-SW-NX2,2025-04-18,Amazon,1,6499,NX2-2502-1
VR909469,C102313,VA-AC-CBL,2025-04-18,vireo.in,1,399,CBL-2503-1
VR882576,C109437,VA-SW-NX2,2025-04-19,Flipkart,1,5524,NX2-2502-2
VR883085,C109201,VA-EB-AIR,2025-04-19,Amazon,1,1619,AIR-2503-4
VR883694,C105951,VA-EB-PL1,2025-04-19,Amazon,1,2499,PL1-2501-2
VR885541,C102345,VA-HP-ST3,2025-04-19,vireo.in,1,6999,ST3-2503-4
VR886545,C103790,VA-EB-PL1,2025-04-19,vireo.in,2,4498,PL1-2503-2
VR890787,C109379,VA-HP-ST3,2025-04-19,Amazon,1,6999,ST3-2501-2
VR897391,C102599,VA-SW-FIT,2025-04-19,vireo.in,2,3998,FIT-2503-1
VR899696,C103263,VA-NB-ARC,2025-04-19,Flipkart,1,1234,ARC-2501-3
VR899950,C108580,VA-SP-ORB,2025-04-19,vireo.in,1,5399,ORB-2501-3
VR900561,C104865,VA-HP-ST3,2025-04-19,vireo.in,1,5599,ST3-2502-2
VR903475,C101184,VA-SW-NX2,2025-04-19,vireo.in,1,6174,NX2-2502-4
VR903492,C109498,VA-SP-MINI,2025-04-19,vireo.in,1,2249,MINI-2502-3
VR904932,C101189,VA-EB-AIR,2025-04-19,vireo.in,1,1799,AIR-2503-4
VR907252,C100545,VA-SP-ORB,2025-04-19,vireo.in,1,4799,ORB-2502-4
VR908281,C106368,VA-SW-NX2,2025-04-19,vireo.in,2,11048,NX2-2502-1
VR881112,C104133,VA-SW-NX2,2025-04-20,vireo.in,1,6499,NX2-2503-4
VR881236,C102455,VA-SW-NX2,2025-04-20,vireo.in,1,5199,NX2-2501-4
VR881524,C105021,VA-HP-ST3,2025-04-20,Amazon,1,5599,ST3-2502-2
VR882760,C104336,VA-NB-ARC,2025-04-20,vireo.in,1,1234,ARC-2502-4
VR882891,C105676,VA-EB-PL1,2025-04-20,Amazon,1,2374,PL1-2503-3
VR887643,C102146,VA-HP-ST2,2025-04-20,Amazon,1,4999,ST2-2503-2
VR888766,C108591,VA-SW-NX2,2025-04-20,vireo.in,1,6499,NX2-2502-1
VR889015,C108719,VA-EB-PL1,2025-04-20,vireo.in,1,2499,PL1-2501-2
VR892670,C102999,VA-EB-PL1,2025-04-20,vireo.in,1,2499,PL1-2502-1
VR893902,C101494,VA-EB-AIR,2025-04-20,Amazon,1,1799,AIR-2503-1
VR895886,C102985,VA-EB-PL1,2025-04-20,Flipkart,1,2374,PL1-2501-1
VR896173,C107036,VA-SW-NX2,2025-04-20,Amazon,1,6499,NX2-2502-2
VR896439,C106802,VA-SW-NX2,2025-04-20,vireo.in,1,6499,NX2-2503-4
VR896887,C107685,VA-SW-FIT,2025-04-20,vireo.in,1,1599,FIT-2502-4
VR898836,C108179,VA-SW-NX2,2025-04-20,Flipkart,1,5199,NX2-2503-1
VR902312,C101900,VA-HP-ST2,2025-04-20,Amazon,1,4999,ST2-2501-3
VR880058,C101164,VA-HP-ST2,2025-04-21,Amazon,1,4999,ST2-2501-2
VR883260,C104968,VA-SW-NX2,2025-04-21,vireo.in,1,6499,NX2-2501-1
VR885537,C107315,VA-EB-PL1,2025-04-21,Flipkart,1,2124,PL1-2501-2
VR888592,C104778,VA-SP-ORB,2025-04-21,vireo.in,1,5399,ORB-2501-1
VR889157,C103934,VA-EB-AIR,2025-04-21,Amazon,1,1529,AIR-2504-2
VR890751,C100097,VA-SW-NX2,2025-04-21,Amazon,1,6499,NX2-2504-2
VR892592,C103769,VA-AC-CH65,2025-04-21,Amazon,1,1499,CH65-2503-1
VR896093,C101568,VA-EB-PL1,2025-04-21,Flipkart,2,4248,PL1-2503-3
VR896501,C102303,VA-EB-AIR,2025-04-21,Amazon,1,1799,AIR-2503-2
VR898570,C104816,VA-HP-ST2,2025-04-21,Amazon,1,4499,ST2-2503-2
VR899699,C106836,VA-SW-FIT,2025-04-21,Amazon,1,1999,FIT-2501-3
VR900364,C101441,VA-EB-PL1,2025-04-21,vireo.in,1,2124,PL1-2501-3
VR900487,C106440,VA-EB-AIR,2025-04-21,vireo.in,1,1619,AIR-2501-1
VR902497,C109003,VA-SW-NX1,2025-04-21,Amazon,1,4749,NX1-2501-3
VR902883,C105378,VA-SW-NX2,2025-04-21,vireo.in,1,6174,NX2-2502-1
VR904849,C104719,VA-EB-PL1,2025-04-21,vireo.in,1,2249,PL1-2503-3
VR906659,C101320,VA-EB-PL1,2025-04-21,vireo.in,1,1999,PL1-2501-2
VR907541,C106129,VA-SP-MINI,2025-04-21,Flipkart,1,2499,MINI-2503-4
VR908196,C104188,VA-HP-ST2,2025-04-21,vireo.in,1,4249,ST2-2502-1
VR908763,C104542,VA-EB-PL1,2025-04-21,Amazon,2,4748,PL1-2501-2
VR882884,C102523,VA-EB-PL1,2025-04-22,vireo.in,1,2249,PL1-2501-3
VR886172,C100735,VA-SW-FIT,2025-04-22,Amazon,1,1999,FIT-2503-4
VR886462,C106521,VA-SW-FIT,2025-04-22,vireo.in,1,1899,FIT-2503-1
VR888017,C102419,VA-SP-MINI,2025-04-22,Amazon,1,1999,MINI-2502-1
VR889683,C106218,VA-EB-PL1,2025-04-22,Amazon,1,2374,PL1-2502-4
VR897443,C107474,VA-EB-AIR,2025-04-22,vireo.in,1,1799,AIR-2503-3
VR898114,C107419,VA-SW-NX2,2025-04-22,vireo.in,1,5524,NX2-2503-3
VR902463,C105797,VA-EB-PL1,2025-04-22,vireo.in,1,1999,PL1-2501-4
VR903495,C104822,VA-SW-NX1,2025-04-22,vireo.in,1,4999,NX1-2503-3
VR907508,C102377,VA-NB-ARC,2025-04-22,Amazon,1,1299,ARC-2501-4
VR908529,C104105,VA-EB-PL1,2025-04-22,Flipkart,1,2124,PL1-2501-3
VR909949,C102822,VA-SW-NX2,2025-04-22,vireo.in,1,6174,NX2-2502-4
VR883382,C100535,VA-SW-NX2,2025-04-23,vireo.in,2,12998,NX2-2501-1
VR887975,C102241,VA-EB-PL1,2025-04-23,vireo.in,1,2249,PL1-2501-3
VR888173,C109300,VA-NB-ARC,2025-04-23,Amazon,1,1169,ARC-2503-1
VR888570,C105989,VA-EB-PL1,2025-04-23,Flipkart,1,2499,PL1-2503-1
VR890004,C107179,VA-SP-MINI,2025-04-23,Amazon,1,2499,MINI-2501-1
VR891131,C102971,VA-HP-ST2,2025-04-23,vireo.in,1,4999,ST2-2503-4
VR891265,C106168,VA-HP-ST3,2025-04-23,vireo.in,1,5599,ST3-2501-2
VR892216,C104560,VA-SW-NX1,2025-04-23,Amazon,1,4999,NX1-2502-3
VR893155,C102376,VA-SW-FIT,2025-04-23,vireo.in,1,1699,FIT-2503-3
VR896983,C106019,VA-SP-MINI,2025-04-23,Amazon,1,1999,MINI-2502-4
VR902114,C101620,VA-SP-MINI,2025-04-23,Flipkart,1,2499,MINI-2504-2
VR903260,C105526,VA-HP-ST3,2025-04-23,Flipkart,1,6999,ST3-2501-3
VR906179,C101527,VA-NB-ARC,2025-04-23,vireo.in,1,1104,ARC-2501-2
VR906815,C106743,VA-SP-ORB,2025-04-23,vireo.in,1,5999,ORB-2502-3
VR907981,C101142,VA-SW-NX2,2025-04-23,vireo.in,1,6174,NX2-2503-2
VR909873,C102650,VA-EB-AIR,2025-04-23,vireo.in,2,3598,AIR-2501-2
VR883589,C105770,VA-SW-FIT,2025-04-24,vireo.in,1,1599,FIT-2502-2
VR884934,C108249,VA-SP-MINI,2025-04-24,Amazon,1,2124,MINI-2503-1
VR885851,C106512,VA-EB-PL1,2025-04-24,vireo.in,1,2374,PL1-2504-4
VR885960,C102883,VA-SP-MINI,2025-04-24,vireo.in,1,2249,MINI-2503-2
VR886567,C100392,VA-SP-ORB,2025-04-24,Amazon,1,5699,ORB-2501-2
VR886570,C100961,VA-EB-PL1,2025-04-24,Amazon,1,2249,PL1-2503-4
VR889142,C100840,VA-EB-AIR,2025-04-24,vireo.in,1,1439,AIR-2503-4
VR889902,C105709,VA-SW-NX1,2025-04-24,Amazon,1,3999,NX1-2503-1
VR890652,C102638,VA-SW-NX2,2025-04-24,vireo.in,1,5849,NX2-2502-3
VR891606,C101146,VA-AC-CH65,2025-04-24,Flipkart,1,1274,CH65-2502-4
VR893118,C108379,VA-SP-ORB,2025-04-24,vireo.in,1,4799,ORB-2503-3
VR897196,C102698,VA-EB-PL1,2025-04-24,vireo.in,1,2499,PL1-2504-3
VR897423,C106224,VA-EB-PL1,2025-04-24,Amazon,1,2499,PL1-2504-2
VR900346,C100417,VA-EB-AIR,2025-04-24,vireo.in,1,1799,AIR-2503-4
VR906190,C106846,VA-HP-ST3,2025-04-24,Amazon,1,6999,ST3-2502-3
VR908103,C104855,VA-AC-CH65,2025-04-24,Flipkart,1,1499,CH65-2501-1
VR880710,C108842,VA-SW-NX2,2025-04-25,Amazon,1,6499,NX2-2502-4
VR881719,C106884,VA-EB-PL1,2025-04-25,Flipkart,1,2124,PL1-2502-4
VR884580,C107593,VA-HP-ST3,2025-04-25,vireo.in,1,5949,ST3-2503-4
VR893171,C104230,VA-SW-FIT,2025-04-25,Amazon,1,1899,FIT-2502-3
VR893645,C108967,VA-HP-ST3,2025-04-25,vireo.in,1,6999,ST3-2501-1
VR895691,C106179,VA-SP-MINI,2025-04-25,Amazon,2,4998,MINI-2502-1
VR896838,C108494,VA-EB-PL1,2025-04-25,vireo.in,1,2124,PL1-2503-1
VR899074,C106340,VA-SW-NX1,2025-04-25,vireo.in,1,4999,NX1-2503-3
VR900449,C106819,VA-SP-MINI,2025-04-25,vireo.in,1,2249,MINI-2501-3
VR901202,C108611,VA-EB-PL1,2025-04-25,Amazon,1,2124,PL1-2502-4
VR902812,C101592,VA-AC-CH65,2025-04-25,vireo.in,1,1499,CH65-2501-1
VR902897,C107720,VA-SW-NX2,2025-04-25,Flipkart,1,5199,NX2-2501-3
VR880991,C105572,VA-SW-NX2,2025-04-26,vireo.in,1,5199,NX2-2503-4
VR882039,C105355,VA-HP-ST2,2025-04-26,vireo.in,1,4499,ST2-2501-1
VR882168,C100792,VA-SP-MINI,2025-04-26,vireo.in,1,1999,MINI-2502-2
VR883808,C108953,VA-EB-AIR,2025-04-26,Flipkart,1,1529,AIR-2502-3
VR888524,C109376,VA-EB-PL1,2025-04-26,vireo.in,1,2499,PL1-2502-3
VR890360,C108554,VA-SP-MINI,2025-04-26,Amazon,1,2499,MINI-2503-4
VR890980,C100816,VA-SW-NX2,2025-04-26,vireo.in,2,11698,NX2-2503-2
VR893304,C102655,VA-SW-NX2,2025-04-26,Amazon,1,5199,NX2-2503-1
VR895498,C105430,VA-SW-NX2,2025-04-26,Amazon,1,5524,NX2-2501-2
VR899353,C106254,VA-HP-ST3,2025-04-26,Amazon,1,5599,ST3-2504-2
VR899359,C105473,VA-SW-NX2,2025-04-26,Amazon,1,5199,NX2-2501-3
VR906513,C107617,VA-SW-NX2,2025-04-26,Flipkart,1,6499,NX2-2502-2
VR906616,C108601,VA-SW-FIT,2025-04-26,Flipkart,1,1999,FIT-2501-4
VR906805,C102351,VA-NB-ARC,2025-04-26,vireo.in,1,1169,ARC-2502-4
VR909203,C106949,VA-EB-PL1,2025-04-26,vireo.in,1,2499,PL1-2503-3
VR909607,C103552,VA-HP-ST2,2025-04-26,Amazon,1,4499,ST2-2503-3
VR880398,C107819,VA-NB-ARC,2025-04-27,Amazon,1,1234,ARC-2502-4
VR883400,C103519,VA-EB-AIR,2025-04-27,Amazon,1,1619,AIR-2503-1
VR885341,C102839,VA-SW-NX2,2025-04-27,vireo.in,1,6174,NX2-2503-2
VR892395,C108202,VA-SP-ORB,2025-04-27,vireo.in,1,5699,ORB-2502-4
VR895897,C107953,VA-HP-ST3,2025-04-27,Amazon,1,5949,ST3-2503-3
VR897084,C106388,VA-NB-ARC,2025-04-27,vireo.in,1,1299,ARC-2502-2
VR897927,C103186,VA-AC-CBL,2025-04-27,vireo.in,1,399,CBL-2504-2
VR898558,C108725,VA-SW-NX2,2025-04-27,vireo.in,1,5524,NX2-2501-3
VR899784,C106097,VA-AC-CH65,2025-04-27,Amazon,1,1499,CH65-2502-4
VR900006,C104776,VA-SP-ORB,2025-04-27,Flipkart,1,5999,ORB-2502-4
VR900103,C104386,VA-EB-PL1,2025-04-27,Amazon,1,2249,PL1-2501-2
VR900955,C103114,VA-EB-PL1,2025-04-27,Amazon,1,1999,PL1-2504-4
VR901442,C105092,VA-HP-ST2,2025-04-27,Amazon,1,4999,ST2-2502-4
VR901491,C101040,VA-EB-PL1,2025-04-27,Amazon,1,2499,PL1-2501-4
VR903012,C106685,VA-SW-NX2,2025-04-27,Amazon,1,5849,NX2-2503-3
VR905743,C106501,VA-EB-AIR,2025-04-27,Amazon,1,1799,AIR-2502-3
VR882066,C102725,VA-NB-ARC,2025-04-28,vireo.in,1,1234,ARC-2501-2
VR882515,C106895,VA-HP-ST3,2025-04-28,vireo.in,1,6999,ST3-2503-3
VR883705,C102565,VA-EB-PL1,2025-04-28,vireo.in,1,2499,PL1-2504-2
VR887292,C106631,VA-SW-NX1,2025-04-28,Amazon,2,8498,NX1-2503-2
VR887599,C106764,VA-SP-MINI,2025-04-28,Amazon,1,2249,MINI-2502-1
VR891219,C100647,VA-SP-ORB,2025-04-28,Flipkart,1,5399,ORB-2501-3
VR897706,C100285,VA-SP-MINI,2025-04-28,vireo.in,1,1999,MINI-2501-2
VR897814,C102993,VA-SW-NX2,2025-04-28,vireo.in,1,6499,NX2-2502-1
VR898718,C108430,VA-SW-NX2,2025-04-28,vireo.in,1,5849,NX2-2503-4
VR900802,C103405,VA-EB-PL1,2025-04-28,Amazon,1,1999,PL1-2502-2
VR901199,C101954,VA-EB-AIR,2025-04-28,Flipkart,1,1619,AIR-2502-1
VR901793,C101600,VA-HP-ST2,2025-04-28,vireo.in,1,4249,ST2-2503-3
VR901817,C108788,VA-EB-PL1,2025-04-28,Amazon,1,2499,PL1-2501-3
VR903415,C105136,VA-SW-NX2,2025-04-28,vireo.in,1,6499,NX2-2503-2
VR903812,C102758,VA-SP-MINI,2025-04-28,Flipkart,2,4248,MINI-2501-3
VR906788,C109397,VA-SW-NX1,2025-04-28,Flipkart,1,4749,NX1-2503-1
VR884143,C105688,VA-HP-ST2,2025-04-29,Flipkart,1,4999,ST2-2503-2
VR886175,C103399,VA-HP-ST2,2025-04-29,Amazon,1,3999,ST2-2501-3
VR888055,C108945,VA-SW-FIT,2025-04-29,Amazon,1,1999,FIT-2503-3
VR888303,C104869,VA-HP-ST2,2025-04-29,Flipkart,1,4249,ST2-2501-2
VR890420,C101749,VA-HP-ST3,2025-04-29,Flipkart,1,5949,ST3-2501-2
VR891800,C107246,VA-SW-NX1,2025-04-29,vireo.in,1,4249,NX1-2504-1
VR892435,C108161,VA-SW-NX2,2025-04-29,vireo.in,1,5199,NX2-2503-2
VR894365,C102842,VA-EB-AIR,2025-04-29,vireo.in,2,3058,AIR-2503-2
VR896357,C108680,VA-HP-ST3,2025-04-29,vireo.in,1,6999,ST3-2501-4
VR896800,C104589,VA-HP-ST3,2025-04-29,Amazon,1,6999,ST3-2503-3
VR897108,C104616,VA-EB-AIR,2025-04-29,Amazon,1,1439,AIR-2501-2
VR903624,C104540,VA-SP-ORB,2025-04-29,vireo.in,1,5699,ORB-2502-3
VR904214,C105651,VA-NB-ARC,2025-04-29,vireo.in,1,1299,ARC-2502-4
VR904483,C106741,VA-AC-CBL,2025-04-29,Amazon,2,798,CBL-2502-4
VR904530,C108905,VA-SP-ORB,2025-04-29,Amazon,1,5999,ORB-2503-3
VR907183,C101792,VA-EB-AIR,2025-04-29,vireo.in,1,1439,AIR-2502-1
VR908758,C102817,VA-SW-NX2,2025-04-29,vireo.in,1,5199,NX2-2503-4
VR880819,C100932,VA-SW-NX2,2025-04-30,Flipkart,1,5199,NX2-2502-4
VR885996,C106668,VA-AC-CH65,2025-04-30,vireo.in,1,1499,CH65-2502-2
VR887752,C102451,VA-EB-AIR,2025-04-30,Amazon,1,1799,AIR-2502-1
VR888355,C106451,VA-SP-ORB,2025-04-30,vireo.in,1,5099,ORB-2503-1
VR889893,C104972,VA-HP-ST3,2025-04-30,vireo.in,1,6649,ST3-2501-4
VR891895,C100766,VA-EB-PL1,2025-04-30,vireo.in,1,1999,PL1-2504-2
VR893549,C106830,VA-NB-ARC,2025-04-30,Flipkart,1,1299,ARC-2502-4
VR894446,C101688,VA-HP-ST2,2025-04-30,vireo.in,1,4999,ST2-2503-4
VR894968,C107536,VA-SW-FIT,2025-04-30,vireo.in,1,1999,FIT-2501-1
VR895972,C103846,VA-EB-PL1,2025-04-30,Amazon,1,2249,PL1-2502-1
VR897438,C103183,VA-EB-AIR,2025-04-30,Amazon,1,1799,AIR-2502-2
VR898590,C101719,VA-EB-AIR,2025-04-30,Amazon,1,1439,AIR-2503-4
VR900177,C107353,VA-HP-ST3,2025-04-30,Flipkart,1,6299,ST3-2502-3
VR902739,C107723,VA-SW-FIT,2025-04-30,Amazon,1,1999,FIT-2501-2
VR904217,C101436,VA-EB-PL1,2025-04-30,vireo.in,2,4498,PL1-2503-1
VR905055,C103381,VA-SP-MINI,2025-04-30,vireo.in,1,2499,MINI-2502-1
VR906600,C101476,VA-SW-NX2,2025-04-30,vireo.in,1,5199,NX2-2503-1
VR907250,C100455,VA-SW-FIT,2025-04-30,vireo.in,1,1999,FIT-2503-2
VR907351,C104489,VA-SW-FIT,2025-04-30,Flipkart,1,1599,FIT-2502-3
VR907402,C103926,VA-SP-MINI,2025-04-30,Amazon,1,2499,MINI-2502-2
VR881631,C101477,VA-SW-NX2,2025-05-01,Amazon,1,6499,NX2-2502-1
VR884074,C107837,VA-SW-NX2,2025-05-01,Amazon,1,6499,NX2-2503-2
VR886499,C103397,VA-SW-NX2,2025-05-01,Amazon,1,5524,NX2-2503-4
VR890671,C103981,VA-EB-PL1,2025-05-01,vireo.in,1,2499,PL1-2502-3
VR891041,C105394,VA-EB-AIR,2025-05-01,Flipkart,1,1799,AIR-2502-1
VR892836,C108022,VA-SW-NX2,2025-05-01,vireo.in,1,6174,NX2-2501-2
VR894162,C107261,VA-SW-FIT,2025-05-01,Flipkart,1,1799,FIT-2501-4
VR894670,C106032,VA-SW-FIT,2025-05-01,Amazon,1,1999,FIT-2503-3
VR897235,C102165,VA-EB-PL1,2025-05-01,Amazon,2,4498,PL1-2503-4
VR905890,C106587,VA-SW-NX2,2025-05-01,vireo.in,1,6499,NX2-2503-1
VR908490,C101758,VA-SP-MINI,2025-05-01,vireo.in,1,2499,MINI-2502-3
VR880550,C106568,VA-EB-PL1,2025-05-02,vireo.in,2,4748,PL1-2502-3
VR880919,C100021,VA-SW-NX2,2025-05-02,vireo.in,2,11048,NX2-2503-3
VR881536,C103347,VA-SW-NX1,2025-05-02,vireo.in,1,3999,NX1-2502-1
VR883547,C107652,VA-SW-NX2,2025-05-02,vireo.in,1,6499,NX2-2502-3
VR883591,C107895,VA-AC-CH65,2025-05-02,vireo.in,1,1274,CH65-2502-4
VR888142,C103690,VA-HP-ST3,2025-05-02,vireo.in,1,6999,ST3-2502-2
VR889786,C101123,VA-SW-FIT,2025-05-02,Amazon,1,1799,FIT-2503-1
VR893000,C100828,VA-SP-MINI,2025-05-02,Flipkart,1,2499,MINI-2503-1
VR896722,C104964,VA-EB-AIR,2025-05-02,Flipkart,1,1799,AIR-2501-2
VR897215,C104722,VA-HP-ST2,2025-05-02,Amazon,2,9998,ST2-2501-1
VR900030,C100811,VA-HP-ST3,2025-05-02,vireo.in,1,6999,ST3-2502-3
VR903316,C104740,VA-HP-ST3,2025-05-02,vireo.in,1,5949,ST3-2502-3
VR904505,C105744,VA-EB-AIR,2025-05-02,vireo.in,1,1529,AIR-2503-3
VR906090,C103193,VA-SP-ORB,2025-05-02,Flipkart,1,5099,ORB-2503-1
VR906277,C101965,VA-HP-ST3,2025-05-02,vireo.in,2,13998,ST3-2503-1
VR906526,C108939,VA-SW-NX2,2025-05-02,vireo.in,1,5524,NX2-2503-4
VR906968,C108569,VA-SW-NX1,2025-05-02,Amazon,1,4999,NX1-2503-2
VR907558,C109281,VA-EB-PL1,2025-05-02,vireo.in,1,2499,PL1-2502-3
VR907833,C101239,VA-HP-ST3,2025-05-02,vireo.in,1,5599,ST3-2503-3
VR908325,C100594,VA-SP-MINI,2025-05-02,Amazon,1,2374,MINI-2503-4
VR886727,C101174,VA-SW-NX2,2025-05-03,Amazon,1,6499,NX2-2504-3
VR889844,C107690,VA-SW-NX2,2025-05-03,vireo.in,1,6499,NX2-2504-4
VR891291,C107414,VA-SP-MINI,2025-05-03,Amazon,1,2499,MINI-2503-2
VR892608,C106298,VA-HP-ST2,2025-05-03,vireo.in,1,4249,ST2-2501-2
VR892730,C105805,VA-AC-CH65,2025-05-03,vireo.in,1,1199,CH65-2503-4
VR895747,C106644,VA-SW-NX2,2025-05-03,Amazon,1,5524,NX2-2503-2
VR896144,C101628,VA-SW-NX1,2025-05-03,Amazon,1,4999,NX1-2504-1
VR897540,C106166,VA-HP-ST2,2025-05-03,Amazon,1,4499,ST2-2502-2
VR898089,C103174,VA-NB-ARC,2025-05-03,Flipkart,1,1299,ARC-2504-3
VR898970,C102045,VA-NB-ARC,2025-05-03,vireo.in,1,1299,ARC-2501-3
VR899147,C105158,VA-SP-ORB,2025-05-03,Amazon,1,5999,ORB-2502-3
VR902402,C102538,VA-SP-ORB,2025-05-03,vireo.in,1,5999,ORB-2503-3
VR902851,C105066,VA-EB-AIR,2025-05-03,Amazon,1,1709,AIR-2503-1
VR908715,C105432,VA-SW-NX2,2025-05-03,Amazon,1,5849,NX2-2502-2
VR909149,C107947,VA-NB-ARC,2025-05-03,Amazon,1,1169,ARC-2502-1
VR882513,C104843,VA-EB-PL1,2025-05-04,Flipkart,1,2249,PL1-2503-1
VR891617,C106186,VA-EB-AIR,2025-05-04,vireo.in,1,1799,AIR-2502-2
VR893778,C109262,VA-NB-ARC,2025-05-04,vireo.in,1,1234,ARC-2504-1
VR894596,C100953,VA-HP-ST3,2025-05-04,vireo.in,1,6299,ST3-2504-3
VR897212,C104971,VA-SP-MINI,2025-05-04,Amazon,1,2124,MINI-2503-4
VR900389,C108761,VA-HP-ST3,2025-05-04,Amazon,1,6649,ST3-2501-4
VR904492,C101764,VA-SW-NX2,2025-05-04,vireo.in,1,5849,NX2-2503-4
VR880776,C101334,VA-SP-MINI,2025-05-05,Flipkart,1,2249,MINI-2503-2
VR881641,C103748,VA-SP-ORB,2025-05-05,vireo.in,1,5999,ORB-2502-2
VR883281,C108202,VA-NB-ARC,2025-05-05,Flipkart,1,1299,ARC-2502-4
VR883789,C103367,VA-EB-PL1,2025-05-05,vireo.in,1,2499,PL1-2503-3
VR884154,C100152,VA-AC-CH65,2025-05-05,vireo.in,1,1499,CH65-2502-3
VR886207,C101826,VA-SP-ORB,2025-05-05,vireo.in,1,5099,ORB-2501-1
VR888286,C106206,VA-SP-MINI,2025-05-05,Flipkart,1,2499,MINI-2502-3
VR889060,C100600,VA-SW-NX1,2025-05-05,Amazon,1,4249,NX1-2501-2
VR892066,C107318,VA-EB-PL1,2025-05-05,Flipkart,1,2499,PL1-2504-1
VR892938,C109375,VA-SW-NX2,2025-05-05,Amazon,1,5199,NX2-2503-4
VR892989,C104531,VA-SW-NX2,2025-05-05,Amazon,1,6499,NX2-2501-3
VR894509,C102077,VA-SW-FIT,2025-05-05,Amazon,1,1999,FIT-2503-3
VR898760,C108894,VA-SP-MINI,2025-05-05,Amazon,2,4998,MINI-2503-3
VR898835,C102791,VA-SW-FIT,2025-05-05,Amazon,1,1799,FIT-2502-1
VR899333,C103174,VA-EB-PL1,2025-05-05,vireo.in,1,2499,PL1-2502-1
VR899347,C102091,VA-SP-MINI,2025-05-05,vireo.in,1,2499,MINI-2503-4
VR899961,C104254,VA-EB-AIR,2025-05-05,Flipkart,1,1799,AIR-2502-2
VR902090,C102680,VA-SW-NX2,2025-05-05,vireo.in,1,6499,NX2-2504-4
VR904431,C102960,VA-EB-PL1,2025-05-05,Amazon,2,4498,PL1-2504-2
VR880167,C104657,VA-EB-AIR,2025-05-06,vireo.in,1,1799,AIR-2503-4
VR882703,C105113,VA-SW-NX2,2025-05-06,Flipkart,1,6499,NX2-2503-4
VR883570,C107520,VA-SW-NX2,2025-05-06,Amazon,2,11048,NX2-2501-3
VR891783,C108595,VA-NB-ARC,2025-05-06,vireo.in,1,1299,ARC-2501-1
VR893428,C105317,VA-SW-NX2,2025-05-06,vireo.in,1,6499,NX2-2502-3
VR893836,C108136,VA-EB-PL1,2025-05-06,Amazon,1,2499,PL1-2502-2
VR893984,C103988,VA-SW-NX2,2025-05-06,vireo.in,1,6499,NX2-2502-1
VR897522,C102053,VA-HP-ST2,2025-05-06,Amazon,1,4999,ST2-2501-3
VR897820,C104415,VA-EB-PL1,2025-05-06,vireo.in,1,2499,PL1-2504-2
VR898140,C104370,VA-SW-FIT,2025-05-06,Flipkart,1,1999,FIT-2503-3
VR898651,C103657,VA-EB-AIR,2025-05-06,Amazon,1,1619,AIR-2504-3
VR899468,C106254,VA-HP-ST2,2025-05-06,vireo.in,1,4499,ST2-2503-4
VR904326,C104785,VA-HP-ST3,2025-05-06,vireo.in,1,5599,ST3-2501-2
VR906410,C107818,VA-SP-ORB,2025-05-06,vireo.in,1,4799,ORB-2503-4
VR907844,C101222,VA-EB-AIR,2025-05-06,vireo.in,1,1619,AIR-2502-1
VR880092,C108128,VA-SP-MINI,2025-05-07,Amazon,2,4998,MINI-2502-3
VR880907,C106481,VA-EB-AIR,2025-05-07,Amazon,1,1799,AIR-2504-1
VR880966,C107482,VA-EB-PL1,2025-05-07,Amazon,2,4998,PL1-2503-2
VR882166,C104008,VA-SW-NX1,2025-05-07,vireo.in,1,4999,NX1-2501-3
VR886887,C102951,VA-EB-PL1,2025-05-07,Amazon,1,2499,PL1-2503-2
VR888629,C101370,VA-EB-PL1,2025-05-07,vireo.in,1,1999,PL1-2501-1
VR888837,C104582,VA-EB-PL1,2025-05-07,Flipkart,2,4248,PL1-2502-2
VR892913,C109151,VA-EB-PL1,2025-05-07,vireo.in,1,2499,PL1-2502-3
VR897482,C104455,VA-HP-ST3,2025-05-07,vireo.in,2,13298,ST3-2503-3
VR900410,C103042,VA-EB-AIR,2025-05-07,Amazon,1,1799,AIR-2501-1
VR904445,C101657,VA-SP-ORB,2025-05-07,Amazon,1,5999,ORB-2504-2
VR906419,C103094,VA-SW-FIT,2025-05-07,Amazon,1,1699,FIT-2504-2
VR888020,C104423,VA-HP-ST3,2025-05-08,Flipkart,1,5599,ST3-2502-4
VR888086,C105581,VA-SP-MINI,2025-05-08,vireo.in,1,2499,MINI-2502-2
VR889298,C104920,VA-SW-NX2,2025-05-08,Amazon,1,5524,NX2-2502-4
VR889514,C106591,VA-AC-CH65,2025-05-08,Flipkart,1,1424,CH65-2502-2
VR891600,C102734,VA-HP-ST3,2025-05-08,vireo.in,1,6999,ST3-2502-2
VR897070,C107165,VA-SP-MINI,2025-05-08,Flipkart,2,4248,MINI-2502-4
VR899320,C101388,VA-SW-FIT,2025-05-08,vireo.in,1,1599,FIT-2502-2
VR900283,C106767,VA-HP-ST2,2025-05-08,vireo.in,1,4999,ST2-2503-1
VR902072,C104255,VA-SW-NX2,2025-05-08,Amazon,1,5199,NX2-2504-1
VR905503,C108395,VA-HP-ST2,2025-05-08,vireo.in,1,4249,ST2-2502-2
VR907838,C102157,VA-HP-ST3,2025-05-08,vireo.in,1,6999,ST3-2503-4
VR908740,C101904,VA-EB-AIR,2025-05-08,Flipkart,1,1439,AIR-2503-4
VR909497,C103546,VA-EB-PL1,2025-05-08,vireo.in,1,1999,PL1-2501-1
VR883838,C106370,VA-EB-AIR,2025-05-09,vireo.in,1,1799,AIR-2502-3
VR884367,C107283,VA-HP-ST2,2025-05-09,Flipkart,1,4749,ST2-2502-3
VR884741,C109180,VA-SW-NX2,2025-05-09,Amazon,1,5849,NX2-2502-4
VR884883,C100316,VA-SP-ORB,2025-05-09,Flipkart,1,4799,ORB-2502-2
VR885274,C107374,VA-SW-FIT,2025-05-09,Amazon,2,3398,FIT-2503-3
VR885503,C100940,VA-EB-PL1,2025-05-09,vireo.in,1,2499,PL1-2502-3
VR889578,C106455,VA-EB-PL1,2025-05-09,Amazon,1,2499,PL1-2503-2
VR890785,C106595,VA-HP-ST3,2025-05-09,Flipkart,2,13998,ST3-2502-2
VR895151,C109164,VA-SP-MINI,2025-05-09,Flipkart,1,2499,MINI-2501-4
VR897534,C103695,VA-NB-ARC,2025-05-09,vireo.in,1,1039,ARC-2502-1
VR899730,C101746,VA-HP-ST3,2025-05-09,Amazon,1,6299,ST3-2503-1
VR901664,C104698,VA-SW-FIT,2025-05-09,vireo.in,1,1999,FIT-2503-2
VR905285,C101912,VA-SP-ORB,2025-05-09,Flipkart,1,5999,ORB-2503-3
VR906569,C106586,VA-SP-ORB,2025-05-09,vireo.in,1,5099,ORB-2502-2
VR908677,C109075,VA-HP-ST2,2025-05-09,vireo.in,1,3999,ST2-2504-1
VR880657,C108542,VA-HP-ST3,2025-05-10,Amazon,1,6649,ST3-2503-3
VR882553,C101340,VA-HP-ST2,2025-05-10,vireo.in,1,4999,ST2-2502-2
VR885416,C106548,VA-EB-AIR,2025-05-10,vireo.in,1,1799,AIR-2503-4
VR886465,C108390,VA-HP-ST3,2025-05-10,Amazon,1,5599,ST3-2503-4
VR886700,C101939,VA-SW-NX2,2025-05-10,Amazon,1,6174,NX2-2504-4
VR886950,C100222,VA-SW-NX2,2025-05-10,Flipkart,1,5199,NX2-2502-3
VR887986,C102810,VA-EB-AIR,2025-05-10,vireo.in,1,1799,AIR-2502-3
VR888637,C103234,VA-SW-NX1,2025-05-10,Amazon,1,4999,NX1-2503-3
VR890091,C101214,VA-SP-MINI,2025-05-10,vireo.in,2,4498,MINI-2503-3
VR892959,C106517,VA-NB-ARC,2025-05-10,Flipkart,1,1299,ARC-2501-1
VR896381,C105254,VA-EB-AIR,2025-05-10,vireo.in,1,1619,AIR-2502-4
VR898739,C100961,VA-SW-NX2,2025-05-10,vireo.in,1,6499,NX2-2501-3
VR900420,C100216,VA-EB-AIR,2025-05-10,vireo.in,1,1799,AIR-2502-4
VR903893,C107683,VA-HP-ST2,2025-05-10,vireo.in,1,4249,ST2-2502-3
VR905946,C107201,VA-HP-ST3,2025-05-10,Flipkart,1,5599,ST3-2502-1
VR885555,C101424,VA-AC-CH65,2025-05-11,Amazon,1,1349,CH65-2504-4
VR886441,C105258,VA-EB-PL1,2025-05-11,vireo.in,1,2499,PL1-2503-1
VR887737,C105749,VA-SP-ORB,2025-05-11,vireo.in,1,5999,ORB-2504-3
VR889426,C106067,VA-EB-PL1,2025-05-11,Amazon,2,4248,PL1-2504-1
VR891847,C103517,VA-NB-ARC,2025-05-11,Flipkart,1,1104,ARC-2502-4
VR894993,C103937,VA-SP-MINI,2025-05-11,Flipkart,1,2124,MINI-2502-4
VR898320,C101147,VA-SP-MINI,2025-05-11,Flipkart,2,4498,MINI-2501-1
VR898767,C107119,VA-EB-AIR,2025-05-11,Amazon,1,1529,AIR-2504-4
VR900755,C102658,VA-SW-NX1,2025-05-11,vireo.in,1,3999,NX1-2502-4
VR901168,C107327,VA-SW-FIT,2025-05-11,vireo.in,1,1999,FIT-2502-3
VR905765,C102496,VA-HP-ST2,2025-05-11,vireo.in,1,4249,ST2-2503-1
VR906822,C103037,VA-SP-MINI,2025-05-11,vireo.in,1,2499,MINI-2502-3
VR909398,C108581,VA-HP-ST3,2025-05-11,Amazon,1,5949,ST3-2501-3
VR909735,C105886,VA-EB-PL1,2025-05-11,Flipkart,1,2249,PL1-2503-3
VR885283,C104892,VA-SP-MINI,2025-05-12,Amazon,1,2499,MINI-2503-3
VR887842,C108668,VA-SP-MINI,2025-05-12,Amazon,1,2249,MINI-2502-3
VR888643,C101873,VA-HP-ST3,2025-05-12,vireo.in,1,5599,ST3-2504-2
VR888974,C106323,VA-AC-CBL,2025-05-12,Amazon,1,399,CBL-2504-2
VR889026,C106041,VA-HP-ST3,2025-05-12,Amazon,1,6999,ST3-2503-2
VR891064,C108554,VA-HP-ST3,2025-05-12,Flipkart,1,6999,ST3-2501-4
VR899493,C100023,VA-SP-MINI,2025-05-12,Amazon,1,1999,MINI-2503-1
VR899739,C106808,VA-HP-ST2,2025-05-12,Flipkart,2,9998,ST2-2504-4
VR900215,C100533,VA-SW-NX2,2025-05-12,vireo.in,1,5849,NX2-2502-3
VR900286,C106154,VA-HP-ST2,2025-05-12,vireo.in,1,3999,ST2-2502-1
VR902109,C101042,VA-SP-MINI,2025-05-12,vireo.in,1,2124,MINI-2504-4
VR904714,C108285,VA-SW-NX2,2025-05-12,vireo.in,2,12998,NX2-2502-3
VR904731,C109153,VA-SW-NX2,2025-05-12,vireo.in,1,6499,NX2-2502-3
VR908010,C106319,VA-EB-AIR,2025-05-12,Amazon,1,1619,AIR-2503-2
VR882197,C108922,VA-SW-NX2,2025-05-13,vireo.in,1,6499,NX2-2504-3
VR882226,C107817,VA-NB-ARC,2025-05-13,vireo.in,1,1234,ARC-2503-4
VR889734,C100931,VA-SP-MINI,2025-05-13,vireo.in,1,2374,MINI-2504-2
VR889773,C108688,VA-EB-PL1,2025-05-13,Flipkart,1,2249,PL1-2503-4
VR890216,C107668,VA-SP-MINI,2025-05-13,vireo.in,1,2124,MINI-2503-4
VR893670,C104402,VA-EB-PL1,2025-05-13,Amazon,1,2374,PL1-2503-2
VR893742,C103159,VA-SW-FIT,2025-05-13,Amazon,1,1899,FIT-2503-2
VR895613,C104392,VA-SW-FIT,2025-05-13,Amazon,1,1699,FIT-2503-2
VR895671,C107779,VA-SP-ORB,2025-05-13,Flipkart,1,5399,ORB-2502-2
VR898356,C101225,VA-NB-ARC,2025-05-13,Amazon,1,1039,ARC-2504-2
VR900079,C107173,VA-SW-NX1,2025-05-13,vireo.in,1,4499,NX1-2502-1
VR900852,C109145,VA-EB-AIR,2025-05-13,Flipkart,1,1799,AIR-2502-1
VR901219,C101558,VA-SW-FIT,2025-05-13,vireo.in,2,3198,FIT-2503-1
VR901693,C106447,VA-SP-ORB,2025-05-13,vireo.in,1,5099,ORB-2502-2
VR902051,C107472,VA-HP-ST3,2025-05-13,Amazon,1,6999,ST3-2504-2
VR903848,C104650,VA-SP-MINI,2025-05-13,Flipkart,1,2499,MINI-2504-3
VR904356,C105160,VA-EB-AIR,2025-05-13,vireo.in,1,1709,AIR-2503-2
VR907502,C102873,VA-HP-ST2,2025-05-13,vireo.in,1,4749,ST2-2504-1
VR908501,C102728,VA-SW-NX2,2025-05-13,vireo.in,1,5849,NX2-2501-1
VR880988,C103249,VA-SP-ORB,2025-05-14,vireo.in,1,5999,ORB-2502-4
VR883196,C100338,VA-AC-CH65,2025-05-14,Amazon,1,1199,CH65-2501-4
VR884140,C108451,VA-HP-ST3,2025-05-14,vireo.in,1,6299,ST3-2502-3
VR884330,C101067,VA-SW-FIT,2025-05-14,Amazon,1,1899,FIT-2503-2
VR884921,C107635,VA-EB-PL1,2025-05-14,vireo.in,1,2499,PL1-2501-2
VR886558,C107173,VA-NB-ARC,2025-05-14,Amazon,1,1104,ARC-2503-1
VR890122,C101437,VA-EB-PL1,2025-05-14,vireo.in,1,2374,PL1-2502-4
VR890162,C104868,VA-SW-NX2,2025-05-14,vireo.in,1,6499,NX2-2504-3
VR891230,C105499,VA-HP-ST3,2025-05-14,vireo.in,1,6299,ST3-2503-2
VR891830,C101640,VA-SW-NX2,2025-05-14,Amazon,1,6499,NX2-2503-2
VR892064,C100556,VA-SW-NX2,2025-05-14,vireo.in,1,6499,NX2-2501-2
VR892978,C103862,VA-SW-NX1,2025-05-14,Amazon,2,9998,NX1-2502-1
VR894428,C109244,VA-NB-ARC,2025-05-14,Amazon,1,1299,ARC-2504-2
VR895310,C103052,VA-NB-ARC,2025-05-14,Amazon,1,1234,ARC-2504-4
VR895396,C108277,VA-EB-PL1,2025-05-14,vireo.in,1,2499,PL1-2504-3
VR895601,C105319,VA-AC-CH65,2025-05-14,Amazon,1,1199,CH65-2502-3
VR895920,C100235,VA-SW-NX2,2025-05-14,Amazon,1,6174,NX2-2503-1
VR897398,C107194,VA-HP-ST3,2025-05-14,vireo.in,1,6649,ST3-2504-2
VR898397,C109355,VA-SW-NX2,2025-05-14,Flipkart,1,5849,NX2-2501-2
VR901360,C106229,VA-EB-AIR,2025-05-14,Flipkart,1,1709,AIR-2503-2
VR901977,C101417,VA-SW-NX2,2025-05-14,vireo.in,1,6499,NX2-2504-4
VR903243,C104025,VA-SW-FIT,2025-05-14,Amazon,1,1999,FIT-2504-4
VR906323,C102452,VA-SW-NX2,2025-05-14,vireo.in,1,6499,NX2-2502-3
VR906961,C104831,VA-HP-ST2,2025-05-14,Flipkart,1,4749,ST2-2504-4
VR883855,C100341,VA-EB-AIR,2025-05-15,Flipkart,1,1799,AIR-2504-4
VR885986,C109197,VA-HP-ST3,2025-05-15,Amazon,1,5949,ST3-2503-2
VR888095,C102907,VA-SW-NX2,2025-05-15,vireo.in,1,6499,NX2-2503-3
VR890594,C105378,VA-SP-MINI,2025-05-15,Amazon,1,2124,MINI-2504-3
VR901572,C101263,VA-SP-MINI,2025-05-15,Amazon,1,2249,MINI-2504-4
VR905016,C103914,VA-EB-AIR,2025-05-15,Amazon,1,1619,AIR-2503-4
VR905202,C108136,VA-EB-AIR,2025-05-15,Flipkart,1,1709,AIR-2503-3
VR908943,C102551,VA-SP-MINI,2025-05-15,Amazon,2,4998,MINI-2501-3
VR881547,C105871,VA-EB-AIR,2025-05-16,Flipkart,1,1799,AIR-2502-1
VR882209,C106307,VA-SW-NX2,2025-05-16,Flipkart,1,6499,NX2-2504-3
VR882600,C102206,VA-SW-FIT,2025-05-16,Amazon,1,1799,FIT-2502-3
VR884600,C108742,VA-NB-ARC,2025-05-16,vireo.in,2,2598,ARC-2502-4
VR884674,C109059,VA-NB-ARC,2025-05-16,Amazon,1,1299,ARC-2503-1
VR885094,C104868,VA-EB-PL1,2025-05-16,vireo.in,1,2499,PL1-2503-2
VR887514,C100647,VA-EB-AIR,2025-05-16,vireo.in,1,1799,AIR-2502-4
VR887661,C103455,VA-SW-FIT,2025-05-16,Amazon,1,1999,FIT-2504-4
VR890141,C102660,VA-HP-ST3,2025-05-16,vireo.in,1,5949,ST3-2503-2
VR903770,C101545,VA-EB-AIR,2025-05-16,Amazon,1,1709,AIR-2502-4
VR906481,C108079,VA-SW-NX2,2025-05-16,vireo.in,1,6499,NX2-2504-3
VR907549,C100066,VA-AC-CH65,2025-05-16,vireo.in,1,1499,CH65-2502-1
VR909886,C104416,VA-SW-NX2,2025-05-16,Amazon,1,6499,NX2-2502-4
VR882631,C100831,VA-HP-ST3,2025-05-17,Flipkart,1,6999,ST3-2503-1
VR883378,C101848,VA-SW-NX2,2025-05-17,vireo.in,1,5849,NX2-2502-4
VR886234,C101676,VA-HP-ST3,2025-05-17,Amazon,1,6299,ST3-2502-3
VR886423,C107756,VA-EB-PL1,2025-05-17,Amazon,1,2499,PL1-2504-2
VR886482,C105867,VA-SW-NX2,2025-05-17,Flipkart,1,6499,NX2-2502-4
VR886949,C106118,VA-SW-FIT,2025-05-17,vireo.in,1,1999,FIT-2504-4
VR887898,C104543,VA-EB-PL1,2025-05-17,vireo.in,1,2374,PL1-2504-3
VR889191,C107108,VA-SP-MINI,2025-05-17,vireo.in,1,2499,MINI-2504-4
VR890359,C103862,VA-SW-NX2,2025-05-17,vireo.in,1,5849,NX2-2504-4
VR895584,C101833,VA-SW-NX1,2025-05-17,vireo.in,1,4999,NX1-2502-2
VR898417,C103458,VA-SP-MINI,2025-05-17,Flipkart,1,2374,MINI-2504-1
VR898726,C109428,VA-SW-NX2,2025-05-17,vireo.in,1,6499,NX2-2502-4
VR899636,C101416,VA-SW-NX2,2025-05-17,vireo.in,1,5524,NX2-2503-3
VR899700,C105347,VA-HP-ST3,2025-05-17,vireo.in,1,6999,ST3-2502-4
VR901184,C100454,VA-SW-NX2,2025-05-17,vireo.in,1,6499,NX2-2504-2
VR901708,C107772,VA-SW-NX2,2025-05-17,vireo.in,1,5524,NX2-2503-3
VR903802,C102564,VA-SP-MINI,2025-05-17,Flipkart,1,2124,MINI-2502-1
VR905262,C107888,VA-SP-ORB,2025-05-17,Flipkart,1,5999,ORB-2502-2
VR907272,C106969,VA-HP-ST3,2025-05-17,Amazon,1,6999,ST3-2502-4
VR907316,C102954,VA-EB-AIR,2025-05-17,vireo.in,1,1709,AIR-2504-2
VR909760,C100836,VA-EB-PL1,2025-05-17,vireo.in,1,2249,PL1-2503-3
VR882505,C101797,VA-SP-MINI,2025-05-18,vireo.in,1,2499,MINI-2503-4
VR882763,C105269,VA-HP-ST3,2025-05-18,Flipkart,1,6299,ST3-2503-3
VR883309,C107761,VA-SW-NX2,2025-05-18,Flipkart,1,6499,NX2-2504-3
VR884682,C106092,VA-SW-NX2,2025-05-18,Amazon,1,6499,NX2-2503-3
VR886458,C103481,VA-EB-PL1,2025-05-18,vireo.in,1,2499,PL1-2504-2
VR886509,C100115,VA-SP-ORB,2025-05-18,vireo.in,1,5699,ORB-2504-1
VR888730,C101663,VA-SW-NX2,2025-05-18,Amazon,1,6174,NX2-2502-1
VR889128,C101414,VA-SW-NX2,2025-05-18,Amazon,1,6499,NX2-2503-4
VR892455,C101955,VA-NB-ARC,2025-05-18,Flipkart,2,2598,ARC-2502-1
VR894316,C108814,VA-SP-MINI,2025-05-18,vireo.in,1,1999,MINI-2503-1
VR895312,C103784,VA-EB-PL1,2025-05-18,vireo.in,1,2499,PL1-2502-4
VR897594,C106645,VA-EB-AIR,2025-05-18,vireo.in,1,1709,AIR-2503-4
VR897801,C108191,VA-EB-PL1,2025-05-18,vireo.in,1,1999,PL1-2503-4
VR903822,C100384,VA-AC-CH65,2025-05-18,vireo.in,1,1274,CH65-2503-2
VR906825,C102863,VA-SW-FIT,2025-05-18,vireo.in,1,1899,FIT-2502-1
VR907347,C108681,VA-SW-NX1,2025-05-18,vireo.in,1,4749,NX1-2503-2
VR907595,C100682,VA-NB-ARC,2025-05-18,vireo.in,1,1039,ARC-2503-1
VR907930,C102062,VA-SW-FIT,2025-05-18,vireo.in,1,1999,FIT-2502-1
VR907937,C100941,VA-SP-MINI,2025-05-18,Flipkart,1,2124,MINI-2504-4
VR908974,C105457,VA-EB-PL1,2025-05-18,Flipkart,2,4498,PL1-2503-4
VR884274,C103984,VA-EB-PL1,2025-05-19,Amazon,1,2499,PL1-2503-3
VR885020,C107491,VA-SW-NX2,2025-05-19,vireo.in,1,6499,NX2-2503-1
VR887409,C107271,VA-SP-ORB,2025-05-19,vireo.in,1,5999,ORB-2503-1
VR889904,C100478,VA-EB-PL1,2025-05-19,vireo.in,1,2499,PL1-2502-2
VR894274,C108948,VA-SW-NX1,2025-05-19,Amazon,1,4999,NX1-2504-1
VR897048,C108891,VA-SP-MINI,2025-05-19,Amazon,1,2249,MINI-2504-1
VR898547,C106943,VA-NB-ARC,2025-05-19,Flipkart,1,1299,ARC-2502-1
VR898643,C103411,VA-AC-CBL,2025-05-19,vireo.in,1,399,CBL-2504-2
VR903579,C100052,VA-EB-PL1,2025-05-19,Flipkart,1,1999,PL1-2504-3
VR908125,C106716,VA-EB-AIR,2025-05-19,vireo.in,1,1529,AIR-2502-4
VR909696,C104539,VA-EB-PL1,2025-05-19,vireo.in,1,2374,PL1-2503-3
VR880249,C107361,VA-SP-ORB,2025-05-20,vireo.in,1,5399,ORB-2503-2
VR881642,C104121,VA-SP-ORB,2025-05-20,vireo.in,1,5999,ORB-2503-4
VR882562,C101056,VA-EB-PL1,2025-05-20,vireo.in,1,1999,PL1-2504-2
VR885512,C105739,VA-EB-PL1,2025-05-20,Amazon,1,2124,PL1-2503-1
VR885854,C107737,VA-SW-FIT,2025-05-20,Flipkart,1,1699,FIT-2504-4
VR888584,C101974,VA-SW-FIT,2025-05-20,vireo.in,1,1999,FIT-2504-4
VR889950,C102726,VA-HP-ST2,2025-05-20,vireo.in,1,4249,ST2-2502-1
VR893819,C100432,VA-SW-NX1,2025-05-20,Amazon,1,4499,NX1-2504-2
VR894721,C102299,VA-SW-NX1,2025-05-20,vireo.in,1,4999,NX1-2502-4
VR898214,C103781,VA-EB-PL1,2025-05-20,Amazon,1,2499,PL1-2502-1
VR900861,C107938,VA-SP-MINI,2025-05-20,vireo.in,1,2374,MINI-2503-1
VR901340,C100390,VA-SP-MINI,2025-05-20,Flipkart,1,2499,MINI-2503-4
VR902721,C105635,VA-SW-NX2,2025-05-20,vireo.in,1,6499,NX2-2503-4
VR903368,C104214,VA-SW-NX2,2025-05-20,vireo.in,1,6499,NX2-2504-2
VR904564,C108552,VA-SP-MINI,2025-05-20,Flipkart,1,2499,MINI-2502-1
VR906283,C108882,VA-SP-ORB,2025-05-20,Amazon,1,5999,ORB-2502-3
VR909111,C106332,VA-HP-ST3,2025-05-20,vireo.in,1,6649,ST3-2503-4
VR881432,C104703,VA-SW-NX2,2025-05-21,vireo.in,1,5849,NX2-2503-1
VR882005,C106348,VA-SW-NX2,2025-05-21,vireo.in,2,12998,NX2-2503-3
VR883412,C105582,VA-SP-MINI,2025-05-21,vireo.in,1,2249,MINI-2502-1
VR887262,C108368,VA-HP-ST3,2025-05-21,Amazon,1,5599,ST3-2502-4
VR891716,C106958,VA-EB-AIR,2025-05-21,vireo.in,1,1799,AIR-2502-2
VR892643,C109178,VA-EB-AIR,2025-05-21,Amazon,2,3598,AIR-2504-3
VR892770,C108692,VA-SW-NX2,2025-05-21,Amazon,1,5849,NX2-2503-2
VR895792,C101760,VA-SW-NX1,2025-05-21,vireo.in,1,4749,NX1-2503-1
VR896224,C108340,VA-SW-NX1,2025-05-21,vireo.in,1,4999,NX1-2503-4
VR897182,C108183,VA-HP-ST3,2025-05-21,Flipkart,1,6999,ST3-2502-4
VR897298,C108270,VA-HP-ST3,2025-05-21,Amazon,1,6649,ST3-2502-2
VR897503,C104445,VA-EB-AIR,2025-05-21,Amazon,1,1439,AIR-2504-1
VR898233,C101827,VA-SP-MINI,2025-05-21,Amazon,1,1999,MINI-2503-1
VR899955,C102759,VA-SW-FIT,2025-05-21,Amazon,1,1799,FIT-2504-3
VR900025,C101663,VA-EB-AIR,2025-05-21,vireo.in,2,2878,AIR-2504-1
VR901626,C108941,VA-EB-PL1,2025-05-21,Flipkart,1,2374,PL1-2504-3
VR902855,C101989,VA-SP-ORB,2025-05-21,vireo.in,1,4799,ORB-2503-2
VR904393,C105939,VA-SW-NX2,2025-05-21,Amazon,1,6499,NX2-2502-3
VR906427,C101034,VA-HP-ST3,2025-05-21,vireo.in,1,5949,ST3-2503-4
VR906478,C100039,VA-HP-ST2,2025-05-21,vireo.in,1,4999,ST2-2503-2
VR907091,C106640,VA-EB-AIR,2025-05-21,Flipkart,1,1709,AIR-2502-2
VR907200,C100260,VA-SP-ORB,2025-05-21,Amazon,1,4799,ORB-2504-1
VR909444,C106027,VA-EB-AIR,2025-05-21,Amazon,2,2878,AIR-2503-3
VR883948,C102961,VA-HP-ST3,2025-05-22,vireo.in,1,5949,ST3-2504-3
VR886604,C109384,VA-SP-MINI,2025-05-22,vireo.in,1,2374,MINI-2502-4
VR886748,C104761,VA-EB-PL1,2025-05-22,vireo.in,1,2374,PL1-2502-1
VR887427,C104469,VA-EB-PL1,2025-05-22,vireo.in,1,2124,PL1-2504-3
VR888315,C100574,VA-SW-FIT,2025-05-22,Amazon,1,1999,FIT-2502-4
VR889085,C104746,VA-SW-NX2,2025-05-22,Amazon,1,6499,NX2-2502-1
VR889400,C105897,VA-EB-AIR,2025-05-22,Flipkart,1,1619,AIR-2502-4
VR889566,C100454,VA-SP-MINI,2025-05-22,vireo.in,1,2374,MINI-2502-2
VR890409,C102717,VA-SP-MINI,2025-05-22,Flipkart,1,2499,MINI-2504-2
VR890688,C108680,VA-HP-ST2,2025-05-22,Amazon,1,3999,ST2-2502-3
VR890694,C107439,VA-EB-AIR,2025-05-22,Amazon,1,1799,AIR-2503-1
VR890943,C109483,VA-SW-NX2,2025-05-22,vireo.in,2,12348,NX2-2503-1
VR891870,C109123,VA-SW-NX2,2025-05-22,Amazon,2,12348,NX2-2504-3
VR894541,C109461,VA-SW-NX2,2025-05-22,vireo.in,1,5849,NX2-2502-2
VR895292,C105154,VA-SP-MINI,2025-05-22,vireo.in,1,2249,MINI-2502-4
VR896555,C108750,VA-SP-ORB,2025-05-22,Flipkart,1,5099,ORB-2504-1
VR898470,C101113,VA-HP-ST3,2025-05-22,Flipkart,2,13998,ST3-2504-4
VR900263,C102982,VA-NB-ARC,2025-05-22,vireo.in,1,1039,ARC-2504-4
VR900992,C101330,VA-EB-AIR,2025-05-22,vireo.in,1,1439,AIR-2505-4
VR903273,C102387,VA-EB-PL1,2025-05-22,Amazon,1,2499,PL1-2502-1
VR905313,C103602,VA-EB-AIR,2025-05-22,Flipkart,1,1439,AIR-2503-2
VR905492,C107623,VA-SP-ORB,2025-05-22,Flipkart,2,9598,ORB-2503-4
VR905875,C106378,VA-HP-ST3,2025-05-22,Amazon,1,6649,ST3-2503-1
VR881108,C106133,VA-EB-AIR,2025-05-23,Amazon,1,1799,AIR-2503-3
VR883902,C103459,VA-SW-NX1,2025-05-23,vireo.in,1,4749,NX1-2504-2
VR884838,C107755,VA-SP-ORB,2025-05-23,vireo.in,1,5999,ORB-2503-4
VR885147,C106274,VA-EB-AIR,2025-05-23,vireo.in,1,1799,AIR-2503-4
VR886393,C106206,VA-SP-ORB,2025-05-23,Amazon,1,5999,ORB-2504-4
VR887628,C105540,VA-SW-NX2,2025-05-23,vireo.in,1,6499,NX2-2503-1
VR888235,C100923,VA-HP-ST3,2025-05-23,Amazon,1,5949,ST3-2503-3
VR890032,C107130,VA-HP-ST3,2025-05-23,Amazon,1,6999,ST3-2505-1
VR892215,C100730,VA-SW-NX2,2025-05-23,vireo.in,1,6499,NX2-2502-4
VR893596,C101094,VA-NB-ARC,2025-05-23,Amazon,1,1299,ARC-2503-3
VR895000,C103042,VA-SW-NX2,2025-05-23,Flipkart,1,5524,NX2-2504-1
VR899166,C109083,VA-SP-MINI,2025-05-23,Flipkart,1,1999,MINI-2504-1
VR899243,C108817,VA-SP-MINI,2025-05-23,Flipkart,2,4998,MINI-2504-3
VR899283,C104594,VA-SW-FIT,2025-05-23,Amazon,1,1999,FIT-2504-2
VR901363,C107889,VA-SW-FIT,2025-05-23,Amazon,1,1999,FIT-2504-4
VR902787,C103983,VA-SW-NX2,2025-05-23,vireo.in,1,6174,NX2-2504-2
VR903487,C104660,VA-SP-ORB,2025-05-23,vireo.in,2,11398,ORB-2503-4
VR906117,C108476,VA-SW-NX1,2025-05-23,vireo.in,1,4999,NX1-2504-1
VR907219,C105275,VA-HP-ST3,2025-05-23,Flipkart,1,6649,ST3-2502-1
VR908352,C102211,VA-SW-NX2,2025-05-23,Flipkart,1,6174,NX2-2502-2
VR909944,C106978,VA-EB-AIR,2025-05-23,Amazon,1,1799,AIR-2502-2
VR880173,C105741,VA-NB-ARC,2025-05-24,vireo.in,1,1104,ARC-2503-2
VR889180,C108445,VA-SP-ORB,2025-05-24,Amazon,1,5699,ORB-2505-1
VR893121,C109460,VA-EB-AIR,2025-05-24,Amazon,1,1529,AIR-2503-1
VR893595,C105758,VA-EB-PL1,2025-05-24,vireo.in,1,2374,PL1-2504-2
VR894226,C106234,VA-EB-AIR,2025-05-24,Amazon,1,1799,AIR-2503-1
VR901376,C107973,VA-HP-ST3,2025-05-24,vireo.in,1,6999,ST3-2503-2
VR901553,C101163,VA-SP-MINI,2025-05-24,Flipkart,1,1999,MINI-2505-1
VR905969,C103484,VA-SP-ORB,2025-05-24,Amazon,1,5399,ORB-2504-1
VR907064,C102224,VA-EB-PL1,2025-05-24,vireo.in,1,2499,PL1-2504-4
VR907492,C103610,VA-SP-MINI,2025-05-24,Flipkart,1,2374,MINI-2503-1
VR908540,C107006,VA-EB-AIR,2025-05-24,vireo.in,2,3598,AIR-2503-4
VR909063,C103743,VA-SP-ORB,2025-05-24,vireo.in,1,5099,ORB-2503-4
VR909929,C106261,VA-HP-ST3,2025-05-24,Flipkart,1,6649,ST3-2502-3
VR880327,C108524,VA-EB-AIR,2025-05-25,vireo.in,1,1529,AIR-2502-4
VR880514,C106601,VA-AC-CBL,2025-05-25,vireo.in,1,399,CBL-2503-1
VR884721,C101148,VA-EB-AIR,2025-05-25,Amazon,1,1619,AIR-2503-1
VR885735,C102143,VA-HP-ST3,2025-05-25,vireo.in,2,12598,ST3-2504-1
VR886721,C100708,VA-SP-MINI,2025-05-25,vireo.in,1,2499,MINI-2504-3
VR890063,C107583,VA-EB-PL1,2025-05-25,vireo.in,1,1999,PL1-2503-1
VR890156,C103179,VA-EB-AIR,2025-05-25,vireo.in,1,1799,AIR-2503-3
VR890504,C101291,VA-SW-NX1,2025-05-25,vireo.in,1,4999,NX1-2504-3
VR894080,C107111,VA-HP-ST3,2025-05-25,Amazon,1,6999,ST3-2502-1
VR895117,C103463,VA-SW-FIT,2025-05-25,vireo.in,1,1999,FIT-2504-4
VR898575,C106319,VA-EB-PL1,2025-05-25,vireo.in,1,2374,PL1-2504-3
VR899797,C108874,VA-EB-AIR,2025-05-25,Flipkart,1,1799,AIR-2503-1
VR901265,C109102,VA-NB-ARC,2025-05-25,vireo.in,1,1039,ARC-2503-4
VR902181,C108174,VA-EB-PL1,2025-05-25,vireo.in,1,2499,PL1-2503-3
VR903053,C100046,VA-HP-ST3,2025-05-25,Flipkart,1,5599,ST3-2502-1
VR905253,C104739,VA-SW-FIT,2025-05-25,Amazon,1,1899,FIT-2504-3
VR906112,C109018,VA-HP-ST3,2025-05-25,Amazon,1,6649,ST3-2504-1
VR907489,C105721,VA-SW-FIT,2025-05-25,vireo.in,1,1999,FIT-2504-3
VR908395,C105216,VA-SP-MINI,2025-05-25,Flipkart,1,2249,MINI-2502-4
VR908452,C108530,VA-SP-ORB,2025-05-25,Flipkart,1,5999,ORB-2502-4
VR881053,C107575,VA-NB-ARC,2025-05-26,vireo.in,1,1169,ARC-2502-3
VR882499,C107141,VA-SP-MINI,2025-05-26,Amazon,1,1999,MINI-2502-4
VR882580,C101816,VA-SW-NX2,2025-05-26,vireo.in,1,6174,NX2-2504-3
VR884775,C108409,VA-SW-NX2,2025-05-26,Amazon,1,6499,NX2-2505-3
VR885511,C100408,VA-EB-AIR,2025-05-26,vireo.in,1,1799,AIR-2502-1
VR888792,C103184,VA-EB-PL1,2025-05-26,vireo.in,1,1999,PL1-2503-3
VR891261,C101149,VA-EB-PL1,2025-05-26,vireo.in,1,1999,PL1-2502-3
VR892509,C108640,VA-AC-CH65,2025-05-26,Amazon,1,1499,CH65-2505-2
VR896348,C105018,VA-SW-NX2,2025-05-26,Flipkart,1,5524,NX2-2504-2
VR898824,C105400,VA-SW-NX2,2025-05-26,vireo.in,1,5849,NX2-2503-4
VR900068,C100419,VA-EB-AIR,2025-05-26,Amazon,1,1439,AIR-2504-1
VR900969,C103522,VA-SW-NX1,2025-05-26,vireo.in,1,4999,NX1-2502-1
VR901683,C102478,VA-SW-NX2,2025-05-26,vireo.in,1,6499,NX2-2504-2
VR902240,C108305,VA-SP-MINI,2025-05-26,Amazon,1,2499,MINI-2504-3
VR903480,C100762,VA-HP-ST3,2025-05-26,Flipkart,1,6999,ST3-2503-3
VR904275,C107889,VA-HP-ST3,2025-05-26,Amazon,1,6999,ST3-2503-2
VR905667,C104696,VA-AC-CH65,2025-05-26,vireo.in,1,1274,CH65-2503-1
VR907766,C103595,VA-EB-AIR,2025-05-26,vireo.in,1,1529,AIR-2502-1
VR881243,C103641,VA-SW-NX2,2025-05-27,vireo.in,1,5524,NX2-2503-2
VR883203,C107460,VA-EB-PL1,2025-05-27,vireo.in,1,2499,PL1-2502-2
VR890292,C108900,VA-EB-PL1,2025-05-27,vireo.in,1,2499,PL1-2504-3
VR899122,C107356,VA-SP-MINI,2025-05-27,vireo.in,1,2499,MINI-2503-4
VR899462,C100052,VA-SW-NX2,2025-05-27,Amazon,1,6499,NX2-2504-2
VR901037,C106843,VA-SP-MINI,2025-05-27,Amazon,1,2374,MINI-2502-2
VR904182,C105172,VA-HP-ST3,2025-05-27,vireo.in,1,6999,ST3-2504-1
VR906154,C102217,VA-SP-MINI,2025-05-27,Amazon,1,2499,MINI-2504-4
VR907971,C100778,VA-EB-AIR,2025-05-27,Amazon,1,1439,AIR-2505-2
VR909788,C101523,VA-NB-ARC,2025-05-27,vireo.in,1,1039,ARC-2503-3
VR882025,C108099,VA-EB-AIR,2025-05-28,vireo.in,1,1799,AIR-2503-3
VR883062,C108039,VA-SW-NX2,2025-05-28,Flipkart,1,5524,NX2-2502-4
VR883662,C105900,VA-SP-MINI,2025-05-28,vireo.in,1,2499,MINI-2503-4
VR886635,C102895,VA-HP-ST3,2025-05-28,vireo.in,1,6999,ST3-2503-1
VR888823,C109455,VA-HP-ST2,2025-05-28,Amazon,1,4749,ST2-2503-4
VR890188,C100318,VA-EB-AIR,2025-05-28,Flipkart,1,1799,AIR-2502-3
VR894690,C100521,VA-EB-PL1,2025-05-28,vireo.in,1,1999,PL1-2504-4
VR895326,C105091,VA-SW-FIT,2025-05-28,vireo.in,1,1999,FIT-2502-2
VR895335,C104081,VA-SW-NX1,2025-05-28,vireo.in,1,3999,NX1-2505-3
VR896588,C102257,VA-SW-NX2,2025-05-28,Amazon,1,5199,NX2-2504-3
VR897209,C107964,VA-EB-AIR,2025-05-28,Amazon,1,1619,AIR-2504-4
VR901285,C101302,VA-SP-MINI,2025-05-28,Amazon,1,2374,MINI-2504-2
VR903353,C105469,VA-EB-PL1,2025-05-28,Amazon,1,1999,PL1-2504-2
VR904526,C103515,VA-HP-ST3,2025-05-28,Amazon,1,6999,ST3-2502-3
VR909014,C108573,VA-SW-NX2,2025-05-28,vireo.in,1,6499,NX2-2504-4
VR880335,C108048,VA-EB-AIR,2025-05-29,vireo.in,1,1799,AIR-2503-2
VR880709,C105298,VA-SW-NX2,2025-05-29,Amazon,2,12998,NX2-2503-2
VR882638,C105736,VA-SP-MINI,2025-05-29,vireo.in,1,2124,MINI-2502-2
VR883369,C103374,VA-HP-ST2,2025-05-29,Flipkart,1,4999,ST2-2505-4
VR887739,C101538,VA-HP-ST3,2025-05-29,Amazon,1,6299,ST3-2505-4
VR890949,C101828,VA-SW-NX2,2025-05-29,Amazon,1,5849,NX2-2502-1
VR892171,C105649,VA-EB-AIR,2025-05-29,Amazon,1,1799,AIR-2504-3
VR894334,C103683,VA-EB-AIR,2025-05-29,vireo.in,1,1709,AIR-2503-4
VR895968,C108225,VA-SW-NX2,2025-05-29,vireo.in,1,6499,NX2-2502-4
VR900112,C103470,VA-EB-AIR,2025-05-29,vireo.in,1,1799,AIR-2503-2
VR900186,C109188,VA-SP-ORB,2025-05-29,Amazon,1,5099,ORB-2504-1
VR902444,C105321,VA-SW-FIT,2025-05-29,Flipkart,1,1999,FIT-2505-4
VR902611,C106149,VA-SW-NX2,2025-05-29,Amazon,1,6499,NX2-2505-1
VR903056,C100923,VA-EB-PL1,2025-05-29,Flipkart,2,4498,PL1-2503-1
VR905777,C109450,VA-SW-NX2,2025-05-29,vireo.in,1,6499,NX2-2503-4
VR906205,C101165,VA-SP-MINI,2025-05-29,vireo.in,1,2499,MINI-2505-4
VR909994,C103974,VA-SP-MINI,2025-05-29,Amazon,1,2499,MINI-2502-3
VR880992,C108725,VA-SW-NX2,2025-05-30,vireo.in,1,5199,NX2-2503-3
VR883687,C100207,VA-EB-AIR,2025-05-30,Amazon,1,1709,AIR-2503-1
VR887332,C106001,VA-EB-AIR,2025-05-30,Amazon,2,3598,AIR-2503-3
VR890070,C103192,VA-EB-PL1,2025-05-30,Amazon,1,1999,PL1-2504-4
VR890582,C106155,VA-EB-AIR,2025-05-30,Amazon,1,1529,AIR-2504-2
VR891476,C100807,VA-EB-PL1,2025-05-30,Flipkart,1,2499,PL1-2504-1
VR891535,C109079,VA-EB-AIR,2025-05-30,Flipkart,1,1799,AIR-2503-2
VR892460,C104256,VA-SP-ORB,2025-05-30,vireo.in,1,5099,ORB-2502-1
VR894421,C105708,VA-EB-PL1,2025-05-30,vireo.in,1,2124,PL1-2503-2
VR894585,C102786,VA-SW-NX1,2025-05-30,vireo.in,2,8498,NX1-2504-3
VR895185,C102611,VA-EB-PL1,2025-05-30,vireo.in,1,1999,PL1-2503-1
VR896133,C107222,VA-EB-AIR,2025-05-30,Flipkart,1,1709,AIR-2502-3
VR896585,C106573,VA-SW-NX2,2025-05-30,vireo.in,1,5199,NX2-2503-1
VR897285,C102650,VA-SW-NX2,2025-05-30,Flipkart,1,6499,NX2-2505-1
VR898527,C105051,VA-HP-ST3,2025-05-30,vireo.in,1,6999,ST3-2504-4
VR898905,C108727,VA-SW-NX2,2025-05-30,Amazon,1,5524,NX2-2503-2
VR901446,C102395,VA-SP-ORB,2025-05-30,Amazon,1,5999,ORB-2503-3
VR902322,C101463,VA-HP-ST3,2025-05-30,vireo.in,1,5949,ST3-2504-4
VR903918,C109119,VA-EB-PL1,2025-05-30,Amazon,1,2499,PL1-2504-1
VR905085,C101798,VA-EB-PL1,2025-05-30,Flipkart,1,2499,PL1-2502-2
VR907360,C100058,VA-EB-AIR,2025-05-30,vireo.in,2,3598,AIR-2505-2
VR907487,C107374,VA-EB-PL1,2025-05-30,vireo.in,1,2499,PL1-2503-4
VR908932,C107280,VA-EB-PL1,2025-05-30,vireo.in,1,2374,PL1-2504-4
VR880934,C101103,VA-SP-MINI,2025-05-31,vireo.in,1,2249,MINI-2502-1
VR881105,C103616,VA-SW-FIT,2025-05-31,Amazon,1,1899,FIT-2505-2
VR882286,C100142,VA-SW-NX2,2025-05-31,vireo.in,1,5524,NX2-2503-4
VR882511,C101721,VA-EB-PL1,2025-05-31,vireo.in,2,4998,PL1-2504-4
VR884473,C106117,VA-EB-AIR,2025-05-31,Flipkart,1,1619,AIR-2503-2
VR885491,C101061,VA-HP-ST2,2025-05-31,vireo.in,1,4499,ST2-2504-2
VR885875,C105840,VA-SW-FIT,2025-05-31,vireo.in,1,1999,FIT-2502-3
VR891275,C107758,VA-SW-FIT,2025-05-31,Amazon,1,1899,FIT-2503-3
VR891482,C101383,VA-SP-MINI,2025-05-31,vireo.in,1,2499,MINI-2504-3
VR892151,C107085,VA-EB-AIR,2025-05-31,Amazon,1,1439,AIR-2503-4
VR893631,C100174,VA-SP-MINI,2025-05-31,vireo.in,1,2249,MINI-2504-4
VR893672,C100869,VA-SW-NX2,2025-05-31,vireo.in,1,6499,NX2-2502-2
VR893832,C105828,VA-EB-PL1,2025-05-31,vireo.in,1,2499,PL1-2503-2
VR898444,C102675,VA-NB-ARC,2025-05-31,vireo.in,1,1299,ARC-2502-3
VR899813,C105880,VA-SW-NX2,2025-05-31,vireo.in,1,5524,NX2-2504-2
VR907312,C101496,VA-SW-NX2,2025-05-31,Amazon,1,5524,NX2-2505-2
VR908784,C109136,VA-SW-FIT,2025-05-31,vireo.in,1,1899,FIT-2503-2
VR881668,C100141,VA-EB-PL1,2025-06-01,Amazon,1,1999,PL1-2503-1
VR882076,C108271,VA-SW-NX2,2025-06-01,vireo.in,1,5199,NX2-2502-3
VR884419,C108346,VA-SW-FIT,2025-06-01,vireo.in,1,1599,FIT-2502-3
VR885579,C107691,VA-HP-ST3,2025-06-01,vireo.in,1,6649,ST3-2503-2
VR887944,C106578,VA-SP-MINI,2025-06-01,vireo.in,1,2499,MINI-2503-1
VR888486,C105361,VA-EB-PL1,2025-06-01,vireo.in,1,1999,PL1-2504-4
VR892236,C101297,VA-AC-CBL,2025-06-01,Flipkart,1,319,CBL-2504-4
VR893138,C100821,VA-SW-FIT,2025-06-01,Flipkart,1,1599,FIT-2504-3
VR893232,C104561,VA-HP-ST3,2025-06-01,Amazon,1,6299,ST3-2504-1
VR893449,C108566,VA-SW-NX1,2025-06-01,vireo.in,1,4999,NX1-2502-3
VR894738,C108414,VA-AC-CH65,2025-06-01,vireo.in,1,1274,CH65-2505-1
VR895357,C108982,VA-EB-AIR,2025-06-01,vireo.in,1,1439,AIR-2504-3
VR895527,C106377,VA-EB-PL1,2025-06-01,Amazon,1,2249,PL1-2504-1
VR895823,C102043,VA-SW-NX2,2025-06-01,Amazon,1,5849,NX2-2504-2
VR898622,C103830,VA-SW-NX2,2025-06-01,Amazon,1,6499,NX2-2502-1
VR898868,C101649,VA-SW-NX2,2025-06-01,vireo.in,1,5849,NX2-2504-4
VR902874,C102909,VA-SW-FIT,2025-06-01,Flipkart,1,1999,FIT-2503-4
VR903164,C106756,VA-SP-MINI,2025-06-01,vireo.in,1,2499,MINI-2503-4
VR903587,C109172,VA-NB-ARC,2025-06-01,vireo.in,1,1039,ARC-2504-1
VR906602,C109287,VA-SW-NX2,2025-06-01,vireo.in,1,6174,NX2-2505-2
VR907834,C100403,VA-HP-ST3,2025-06-01,vireo.in,1,5599,ST3-2504-2
VR910051,C103017,VA-EB-AIR,2025-06-01,vireo.in,1,1799,AIR-2503-2
VR881144,C102987,VA-HP-ST3,2025-06-02,Amazon,2,11198,ST3-2503-1
VR881164,C102211,VA-EB-PL1,2025-06-02,Flipkart,1,2374,PL1-2503-2
VR884303,C101487,VA-EB-PL1,2025-06-02,vireo.in,1,1999,PL1-2502-2
VR886459,C100527,VA-HP-ST3,2025-06-02,vireo.in,1,5599,ST3-2505-2
VR889270,C103756,VA-HP-ST3,2025-06-02,Amazon,1,6999,ST3-2503-1
VR896656,C100945,VA-SW-NX2,2025-06-02,vireo.in,1,5199,NX2-2503-2
VR899803,C101352,VA-EB-PL1,2025-06-02,Flipkart,1,2499,PL1-2505-2
VR900510,C101629,VA-EB-AIR,2025-06-02,Flipkart,1,1619,AIR-2505-3
VR901655,C101463,VA-EB-AIR,2025-06-02,Amazon,1,1799,AIR-2504-2
VR902826,C109102,VA-SP-MINI,2025-06-02,vireo.in,1,2124,MINI-2505-3
VR903398,C103381,VA-NB-ARC,2025-06-02,vireo.in,1,1169,ARC-2503-2
VR908607,C106998,VA-SW-FIT,2025-06-02,vireo.in,1,1999,FIT-2504-1
VR909684,C102661,VA-SW-FIT,2025-06-02,vireo.in,1,1899,FIT-2503-4
VR882152,C106450,VA-SW-NX2,2025-06-03,vireo.in,1,6499,NX2-2503-2
VR890904,C106384,VA-SW-NX2,2025-06-03,vireo.in,1,5524,NX2-2503-2
VR891701,C109035,VA-EB-PL1,2025-06-03,vireo.in,1,2124,PL1-2503-1
VR893305,C102362,VA-SP-MINI,2025-06-03,Amazon,1,2499,MINI-2505-3
VR893620,C108003,VA-EB-AIR,2025-06-03,Amazon,1,1799,AIR-2502-1
VR893923,C105952,VA-SW-NX2,2025-06-03,Flipkart,1,5849,NX2-2504-1
VR899344,C106121,VA-HP-ST2,2025-06-03,Amazon,1,4999,ST2-2504-1
VR900280,C108792,VA-EB-AIR,2025-06-03,Amazon,1,1529,AIR-2504-4
VR903025,C108437,VA-SP-MINI,2025-06-03,Amazon,1,2499,MINI-2503-2
VR903158,C103287,VA-SW-NX1,2025-06-03,Amazon,1,4749,NX1-2502-2
VR903970,C106889,VA-EB-PL1,2025-06-03,Flipkart,1,2374,PL1-2504-3
VR904078,C100602,VA-SP-MINI,2025-06-03,Amazon,1,2499,MINI-2505-4
VR904117,C102710,VA-HP-ST3,2025-06-03,Amazon,1,5949,ST3-2504-1
VR906423,C104170,VA-SW-NX2,2025-06-03,vireo.in,1,6499,NX2-2504-4
VR907116,C108279,VA-SW-NX2,2025-06-03,vireo.in,1,6499,NX2-2503-3
VR882236,C103471,VA-HP-ST3,2025-06-04,vireo.in,1,6999,ST3-2504-4
VR885104,C100474,VA-SP-MINI,2025-06-04,Flipkart,1,2499,MINI-2504-3
VR885244,C104038,VA-SW-FIT,2025-06-04,Flipkart,1,1599,FIT-2502-2
VR886307,C104811,VA-AC-CBL,2025-06-04,Amazon,1,379,CBL-2503-3
VR895095,C100020,VA-SP-MINI,2025-06-04,vireo.in,2,3998,MINI-2502-1
VR896648,C106688,VA-HP-ST3,2025-06-04,Amazon,1,6649,ST3-2504-4
VR896833,C105542,VA-SP-ORB,2025-06-04,Amazon,1,5999,ORB-2503-2
VR897303,C105055,VA-SW-FIT,2025-06-04,vireo.in,1,1999,FIT-2504-2
VR898009,C104071,VA-HP-ST3,2025-06-04,vireo.in,1,5949,ST3-2504-4
VR899168,C108152,VA-SW-FIT,2025-06-04,vireo.in,1,1799,FIT-2505-2
VR901390,C108425,VA-SW-NX1,2025-06-04,vireo.in,1,4499,NX1-2503-2
VR903518,C104359,VA-EB-PL1,2025-06-04,Flipkart,1,2249,PL1-2504-3
VR906061,C106899,VA-EB-PL1,2025-06-04,Amazon,1,1999,PL1-2504-1
VR906244,C103988,VA-HP-ST3,2025-06-04,vireo.in,1,6299,ST3-2503-2
VR906580,C109369,VA-SW-FIT,2025-06-04,Flipkart,1,1999,FIT-2505-3
VR880522,C107552,VA-SW-NX2,2025-06-05,Amazon,1,5524,NX2-2504-3
VR880816,C107181,VA-SP-ORB,2025-06-05,vireo.in,1,5999,ORB-2504-1
VR882111,C105383,VA-EB-AIR,2025-06-05,vireo.in,1,1619,AIR-2502-2
VR885947,C106634,VA-SP-ORB,2025-06-05,vireo.in,1,5999,ORB-2502-1
VR889194,C102488,VA-SP-ORB,2025-06-05,vireo.in,1,4799,ORB-2503-3
VR891295,C100646,VA-SP-MINI,2025-06-05,vireo.in,1,2499,MINI-2505-1
VR891446,C101985,VA-SW-FIT,2025-06-05,vireo.in,2,3598,FIT-2504-1
VR892705,C107702,VA-EB-PL1,2025-06-05,vireo.in,1,2499,PL1-2503-4
VR893877,C101274,VA-NB-ARC,2025-06-05,vireo.in,1,1169,ARC-2502-2
VR901643,C106852,VA-EB-PL1,2025-06-05,vireo.in,1,2499,PL1-2502-4
VR904708,C108319,VA-HP-ST2,2025-06-05,vireo.in,1,4249,ST2-2504-3
VR905013,C102190,VA-SW-NX2,2025-06-05,Amazon,1,6499,NX2-2504-4
VR907802,C109376,VA-HP-ST3,2025-06-05,Amazon,1,6999,ST3-2503-2
VR909169,C105206,VA-HP-ST3,2025-06-05,Amazon,1,6299,ST3-2502-2
VR909780,C106379,VA-SW-NX2,2025-06-05,Flipkart,1,5849,NX2-2504-2
VR880037,C104022,VA-SP-ORB,2025-06-06,vireo.in,1,5399,ORB-2503-4
VR884914,C109385,VA-SW-NX2,2025-06-06,vireo.in,1,6499,NX2-2504-3
VR887960,C101589,VA-SW-NX2,2025-06-06,vireo.in,1,6499,NX2-2505-2
VR894034,C103069,VA-EB-AIR,2025-06-06,vireo.in,1,1619,AIR-2503-4
VR894222,C102467,VA-SW-NX2,2025-06-06,vireo.in,1,5849,NX2-2503-1
VR897374,C101110,VA-EB-PL1,2025-06-06,vireo.in,1,1999,PL1-2503-2
VR898870,C102750,VA-EB-AIR,2025-06-06,vireo.in,1,1799,AIR-2505-3
VR898939,C100279,VA-SP-MINI,2025-06-06,Flipkart,1,2249,MINI-2505-4
VR898945,C105701,VA-EB-AIR,2025-06-06,Flipkart,1,1709,AIR-2505-4
VR901990,C102280,VA-EB-PL1,2025-06-06,Amazon,1,2499,PL1-2504-4
VR905521,C103088,VA-HP-ST3,2025-06-06,Flipkart,1,5599,ST3-2505-4
VR905748,C102191,VA-EB-AIR,2025-06-06,vireo.in,1,1709,AIR-2503-2
VR906802,C105474,VA-NB-ARC,2025-06-06,vireo.in,1,1299,ARC-2504-3
VR907510,C101569,VA-SP-MINI,2025-06-06,vireo.in,1,2499,MINI-2504-1
VR908379,C100870,VA-EB-AIR,2025-06-06,vireo.in,1,1709,AIR-2505-1
VR908384,C101007,VA-SW-NX2,2025-06-06,vireo.in,1,5849,NX2-2503-1
VR908785,C102670,VA-SP-MINI,2025-06-06,Flipkart,1,1999,MINI-2503-1
VR880625,C101654,VA-EB-AIR,2025-06-07,Flipkart,1,1799,AIR-2504-2
VR883953,C100320,VA-EB-AIR,2025-06-07,vireo.in,1,1619,AIR-2503-4
VR885063,C103795,VA-SW-NX2,2025-06-07,vireo.in,1,6499,NX2-2502-4
VR888519,C103035,VA-EB-AIR,2025-06-07,Amazon,1,1619,AIR-2503-1
VR889345,C105679,VA-EB-PL1,2025-06-07,vireo.in,1,2124,PL1-2505-3
VR890930,C108194,VA-SW-FIT,2025-06-07,vireo.in,1,1799,FIT-2504-1
VR891458,C106097,VA-SP-MINI,2025-06-07,vireo.in,1,1999,MINI-2503-3
VR891567,C108411,VA-SW-NX2,2025-06-07,Flipkart,1,5849,NX2-2503-4
VR894201,C104189,VA-EB-PL1,2025-06-07,vireo.in,1,1999,PL1-2503-3
VR894418,C106018,VA-EB-PL1,2025-06-07,vireo.in,1,2499,PL1-2503-3
VR896024,C105577,VA-EB-PL1,2025-06-07,Flipkart,1,1999,PL1-2503-3
VR897661,C104858,VA-SP-MINI,2025-06-07,vireo.in,1,2124,MINI-2505-3
VR897808,C101888,VA-EB-AIR,2025-06-07,vireo.in,1,1439,AIR-2503-4
VR904001,C105278,VA-EB-PL1,2025-06-07,vireo.in,1,2499,PL1-2503-1
VR906839,C108459,VA-SW-NX2,2025-06-07,vireo.in,1,5524,NX2-2504-1
VR907326,C107660,VA-SW-NX2,2025-06-07,vireo.in,1,5849,NX2-2504-1
VR883026,C104206,VA-EB-AIR,2025-06-08,vireo.in,1,1529,AIR-2503-2
VR885458,C102345,VA-EB-AIR,2025-06-08,vireo.in,1,1799,AIR-2504-1
VR888010,C106772,VA-SW-FIT,2025-06-08,vireo.in,1,1699,FIT-2504-3
VR891184,C107824,VA-NB-ARC,2025-06-08,Flipkart,1,1299,ARC-2503-1
VR891926,C103532,VA-EB-PL1,2025-06-08,Amazon,1,1999,PL1-2505-4
VR893078,C102782,VA-SW-NX2,2025-06-08,vireo.in,1,6174,NX2-2505-4
VR893220,C100544,VA-SW-NX2,2025-06-08,vireo.in,1,5524,NX2-2504-4
VR893289,C109179,VA-EB-PL1,2025-06-08,Flipkart,2,4998,PL1-2503-3
VR894462,C102710,VA-HP-ST3,2025-06-08,Flipkart,1,6999,ST3-2504-4
VR897403,C108822,VA-SP-ORB,2025-06-08,Amazon,1,5699,ORB-2503-1
VR899302,C106814,VA-HP-ST3,2025-06-08,vireo.in,2,11198,ST3-2502-4
VR901237,C103228,VA-SW-NX2,2025-06-08,Amazon,1,6499,NX2-2504-1
VR907852,C108196,VA-HP-ST2,2025-06-08,Amazon,1,4249,ST2-2503-1
VR909250,C102028,VA-EB-AIR,2025-06-08,vireo.in,1,1529,AIR-2503-3
VR881319,C103965,VA-NB-ARC,2025-06-09,Amazon,1,1039,ARC-2502-3
VR881834,C100950,VA-EB-PL1,2025-06-09,Amazon,1,2249,PL1-2504-3
VR883351,C100138,VA-SW-FIT,2025-06-09,vireo.in,1,1999,FIT-2503-1
VR883667,C104708,VA-EB-AIR,2025-06-09,vireo.in,2,3418,AIR-2504-2
VR884150,C107024,VA-SW-NX2,2025-06-09,Amazon,1,5199,NX2-2504-4
VR887133,C104166,VA-EB-PL1,2025-06-09,Flipkart,1,2499,PL1-2505-4
VR892764,C108257,VA-EB-AIR,2025-06-09,Flipkart,2,3598,AIR-2504-2
VR894322,C101812,VA-SW-NX2,2025-06-09,vireo.in,1,5849,NX2-2505-2
VR895752,C104493,VA-HP-ST2,2025-06-09,vireo.in,1,4499,ST2-2504-1
VR896515,C104077,VA-SW-NX2,2025-06-09,vireo.in,1,5199,NX2-2505-1
VR899978,C101927,VA-SW-FIT,2025-06-09,vireo.in,1,1599,FIT-2503-1
VR900220,C107917,VA-SW-NX1,2025-06-09,vireo.in,1,3999,NX1-2503-3
VR900224,C106799,VA-HP-ST3,2025-06-09,vireo.in,1,6649,ST3-2505-3
VR900464,C103264,VA-EB-PL1,2025-06-09,vireo.in,1,2374,PL1-2503-3
VR905814,C103186,VA-SW-NX2,2025-06-09,Amazon,1,6174,NX2-2504-1
VR880168,C101774,VA-NB-ARC,2025-06-10,Flipkart,1,1299,ARC-2502-2
VR884993,C108500,VA-EB-AIR,2025-06-10,vireo.in,1,1709,AIR-2503-2
VR891274,C103381,VA-SP-MINI,2025-06-10,vireo.in,1,2124,MINI-2504-1
VR894116,C101011,VA-EB-PL1,2025-06-10,Amazon,2,4998,PL1-2505-1
VR895394,C104881,VA-AC-CBL,2025-06-10,Amazon,1,319,CBL-2504-3
VR896582,C104472,VA-SP-ORB,2025-06-10,vireo.in,1,5699,ORB-2504-3
VR898625,C104804,VA-EB-PL1,2025-06-10,Amazon,1,1999,PL1-2503-1
VR898867,C104420,VA-SW-FIT,2025-06-10,vireo.in,1,1999,FIT-2505-1
VR901804,C102409,VA-SW-NX1,2025-06-10,Amazon,1,4749,NX1-2503-4
VR905200,C107077,VA-EB-AIR,2025-06-10,vireo.in,1,1529,AIR-2503-3
VR906522,C105754,VA-EB-AIR,2025-06-10,Amazon,1,1799,AIR-2502-4
VR909687,C100802,VA-HP-ST2,2025-06-10,vireo.in,1,4999,ST2-2502-3
VR880183,C100285,VA-NB-ARC,2025-06-11,Amazon,1,1299,ARC-2503-2
VR882603,C101734,VA-HP-ST3,2025-06-11,Flipkart,1,6649,ST3-2503-1
VR883828,C102322,VA-EB-AIR,2025-06-11,Flipkart,1,1439,AIR-2504-3
VR884026,C108964,VA-SW-FIT,2025-06-11,Amazon,1,1899,FIT-2505-1
VR886267,C107425,VA-SW-NX2,2025-06-11,Flipkart,1,6499,NX2-2503-1
VR888755,C107474,VA-EB-AIR,2025-06-11,Amazon,1,1799,AIR-2505-3
VR891958,C101452,VA-EB-AIR,2025-06-11,Amazon,1,1799,AIR-2502-4
VR892424,C100796,VA-SW-NX2,2025-06-11,vireo.in,1,5199,NX2-2502-3
VR892447,C102140,VA-SW-NX2,2025-06-11,vireo.in,1,5524,NX2-2504-4
VR896005,C102969,VA-SP-ORB,2025-06-11,Amazon,1,5999,ORB-2503-3
VR899135,C108179,VA-SP-ORB,2025-06-11,Amazon,1,5999,ORB-2505-4
VR901946,C102945,VA-SP-MINI,2025-06-11,vireo.in,1,2499,MINI-2504-2
VR904295,C101605,VA-NB-ARC,2025-06-11,Flipkart,1,1234,ARC-2502-1
VR886039,C100231,VA-SP-MINI,2025-06-12,vireo.in,1,2499,MINI-2504-2
VR886193,C103162,VA-HP-ST3,2025-06-12,vireo.in,1,5599,ST3-2503-1
VR887927,C109193,VA-NB-ARC,2025-06-12,Amazon,1,1299,ARC-2504-2
VR887931,C104345,VA-SW-FIT,2025-06-12,vireo.in,1,1999,FIT-2504-2
VR891358,C107256,VA-SW-NX2,2025-06-12,Amazon,1,5199,NX2-2504-1
VR891605,C106305,VA-SP-ORB,2025-06-12,Flipkart,1,5999,ORB-2504-1
VR891695,C106993,VA-EB-PL1,2025-06-12,Amazon,1,2124,PL1-2505-3
VR898095,C104258,VA-SP-MINI,2025-06-12,vireo.in,2,3998,MINI-2504-2
VR900033,C103534,VA-EB-PL1,2025-06-12,Amazon,1,2499,PL1-2504-3
VR902135,C103022,VA-SW-NX2,2025-06-12,vireo.in,1,5849,NX2-2504-2
VR903308,C102226,VA-HP-ST3,2025-06-12,Flipkart,1,6999,ST3-2502-3
VR904424,C105891,VA-SP-MINI,2025-06-12,Flipkart,1,2124,MINI-2503-1
VR905876,C108857,VA-SP-MINI,2025-06-12,Amazon,1,2499,MINI-2504-1
VR906095,C106884,VA-SP-MINI,2025-06-12,vireo.in,1,2499,MINI-2504-2
VR907679,C108693,VA-EB-AIR,2025-06-12,vireo.in,1,1799,AIR-2505-2
VR909195,C105178,VA-SP-ORB,2025-06-12,Amazon,1,5999,ORB-2504-3
VR880027,C102924,VA-SP-MINI,2025-06-13,vireo.in,1,2374,MINI-2505-1
VR880064,C100861,VA-EB-AIR,2025-06-13,vireo.in,1,1799,AIR-2505-1
VR880842,C102939,VA-EB-PL1,2025-06-13,Amazon,1,2124,PL1-2502-4
VR882778,C103818,VA-EB-PL1,2025-06-13,vireo.in,1,2499,PL1-2505-1
VR886620,C103553,VA-EB-AIR,2025-06-13,Amazon,1,1439,AIR-2503-4
VR887720,C109043,VA-EB-AIR,2025-06-13,vireo.in,1,1619,AIR-2503-1
VR889627,C108937,VA-SW-NX2,2025-06-13,Amazon,1,5199,NX2-2503-3
VR891106,C104598,VA-EB-PL1,2025-06-13,vireo.in,1,2499,PL1-2504-4
VR892693,C102342,VA-HP-ST3,2025-06-13,vireo.in,1,5949,ST3-2504-2
VR893238,C104095,VA-SW-NX2,2025-06-13,vireo.in,1,6499,NX2-2503-3
VR894890,C105896,VA-SP-ORB,2025-06-13,vireo.in,1,5999,ORB-2502-4
VR897089,C108761,VA-SP-MINI,2025-06-13,vireo.in,1,2499,MINI-2503-4
VR899724,C101748,VA-SP-MINI,2025-06-13,vireo.in,1,2499,MINI-2504-1
VR901908,C101259,VA-SW-FIT,2025-06-13,vireo.in,1,1999,FIT-2502-4
VR901915,C105558,VA-HP-ST3,2025-06-13,vireo.in,1,6999,ST3-2504-2
VR904265,C105386,VA-SW-NX2,2025-06-13,vireo.in,1,6499,NX2-2503-3
VR904305,C103320,VA-SP-MINI,2025-06-13,Flipkart,1,2499,MINI-2504-3
VR882137,C100617,VA-SW-NX2,2025-06-14,Flipkart,1,5199,NX2-2505-4
VR883217,C105834,VA-HP-ST3,2025-06-14,Amazon,1,6649,ST3-2504-1
VR883689,C101985,VA-HP-ST2,2025-06-14,Amazon,1,4499,ST2-2502-3
VR891012,C108206,VA-HP-ST3,2025-06-14,Amazon,1,5599,ST3-2504-3
VR893277,C108851,VA-HP-ST3,2025-06-14,vireo.in,1,6999,ST3-2503-3
VR896371,C104572,VA-SW-NX1,2025-06-14,Amazon,2,7998,NX1-2504-1
VR898499,C102574,VA-SP-MINI,2025-06-14,Amazon,1,2499,MINI-2504-4
VR903451,C105866,VA-EB-AIR,2025-06-14,vireo.in,1,1799,AIR-2505-3
VR904703,C102600,VA-SW-NX2,2025-06-14,vireo.in,1,6499,NX2-2504-1
VR905359,C106841,VA-EB-AIR,2025-06-14,vireo.in,1,1619,AIR-2505-4
VR880592,C100740,VA-SP-ORB,2025-06-15,Amazon,2,11998,ORB-2505-4
VR882831,C101628,VA-EB-PL1,2025-06-15,Amazon,1,1999,PL1-2505-1
VR889200,C104158,VA-SW-FIT,2025-06-15,Amazon,1,1599,FIT-2504-4
VR892186,C100242,VA-SP-MINI,2025-06-15,Amazon,1,2374,MINI-2502-2
VR894398,C100183,VA-SP-ORB,2025-06-15,Flipkart,1,5999,ORB-2504-1
VR899610,C101607,VA-SW-FIT,2025-06-15,vireo.in,1,1599,FIT-2505-1
VR901645,C107766,VA-HP-ST3,2025-06-15,Flipkart,1,6999,ST3-2504-2
VR902642,C104572,VA-SP-MINI,2025-06-15,Amazon,1,2124,MINI-2505-4
VR906017,C100661,VA-HP-ST3,2025-06-15,vireo.in,1,6999,ST3-2503-2
VR910016,C107310,VA-SW-NX2,2025-06-15,Amazon,1,5524,NX2-2505-4
VR886092,C107654,VA-HP-ST3,2025-06-16,vireo.in,1,6999,ST3-2503-2
VR886353,C101775,VA-NB-ARC,2025-06-16,Amazon,1,1299,ARC-2503-3
VR886357,C102817,VA-SW-FIT,2025-06-16,Amazon,1,1999,FIT-2504-2
VR886586,C103577,VA-NB-ARC,2025-06-16,vireo.in,1,1104,ARC-2504-3
VR888903,C102268,VA-EB-PL1,2025-06-16,Amazon,1,2374,PL1-2503-1
VR889455,C102182,VA-SW-FIT,2025-06-16,Amazon,1,1599,FIT-2505-3
VR890743,C100082,VA-SW-FIT,2025-06-16,Amazon,1,1999,FIT-2503-4
VR892073,C106070,VA-HP-ST3,2025-06-16,vireo.in,1,6649,ST3-2503-2
VR894128,C101883,VA-SP-MINI,2025-06-16,vireo.in,1,2374,MINI-2504-1
VR894971,C108487,VA-SP-MINI,2025-06-16,Amazon,1,2124,MINI-2503-3
VR896916,C102812,VA-HP-ST3,2025-06-16,Amazon,1,5949,ST3-2504-2
VR898688,C107705,VA-EB-PL1,2025-06-16,vireo.in,1,1999,PL1-2503-3
VR902338,C107386,VA-HP-ST2,2025-06-16,Amazon,1,4999,ST2-2505-1
VR902754,C102827,VA-SW-NX2,2025-06-16,vireo.in,1,6174,NX2-2503-3
VR903511,C105268,VA-EB-PL1,2025-06-16,Flipkart,1,2249,PL1-2503-3
VR906176,C102693,VA-EB-AIR,2025-06-16,vireo.in,1,1799,AIR-2505-2
VR909751,C105423,VA-SP-MINI,2025-06-16,vireo.in,1,2124,MINI-2504-1
VR910039,C105845,VA-EB-PL1,2025-06-16,Amazon,1,2499,PL1-2505-2
VR880715,C106681,VA-SP-MINI,2025-06-17,Amazon,2,4498,MINI-2503-2
VR881454,C105424,VA-EB-AIR,2025-06-17,Flipkart,1,1799,AIR-2505-3
VR883298,C109013,VA-SW-FIT,2025-06-17,Flipkart,1,1999,FIT-2504-1
VR890631,C101058,VA-HP-ST3,2025-06-17,Amazon,1,5599,ST3-2505-4
VR891277,C107097,VA-EB-PL1,2025-06-17,Amazon,1,2374,PL1-2504-1
VR892918,C103938,VA-SP-ORB,2025-06-17,vireo.in,1,5399,ORB-2505-1
VR893749,C107400,VA-SW-NX2,2025-06-17,vireo.in,1,6499,NX2-2504-3
VR896421,C105059,VA-HP-ST3,2025-06-17,vireo.in,1,6999,ST3-2504-4
VR903730,C109018,VA-NB-ARC,2025-06-17,Amazon,1,1039,ARC-2503-4
VR903731,C101293,VA-EB-PL1,2025-06-17,vireo.in,1,2374,PL1-2505-4
VR907626,C107192,VA-SP-MINI,2025-06-17,vireo.in,1,2124,MINI-2503-3
VR881066,C106710,VA-SP-ORB,2025-06-18,vireo.in,1,5699,ORB-2503-3
VR881618,C100055,VA-SP-MINI,2025-06-18,vireo.in,1,2499,MINI-2504-4
VR881986,C106727,VA-HP-ST3,2025-06-18,vireo.in,1,6299,ST3-2505-2
VR882316,C108867,VA-EB-AIR,2025-06-18,vireo.in,1,1439,AIR-2503-1
VR882583,C106122,VA-EB-AIR,2025-06-18,Amazon,1,1529,AIR-2504-2
VR883623,C102386,VA-HP-ST3,2025-06-18,vireo.in,1,5599,ST3-2503-4
VR884409,C105114,VA-EB-PL1,2025-06-18,vireo.in,1,2499,PL1-2503-2
VR884607,C103777,VA-HP-ST3,2025-06-18,vireo.in,1,5949,ST3-2505-1
VR886263,C102543,VA-SW-NX1,2025-06-18,Amazon,1,4499,NX1-2505-3
VR890462,C102942,VA-HP-ST3,2025-06-18,vireo.in,1,6999,ST3-2505-4
VR892427,C105017,VA-SP-ORB,2025-06-18,Amazon,1,5399,ORB-2504-4
VR894655,C106029,VA-SW-NX2,2025-06-18,Amazon,1,5199,NX2-2504-3
VR894658,C100737,VA-SW-NX2,2025-06-18,vireo.in,1,6499,NX2-2504-1
VR895466,C104990,VA-NB-ARC,2025-06-18,Amazon,1,1169,ARC-2504-1
VR896182,C101882,VA-SP-MINI,2025-06-18,vireo.in,1,1999,MINI-2503-4
VR899268,C104436,VA-HP-ST2,2025-06-18,Amazon,1,3999,ST2-2503-4
VR906084,C105931,VA-HP-ST3,2025-06-18,vireo.in,1,5949,ST3-2503-4
VR881763,C102296,VA-SP-MINI,2025-06-19,Flipkart,1,2374,MINI-2505-2
VR885335,C107901,VA-SW-FIT,2025-06-19,vireo.in,1,1699,FIT-2505-3
VR886599,C106014,VA-HP-ST3,2025-06-19,vireo.in,2,11198,ST3-2505-3
VR889746,C102943,VA-HP-ST2,2025-06-19,vireo.in,1,4999,ST2-2505-1
VR892012,C104959,VA-EB-PL1,2025-06-19,Flipkart,1,2374,PL1-2504-3
VR895368,C103072,VA-EB-AIR,2025-06-19,vireo.in,1,1439,AIR-2505-1
VR896658,C102278,VA-HP-ST2,2025-06-19,Amazon,1,4999,ST2-2504-1
VR897357,C102828,VA-EB-PL1,2025-06-19,Amazon,1,2249,PL1-2504-4
VR906855,C108074,VA-AC-CBL,2025-06-19,Amazon,1,399,CBL-2504-1
VR908729,C105737,VA-EB-PL1,2025-06-19,Amazon,2,4248,PL1-2505-1
VR880379,C102749,VA-EB-AIR,2025-06-20,vireo.in,1,1529,AIR-2504-4
VR881035,C104169,VA-EB-PL1,2025-06-20,vireo.in,2,3998,PL1-2503-1
VR888147,C102898,VA-SP-MINI,2025-06-20,vireo.in,1,2499,MINI-2505-4
VR889808,C103791,VA-HP-ST3,2025-06-20,Amazon,1,6999,ST3-2504-4
VR890791,C101397,VA-EB-AIR,2025-06-20,vireo.in,1,1619,AIR-2505-3
VR891840,C108303,VA-SW-NX2,2025-06-20,Amazon,1,5199,NX2-2505-2
VR891929,C103869,VA-SW-NX2,2025-06-20,Amazon,1,6499,NX2-2504-2
VR893783,C105120,VA-SP-ORB,2025-06-20,vireo.in,1,5699,ORB-2505-2
VR897697,C103600,VA-HP-ST3,2025-06-20,Amazon,1,6649,ST3-2505-3
VR898099,C106920,VA-SW-NX2,2025-06-20,Amazon,1,5849,NX2-2503-2
VR900603,C102805,VA-EB-PL1,2025-06-20,vireo.in,1,2374,PL1-2504-2
VR904316,C107631,VA-EB-PL1,2025-06-20,vireo.in,1,2499,PL1-2505-2
VR881083,C107024,VA-HP-ST3,2025-06-21,vireo.in,1,5949,ST3-2505-2
VR881493,C108832,VA-AC-CH65,2025-06-21,vireo.in,1,1499,CH65-2505-2
VR882420,C103148,VA-HP-ST2,2025-06-21,vireo.in,1,4999,ST2-2504-3
VR882597,C104931,VA-EB-PL1,2025-06-21,Amazon,1,2374,PL1-2505-1
VR883528,C101788,VA-SP-MINI,2025-06-21,vireo.in,1,2124,MINI-2504-3
VR887887,C107286,VA-EB-AIR,2025-06-21,vireo.in,1,1709,AIR-2504-1
VR888342,C103523,VA-EB-AIR,2025-06-21,Flipkart,1,1619,AIR-2505-2
VR891078,C100614,VA-HP-ST3,2025-06-21,vireo.in,1,5599,ST3-2503-4
VR891109,C105049,VA-SP-MINI,2025-06-21,vireo.in,1,1999,MINI-2505-3
VR895578,C100104,VA-EB-AIR,2025-06-21,Amazon,1,1709,AIR-2506-1
VR898535,C101293,VA-EB-AIR,2025-06-21,vireo.in,1,1529,AIR-2503-2
VR900920,C105715,VA-EB-AIR,2025-06-21,Amazon,1,1529,AIR-2505-3
VR906222,C105995,VA-SW-NX2,2025-06-21,Amazon,1,6499,NX2-2505-4
VR910058,C101757,VA-SP-MINI,2025-06-21,vireo.in,2,4998,MINI-2505-4
VR880620,C102413,VA-SP-ORB,2025-06-22,Amazon,1,5699,ORB-2503-3
VR881080,C102099,VA-EB-PL1,2025-06-22,Amazon,1,2249,PL1-2505-1
VR881851,C104946,VA-SP-MINI,2025-06-22,vireo.in,1,2499,MINI-2504-1
VR883670,C101228,VA-HP-ST3,2025-06-22,Flipkart,1,6999,ST3-2503-1
VR885648,C108598,VA-NB-ARC,2025-06-22,Amazon,1,1104,ARC-2504-4
VR888025,C101815,VA-HP-ST3,2025-06-22,vireo.in,1,5949,ST3-2503-1
VR893182,C109274,VA-EB-AIR,2025-06-22,vireo.in,2,3598,AIR-2505-1
VR895794,C100424,VA-HP-ST3,2025-06-22,Amazon,1,6299,ST3-2504-2
VR897172,C104378,VA-SW-NX1,2025-06-22,Amazon,1,4999,NX1-2505-1
VR899070,C105996,VA-EB-PL1,2025-06-22,Amazon,1,2499,PL1-2505-2
VR899819,C101748,VA-SP-MINI,2025-06-22,vireo.in,1,1999,MINI-2503-1
VR902168,C104823,VA-EB-AIR,2025-06-22,vireo.in,1,1799,AIR-2503-4
VR902922,C109353,VA-SW-NX2,2025-06-22,vireo.in,1,6499,NX2-2505-3
VR905930,C105024,VA-EB-AIR,2025-06-22,Amazon,1,1799,AIR-2504-3
VR881149,C108040,VA-HP-ST2,2025-06-23,vireo.in,1,4499,ST2-2504-4
VR885136,C102711,VA-SP-MINI,2025-06-23,vireo.in,1,2374,MINI-2504-3
VR885869,C107520,VA-SW-FIT,2025-06-23,vireo.in,1,1599,FIT-2505-2
VR886590,C100972,VA-HP-ST3,2025-06-23,Amazon,1,6649,ST3-2503-2
VR887781,C103323,VA-NB-ARC,2025-06-23,vireo.in,1,1234,ARC-2503-1
VR888498,C101372,VA-SW-FIT,2025-06-23,vireo.in,1,1999,FIT-2504-1
VR888651,C105853,VA-HP-ST3,2025-06-23,vireo.in,1,5599,ST3-2505-4
VR890245,C100885,VA-SW-FIT,2025-06-23,vireo.in,1,1999,FIT-2505-2
VR890267,C106998,VA-EB-PL1,2025-06-23,vireo.in,1,2499,PL1-2504-4
VR890883,C107297,VA-SP-MINI,2025-06-23,vireo.in,1,2249,MINI-2505-2
VR891343,C104001,VA-SW-NX2,2025-06-23,vireo.in,1,6499,NX2-2504-4
VR892743,C107323,VA-SW-NX2,2025-06-23,vireo.in,1,6174,NX2-2505-4
VR893664,C107123,VA-EB-AIR,2025-06-23,vireo.in,1,1799,AIR-2504-3
VR893863,C104494,VA-SW-NX2,2025-06-23,vireo.in,1,6499,NX2-2504-1
VR894848,C100865,VA-HP-ST3,2025-06-23,Amazon,1,6999,ST3-2505-3
VR897035,C102155,VA-EB-AIR,2025-06-23,vireo.in,1,1799,AIR-2504-4
VR901538,C108387,VA-SW-FIT,2025-06-23,Amazon,1,1599,FIT-2503-3
VR905168,C104471,VA-NB-ARC,2025-06-23,vireo.in,1,1234,ARC-2505-3
VR907881,C108134,VA-EB-PL1,2025-06-23,vireo.in,1,2249,PL1-2504-1
VR908526,C107081,VA-SW-NX1,2025-06-23,vireo.in,1,4999,NX1-2505-2
VR909798,C105729,VA-SP-MINI,2025-06-23,vireo.in,1,1999,MINI-2504-1
VR881200,C100653,VA-SW-FIT,2025-06-24,vireo.in,1,1899,FIT-2503-4
VR881325,C105196,VA-SW-FIT,2025-06-24,vireo.in,1,1999,FIT-2503-1
VR881878,C107325,VA-SW-NX2,2025-06-24,vireo.in,1,5524,NX2-2505-3
VR887601,C106232,VA-SW-FIT,2025-06-24,Amazon,1,1699,FIT-2503-4
VR890734,C108455,VA-HP-ST3,2025-06-24,vireo.in,1,6649,ST3-2504-3
VR892076,C107475,VA-SW-FIT,2025-06-24,Flipkart,1,1999,FIT-2505-4
VR893648,C100769,VA-SW-NX2,2025-06-24,Amazon,1,6499,NX2-2504-2
VR894404,C102198,VA-HP-ST2,2025-06-24,vireo.in,1,4249,ST2-2504-2
VR896866,C103336,VA-SW-NX2,2025-06-24,Amazon,1,5524,NX2-2505-1
VR901153,C100367,VA-HP-ST3,2025-06-24,vireo.in,2,13998,ST3-2504-2
VR902292,C103585,VA-SW-NX2,2025-06-24,vireo.in,1,5849,NX2-2504-4
VR904734,C100723,VA-SP-MINI,2025-06-24,vireo.in,1,2499,MINI-2503-1
VR904903,C105273,VA-NB-ARC,2025-06-24,vireo.in,1,1104,ARC-2504-1
VR905577,C102009,VA-EB-PL1,2025-06-24,vireo.in,1,2124,PL1-2505-4
VR906888,C102492,VA-AC-CH65,2025-06-24,Amazon,1,1499,CH65-2505-2
VR908629,C104222,VA-SP-MINI,2025-06-24,vireo.in,1,2374,MINI-2504-2
VR881022,C104049,VA-SP-MINI,2025-06-25,Amazon,1,2124,MINI-2503-3
VR881558,C104207,VA-SW-FIT,2025-06-25,vireo.in,1,1999,FIT-2505-2
VR882881,C101005,VA-NB-ARC,2025-06-25,vireo.in,1,1299,ARC-2504-1
VR883230,C106424,VA-AC-CH65,2025-06-25,Amazon,1,1499,CH65-2505-4
VR891591,C105498,VA-EB-AIR,2025-06-25,Amazon,1,1619,AIR-2503-4
VR892969,C103988,VA-EB-AIR,2025-06-25,Flipkart,1,1709,AIR-2505-3
VR895447,C108335,VA-HP-ST2,2025-06-25,Flipkart,1,4999,ST2-2505-3
VR897452,C100050,VA-AC-CH65,2025-06-25,Flipkart,1,1499,CH65-2504-1
VR898376,C103233,VA-HP-ST2,2025-06-25,vireo.in,1,4499,ST2-2503-3
VR898848,C104031,VA-HP-ST3,2025-06-25,Flipkart,1,5599,ST3-2505-1
VR899114,C101441,VA-SP-ORB,2025-06-25,vireo.in,1,5999,ORB-2504-2
VR902056,C108722,VA-HP-ST3,2025-06-25,Amazon,1,6299,ST3-2504-2
VR904451,C101102,VA-SP-MINI,2025-06-25,vireo.in,1,2499,MINI-2504-2
VR906043,C108602,VA-SP-MINI,2025-06-25,vireo.in,1,2499,MINI-2504-3
VR906664,C103559,VA-SW-NX2,2025-06-25,Amazon,1,6174,NX2-2505-3
VR907499,C102242,VA-NB-ARC,2025-06-25,vireo.in,1,1299,ARC-2503-1
VR908290,C106382,VA-SW-NX2,2025-06-25,vireo.in,1,6174,NX2-2503-3
VR908841,C108731,VA-EB-PL1,2025-06-25,Flipkart,1,2374,PL1-2503-3
VR909748,C104851,VA-EB-PL1,2025-06-25,Flipkart,1,2374,PL1-2504-2
VR881317,C104879,VA-EB-PL1,2025-06-26,Amazon,1,2499,PL1-2503-4
VR881417,C106791,VA-SW-NX1,2025-06-26,Amazon,1,4999,NX1-2503-3
VR881950,C100018,VA-HP-ST2,2025-06-26,Amazon,1,4999,ST2-2505-3
VR884588,C107801,VA-EB-AIR,2025-06-26,vireo.in,1,1619,AIR-2503-3
VR884801,C107328,VA-SW-NX2,2025-06-26,Amazon,1,5849,NX2-2503-2
VR885295,C107404,VA-EB-PL1,2025-06-26,vireo.in,1,2249,PL1-2504-4
VR891511,C106291,VA-EB-PL1,2025-06-26,Flipkart,1,2374,PL1-2504-4
VR891878,C104413,VA-EB-PL1,2025-06-26,vireo.in,1,2249,PL1-2506-1
VR893257,C102896,VA-SW-NX2,2025-06-26,Flipkart,1,6174,NX2-2505-2
VR895403,C103501,VA-HP-ST3,2025-06-26,Amazon,1,6999,ST3-2503-2
VR900213,C105753,VA-EB-PL1,2025-06-26,vireo.in,1,2249,PL1-2504-2
VR900679,C107234,VA-SW-NX2,2025-06-26,vireo.in,1,6499,NX2-2504-4
VR903749,C102619,VA-HP-ST3,2025-06-26,Flipkart,1,6999,ST3-2503-3
VR880628,C109374,VA-SW-NX2,2025-06-27,vireo.in,2,11698,NX2-2505-3
VR881229,C108082,VA-SW-NX2,2025-06-27,vireo.in,1,6499,NX2-2505-3
VR882350,C100278,VA-SP-MINI,2025-06-27,vireo.in,1,2249,MINI-2503-1
VR884096,C107103,VA-EB-PL1,2025-06-27,vireo.in,1,2374,PL1-2503-3
VR885609,C103394,VA-EB-PL1,2025-06-27,vireo.in,1,2249,PL1-2503-3
VR885837,C108337,VA-EB-AIR,2025-06-27,Amazon,1,1709,AIR-2505-1
VR886538,C100985,VA-SW-NX1,2025-06-27,Amazon,1,3999,NX1-2505-4
VR889690,C102213,VA-NB-ARC,2025-06-27,Amazon,1,1104,ARC-2503-3
VR890125,C101818,VA-HP-ST3,2025-06-27,Amazon,1,6649,ST3-2505-3
VR891934,C102986,VA-SP-MINI,2025-06-27,vireo.in,1,2124,MINI-2504-2
VR899651,C106097,VA-SW-NX1,2025-06-27,vireo.in,1,4999,NX1-2505-1
VR900104,C108050,VA-NB-ARC,2025-06-27,vireo.in,1,1299,ARC-2505-2
VR900285,C104347,VA-SP-MINI,2025-06-27,vireo.in,1,2374,MINI-2505-3
VR901704,C101602,VA-EB-PL1,2025-06-27,Amazon,1,2124,PL1-2504-3
VR901800,C108535,VA-NB-ARC,2025-06-27,vireo.in,1,1169,ARC-2504-2
VR905246,C103888,VA-EB-PL1,2025-06-27,Amazon,1,1999,PL1-2505-1
VR906047,C104486,VA-SW-NX2,2025-06-27,vireo.in,1,5524,NX2-2503-4
VR906352,C106945,VA-HP-ST3,2025-06-27,Amazon,1,5949,ST3-2503-4
VR881576,C100776,VA-SW-FIT,2025-06-28,Amazon,1,1999,FIT-2505-2
VR885655,C100157,VA-HP-ST2,2025-06-28,vireo.in,1,4249,ST2-2504-1
VR894335,C100300,VA-EB-PL1,2025-06-28,Flipkart,1,2124,PL1-2504-4
VR894511,C107895,VA-EB-AIR,2025-06-28,vireo.in,1,1439,AIR-2503-1
VR900635,C102189,VA-HP-ST3,2025-06-28,vireo.in,1,5949,ST3-2503-2
VR901146,C108662,VA-SW-FIT,2025-06-28,Flipkart,1,1999,FIT-2503-1
VR901171,C108365,VA-EB-AIR,2025-06-28,Amazon,1,1799,AIR-2505-2
VR905325,C106323,VA-EB-PL1,2025-06-28,Amazon,1,1999,PL1-2504-4
VR907678,C108289,VA-SW-NX2,2025-06-28,Amazon,1,5199,NX2-2503-1
VR880297,C102087,VA-EB-PL1,2025-06-29,vireo.in,1,2499,PL1-2503-2
VR881812,C107607,VA-SW-NX2,2025-06-29,vireo.in,1,5199,NX2-2505-3
VR885720,C109203,VA-EB-AIR,2025-06-29,Flipkart,1,1799,AIR-2505-1
VR887112,C105218,VA-EB-AIR,2025-06-29,Amazon,1,1529,AIR-2503-1
VR887510,C100709,VA-SW-NX2,2025-06-29,vireo.in,1,6499,NX2-2505-3
VR888895,C102610,VA-SW-NX2,2025-06-29,vireo.in,1,5524,NX2-2505-1
VR890491,C107786,VA-SW-NX1,2025-06-29,vireo.in,1,4999,NX1-2505-4
VR896966,C107832,VA-SW-NX2,2025-06-29,vireo.in,1,6499,NX2-2503-2
VR896975,C107464,VA-HP-ST3,2025-06-29,vireo.in,1,5599,ST3-2504-3
VR905268,C100605,VA-SP-ORB,2025-06-29,Amazon,1,4799,ORB-2503-2
VR907093,C103582,VA-EB-AIR,2025-06-29,vireo.in,1,1799,AIR-2504-4
VR907212,C104226,VA-SW-FIT,2025-06-29,Amazon,1,1999,FIT-2505-2
VR907763,C103183,VA-EB-PL1,2025-06-29,Amazon,1,2374,PL1-2505-4
VR880788,C108061,VA-EB-PL1,2025-06-30,vireo.in,1,2499,PL1-2504-2
VR881056,C105009,VA-EB-PL1,2025-06-30,Amazon,1,2499,PL1-2505-3
VR884762,C106128,VA-EB-PL1,2025-06-30,Flipkart,1,2124,PL1-2505-1
VR888242,C103887,VA-EB-PL1,2025-06-30,vireo.in,1,2499,PL1-2504-4
VR889978,C100246,VA-HP-ST3,2025-06-30,Flipkart,1,5599,ST3-2505-1
VR890545,C102025,VA-HP-ST3,2025-06-30,Amazon,1,5599,ST3-2504-2
VR893203,C100452,VA-SW-FIT,2025-06-30,Amazon,1,1699,FIT-2505-3
VR893712,C108716,VA-AC-CBL,2025-06-30,Amazon,1,319,CBL-2505-4
VR899755,C105733,VA-SW-NX1,2025-06-30,Amazon,1,4999,NX1-2504-3
VR901214,C107147,VA-SP-ORB,2025-06-30,vireo.in,1,5999,ORB-2505-3
VR902582,C103874,VA-HP-ST3,2025-06-30,vireo.in,1,6299,ST3-2506-3
VR903497,C100785,VA-SW-FIT,2025-06-30,vireo.in,1,1899,FIT-2504-2
VR904124,C103836,VA-SW-NX2,2025-06-30,vireo.in,1,6499,NX2-2504-1
VR907570,C102339,VA-EB-AIR,2025-06-30,Amazon,1,1799,AIR-2504-1
VR909977,C105706,VA-HP-ST3,2025-06-30,vireo.in,1,6999,ST3-2506-3
VR881716,C108987,VA-EB-PL1,2025-07-01,vireo.in,1,2499,PL1-2504-4
VR884538,C103554,VA-SW-NX2,2025-07-01,Amazon,1,5199,NX2-2505-1
VR885086,C107477,VA-EB-PL1,2025-07-01,vireo.in,1,2124,PL1-2504-2
VR885882,C102545,VA-SW-NX1,2025-07-01,Amazon,1,4749,NX1-2504-1
VR887092,C100892,VA-HP-ST3,2025-07-01,Flipkart,1,6299,ST3-2505-4
VR888384,C103911,VA-EB-AIR,2025-07-01,Amazon,1,1439,AIR-2506-1
VR889071,C107274,VA-SW-FIT,2025-07-01,Amazon,1,1899,FIT-2505-2
VR889829,C101361,VA-HP-ST2,2025-07-01,vireo.in,1,4749,ST2-2503-1
VR889866,C107674,VA-SP-MINI,2025-07-01,Flipkart,1,1999,MINI-2503-1
VR893613,C104946,VA-EB-PL1,2025-07-01,Amazon,1,2374,PL1-2506-4
VR897300,C107369,VA-SW-NX2,2025-07-01,Amazon,1,6174,NX2-2506-2
VR900050,C106577,VA-SP-MINI,2025-07-01,vireo.in,1,2374,MINI-2504-4
VR901763,C102663,VA-SP-MINI,2025-07-01,vireo.in,1,2249,MINI-2504-4
VR903099,C102879,VA-SW-NX2,2025-07-01,Flipkart,1,6499,NX2-2505-4
VR903761,C106778,VA-SW-NX2,2025-07-01,Amazon,1,6499,NX2-2505-2
VR907690,C103214,VA-EB-PL1,2025-07-01,Amazon,1,2499,PL1-2504-1
VR882032,C108977,VA-EB-PL1,2025-07-02,Amazon,1,2374,PL1-2504-3
VR882968,C106552,VA-HP-ST2,2025-07-02,vireo.in,1,4749,ST2-2506-4
VR883616,C106845,VA-SW-NX2,2025-07-02,Amazon,1,6174,NX2-2504-1
VR885327,C107720,VA-EB-AIR,2025-07-02,Amazon,1,1799,AIR-2504-3
VR887762,C106219,VA-HP-ST3,2025-07-02,vireo.in,1,6649,ST3-2503-2
VR892983,C100862,VA-HP-ST3,2025-07-02,vireo.in,2,13298,ST3-2504-1
VR896914,C101975,VA-EB-PL1,2025-07-02,vireo.in,1,2124,PL1-2504-3
VR897162,C104277,VA-SP-MINI,2025-07-02,vireo.in,1,2499,MINI-2504-2
VR898305,C105054,VA-SP-ORB,2025-07-02,Amazon,1,5699,ORB-2504-1
VR900330,C106436,VA-SW-FIT,2025-07-02,vireo.in,1,1799,FIT-2505-4
VR901186,C100333,VA-HP-ST2,2025-07-02,Amazon,1,4749,ST2-2504-1
VR901784,C102874,VA-EB-PL1,2025-07-02,Flipkart,1,2499,PL1-2504-2
VR904202,C107935,VA-SP-ORB,2025-07-02,Amazon,1,5099,ORB-2504-2
VR905068,C108117,VA-EB-PL1,2025-07-02,vireo.in,1,2499,PL1-2506-2
VR909310,C109492,VA-HP-ST2,2025-07-02,vireo.in,1,4999,ST2-2504-2
VR883742,C106650,VA-SW-NX1,2025-07-03,Flipkart,1,4999,NX1-2505-1
VR886561,C108413,VA-SW-NX1,2025-07-03,Flipkart,1,4999,NX1-2506-3
VR886762,C105161,VA-EB-AIR,2025-07-03,vireo.in,1,1709,AIR-2503-2
VR888145,C101644,VA-SP-MINI,2025-07-03,vireo.in,1,2124,MINI-2503-2
VR888245,C103258,VA-EB-PL1,2025-07-03,Flipkart,1,2249,PL1-2503-4
VR890236,C101204,VA-SW-FIT,2025-07-03,vireo.in,1,1799,FIT-2505-4
VR891180,C102318,VA-SP-MINI,2025-07-03,vireo.in,1,2249,MINI-2505-2
VR896935,C108173,VA-EB-AIR,2025-07-03,Amazon,1,1619,AIR-2504-1
VR897643,C105003,VA-EB-AIR,2025-07-03,vireo.in,1,1799,AIR-2503-1
VR898936,C106045,VA-SW-NX2,2025-07-03,vireo.in,1,6174,NX2-2504-2
VR901558,C109141,VA-SW-FIT,2025-07-03,vireo.in,1,1899,FIT-2505-2
VR904003,C104498,VA-EB-PL1,2025-07-03,Amazon,2,4498,PL1-2503-3
VR909576,C104650,VA-SW-NX2,2025-07-03,vireo.in,1,5524,NX2-2505-2
VR880011,C102724,VA-SW-NX2,2025-07-04,Flipkart,1,5524,NX2-2503-2
VR884744,C104574,VA-EB-PL1,2025-07-04,vireo.in,2,3998,PL1-2503-4
VR891134,C103449,VA-HP-ST3,2025-07-04,vireo.in,1,6649,ST3-2505-1
VR894961,C102266,VA-EB-AIR,2025-07-04,vireo.in,1,1799,AIR-2505-2
VR895249,C100386,VA-SP-ORB,2025-07-04,vireo.in,1,5099,ORB-2504-3
VR896103,C104694,VA-HP-ST2,2025-07-04,vireo.in,1,4249,ST2-2503-4
VR901563,C102060,VA-SW-FIT,2025-07-04,vireo.in,1,1999,FIT-2503-2
VR901830,C102797,VA-EB-PL1,2025-07-04,vireo.in,1,2499,PL1-2503-4
VR904973,C108431,VA-SW-NX2,2025-07-04,Amazon,1,6499,NX2-2504-2
VR906364,C103707,VA-SW-NX2,2025-07-04,Amazon,1,5849,NX2-2504-2
VR909139,C108732,VA-EB-AIR,2025-07-04,Flipkart,1,1709,AIR-2504-2
VR880489,C101697,VA-SP-ORB,2025-07-05,Flipkart,2,11398,ORB-2504-3
VR881985,C106367,VA-HP-ST2,2025-07-05,vireo.in,1,4749,ST2-2505-3
VR882903,C107719,VA-NB-ARC,2025-07-05,vireo.in,1,1104,ARC-2505-1
VR883256,C106553,VA-EB-PL1,2025-07-05,Amazon,1,2374,PL1-2504-4
VR887649,C103752,VA-EB-AIR,2025-07-05,vireo.in,1,1709,AIR-2504-3
VR890986,C100836,VA-SW-NX2,2025-07-05,vireo.in,1,5199,NX2-2504-2
VR894500,C100060,VA-EB-PL1,2025-07-05,Amazon,1,2499,PL1-2505-1
VR894924,C108157,VA-SW-NX2,2025-07-05,Amazon,1,6499,NX2-2504-4
VR894946,C103233,VA-SW-NX2,2025-07-05,vireo.in,1,6499,NX2-2506-4
VR895519,C107982,VA-EB-PL1,2025-07-05,vireo.in,1,2499,PL1-2503-4
VR895599,C104438,VA-SW-NX1,2025-07-05,vireo.in,1,4249,NX1-2504-2
VR897232,C105595,VA-SP-MINI,2025-07-05,vireo.in,1,2374,MINI-2503-4
VR899223,C101548,VA-SW-FIT,2025-07-05,vireo.in,1,1699,FIT-2503-2
VR900084,C100880,VA-SW-NX2,2025-07-05,vireo.in,1,6499,NX2-2503-4
VR902117,C105813,VA-SP-ORB,2025-07-05,vireo.in,1,5399,ORB-2505-3
VR905440,C102307,VA-SW-NX2,2025-07-05,vireo.in,1,5849,NX2-2504-1
VR906085,C105462,VA-NB-ARC,2025-07-05,Amazon,1,1299,ARC-2506-4
VR908906,C105700,VA-HP-ST2,2025-07-05,Amazon,1,4999,ST2-2504-1
VR909052,C109416,VA-EB-AIR,2025-07-05,vireo.in,1,1799,AIR-2505-2
VR881623,C107871,VA-SW-NX2,2025-07-06,Flipkart,1,6499,NX2-2504-3
VR882419,C108335,VA-EB-PL1,2025-07-06,Amazon,2,4998,PL1-2505-2
VR882601,C102907,VA-SW-FIT,2025-07-06,vireo.in,1,1899,FIT-2504-3
VR882681,C108892,VA-EB-AIR,2025-07-06,vireo.in,1,1439,AIR-2503-3
VR883121,C109020,VA-EB-AIR,2025-07-06,Amazon,1,1529,AIR-2505-1
VR883143,C106064,VA-EB-AIR,2025-07-06,Amazon,1,1799,AIR-2505-2
VR883177,C102593,VA-SW-NX2,2025-07-06,Amazon,1,6499,NX2-2504-2
VR893207,C104997,VA-EB-AIR,2025-07-06,vireo.in,1,1439,AIR-2505-3
VR897597,C100982,VA-SW-NX2,2025-07-06,Amazon,1,5199,NX2-2504-4
VR900274,C101924,VA-SW-NX2,2025-07-06,Amazon,2,11698,NX2-2505-3
VR901111,C108849,VA-EB-AIR,2025-07-06,vireo.in,1,1709,AIR-2505-3
VR903903,C101227,VA-EB-AIR,2025-07-06,Flipkart,1,1799,AIR-2504-2
VR904774,C103003,VA-EB-PL1,2025-07-06,vireo.in,1,2499,PL1-2505-3
VR905491,C101144,VA-SW-NX1,2025-07-06,Amazon,1,4999,NX1-2504-3
VR905801,C106837,VA-EB-AIR,2025-07-06,vireo.in,1,1619,AIR-2505-3
VR906400,C101995,VA-HP-ST3,2025-07-06,vireo.in,1,6999,ST3-2505-1
VR907018,C101857,VA-SW-NX2,2025-07-06,vireo.in,1,6174,NX2-2504-2
VR907498,C104266,VA-SP-ORB,2025-07-06,vireo.in,1,5099,ORB-2504-2
VR880857,C108388,VA-SP-MINI,2025-07-07,vireo.in,1,2499,MINI-2505-4
VR881590,C104918,VA-AC-CH65,2025-07-07,Amazon,1,1499,CH65-2504-3
VR885012,C102517,VA-EB-AIR,2025-07-07,Flipkart,1,1529,AIR-2504-1
VR886508,C102623,VA-SW-NX2,2025-07-07,Amazon,1,6174,NX2-2505-1
VR894397,C106381,VA-EB-AIR,2025-07-07,Amazon,1,1799,AIR-2504-2
VR898508,C104778,VA-SP-ORB,2025-07-07,vireo.in,1,5999,ORB-2505-3
VR902627,C100912,VA-SP-MINI,2025-07-07,vireo.in,1,1999,MINI-2504-4
VR907342,C105732,VA-SW-FIT,2025-07-07,vireo.in,1,1899,FIT-2504-3
VR908043,C106271,VA-SW-NX2,2025-07-07,vireo.in,2,12348,NX2-2505-4
VR910000,C108908,VA-AC-CH65,2025-07-07,Flipkart,1,1499,CH65-2505-4
VR884204,C102272,VA-HP-ST3,2025-07-08,Amazon,1,5949,ST3-2505-3
VR884568,C106989,VA-EB-PL1,2025-07-08,Flipkart,1,2499,PL1-2505-3
VR886431,C107514,VA-SP-MINI,2025-07-08,Amazon,1,2124,MINI-2503-1
VR887240,C105101,VA-EB-PL1,2025-07-08,Amazon,1,1999,PL1-2505-2
VR887609,C100009,VA-EB-PL1,2025-07-08,vireo.in,1,2374,PL1-2504-1
VR894195,C103856,VA-SW-NX2,2025-07-08,Amazon,1,5524,NX2-2504-4
VR895278,C103428,VA-SP-ORB,2025-07-08,vireo.in,1,5999,ORB-2503-1
VR895902,C107090,VA-EB-AIR,2025-07-08,Amazon,1,1799,AIR-2505-2
VR896637,C101624,VA-SP-MINI,2025-07-08,vireo.in,1,2124,MINI-2504-2
VR901021,C100504,VA-SW-NX2,2025-07-08,vireo.in,1,6499,NX2-2505-3
VR901406,C104639,VA-AC-CH65,2025-07-08,vireo.in,1,1424,CH65-2506-4
VR906709,C103748,VA-NB-ARC,2025-07-08,vireo.in,1,1234,ARC-2505-2
VR909344,C106363,VA-HP-ST3,2025-07-08,Amazon,1,5599,ST3-2506-4
VR881413,C102092,VA-EB-AIR,2025-07-09,vireo.in,1,1439,AIR-2504-3
VR884507,C106692,VA-SP-MINI,2025-07-09,Amazon,1,2499,MINI-2505-2
VR884511,C107226,VA-EB-PL1,2025-07-09,Flipkart,1,2499,PL1-2506-4
VR884514,C105224,VA-SW-NX1,2025-07-09,Amazon,1,4999,NX1-2503-2
VR887193,C106770,VA-SW-NX1,2025-07-09,vireo.in,1,4749,NX1-2504-2
VR887801,C102332,VA-AC-CH65,2025-07-09,Flipkart,1,1499,CH65-2505-3
VR889822,C102051,VA-EB-PL1,2025-07-09,vireo.in,1,2124,PL1-2504-1
VR889838,C104206,VA-NB-ARC,2025-07-09,Amazon,1,1169,ARC-2503-1
VR890280,C109303,VA-HP-ST3,2025-07-09,Amazon,1,6649,ST3-2505-4
VR893746,C108954,VA-EB-PL1,2025-07-09,Flipkart,1,1999,PL1-2504-2
VR894880,C105597,VA-EB-AIR,2025-07-09,vireo.in,1,1439,AIR-2504-4
VR902159,C108519,VA-SW-NX2,2025-07-09,vireo.in,1,5849,NX2-2505-4
VR904876,C109425,VA-SW-FIT,2025-07-09,vireo.in,2,3998,FIT-2505-1
VR909846,C101265,VA-SP-ORB,2025-07-09,Flipkart,1,5999,ORB-2504-2
VR880146,C104948,VA-EB-PL1,2025-07-10,Flipkart,1,2499,PL1-2503-3
VR882460,C104556,VA-SW-NX2,2025-07-10,Flipkart,1,5199,NX2-2506-4
VR884124,C102619,VA-SP-ORB,2025-07-10,Amazon,1,5999,ORB-2504-1
VR885002,C100986,VA-HP-ST2,2025-07-10,vireo.in,1,4999,ST2-2506-4
VR887206,C102750,VA-SW-NX2,2025-07-10,Amazon,1,6499,NX2-2506-3
VR887372,C108283,VA-HP-ST2,2025-07-10,Amazon,2,9998,ST2-2504-4
VR888761,C107608,VA-EB-AIR,2025-07-10,Flipkart,1,1619,AIR-2506-4
VR889646,C101634,VA-EB-AIR,2025-07-10,vireo.in,1,1709,AIR-2504-3
VR889837,C101628,VA-SW-NX2,2025-07-10,vireo.in,1,5849,NX2-2505-1
VR897767,C101225,VA-SW-NX1,2025-07-10,vireo.in,1,4249,NX1-2504-3
VR901787,C105541,VA-SW-NX2,2025-07-10,vireo.in,1,6499,NX2-2506-2
VR902005,C106185,VA-SP-MINI,2025-07-10,vireo.in,1,2124,MINI-2506-1
VR902316,C103662,VA-AC-CH65,2025-07-10,Amazon,1,1274,CH65-2505-4
VR902346,C103821,VA-HP-ST2,2025-07-10,Flipkart,1,4749,ST2-2504-3
VR904312,C105782,VA-SP-ORB,2025-07-10,vireo.in,1,5699,ORB-2505-4
VR904651,C108314,VA-EB-AIR,2025-07-10,vireo.in,1,1529,AIR-2504-1
VR904663,C107087,VA-SW-NX1,2025-07-10,vireo.in,1,4499,NX1-2506-2
VR907199,C103399,VA-SP-MINI,2025-07-10,vireo.in,1,2124,MINI-2506-2
VR910032,C104711,VA-EB-PL1,2025-07-10,vireo.in,2,4248,PL1-2506-4
VR881930,C101089,VA-HP-ST3,2025-07-11,Amazon,2,13298,ST3-2506-4
VR886466,C106937,VA-SW-FIT,2025-07-11,vireo.in,1,1999,FIT-2505-4
VR887884,C102557,VA-SW-FIT,2025-07-11,Amazon,1,1599,FIT-2504-3
VR888666,C104724,VA-SW-NX1,2025-07-11,vireo.in,1,4999,NX1-2504-1
VR890436,C107556,VA-SW-NX2,2025-07-11,Amazon,1,6499,NX2-2506-1
VR892850,C101516,VA-SP-MINI,2025-07-11,vireo.in,1,2124,MINI-2504-2
VR894112,C101922,VA-EB-AIR,2025-07-11,vireo.in,1,1529,AIR-2505-1
VR900183,C107988,VA-SW-FIT,2025-07-11,vireo.in,1,1999,FIT-2505-3
VR900267,C109048,VA-EB-PL1,2025-07-11,vireo.in,1,1999,PL1-2504-3
VR903517,C106007,VA-SW-NX2,2025-07-11,Amazon,1,5849,NX2-2505-3
VR905224,C107707,VA-SW-NX2,2025-07-11,vireo.in,1,6499,NX2-2506-4
VR905516,C104127,VA-HP-ST3,2025-07-11,vireo.in,1,5599,ST3-2504-1
VR905974,C108007,VA-SW-FIT,2025-07-11,vireo.in,1,1699,FIT-2504-2
VR880928,C102449,VA-EB-PL1,2025-07-12,vireo.in,1,1999,PL1-2505-4
VR882344,C106442,VA-SW-NX2,2025-07-12,vireo.in,1,6174,NX2-2505-2
VR887546,C103392,VA-SW-NX2,2025-07-12,Amazon,1,6499,NX2-2503-4
VR889912,C101833,VA-HP-ST3,2025-07-12,vireo.in,1,6999,ST3-2504-2
VR890081,C100758,VA-SW-FIT,2025-07-12,Amazon,1,1999,FIT-2504-4
VR892102,C105322,VA-EB-AIR,2025-07-12,vireo.in,1,1439,AIR-2506-1
VR893152,C102331,VA-HP-ST3,2025-07-12,Amazon,1,5599,ST3-2504-4
VR894100,C101232,VA-EB-PL1,2025-07-12,Amazon,1,2249,PL1-2505-4
VR898628,C101241,VA-SW-NX2,2025-07-12,vireo.in,1,6499,NX2-2506-2
VR898698,C106903,VA-HP-ST3,2025-07-12,vireo.in,1,6999,ST3-2505-1
VR898962,C108417,VA-SW-NX2,2025-07-12,vireo.in,1,6499,NX2-2504-2
VR899132,C106626,VA-SW-NX2,2025-07-12,Amazon,1,5524,NX2-2505-2
VR902033,C102260,VA-SW-FIT,2025-07-12,Flipkart,1,1799,FIT-2504-2
VR903514,C106427,VA-SP-MINI,2025-07-12,Amazon,1,2499,MINI-2504-4
VR904720,C107251,VA-EB-PL1,2025-07-12,Amazon,1,2499,PL1-2504-2
VR905040,C102658,VA-EB-PL1,2025-07-12,Flipkart,1,2374,PL1-2504-4
VR905182,C104850,VA-EB-AIR,2025-07-12,Amazon,1,1619,AIR-2503-1
VR905986,C109280,VA-SW-FIT,2025-07-12,vireo.in,1,1999,FIT-2505-2
VR907774,C105818,VA-SP-ORB,2025-07-12,Amazon,1,5699,ORB-2505-3
VR908386,C104683,VA-HP-ST2,2025-07-12,vireo.in,1,4999,ST2-2505-1
VR909728,C105060,VA-AC-CH65,2025-07-12,Amazon,1,1499,CH65-2506-4
VR880280,C101839,VA-SW-NX2,2025-07-13,vireo.in,1,6499,NX2-2503-1
VR881589,C108525,VA-AC-CH65,2025-07-13,Flipkart,1,1424,CH65-2504-3
VR883371,C100760,VA-EB-PL1,2025-07-13,vireo.in,1,2499,PL1-2505-4
VR884689,C105536,VA-SW-NX2,2025-07-13,Amazon,1,6499,NX2-2504-1
VR886003,C106321,VA-EB-AIR,2025-07-13,Amazon,1,1619,AIR-2504-3
VR888381,C101515,VA-SP-MINI,2025-07-13,vireo.in,1,2124,MINI-2505-3
VR890968,C107406,VA-HP-ST2,2025-07-13,vireo.in,2,8998,ST2-2506-1
VR892874,C106841,VA-HP-ST2,2025-07-13,vireo.in,1,4999,ST2-2505-2
VR893507,C106535,VA-EB-PL1,2025-07-13,Amazon,1,2374,PL1-2503-1
VR893833,C102122,VA-EB-AIR,2025-07-13,vireo.in,1,1709,AIR-2504-3
VR895232,C107853,VA-EB-PL1,2025-07-13,Amazon,1,2124,PL1-2504-3
VR896632,C106058,VA-SW-NX2,2025-07-13,vireo.in,1,5849,NX2-2506-4
VR897656,C105537,VA-SW-NX1,2025-07-13,Flipkart,1,4999,NX1-2504-2
VR898903,C102666,VA-HP-ST3,2025-07-13,vireo.in,1,5949,ST3-2505-1
VR900212,C105148,VA-HP-ST2,2025-07-13,Amazon,2,9998,ST2-2504-4
VR906674,C104297,VA-SP-MINI,2025-07-13,Flipkart,1,2499,MINI-2505-4
VR908026,C104530,VA-EB-AIR,2025-07-13,vireo.in,1,1799,AIR-2504-2
VR909342,C106603,VA-EB-PL1,2025-07-13,Amazon,1,2124,PL1-2504-4
VR880238,C101486,VA-SW-NX2,2025-07-14,vireo.in,1,5199,NX2-2504-2
VR885754,C106893,VA-EB-PL1,2025-07-14,vireo.in,2,4498,PL1-2504-4
VR888321,C105159,VA-AC-CH65,2025-07-14,vireo.in,1,1499,CH65-2505-1
VR889412,C101549,VA-SW-NX1,2025-07-14,Flipkart,1,4499,NX1-2504-1
VR895434,C108205,VA-HP-ST3,2025-07-14,vireo.in,1,6999,ST3-2506-2
VR896699,C100134,VA-EB-PL1,2025-07-14,Amazon,1,1999,PL1-2505-4
VR897894,C105700,VA-EB-PL1,2025-07-14,vireo.in,1,2499,PL1-2505-1
VR901318,C101777,VA-EB-AIR,2025-07-14,vireo.in,2,3058,AIR-2504-1
VR901613,C103419,VA-SW-NX2,2025-07-14,Flipkart,1,5849,NX2-2505-1
VR903448,C101376,VA-SP-MINI,2025-07-14,vireo.in,1,2374,MINI-2506-4
VR903853,C108058,VA-EB-PL1,2025-07-14,vireo.in,1,2249,PL1-2504-1
VR904274,C104869,VA-HP-ST2,2025-07-14,vireo.in,1,4999,ST2-2503-4
VR904476,C108679,VA-SW-FIT,2025-07-14,Amazon,1,1899,FIT-2506-2
VR908574,C105618,VA-EB-PL1,2025-07-14,Amazon,1,2499,PL1-2506-2
VR908838,C100574,VA-NB-ARC,2025-07-14,Amazon,1,1169,ARC-2504-1
VR881922,C104826,VA-SW-NX2,2025-07-15,vireo.in,1,5524,NX2-2505-4
VR882480,C104092,VA-HP-ST3,2025-07-15,vireo.in,1,6299,ST3-2506-4
VR882882,C109406,VA-SW-NX1,2025-07-15,Amazon,1,4749,NX1-2505-2
VR883213,C100046,VA-EB-PL2,2025-07-15,vireo.in,1,3149,PL2-2506-1
VR883460,C108674,VA-SW-NX2,2025-07-15,vireo.in,1,6499,NX2-2504-4
VR883956,C109408,VA-EB-PL2,2025-07-15,Amazon,2,6998,PL2-2506-2
VR887390,C105087,VA-EB-PL2,2025-07-15,Amazon,1,2974,PL2-2504-2
VR888495,C107109,VA-SW-NX2,2025-07-15,vireo.in,2,12348,NX2-2503-3
VR888928,C103276,VA-HP-ST3,2025-07-15,Amazon,1,6999,ST3-2504-1
VR891250,C108866,VA-SP-MINI,2025-07-15,Amazon,1,2374,MINI-2504-4
VR891682,C106513,VA-EB-PL2,2025-07-15,Flipkart,2,6998,PL2-2505-2
VR891988,C103273,VA-HP-ST3,2025-07-15,vireo.in,1,6999,ST3-2506-4
VR892757,C101402,VA-EB-PL1,2025-07-15,Amazon,1,2499,PL1-2505-3
VR893720,C101137,VA-SP-MINI,2025-07-15,vireo.in,1,2499,MINI-2504-1
VR894902,C101392,VA-HP-ST2,2025-07-15,vireo.in,2,9998,ST2-2504-3
VR897963,C101906,VA-EB-PL2,2025-07-15,vireo.in,1,3499,PL2-2504-4
VR899781,C107783,VA-NB-ARC,2025-07-15,Amazon,1,1104,ARC-2504-2
VR900655,C101084,VA-SW-NX2,2025-07-15,vireo.in,1,6499,NX2-2503-4
VR901257,C104431,VA-AC-CH65,2025-07-15,vireo.in,1,1349,CH65-2505-1
VR901998,C101700,VA-EB-PL2,2025-07-15,vireo.in,1,3499,PL2-2505-1
VR902254,C108333,VA-EB-PL2,2025-07-15,vireo.in,1,3499,PL2-2506-4
VR902356,C106906,VA-AC-CH65,2025-07-15,vireo.in,1,1499,CH65-2506-3
VR902408,C103775,VA-SW-NX2,2025-07-15,vireo.in,1,6499,NX2-2506-4
VR904221,C109261,VA-HP-ST3,2025-07-15,Flipkart,1,6999,ST3-2506-4
VR904785,C108809,VA-SP-MINI,2025-07-15,Flipkart,2,4748,MINI-2504-4
VR904803,C102062,VA-EB-PL1,2025-07-15,vireo.in,1,2124,PL1-2504-4
VR905683,C103052,VA-EB-PL2,2025-07-15,vireo.in,1,3499,PL2-2503-1
VR906640,C101709,VA-EB-PL2,2025-07-15,Amazon,1,2799,PL2-2505-1
VR906969,C105798,VA-EB-PL2,2025-07-15,Amazon,1,3149,PL2-2504-2
VR907302,C103927,VA-SP-MINI,2025-07-15,vireo.in,1,2499,MINI-2506-1
VR907468,C102599,VA-HP-ST3,2025-07-15,Amazon,1,6999,ST3-2504-2
VR909783,C106988,VA-SP-MINI,2025-07-15,vireo.in,1,1999,MINI-2504-1
VR880929,C106216,VA-EB-PL2,2025-07-16,vireo.in,1,3499,PL2-2506-3
VR881793,C105620,VA-HP-ST3,2025-07-16,vireo.in,1,6999,ST3-2504-4
VR882595,C100160,VA-EB-PL2,2025-07-16,Flipkart,1,3324,PL2-2506-3
VR882886,C103590,VA-SP-MINI,2025-07-16,Flipkart,1,2124,MINI-2504-2
VR882895,C101585,VA-EB-PL2,2025-07-16,vireo.in,1,3149,PL2-2504-2
VR882966,C101483,VA-EB-PL1,2025-07-16,vireo.in,1,2499,PL1-2506-2
VR883491,C103538,VA-SW-NX2,2025-07-16,Amazon,2,11048,NX2-2504-2
VR884290,C105356,VA-EB-PL2,2025-07-16,Amazon,1,3499,PL2-2504-3
VR885165,C105180,VA-EB-PL2,2025-07-16,Flipkart,1,3499,PL2-2505-1
VR885729,C104349,VA-EB-PL2,2025-07-16,vireo.in,1,3499,PL2-2503-4
VR886476,C108301,VA-EB-AIR,2025-07-16,Flipkart,1,1799,AIR-2504-4
VR886693,C105106,VA-EB-AIR,2025-07-16,vireo.in,1,1799,AIR-2505-3
VR888482,C102109,VA-EB-PL2,2025-07-16,Flipkart,1,3499,PL2-2503-1
VR889568,C106621,VA-EB-AIR,2025-07-16,vireo.in,1,1709,AIR-2505-4
VR890804,C107968,VA-SW-NX2,2025-07-16,vireo.in,1,6499,NX2-2506-1
VR891991,C102857,VA-EB-PL2,2025-07-16,vireo.in,1,3149,PL2-2504-4
VR892310,C100439,VA-EB-PL1,2025-07-16,Amazon,1,2124,PL1-2506-2
VR898057,C101706,VA-SP-MINI,2025-07-16,vireo.in,1,2374,MINI-2504-4
VR899110,C100835,VA-EB-PL2,2025-07-16,Amazon,2,6998,PL2-2505-1
VR901176,C106015,VA-EB-AIR,2025-07-16,vireo.in,1,1619,AIR-2504-3
VR902766,C106813,VA-EB-PL2,2025-07-16,Amazon,1,3499,PL2-2504-2
VR904866,C103265,VA-EB-PL2,2025-07-16,vireo.in,1,2799,PL2-2504-3
VR906523,C104605,VA-SW-NX2,2025-07-16,vireo.in,2,12998,NX2-2504-1
VR907615,C106328,VA-EB-PL2,2025-07-16,Amazon,1,3499,PL2-2504-3
VR908174,C107737,VA-SP-MINI,2025-07-16,vireo.in,1,2499,MINI-2504-3
VR909058,C109248,VA-EB-PL2,2025-07-16,vireo.in,1,3499,PL2-2505-1
VR880291,C103339,VA-EB-PL1,2025-07-17,vireo.in,1,2499,PL1-2503-4
VR880417,C101138,VA-NB-ARC,2025-07-17,vireo.in,1,1234,ARC-2505-2
VR880954,C102807,VA-SW-FIT,2025-07-17,Amazon,1,1599,FIT-2504-2
VR881615,C102156,VA-HP-ST3,2025-07-17,vireo.in,1,6999,ST3-2504-4
VR883137,C103094,VA-EB-PL2,2025-07-17,vireo.in,1,3149,PL2-2506-3
VR883532,C101291,VA-SW-NX2,2025-07-17,Amazon,1,6499,NX2-2506-3
VR883938,C100004,VA-EB-PL2,2025-07-17,Amazon,1,3499,PL2-2506-4
VR885162,C107324,VA-EB-PL1,2025-07-17,Flipkart,1,2499,PL1-2505-2
VR886961,C104390,VA-SP-MINI,2025-07-17,Flipkart,1,2499,MINI-2505-2
VR889695,C103510,VA-EB-PL2,2025-07-17,Amazon,1,3324,PL2-2506-3
VR890228,C107012,VA-EB-PL2,2025-07-17,vireo.in,1,2974,PL2-2505-2
VR891293,C104327,VA-EB-PL2,2025-07-17,vireo.in,1,3499,PL2-2506-1
VR891832,C106794,VA-SP-ORB,2025-07-17,Amazon,1,5399,ORB-2505-2
VR892106,C106349,VA-EB-AIR,2025-07-17,vireo.in,1,1799,AIR-2505-1
VR892177,C101177,VA-HP-ST2,2025-07-17,vireo.in,1,4249,ST2-2505-2
VR893510,C101929,VA-SW-FIT,2025-07-17,vireo.in,2,3998,FIT-2505-3
VR894432,C102823,VA-EB-AIR,2025-07-17,vireo.in,1,1439,AIR-2506-2
VR894583,C101029,VA-HP-ST3,2025-07-17,vireo.in,2,13998,ST3-2503-2
VR895899,C105742,VA-EB-PL1,2025-07-17,vireo.in,1,2499,PL1-2504-4
VR896668,C101458,VA-EB-PL2,2025-07-17,vireo.in,1,3149,PL2-2505-3
VR900836,C100033,VA-AC-CBL,2025-07-17,vireo.in,1,339,CBL-2504-2
VR903929,C105383,VA-EB-PL2,2025-07-17,Flipkart,1,3324,PL2-2504-4
VR907606,C103007,VA-HP-ST2,2025-07-17,Flipkart,1,4999,ST2-2505-4
VR908092,C100251,VA-SP-MINI,2025-07-17,vireo.in,1,2499,MINI-2506-3
VR880408,C102879,VA-EB-PL1,2025-07-18,vireo.in,1,2124,PL1-2505-1
VR880495,C102259,VA-EB-PL2,2025-07-18,Amazon,1,3499,PL2-2504-2
VR882157,C108219,VA-SP-MINI,2025-07-18,Flipkart,1,2249,MINI-2505-4
VR883535,C106861,VA-SW-NX2,2025-07-18,Amazon,1,6499,NX2-2505-4
VR884090,C105361,VA-EB-PL2,2025-07-18,Amazon,1,3499,PL2-2505-2
VR885403,C108876,VA-HP-ST3,2025-07-18,vireo.in,1,6999,ST3-2505-2
VR885985,C107420,VA-EB-PL2,2025-07-18,Amazon,1,2974,PL2-2506-2
VR887603,C107612,VA-EB-PL1,2025-07-18,vireo.in,1,2249,PL1-2504-3
VR888137,C104609,VA-EB-PL2,2025-07-18,vireo.in,1,2974,PL2-2504-3
VR888869,C101711,VA-EB-PL2,2025-07-18,Amazon,1,2974,PL2-2505-1
VR888968,C101364,VA-EB-PL2,2025-07-18,vireo.in,1,2799,PL2-2504-1
VR889014,C104314,VA-EB-PL2,2025-07-18,vireo.in,1,3149,PL2-2504-3
VR889228,C100731,VA-EB-PL2,2025-07-18,Amazon,1,3499,PL2-2505-1
VR890015,C106244,VA-EB-PL2,2025-07-18,Amazon,1,3499,PL2-2505-4
VR891352,C101416,VA-EB-PL2,2025-07-18,Flipkart,1,2799,PL2-2506-1
VR891502,C102731,VA-NB-ARC,2025-07-18,Amazon,1,1234,ARC-2505-3
VR894027,C102642,VA-EB-PL2,2025-07-18,Amazon,1,3149,PL2-2504-1
VR894078,C104567,VA-EB-PL2,2025-07-18,vireo.in,1,2799,PL2-2504-2
VR894452,C102906,VA-EB-PL2,2025-07-18,Amazon,1,3499,PL2-2505-2
VR894638,C102690,VA-AC-CH65,2025-07-18,vireo.in,1,1499,CH65-2505-2
VR899845,C105894,VA-SW-NX1,2025-07-18,vireo.in,1,4499,NX1-2504-4
VR899962,C109451,VA-EB-PL2,2025-07-18,vireo.in,1,3324,PL2-2504-1
VR902125,C107694,VA-AC-CH65,2025-07-18,Amazon,1,1499,CH65-2506-3
VR902318,C100988,VA-SP-ORB,2025-07-18,vireo.in,1,5999,ORB-2504-1
VR902846,C106538,VA-EB-PL2,2025-07-18,vireo.in,1,3499,PL2-2504-4
VR903165,C106113,VA-SW-FIT,2025-07-18,Flipkart,1,1699,FIT-2506-4
VR903456,C102414,VA-EB-PL2,2025-07-18,vireo.in,1,3499,PL2-2505-2
VR904203,C102607,VA-SW-NX2,2025-07-18,Amazon,1,6499,NX2-2506-3
VR904460,C103569,VA-EB-AIR,2025-07-18,vireo.in,1,1439,AIR-2506-2
VR906199,C105249,VA-SW-NX2,2025-07-18,vireo.in,1,5199,NX2-2505-3
VR906611,C104728,VA-EB-PL2,2025-07-18,Amazon,1,3499,PL2-2503-1
VR907167,C102516,VA-EB-PL2,2025-07-18,vireo.in,1,2974,PL2-2505-3
VR880906,C104445,VA-AC-CH65,2025-07-19,vireo.in,1,1499,CH65-2504-2
VR881076,C103287,VA-EB-PL1,2025-07-19,Flipkart,1,2374,PL1-2505-3
VR881216,C104868,VA-NB-ARC,2025-07-19,vireo.in,1,1039,ARC-2504-4
VR883071,C103713,VA-AC-CH65,2025-07-19,Flipkart,1,1499,CH65-2505-3
VR883566,C100796,VA-SW-NX1,2025-07-19,Amazon,1,4999,NX1-2504-2
VR885056,C109133,VA-EB-PL2,2025-07-19,vireo.in,1,2799,PL2-2504-2
VR885896,C107069,VA-EB-PL2,2025-07-19,vireo.in,1,2974,PL2-2504-4
VR886437,C108518,VA-HP-ST3,2025-07-19,vireo.in,1,6649,ST3-2504-1
VR888967,C104486,VA-HP-ST3,2025-07-19,Flipkart,1,5599,ST3-2504-4
VR890026,C106903,VA-EB-PL2,2025-07-19,Flipkart,1,3324,PL2-2504-3
VR893358,C100201,VA-SP-MINI,2025-07-19,Amazon,1,2499,MINI-2505-2
VR894872,C105503,VA-HP-ST3,2025-07-19,Flipkart,1,6649,ST3-2506-1
VR895541,C104724,VA-EB-PL1,2025-07-19,vireo.in,1,2374,PL1-2504-1
VR896725,C103428,VA-NB-ARC,2025-07-19,vireo.in,1,1169,ARC-2504-2
VR898316,C109389,VA-EB-PL2,2025-07-19,vireo.in,1,3499,PL2-2504-2
VR898367,C108344,VA-SW-NX1,2025-07-19,vireo.in,1,3999,NX1-2504-4
VR899764,C101473,VA-SW-NX2,2025-07-19,vireo.in,1,6174,NX2-2504-2
VR900117,C103225,VA-EB-PL1,2025-07-19,vireo.in,1,2124,PL1-2504-4
VR900242,C103120,VA-EB-PL2,2025-07-19,vireo.in,1,2974,PL2-2505-1
VR901942,C103993,VA-EB-PL2,2025-07-19,Amazon,1,2974,PL2-2505-4
VR902221,C108260,VA-EB-AIR,2025-07-19,vireo.in,1,1439,AIR-2505-1
VR902788,C102696,VA-EB-PL2,2025-07-19,Flipkart,1,2799,PL2-2506-4
VR903485,C108883,VA-SP-ORB,2025-07-19,vireo.in,1,4799,ORB-2506-1
VR903983,C108290,VA-SW-NX1,2025-07-19,vireo.in,1,4999,NX1-2505-2
VR904705,C102848,VA-HP-ST3,2025-07-19,vireo.in,1,6999,ST3-2505-3
VR905228,C105042,VA-EB-PL1,2025-07-19,vireo.in,1,2499,PL1-2506-1
VR905852,C102569,VA-SW-NX2,2025-07-19,vireo.in,2,12998,NX2-2506-1
VR906774,C108929,VA-AC-CH65,2025-07-19,Amazon,1,1499,CH65-2505-2
VR908360,C109482,VA-EB-PL2,2025-07-19,Amazon,2,6648,PL2-2504-2
VR882096,C102661,VA-EB-PL1,2025-07-20,Amazon,1,2499,PL1-2506-4
VR883306,C100938,VA-SP-MINI,2025-07-20,Amazon,1,2499,MINI-2505-2
VR884097,C102920,VA-EB-PL2,2025-07-20,Amazon,1,3499,PL2-2505-2
VR886063,C100637,VA-EB-PL2,2025-07-20,vireo.in,1,3149,PL2-2506-2
VR888532,C106901,VA-EB-PL2,2025-07-20,vireo.in,2,5948,PL2-2506-2
VR889941,C109012,VA-SP-ORB,2025-07-20,vireo.in,1,4799,ORB-2506-4
VR890843,C100795,VA-SW-NX1,2025-07-20,vireo.in,1,4999,NX1-2506-1
VR891009,C109285,VA-EB-PL2,2025-07-20,Amazon,1,3499,PL2-2504-2
VR891392,C102615,VA-HP-ST3,2025-07-20,vireo.in,1,6299,ST3-2504-4
VR891427,C100093,VA-EB-PL1,2025-07-20,vireo.in,1,1999,PL1-2506-2
VR893387,C101661,VA-EB-PL2,2025-07-20,Amazon,1,3499,PL2-2504-1
VR894011,C104112,VA-EB-PL2,2025-07-20,vireo.in,2,6298,PL2-2506-1
VR896335,C103498,VA-SP-MINI,2025-07-20,Amazon,1,2499,MINI-2506-3
VR898792,C106290,VA-EB-PL2,2025-07-20,vireo.in,1,3324,PL2-2506-4
VR898814,C109148,VA-EB-PL2,2025-07-20,vireo.in,1,3499,PL2-2505-1
VR899972,C104323,VA-EB-PL2,2025-07-20,vireo.in,1,3499,PL2-2506-2
VR900066,C100340,VA-SP-MINI,2025-07-20,Flipkart,1,2374,MINI-2504-3
VR900245,C104449,VA-AC-CBL,2025-07-20,Amazon,1,379,CBL-2505-1
VR904993,C103078,VA-EB-PL2,2025-07-20,vireo.in,2,6648,PL2-2504-4
VR905943,C109275,VA-HP-ST3,2025-07-20,Amazon,1,6999,ST3-2504-1
VR906416,C100015,VA-EB-PL2,2025-07-20,Amazon,1,3499,PL2-2505-3
VR906902,C100672,VA-HP-ST3,2025-07-20,vireo.in,1,6649,ST3-2505-4
VR909081,C100976,VA-SW-FIT,2025-07-20,vireo.in,1,1999,FIT-2505-1
VR909363,C106407,VA-EB-PL2,2025-07-20,Amazon,1,3149,PL2-2506-2
VR909600,C100499,VA-EB-PL2,2025-07-20,vireo.in,1,2799,PL2-2504-2
VR882740,C101388,VA-EB-PL2,2025-07-21,vireo.in,1,3499,PL2-2504-4
VR885849,C107537,VA-EB-PL2,2025-07-21,vireo.in,1,3499,PL2-2506-1
VR885977,C103022,VA-EB-PL2,2025-07-21,Flipkart,1,2974,PL2-2504-3
VR886227,C103764,VA-SW-FIT,2025-07-21,vireo.in,1,1799,FIT-2506-3
VR891026,C108823,VA-EB-PL2,2025-07-21,Amazon,1,2974,PL2-2504-1
VR891932,C108173,VA-EB-PL2,2025-07-21,vireo.in,1,3499,PL2-2505-4
VR892548,C104462,VA-EB-PL2,2025-07-21,vireo.in,1,3499,PL2-2506-3
VR894165,C106372,VA-EB-PL2,2025-07-21,vireo.in,1,3149,PL2-2504-2
VR894330,C108160,VA-EB-AIR,2025-07-21,vireo.in,1,1529,AIR-2504-3
VR896201,C100395,VA-EB-PL2,2025-07-21,vireo.in,1,3499,PL2-2504-4
VR896227,C105355,VA-SW-NX2,2025-07-21,Flipkart,1,5199,NX2-2504-1
VR897464,C106005,VA-SW-FIT,2025-07-21,vireo.in,1,1999,FIT-2506-2
VR898045,C108699,VA-EB-PL1,2025-07-21,Flipkart,1,2499,PL1-2504-3
VR898238,C108372,VA-EB-PL2,2025-07-21,vireo.in,1,2799,PL2-2504-1
VR900989,C101841,VA-EB-PL2,2025-07-21,Amazon,1,3324,PL2-2505-4
VR902964,C107297,VA-EB-PL2,2025-07-21,Amazon,1,2799,PL2-2506-3
VR903667,C107519,VA-EB-PL1,2025-07-21,Amazon,1,2124,PL1-2504-2
VR905193,C102415,VA-EB-PL2,2025-07-21,vireo.in,1,3149,PL2-2505-4
VR905409,C102602,VA-EB-PL1,2025-07-21,Flipkart,1,2124,PL1-2504-4
VR905494,C107223,VA-SW-FIT,2025-07-21,Flipkart,1,1699,FIT-2505-3
VR908683,C109337,VA-HP-ST3,2025-07-21,vireo.in,1,6999,ST3-2505-3
VR909443,C108663,VA-SW-NX2,2025-07-21,Flipkart,1,6499,NX2-2505-1
VR880565,C103345,VA-EB-PL2,2025-07-22,vireo.in,1,3499,PL2-2504-1
VR881371,C105533,VA-EB-PL2,2025-07-22,vireo.in,1,2974,PL2-2505-4
VR883201,C108750,VA-EB-PL2,2025-07-22,Flipkart,1,3149,PL2-2504-2
VR883870,C108735,VA-SW-NX2,2025-07-22,vireo.in,1,6499,NX2-2504-1
VR884018,C108060,VA-EB-PL2,2025-07-22,vireo.in,1,3324,PL2-2504-1
VR884526,C108475,VA-EB-PL2,2025-07-22,vireo.in,1,3499,PL2-2506-3
VR884612,C106607,VA-EB-PL2,2025-07-22,Flipkart,1,2974,PL2-2506-1
VR888120,C107340,VA-SW-FIT,2025-07-22,Amazon,1,1899,FIT-2505-3
VR888648,C101211,VA-NB-ARC,2025-07-22,vireo.in,1,1234,ARC-2505-1
VR889918,C108860,VA-HP-ST3,2025-07-22,vireo.in,1,6999,ST3-2505-2
VR890816,C102535,VA-SW-FIT,2025-07-22,Amazon,1,1999,FIT-2505-3
VR892321,C105662,VA-HP-ST3,2025-07-22,Amazon,1,6649,ST3-2505-1
VR893103,C107774,VA-EB-PL2,2025-07-22,Flipkart,2,6998,PL2-2506-3
VR894178,C107949,VA-EB-PL2,2025-07-22,Amazon,1,2799,PL2-2506-1
VR894675,C105654,VA-EB-PL1,2025-07-22,Amazon,1,2499,PL1-2506-2
VR895028,C104950,VA-EB-PL2,2025-07-22,Amazon,1,3499,PL2-2504-4
VR895332,C106869,VA-EB-PL2,2025-07-22,Amazon,1,2974,PL2-2506-2
VR896720,C103277,VA-EB-PL1,2025-07-22,vireo.in,1,2374,PL1-2506-1
VR899200,C107381,VA-SP-MINI,2025-07-22,vireo.in,1,2499,MINI-2506-1
VR899568,C106906,VA-EB-AIR,2025-07-22,Amazon,1,1439,AIR-2506-1
VR901909,C108955,VA-SP-MINI,2025-07-22,vireo.in,2,4498,MINI-2506-3
VR903070,C106739,VA-SW-FIT,2025-07-22,Flipkart,1,1999,FIT-2505-2
VR905850,C102753,VA-EB-AIR,2025-07-22,Flipkart,1,1619,AIR-2504-3
VR906162,C106136,VA-EB-PL2,2025-07-22,Amazon,1,2974,PL2-2505-2
VR906194,C108565,VA-SW-FIT,2025-07-22,vireo.in,1,1999,FIT-2506-1
VR906358,C105855,VA-EB-PL2,2025-07-22,vireo.in,1,3149,PL2-2506-4
VR881918,C104802,VA-SP-MINI,2025-07-23,vireo.in,1,2499,MINI-2504-1
VR882550,C106593,VA-EB-PL2,2025-07-23,Flipkart,2,6998,PL2-2505-2
VR888101,C106651,VA-SW-FIT,2025-07-23,Amazon,1,1999,FIT-2506-3
VR889238,C108161,VA-HP-ST3,2025-07-23,Flipkart,1,5599,ST3-2505-4
VR889959,C100986,VA-EB-PL2,2025-07-23,Amazon,1,2799,PL2-2505-4
VR890556,C104414,VA-EB-PL2,2025-07-23,vireo.in,2,6998,PL2-2506-2
VR890957,C105405,VA-EB-AIR,2025-07-23,Flipkart,1,1799,AIR-2507-2
VR890975,C104562,VA-EB-PL2,2025-07-23,Flipkart,1,2974,PL2-2505-3
VR891776,C107055,VA-EB-PL2,2025-07-23,vireo.in,1,3499,PL2-2505-1
VR891789,C104293,VA-HP-ST3,2025-07-23,Amazon,1,6999,ST3-2506-3
VR892856,C105955,VA-EB-PL2,2025-07-23,vireo.in,1,2799,PL2-2505-2
VR893410,C106669,VA-EB-PL2,2025-07-23,vireo.in,1,3499,PL2-2505-3
VR894045,C108769,VA-SW-NX2,2025-07-23,vireo.in,1,5849,NX2-2505-2
VR894383,C104306,VA-EB-PL1,2025-07-23,vireo.in,1,2249,PL1-2506-3
VR894823,C105494,VA-HP-ST3,2025-07-23,vireo.in,1,6299,ST3-2505-3
VR895149,C107082,VA-EB-PL2,2025-07-23,Amazon,1,3499,PL2-2505-2
VR895347,C109186,VA-HP-ST3,2025-07-23,Flipkart,1,6299,ST3-2506-4
VR895376,C105668,VA-EB-PL1,2025-07-23,vireo.in,1,2499,PL1-2506-2
VR895697,C106143,VA-EB-AIR,2025-07-23,Amazon,1,1709,AIR-2505-1
VR896172,C101542,VA-EB-PL2,2025-07-23,vireo.in,1,3149,PL2-2505-4
VR897957,C108999,VA-SP-ORB,2025-07-23,vireo.in,1,5699,ORB-2506-2
VR898713,C101515,VA-EB-PL2,2025-07-23,Amazon,1,3324,PL2-2505-1
VR902574,C102889,VA-EB-PL2,2025-07-23,Flipkart,1,3324,PL2-2504-3
VR905188,C106425,VA-SW-FIT,2025-07-23,Amazon,1,1999,FIT-2505-4
VR905358,C105747,VA-SW-NX1,2025-07-23,vireo.in,1,4749,NX1-2505-3
VR908189,C101364,VA-SP-ORB,2025-07-23,Amazon,1,5699,ORB-2507-4
VR908255,C108571,VA-EB-PL2,2025-07-23,Amazon,1,3499,PL2-2505-3
VR908521,C105806,VA-SW-NX2,2025-07-23,Amazon,1,5199,NX2-2504-1
VR880329,C105226,VA-SW-NX2,2025-07-24,Flipkart,1,5199,NX2-2504-4
VR881368,C101598,VA-EB-PL2,2025-07-24,vireo.in,2,6998,PL2-2505-4
VR882082,C101206,VA-EB-PL2,2025-07-24,Flipkart,1,3499,PL2-2504-3
VR883811,C109488,VA-EB-PL1,2025-07-24,Flipkart,1,2124,PL1-2506-4
VR885298,C109143,VA-EB-PL2,2025-07-24,vireo.in,1,2799,PL2-2506-1
VR885305,C104291,VA-EB-PL2,2025-07-24,vireo.in,1,3499,PL2-2506-4
VR888720,C100907,VA-EB-PL2,2025-07-24,vireo.in,1,3149,PL2-2506-3
VR891317,C104438,VA-HP-ST3,2025-07-24,vireo.in,1,6999,ST3-2505-2
VR891499,C108602,VA-EB-PL2,2025-07-24,vireo.in,1,2799,PL2-2505-3
VR891654,C101231,VA-EB-PL2,2025-07-24,vireo.in,1,3324,PL2-2505-1
VR896750,C105865,VA-EB-PL2,2025-07-24,vireo.in,1,3499,PL2-2506-3
VR897040,C107694,VA-EB-PL2,2025-07-24,Amazon,1,3149,PL2-2505-1
VR897331,C103204,VA-EB-PL2,2025-07-24,Amazon,1,2974,PL2-2506-3
VR899947,C109411,VA-EB-PL1,2025-07-24,vireo.in,1,2249,PL1-2504-2
VR902210,C101489,VA-EB-PL1,2025-07-24,Flipkart,1,2499,PL1-2506-2
VR903190,C109191,VA-EB-PL2,2025-07-24,vireo.in,1,2974,PL2-2506-1
VR905431,C104060,VA-SW-NX2,2025-07-24,vireo.in,1,6499,NX2-2505-1
VR909099,C108126,VA-EB-PL1,2025-07-24,vireo.in,1,2499,PL1-2505-2
VR881288,C100034,VA-EB-PL2,2025-07-25,Flipkart,1,2974,PL2-2504-1
VR881437,C105046,VA-EB-PL2,2025-07-25,vireo.in,2,5948,PL2-2506-2
VR883629,C100265,VA-SW-NX2,2025-07-25,Amazon,1,6499,NX2-2505-4
VR884123,C103350,VA-SW-NX1,2025-07-25,vireo.in,1,4499,NX1-2506-1
VR884652,C105551,VA-EB-PL2,2025-07-25,Flipkart,1,3499,PL2-2505-2
VR884748,C102384,VA-EB-PL2,2025-07-25,vireo.in,1,3499,PL2-2506-4
VR887444,C108164,VA-EB-PL2,2025-07-25,vireo.in,1,3499,PL2-2506-2
VR889320,C102657,VA-EB-PL1,2025-07-25,vireo.in,1,2374,PL1-2507-3
VR889797,C105435,VA-SP-MINI,2025-07-25,Flipkart,1,2374,MINI-2505-2
VR890945,C100507,VA-SW-FIT,2025-07-25,vireo.in,1,1799,FIT-2506-3
VR891444,C104833,VA-EB-PL2,2025-07-25,Amazon,1,3499,PL2-2504-2
VR892727,C104542,VA-SP-ORB,2025-07-25,vireo.in,1,5099,ORB-2506-4
VR892921,C108892,VA-SP-MINI,2025-07-25,Amazon,1,2499,MINI-2504-1
VR894429,C107042,VA-EB-AIR,2025-07-25,vireo.in,1,1799,AIR-2504-3
VR896085,C107718,VA-SW-FIT,2025-07-25,vireo.in,1,1999,FIT-2504-2
VR898151,C100358,VA-NB-ARC,2025-07-25,vireo.in,1,1299,ARC-2506-3
VR900702,C105029,VA-EB-PL1,2025-07-25,Amazon,1,2499,PL1-2506-4
VR901155,C103032,VA-EB-PL2,2025-07-25,Amazon,1,3149,PL2-2505-1
VR903406,C104249,VA-AC-CH65,2025-07-25,vireo.in,1,1424,CH65-2504-4
VR903621,C103304,VA-EB-PL2,2025-07-25,vireo.in,1,3499,PL2-2505-2
VR904230,C108576,VA-EB-PL2,2025-07-25,vireo.in,1,2799,PL2-2506-2
VR904378,C105504,VA-EB-PL2,2025-07-25,vireo.in,2,6998,PL2-2504-3
VR905405,C106115,VA-EB-PL2,2025-07-25,Amazon,1,2799,PL2-2505-2
VR906864,C109397,VA-EB-PL1,2025-07-25,Amazon,1,2499,PL1-2504-3
VR906867,C103837,VA-SP-MINI,2025-07-25,Amazon,1,2124,MINI-2506-3
VR906980,C109028,VA-EB-PL2,2025-07-25,vireo.in,1,3499,PL2-2505-1
VR907006,C108236,VA-EB-PL1,2025-07-25,vireo.in,1,1999,PL1-2504-3
VR908287,C100722,VA-EB-PL2,2025-07-25,Amazon,1,3149,PL2-2506-1
VR908744,C108718,VA-SP-MINI,2025-07-25,Amazon,1,2499,MINI-2505-2
VR910034,C101252,VA-EB-PL2,2025-07-25,Amazon,1,2974,PL2-2504-1
VR880515,C103668,VA-EB-PL1,2025-07-26,vireo.in,1,2499,PL1-2506-3
VR882814,C102676,VA-SW-FIT,2025-07-26,Amazon,1,1999,FIT-2505-1
VR887062,C107814,VA-EB-PL2,2025-07-26,Amazon,1,3324,PL2-2504-1
VR888737,C107565,VA-EB-PL2,2025-07-26,vireo.in,1,3499,PL2-2505-2
VR889065,C101034,VA-EB-PL1,2025-07-26,Flipkart,1,2124,PL1-2504-2
VR889778,C101339,VA-SW-NX2,2025-07-26,vireo.in,1,6499,NX2-2506-3
VR892385,C108069,VA-EB-PL2,2025-07-26,Amazon,1,3149,PL2-2505-3
VR894496,C103149,VA-SW-FIT,2025-07-26,Amazon,1,1799,FIT-2504-3
VR897875,C107526,VA-SP-MINI,2025-07-26,vireo.in,1,2499,MINI-2506-1
VR897974,C101377,VA-SW-NX2,2025-07-26,Amazon,1,6174,NX2-2506-4
VR899759,C107155,VA-EB-PL1,2025-07-26,vireo.in,1,2124,PL1-2506-4
VR901086,C102636,VA-SW-FIT,2025-07-26,vireo.in,1,1999,FIT-2504-1
VR901567,C105981,VA-HP-ST2,2025-07-26,vireo.in,1,4499,ST2-2506-1
VR901699,C102406,VA-EB-PL2,2025-07-26,Amazon,1,3499,PL2-2505-3
VR903729,C105827,VA-EB-PL2,2025-07-26,Amazon,1,3149,PL2-2506-1
VR905387,C108550,VA-EB-AIR,2025-07-26,vireo.in,1,1799,AIR-2505-1
VR881915,C106751,VA-SW-NX1,2025-07-27,vireo.in,1,3999,NX1-2506-4
VR884613,C103629,VA-EB-PL2,2025-07-27,vireo.in,1,3499,PL2-2504-1
VR885140,C105283,VA-SP-ORB,2025-07-27,vireo.in,1,4799,ORB-2505-2
VR885330,C100888,VA-SW-FIT,2025-07-27,vireo.in,1,1599,FIT-2506-1
VR888892,C109442,VA-HP-ST2,2025-07-27,vireo.in,1,4249,ST2-2504-3
VR889894,C106790,VA-EB-AIR,2025-07-27,vireo.in,2,3418,AIR-2504-2
VR890775,C105385,VA-SP-MINI,2025-07-27,Amazon,1,2374,MINI-2505-1
VR897389,C109086,VA-EB-PL1,2025-07-27,vireo.in,1,2374,PL1-2504-1
VR897952,C103239,VA-EB-PL2,2025-07-27,vireo.in,1,3499,PL2-2506-1
VR900670,C104365,VA-EB-PL2,2025-07-27,vireo.in,1,2974,PL2-2505-3
VR901461,C108770,VA-SP-MINI,2025-07-27,Amazon,1,2499,MINI-2504-2
VR901731,C108279,VA-SW-FIT,2025-07-27,Amazon,1,1999,FIT-2505-3
VR904607,C107107,VA-EB-PL2,2025-07-27,vireo.in,1,3499,PL2-2506-1
VR905041,C106285,VA-EB-PL2,2025-07-27,Flipkart,2,5948,PL2-2506-4
VR905677,C103139,VA-EB-PL1,2025-07-27,vireo.in,1,2499,PL1-2505-3
VR906731,C102300,VA-EB-AIR,2025-07-27,vireo.in,1,1799,AIR-2505-1
VR881274,C100868,VA-HP-ST3,2025-07-28,vireo.in,1,6299,ST3-2506-2
VR881344,C105243,VA-SW-NX2,2025-07-28,Flipkart,1,5199,NX2-2506-1
VR883210,C103811,VA-SP-MINI,2025-07-28,vireo.in,1,2124,MINI-2504-3
VR883324,C102317,VA-SP-MINI,2025-07-28,Flipkart,2,4498,MINI-2504-4
VR883544,C103367,VA-EB-PL2,2025-07-28,Amazon,1,2799,PL2-2505-1
VR884781,C102958,VA-EB-PL2,2025-07-28,vireo.in,1,2799,PL2-2506-1
VR885631,C101272,VA-SW-NX2,2025-07-28,vireo.in,1,5524,NX2-2505-1
VR885938,C107166,VA-EB-PL2,2025-07-28,vireo.in,1,2799,PL2-2505-2
VR886114,C109074,VA-EB-PL2,2025-07-28,Flipkart,1,3499,PL2-2505-4
VR886152,C108588,VA-SP-MINI,2025-07-28,Amazon,1,2249,MINI-2505-1
VR886555,C109321,VA-EB-PL2,2025-07-28,vireo.in,1,3324,PL2-2505-4
VR887342,C104960,VA-SW-FIT,2025-07-28,Amazon,1,1999,FIT-2505-2
VR889561,C100996,VA-EB-PL2,2025-07-28,Flipkart,1,3499,PL2-2505-1
VR889664,C108995,VA-HP-ST3,2025-07-28,Amazon,1,6999,ST3-2506-2
VR890447,C100199,VA-EB-PL1,2025-07-28,Flipkart,1,2499,PL1-2506-2
VR892386,C102047,VA-EB-PL2,2025-07-28,Flipkart,1,2799,PL2-2505-4
VR892980,C105368,VA-EB-PL2,2025-07-28,vireo.in,2,6648,PL2-2507-3
VR893497,C100961,VA-EB-PL1,2025-07-28,Amazon,1,2374,PL1-2506-2
VR893843,C108824,VA-EB-AIR,2025-07-28,Amazon,1,1799,AIR-2505-2
VR894464,C105344,VA-EB-AIR,2025-07-28,vireo.in,1,1619,AIR-2504-3
VR895558,C106693,VA-EB-PL2,2025-07-28,Amazon,1,3499,PL2-2504-2
VR896467,C104084,VA-EB-PL2,2025-07-28,vireo.in,1,3499,PL2-2504-4
VR897055,C102918,VA-EB-PL2,2025-07-28,vireo.in,1,3499,PL2-2505-3
VR899299,C106631,VA-EB-AIR,2025-07-28,vireo.in,1,1799,AIR-2505-3
VR900739,C109000,VA-SW-NX2,2025-07-28,vireo.in,1,5849,NX2-2506-4
VR900817,C109241,VA-EB-PL2,2025-07-28,vireo.in,1,2974,PL2-2504-2
VR902841,C105136,VA-SP-MINI,2025-07-28,Amazon,1,2499,MINI-2506-1
VR906622,C100263,VA-SW-NX2,2025-07-28,Amazon,2,12998,NX2-2506-2
VR906771,C107750,VA-EB-PL1,2025-07-28,vireo.in,1,1999,PL1-2506-2
VR907674,C108690,VA-EB-PL2,2025-07-28,vireo.in,1,2974,PL2-2504-3
VR910055,C101429,VA-EB-PL2,2025-07-28,vireo.in,1,2974,PL2-2504-3
VR881406,C102009,VA-SW-NX2,2025-07-29,vireo.in,1,5199,NX2-2505-4
VR882825,C105584,VA-SW-NX2,2025-07-29,Amazon,1,6499,NX2-2506-2
VR883403,C106145,VA-EB-PL2,2025-07-29,Amazon,1,3499,PL2-2506-2
VR883607,C105691,VA-SP-ORB,2025-07-29,vireo.in,1,5999,ORB-2506-2
VR883763,C105571,VA-EB-AIR,2025-07-29,vireo.in,1,1799,AIR-2506-4
VR885055,C100877,VA-SP-MINI,2025-07-29,vireo.in,1,2249,MINI-2504-3
VR885362,C101374,VA-SW-NX2,2025-07-29,vireo.in,1,6499,NX2-2504-1
VR887530,C100068,VA-SP-ORB,2025-07-29,Amazon,1,5999,ORB-2506-3
VR890142,C101706,VA-EB-PL1,2025-07-29,vireo.in,1,2499,PL1-2505-4
VR891216,C102710,VA-EB-PL2,2025-07-29,Amazon,1,3499,PL2-2506-2
VR894893,C108989,VA-HP-ST3,2025-07-29,Flipkart,1,6299,ST3-2505-4
VR895501,C104934,VA-SP-MINI,2025-07-29,vireo.in,2,4248,MINI-2504-2
VR896386,C108125,VA-EB-PL2,2025-07-29,Flipkart,1,2974,PL2-2506-3
VR900436,C106039,VA-EB-PL2,2025-07-29,Flipkart,1,3149,PL2-2504-2
VR901273,C104349,VA-EB-PL2,2025-07-29,vireo.in,1,3499,PL2-2504-1
VR902636,C105244,VA-EB-PL2,2025-07-29,vireo.in,2,6998,PL2-2505-4
VR903873,C106616,VA-EB-PL2,2025-07-29,Amazon,1,3499,PL2-2505-1
VR904314,C102465,VA-SW-NX1,2025-07-29,vireo.in,1,3999,NX1-2507-3
VR907400,C103267,VA-EB-PL2,2025-07-29,Amazon,1,3149,PL2-2506-2
VR909539,C103722,VA-EB-PL1,2025-07-29,vireo.in,2,4248,PL1-2505-1
VR880361,C108604,VA-HP-ST3,2025-07-30,vireo.in,1,6299,ST3-2505-4
VR880374,C100246,VA-EB-PL1,2025-07-30,vireo.in,1,2374,PL1-2505-1
VR880388,C103685,VA-EB-PL2,2025-07-30,vireo.in,1,3324,PL2-2505-4
VR880778,C105194,VA-EB-PL2,2025-07-30,vireo.in,1,3499,PL2-2505-2
VR881253,C104852,VA-EB-PL2,2025-07-30,vireo.in,1,3499,PL2-2505-4
VR883542,C106956,VA-EB-AIR,2025-07-30,vireo.in,1,1619,AIR-2504-1
VR884340,C103104,VA-EB-PL2,2025-07-30,vireo.in,1,3324,PL2-2506-2
VR888138,C101186,VA-EB-PL2,2025-07-30,Amazon,1,3499,PL2-2507-4
VR888845,C107707,VA-NB-ARC,2025-07-30,vireo.in,1,1299,ARC-2507-3
VR890543,C101339,VA-SW-NX2,2025-07-30,vireo.in,1,5524,NX2-2504-3
VR891732,C103494,VA-EB-PL1,2025-07-30,vireo.in,1,2499,PL1-2504-2
VR891899,C101580,VA-EB-PL2,2025-07-30,vireo.in,1,3499,PL2-2504-1
VR892942,C104352,VA-EB-AIR,2025-07-30,Amazon,1,1439,AIR-2507-2
VR894217,C102259,VA-EB-PL2,2025-07-30,vireo.in,1,3499,PL2-2505-2
VR895520,C103398,VA-SW-NX2,2025-07-30,vireo.in,1,5199,NX2-2506-2
VR896730,C103205,VA-SP-ORB,2025-07-30,vireo.in,1,5999,ORB-2505-1
VR899690,C106867,VA-SW-NX2,2025-07-30,Amazon,1,5199,NX2-2506-3
VR905663,C102993,VA-HP-ST3,2025-07-30,vireo.in,1,6649,ST3-2505-1
VR908015,C101543,VA-EB-PL2,2025-07-30,Flipkart,1,3324,PL2-2506-4
VR908471,C101254,VA-EB-PL2,2025-07-30,Amazon,1,3324,PL2-2505-2
VR909190,C107458,VA-EB-PL2,2025-07-30,vireo.in,1,3499,PL2-2506-4
VR880021,C103464,VA-EB-PL2,2025-07-31,vireo.in,1,3149,PL2-2504-3
VR881306,C102064,VA-SW-FIT,2025-07-31,Amazon,1,1899,FIT-2506-4
VR884572,C105083,VA-SW-NX1,2025-07-31,Amazon,1,4249,NX1-2506-4
VR886937,C109135,VA-SW-FIT,2025-07-31,vireo.in,1,1999,FIT-2504-3
VR887579,C101859,VA-SP-MINI,2025-07-31,Amazon,1,2124,MINI-2506-1
VR888665,C100401,VA-EB-PL2,2025-07-31,vireo.in,1,2799,PL2-2506-4
VR891168,C101585,VA-EB-PL2,2025-07-31,Amazon,2,6998,PL2-2506-4
VR892197,C105020,VA-EB-AIR,2025-07-31,vireo.in,1,1799,AIR-2507-3
VR892823,C103301,VA-SP-ORB,2025-07-31,Amazon,1,5999,ORB-2506-4
VR894657,C100504,VA-EB-PL2,2025-07-31,Amazon,1,3499,PL2-2507-4
VR894983,C108550,VA-EB-PL2,2025-07-31,Flipkart,1,3499,PL2-2505-1
VR895122,C102242,VA-EB-PL2,2025-07-31,Amazon,1,3499,PL2-2504-1
VR896255,C103354,VA-EB-PL2,2025-07-31,vireo.in,1,2974,PL2-2505-3
VR897059,C104962,VA-SP-ORB,2025-07-31,vireo.in,2,11998,ORB-2506-2
VR897448,C102885,VA-HP-ST3,2025-07-31,vireo.in,1,6999,ST3-2506-4
VR897835,C107769,VA-EB-PL2,2025-07-31,vireo.in,1,3324,PL2-2504-3
VR899043,C108813,VA-SW-NX1,2025-07-31,vireo.in,1,4249,NX1-2505-2
VR900164,C102055,VA-SP-ORB,2025-07-31,vireo.in,1,4799,ORB-2504-2
VR900994,C104915,VA-SW-NX2,2025-07-31,Flipkart,1,5199,NX2-2505-2
VR901521,C107890,VA-EB-PL1,2025-07-31,vireo.in,1,2374,PL1-2506-4
VR902379,C100145,VA-EB-PL1,2025-07-31,vireo.in,1,1999,PL1-2505-1
VR903062,C103636,VA-EB-PL2,2025-07-31,vireo.in,1,3499,PL2-2505-1
VR903346,C109447,VA-EB-PL2,2025-07-31,vireo.in,1,3499,PL2-2504-1
VR903933,C105306,VA-EB-PL1,2025-07-31,vireo.in,1,2499,PL1-2505-1
VR904049,C100536,VA-EB-PL2,2025-07-31,Flipkart,1,3499,PL2-2506-3
VR905927,C102599,VA-EB-PL2,2025-07-31,vireo.in,1,3499,PL2-2505-1
VR906377,C101973,VA-EB-PL2,2025-07-31,vireo.in,1,3499,PL2-2506-2
VR906434,C103764,VA-EB-PL2,2025-07-31,Amazon,1,3499,PL2-2506-1
VR906574,C107513,VA-SP-ORB,2025-07-31,vireo.in,1,5399,ORB-2504-1
VR907176,C109085,VA-EB-PL2,2025-07-31,vireo.in,1,2974,PL2-2506-4
VR907868,C107909,VA-EB-PL2,2025-07-31,Flipkart,1,3499,PL2-2506-4
VR909799,C107103,VA-SW-NX2,2025-07-31,Amazon,1,5524,NX2-2505-4
VR880093,C103469,VA-SW-NX1,2025-08-01,Flipkart,1,4999,NX1-2507-2
VR881001,C100197,VA-HP-ST3,2025-08-01,Amazon,1,5599,ST3-2505-2
VR884558,C102658,VA-HP-ST2,2025-08-01,vireo.in,1,4999,ST2-2506-2
VR885143,C102301,VA-HP-ST3,2025-08-01,Amazon,1,6999,ST3-2504-4
VR888022,C107834,VA-EB-AIR,2025-08-01,Amazon,1,1709,AIR-2506-3
VR891051,C107580,VA-HP-ST3,2025-08-01,vireo.in,1,5949,ST3-2505-3
VR892534,C104959,VA-EB-PL2,2025-08-01,Amazon,1,3499,PL2-2506-2
VR893058,C103570,VA-EB-PL2,2025-08-01,vireo.in,1,3324,PL2-2505-4
VR893551,C109194,VA-SW-NX2,2025-08-01,vireo.in,1,5199,NX2-2504-4
VR896042,C109339,VA-SW-FIT,2025-08-01,vireo.in,2,3198,FIT-2504-1
VR898282,C108976,VA-HP-ST3,2025-08-01,vireo.in,1,5949,ST3-2507-1
VR898884,C104901,VA-SW-NX2,2025-08-01,Amazon,1,6499,NX2-2506-2
VR901457,C106571,VA-SW-NX2,2025-08-01,vireo.in,1,5199,NX2-2507-3
VR901565,C101150,VA-SW-NX2,2025-08-01,vireo.in,1,5199,NX2-2505-4
VR902671,C109319,VA-EB-PL1,2025-08-01,Flipkart,1,2374,PL1-2506-2
VR905010,C105512,VA-EB-PL1,2025-08-01,Flipkart,1,2499,PL1-2507-3
VR906540,C105325,VA-HP-ST2,2025-08-01,Amazon,1,4999,ST2-2507-4
VR909656,C100857,VA-EB-PL2,2025-08-01,vireo.in,1,3324,PL2-2505-2
VR910048,C108472,VA-AC-CH65,2025-08-01,Amazon,1,1349,CH65-2505-1
VR880112,C104270,VA-SW-NX2,2025-08-02,vireo.in,1,5199,NX2-2504-1
VR880646,C106855,VA-SP-MINI,2025-08-02,vireo.in,1,2499,MINI-2504-3
VR881034,C105881,VA-HP-ST2,2025-08-02,Amazon,1,4999,ST2-2506-2
VR882080,C103819,VA-SW-NX2,2025-08-02,Amazon,1,6499,NX2-2506-3
VR882136,C100281,VA-SW-NX1,2025-08-02,vireo.in,1,4999,NX1-2506-4
VR883725,C104898,VA-SW-NX2,2025-08-02,Amazon,2,10398,NX2-2505-2
VR886381,C105759,VA-SW-NX2,2025-08-02,vireo.in,1,6499,NX2-2505-4
VR886709,C101623,VA-SP-MINI,2025-08-02,Flipkart,1,2249,MINI-2505-1
VR887474,C104644,VA-EB-PL2,2025-08-02,vireo.in,1,3499,PL2-2507-2
VR888657,C103583,VA-SW-FIT,2025-08-02,Amazon,1,1799,FIT-2506-4
VR890850,C107165,VA-EB-PL2,2025-08-02,vireo.in,1,3499,PL2-2506-1
VR891030,C108597,VA-EB-PL2,2025-08-02,vireo.in,1,3499,PL2-2506-4
VR891575,C107155,VA-EB-PL2,2025-08-02,Amazon,1,3324,PL2-2506-3
VR893809,C102871,VA-EB-PL2,2025-08-02,Flipkart,1,3499,PL2-2504-2
VR896308,C100122,VA-EB-PL2,2025-08-02,Amazon,1,3149,PL2-2505-2
VR897140,C109024,VA-EB-PL2,2025-08-02,vireo.in,1,2799,PL2-2505-1
VR898804,C100250,VA-EB-PL1,2025-08-02,vireo.in,1,2374,PL1-2506-2
VR901464,C106567,VA-SW-FIT,2025-08-02,vireo.in,1,1699,FIT-2504-3
VR901808,C102657,VA-SW-NX2,2025-08-02,vireo.in,1,6174,NX2-2505-2
VR903031,C103915,VA-HP-ST3,2025-08-02,Flipkart,1,6999,ST3-2506-4
VR904240,C105122,VA-EB-PL2,2025-08-02,Amazon,1,3499,PL2-2505-1
VR906178,C102749,VA-EB-PL2,2025-08-02,vireo.in,1,3149,PL2-2505-2
VR907847,C105359,VA-EB-PL2,2025-08-02,Flipkart,1,3324,PL2-2504-2
VR908231,C103263,VA-EB-PL2,2025-08-02,vireo.in,1,3149,PL2-2504-4
VR908318,C100720,VA-EB-PL2,2025-08-02,Amazon,1,3499,PL2-2506-4
VR880513,C108113,VA-EB-PL1,2025-08-03,Flipkart,1,2499,PL1-2506-1
VR880763,C105956,VA-EB-PL2,2025-08-03,vireo.in,1,3324,PL2-2506-2
VR881617,C103800,VA-HP-ST3,2025-08-03,vireo.in,1,6299,ST3-2506-2
VR881872,C109390,VA-EB-PL2,2025-08-03,Flipkart,1,3149,PL2-2505-4
VR883928,C104935,VA-EB-PL2,2025-08-03,Flipkart,1,3499,PL2-2506-1
VR884241,C109016,VA-EB-PL2,2025-08-03,Amazon,1,3149,PL2-2505-2
VR885065,C104579,VA-SP-ORB,2025-08-03,vireo.in,1,5399,ORB-2504-3
VR885592,C101034,VA-EB-PL2,2025-08-03,vireo.in,1,2974,PL2-2505-2
VR885608,C100876,VA-EB-PL2,2025-08-03,vireo.in,1,3324,PL2-2507-4
VR886426,C101276,VA-AC-CASE,2025-08-03,Flipkart,1,1039,CASE-2505-2
VR886507,C102231,VA-SW-NX2,2025-08-03,vireo.in,1,6499,NX2-2504-3
VR888661,C109083,VA-EB-PL1,2025-08-03,Amazon,1,2374,PL1-2505-4
VR888962,C101210,VA-EB-PL2,2025-08-03,vireo.in,1,3324,PL2-2505-2
VR889314,C105982,VA-HP-ST3,2025-08-03,Flipkart,1,6999,ST3-2504-3
VR889464,C103425,VA-EB-PL2,2025-08-03,Amazon,1,2974,PL2-2505-2
VR892348,C104626,VA-EB-PL2,2025-08-03,vireo.in,1,2799,PL2-2506-3
VR895180,C102137,VA-SW-FIT,2025-08-03,Amazon,1,1999,FIT-2505-1
VR895913,C106181,VA-SP-MINI,2025-08-03,Amazon,1,2374,MINI-2505-4
VR896842,C108318,VA-SP-ORB,2025-08-03,vireo.in,1,5999,ORB-2505-3
VR897659,C100328,VA-AC-CASE,2025-08-03,vireo.in,1,1299,CASE-2505-3
VR897743,C105132,VA-EB-PL2,2025-08-03,Amazon,1,3499,PL2-2507-2
VR897960,C103832,VA-EB-PL2,2025-08-03,vireo.in,1,2974,PL2-2505-1
VR898408,C101333,VA-SW-NX2,2025-08-03,vireo.in,1,6499,NX2-2505-1
VR898453,C107448,VA-EB-PL2,2025-08-03,vireo.in,1,3324,PL2-2505-3
VR900021,C100910,VA-SW-NX2,2025-08-03,vireo.in,1,5849,NX2-2504-2
VR903130,C102368,VA-EB-PL1,2025-08-03,vireo.in,1,2499,PL1-2507-4
VR903641,C102771,VA-EB-PL2,2025-08-03,vireo.in,1,3499,PL2-2506-4
VR904220,C104772,VA-HP-ST2,2025-08-03,Amazon,2,9498,ST2-2504-4
VR907137,C102413,VA-SP-ORB,2025-08-03,vireo.in,1,5699,ORB-2504-1
VR907571,C103627,VA-EB-PL1,2025-08-03,Amazon,1,2249,PL1-2505-2
VR908860,C102158,VA-SW-NX1,2025-08-03,Amazon,1,4249,NX1-2507-4
VR909317,C105500,VA-EB-PL2,2025-08-03,Amazon,1,3499,PL2-2505-3
VR909339,C108440,VA-EB-PL1,2025-08-03,vireo.in,1,2374,PL1-2506-1
VR909702,C102199,VA-EB-PL2,2025-08-03,vireo.in,1,3499,PL2-2506-1
VR909930,C105541,VA-NB-ARC,2025-08-03,Flipkart,1,1169,ARC-2507-3
VR910067,C102618,VA-SW-NX2,2025-08-03,vireo.in,1,5849,NX2-2504-2
VR880048,C105233,VA-SW-NX2,2025-08-04,Amazon,1,6174,NX2-2506-3
VR880189,C102623,VA-EB-PL2,2025-08-04,vireo.in,1,3499,PL2-2507-3
VR880213,C101520,VA-SW-NX2,2025-08-04,vireo.in,1,5199,NX2-2506-2
VR880517,C103604,VA-SW-NX1,2025-08-04,vireo.in,1,4249,NX1-2507-3
VR884033,C105247,VA-EB-AIR,2025-08-04,vireo.in,1,1439,AIR-2507-4
VR884403,C109129,VA-EB-PL2,2025-08-04,vireo.in,1,3499,PL2-2506-4
VR885820,C102643,VA-SP-MINI,2025-08-04,vireo.in,1,2499,MINI-2505-2
VR886715,C108670,VA-EB-PL2,2025-08-04,Amazon,1,2974,PL2-2505-2
VR890043,C105314,VA-EB-PL2,2025-08-04,vireo.in,1,3499,PL2-2506-2
VR890637,C105350,VA-EB-PL2,2025-08-04,Amazon,1,3499,PL2-2505-1
VR890809,C103549,VA-SW-NX2,2025-08-04,Amazon,1,5849,NX2-2505-1
VR891703,C108990,VA-AC-CH65,2025-08-04,Flipkart,1,1499,CH65-2505-1
VR893560,C100106,VA-EB-PL2,2025-08-04,vireo.in,1,3324,PL2-2505-4
VR893853,C101742,VA-HP-ST3,2025-08-04,vireo.in,1,5949,ST3-2506-2
VR894719,C101229,VA-EB-PL1,2025-08-04,vireo.in,1,2124,PL1-2507-1
VR895400,C108119,VA-SW-NX2,2025-08-04,vireo.in,1,5524,NX2-2505-4
VR896061,C104880,VA-EB-AIR,2025-08-04,vireo.in,1,1799,AIR-2506-2
VR896164,C101215,VA-SP-MINI,2025-08-04,vireo.in,1,2499,MINI-2505-4
VR896772,C102319,VA-EB-PL2,2025-08-04,vireo.in,1,3499,PL2-2505-4
VR897533,C104465,VA-EB-PL1,2025-08-04,vireo.in,1,2499,PL1-2504-4
VR897629,C103357,VA-EB-PL2,2025-08-04,vireo.in,1,2799,PL2-2507-1
VR898487,C104308,VA-SP-ORB,2025-08-04,Flipkart,1,4799,ORB-2504-2
VR898646,C107084,VA-SP-MINI,2025-08-04,Amazon,1,1999,MINI-2506-4
VR898807,C105127,VA-AC-CASE,2025-08-04,vireo.in,1,1299,CASE-2506-4
VR899501,C106947,VA-SP-MINI,2025-08-04,Amazon,1,2374,MINI-2505-3
VR900113,C108093,VA-HP-ST2,2025-08-04,vireo.in,1,4249,ST2-2506-1
VR900343,C105943,VA-EB-PL2,2025-08-04,Amazon,1,3324,PL2-2505-1
VR902491,C109290,VA-EB-PL2,2025-08-04,Flipkart,1,3499,PL2-2505-1
VR904317,C106612,VA-SP-ORB,2025-08-04,vireo.in,1,4799,ORB-2507-1
VR905066,C107865,VA-SW-FIT,2025-08-04,vireo.in,1,1599,FIT-2505-3
VR905109,C107619,VA-EB-AIR,2025-08-04,Amazon,1,1529,AIR-2505-3
VR905909,C107649,VA-EB-PL2,2025-08-04,Amazon,1,3499,PL2-2506-2
VR906533,C107882,VA-HP-ST2,2025-08-04,vireo.in,1,4749,ST2-2506-3
VR907140,C105800,VA-EB-AIR,2025-08-04,Amazon,1,1619,AIR-2506-1
VR907783,C108899,VA-EB-PL2,2025-08-04,Amazon,2,6998,PL2-2506-1
VR908291,C103890,VA-EB-PL2,2025-08-04,vireo.in,2,6998,PL2-2504-3
VR908646,C107171,VA-SP-MINI,2025-08-04,vireo.in,1,2499,MINI-2504-3
VR908659,C105178,VA-AC-CASE,2025-08-04,Amazon,1,1039,CASE-2504-1
VR909500,C103222,VA-EB-AIR,2025-08-04,vireo.in,1,1619,AIR-2504-3
VR909857,C108441,VA-AC-CASE,2025-08-04,Flipkart,1,1169,CASE-2506-4
VR880674,C100181,VA-EB-PL2,2025-08-05,vireo.in,1,3499,PL2-2505-1
VR880780,C101196,VA-SW-NX2,2025-08-05,Amazon,1,6499,NX2-2506-1
VR881277,C106830,VA-EB-PL2,2025-08-05,Amazon,1,3499,PL2-2505-3
VR883506,C108145,VA-EB-PL1,2025-08-05,vireo.in,1,2374,PL1-2507-2
VR883769,C100259,VA-EB-PL2,2025-08-05,Flipkart,1,3149,PL2-2506-4
VR883813,C106751,VA-SP-MINI,2025-08-05,Flipkart,1,2249,MINI-2506-1
VR884610,C101387,VA-HP-ST2,2025-08-05,vireo.in,1,3999,ST2-2506-1
VR884763,C100326,VA-EB-PL2,2025-08-05,vireo.in,1,3324,PL2-2506-1
VR885660,C108020,VA-EB-PL1,2025-08-05,vireo.in,2,4998,PL1-2505-4
VR886871,C104691,VA-EB-PL2,2025-08-05,Flipkart,1,3499,PL2-2507-4
VR888135,C102295,VA-SW-NX1,2025-08-05,vireo.in,1,4499,NX1-2505-2
VR888297,C100506,VA-SW-NX1,2025-08-05,Amazon,1,4999,NX1-2504-2
VR888633,C101225,VA-SP-MINI,2025-08-05,vireo.in,2,4998,MINI-2505-1
VR889820,C107449,VA-AC-CASE,2025-08-05,vireo.in,1,1169,CASE-2506-2
VR890759,C103159,VA-HP-ST2,2025-08-05,vireo.in,1,4749,ST2-2505-3
VR892967,C106895,VA-EB-PL2,2025-08-05,vireo.in,1,3149,PL2-2506-1
VR895725,C107638,VA-SP-ORB,2025-08-05,vireo.in,1,5399,ORB-2506-1
VR895975,C103474,VA-EB-AIR,2025-08-05,vireo.in,1,1799,AIR-2506-3
VR895977,C104202,VA-HP-ST3,2025-08-05,Amazon,1,6999,ST3-2505-2
VR898449,C102446,VA-EB-AIR,2025-08-05,vireo.in,1,1619,AIR-2505-1
VR902708,C105840,VA-EB-PL2,2025-08-05,Amazon,1,2799,PL2-2507-3
VR902880,C105983,VA-EB-PL2,2025-08-05,Amazon,1,3324,PL2-2505-3
VR903572,C109399,VA-SP-ORB,2025-08-05,vireo.in,1,5099,ORB-2506-4
VR903613,C102734,VA-EB-PL2,2025-08-05,Amazon,2,6998,PL2-2504-2
VR906741,C105769,VA-SP-MINI,2025-08-05,vireo.in,1,2124,MINI-2506-3
VR906998,C101928,VA-EB-PL2,2025-08-05,Amazon,1,2974,PL2-2507-1
VR907730,C109464,VA-EB-PL1,2025-08-05,Amazon,1,1999,PL1-2506-1
VR909354,C105754,VA-HP-ST3,2025-08-05,vireo.in,1,6649,ST3-2507-4
VR882996,C102276,VA-SP-MINI,2025-08-06,vireo.in,1,2499,MINI-2504-3
VR885540,C108638,VA-SW-NX2,2025-08-06,Flipkart,1,6499,NX2-2506-1
VR886554,C108091,VA-EB-PL2,2025-08-06,Amazon,1,3499,PL2-2506-3
VR889670,C105099,VA-EB-PL1,2025-08-06,Amazon,1,1999,PL1-2506-2
VR892274,C102192,VA-SP-MINI,2025-08-06,Amazon,1,2499,MINI-2505-2
VR895508,C100667,VA-AC-CASE,2025-08-06,vireo.in,1,1299,CASE-2504-1
VR896500,C104709,VA-EB-PL2,2025-08-06,Amazon,1,2799,PL2-2505-4
VR898579,C101286,VA-SW-NX1,2025-08-06,vireo.in,1,3999,NX1-2506-2
VR898829,C101103,VA-EB-PL2,2025-08-06,Amazon,1,3149,PL2-2507-3
VR899465,C104677,VA-SW-NX2,2025-08-06,vireo.in,1,6499,NX2-2507-4
VR899639,C106253,VA-AC-CASE,2025-08-06,Amazon,1,1299,CASE-2506-3
VR900122,C103589,VA-EB-PL2,2025-08-06,Amazon,1,3149,PL2-2505-3
VR901051,C107212,VA-SW-NX2,2025-08-06,vireo.in,1,6499,NX2-2505-2
VR901857,C101199,VA-SW-NX2,2025-08-06,Flipkart,1,6499,NX2-2506-4
VR902225,C104886,VA-EB-PL2,2025-08-06,Amazon,1,3499,PL2-2504-2
VR903118,C106954,VA-HP-ST3,2025-08-06,vireo.in,1,6299,ST3-2507-4
VR903325,C105314,VA-NB-ARC,2025-08-06,vireo.in,1,1104,ARC-2504-2
VR903454,C102311,VA-EB-AIR,2025-08-06,vireo.in,1,1799,AIR-2506-1
VR906854,C109268,VA-EB-AIR,2025-08-06,vireo.in,1,1619,AIR-2505-1
VR908150,C104794,VA-EB-PL2,2025-08-06,vireo.in,1,2974,PL2-2505-2
VR882668,C107464,VA-AC-CASE,2025-08-07,vireo.in,1,1039,CASE-2506-3
VR882828,C108750,VA-EB-AIR,2025-08-07,Amazon,1,1799,AIR-2507-2
VR884153,C104723,VA-EB-AIR,2025-08-07,Amazon,1,1439,AIR-2507-3
VR884426,C103123,VA-HP-ST3,2025-08-07,Amazon,1,6999,ST3-2504-1
VR886067,C100833,VA-HP-ST3,2025-08-07,vireo.in,1,6999,ST3-2506-4
VR886800,C107203,VA-EB-PL2,2025-08-07,vireo.in,1,3149,PL2-2505-2
VR887490,C100651,VA-SW-FIT,2025-08-07,Amazon,1,1999,FIT-2506-1
VR889383,C106103,VA-EB-PL2,2025-08-07,Amazon,1,2799,PL2-2506-4
VR889429,C104217,VA-SW-FIT,2025-08-07,Flipkart,1,1999,FIT-2506-3
VR891576,C107721,VA-EB-AIR,2025-08-07,Amazon,1,1439,AIR-2505-2
VR891668,C100987,VA-EB-PL1,2025-08-07,Amazon,1,2499,PL1-2505-4
VR891924,C103477,VA-SW-NX1,2025-08-07,Amazon,1,4249,NX1-2507-1
VR892664,C103449,VA-HP-ST2,2025-08-07,vireo.in,1,4999,ST2-2506-1
VR894373,C102271,VA-EB-PL2,2025-08-07,Flipkart,1,2974,PL2-2504-3
VR896823,C107173,VA-EB-PL2,2025-08-07,Amazon,1,3149,PL2-2506-3
VR898505,C107890,VA-EB-PL2,2025-08-07,vireo.in,1,3499,PL2-2505-2
VR900507,C104684,VA-SW-NX2,2025-08-07,Flipkart,1,6174,NX2-2506-3
VR902045,C104387,VA-EB-PL1,2025-08-07,Amazon,2,4998,PL1-2505-4
VR902750,C102386,VA-EB-PL2,2025-08-07,Amazon,1,3499,PL2-2506-2
VR903205,C101678,VA-EB-PL2,2025-08-07,Flipkart,1,2974,PL2-2506-3
VR903401,C101049,VA-EB-PL2,2025-08-07,vireo.in,1,3149,PL2-2506-1
VR903714,C102510,VA-EB-PL2,2025-08-07,vireo.in,1,3324,PL2-2504-4
VR905636,C105755,VA-EB-PL2,2025-08-07,vireo.in,1,3324,PL2-2505-3
VR907956,C100842,VA-EB-PL2,2025-08-07,vireo.in,1,3324,PL2-2506-2
VR908348,C105082,VA-EB-PL1,2025-08-07,vireo.in,1,2374,PL1-2505-1
VR909227,C100095,VA-EB-PL2,2025-08-07,vireo.in,1,3324,PL2-2505-1
VR880131,C102123,VA-EB-PL2,2025-08-08,vireo.in,2,6998,PL2-2505-3
VR880389,C106238,VA-SW-FIT,2025-08-08,Flipkart,1,1799,FIT-2505-1
VR881751,C103696,VA-EB-AIR,2025-08-08,vireo.in,1,1439,AIR-2505-3
VR884052,C102523,VA-SW-NX1,2025-08-08,Amazon,1,4249,NX1-2506-1
VR885384,C107508,VA-HP-ST3,2025-08-08,Amazon,1,5949,ST3-2507-4
VR886701,C106728,VA-NB-ARC,2025-08-08,Amazon,1,1299,ARC-2505-3
VR887642,C107000,VA-EB-PL1,2025-08-08,Amazon,1,2124,PL1-2506-1
VR889068,C100179,VA-SW-FIT,2025-08-08,Flipkart,1,1699,FIT-2505-4
VR889818,C106116,VA-EB-PL2,2025-08-08,Amazon,1,3499,PL2-2506-2
VR891357,C106916,VA-EB-PL2,2025-08-08,vireo.in,1,2799,PL2-2507-4
VR893401,C101715,VA-EB-PL2,2025-08-08,vireo.in,1,3499,PL2-2506-4
VR893639,C106072,VA-SP-MINI,2025-08-08,Amazon,1,2249,MINI-2506-3
VR894824,C108141,VA-SP-MINI,2025-08-08,Amazon,1,2499,MINI-2504-2
VR895127,C104412,VA-EB-AIR,2025-08-08,Amazon,2,3418,AIR-2505-4
VR895349,C109359,VA-HP-ST3,2025-08-08,vireo.in,1,6999,ST3-2505-2
VR896498,C102597,VA-SW-NX2,2025-08-08,vireo.in,1,6499,NX2-2506-3
VR896553,C106061,VA-SP-MINI,2025-08-08,vireo.in,1,2374,MINI-2506-1
VR896934,C105619,VA-EB-PL2,2025-08-08,vireo.in,1,2974,PL2-2504-2
VR896957,C109130,VA-EB-AIR,2025-08-08,Amazon,1,1799,AIR-2506-4
VR897214,C104847,VA-NB-ARC,2025-08-08,vireo.in,1,1169,ARC-2507-3
VR897266,C100653,VA-EB-PL2,2025-08-08,Amazon,2,5598,PL2-2505-2
VR897978,C109345,VA-SP-MINI,2025-08-08,vireo.in,1,2249,MINI-2506-4
VR901467,C108684,VA-EB-PL2,2025-08-08,vireo.in,1,2799,PL2-2505-3
VR904796,C106008,VA-AC-CH65,2025-08-08,vireo.in,1,1499,CH65-2504-3
VR906473,C101253,VA-SP-ORB,2025-08-08,vireo.in,1,5999,ORB-2505-4
VR906607,C102720,VA-EB-PL2,2025-08-08,Flipkart,1,3499,PL2-2504-4
VR906662,C101980,VA-EB-PL2,2025-08-08,vireo.in,1,3149,PL2-2505-1
VR907271,C108464,VA-SP-ORB,2025-08-08,Flipkart,1,5999,ORB-2504-2
VR907414,C108760,VA-HP-ST2,2025-08-08,Flipkart,1,3999,ST2-2506-1
VR907864,C102991,VA-EB-PL2,2025-08-08,Amazon,1,3499,PL2-2504-4
VR907908,C104360,VA-EB-PL2,2025-08-08,vireo.in,1,3499,PL2-2504-3
VR908217,C100939,VA-EB-PL2,2025-08-08,Amazon,1,2799,PL2-2506-1
VR908564,C102659,VA-HP-ST2,2025-08-08,vireo.in,1,4249,ST2-2506-1
VR909136,C104292,VA-EB-PL1,2025-08-08,Amazon,1,2374,PL1-2507-4
VR909384,C104220,VA-SW-NX2,2025-08-08,Amazon,1,6499,NX2-2505-3
VR885312,C107269,VA-SW-NX2,2025-08-09,vireo.in,1,6499,NX2-2506-4
VR887712,C102631,VA-SW-NX2,2025-08-09,vireo.in,1,5849,NX2-2506-4
VR887742,C103413,VA-EB-PL2,2025-08-09,Amazon,1,2799,PL2-2505-2
VR888037,C107931,VA-SP-MINI,2025-08-09,Amazon,1,2499,MINI-2506-1
VR891687,C108118,VA-SW-NX2,2025-08-09,vireo.in,1,6174,NX2-2507-1
VR892172,C101714,VA-EB-PL2,2025-08-09,Amazon,1,3499,PL2-2505-1
VR892333,C102160,VA-EB-AIR,2025-08-09,Amazon,1,1799,AIR-2505-1
VR893414,C102396,VA-SW-NX2,2025-08-09,vireo.in,2,12998,NX2-2505-4
VR895188,C108019,VA-EB-PL2,2025-08-09,Amazon,1,3499,PL2-2505-1
VR895496,C108547,VA-SP-ORB,2025-08-09,vireo.in,2,9598,ORB-2506-1
VR896388,C100559,VA-EB-PL2,2025-08-09,vireo.in,1,3499,PL2-2507-3
VR897008,C105849,VA-SP-MINI,2025-08-09,Flipkart,1,2249,MINI-2505-2
VR898093,C102062,VA-EB-PL2,2025-08-09,Amazon,2,6298,PL2-2507-2
VR898176,C101089,VA-SW-NX2,2025-08-09,vireo.in,1,6499,NX2-2505-3
VR898273,C100469,VA-EB-PL2,2025-08-09,vireo.in,1,3499,PL2-2507-3
VR899511,C101606,VA-NB-ARC,2025-08-09,vireo.in,2,2468,ARC-2504-3
VR900197,C103665,VA-AC-CH65,2025-08-09,Flipkart,1,1274,CH65-2506-1
VR900430,C100465,VA-EB-PL1,2025-08-09,vireo.in,1,2124,PL1-2504-4
VR901401,C101248,VA-SW-NX1,2025-08-09,vireo.in,1,4749,NX1-2506-3
VR902147,C107069,VA-EB-PL2,2025-08-09,vireo.in,1,3324,PL2-2507-3
VR902542,C102733,VA-SP-ORB,2025-08-09,vireo.in,1,5399,ORB-2506-3
VR903556,C106725,VA-AC-CASE,2025-08-09,Amazon,1,1169,CASE-2507-4
VR903693,C104440,VA-EB-PL2,2025-08-09,vireo.in,1,2799,PL2-2507-1
VR904562,C100873,VA-SW-NX2,2025-08-09,Amazon,1,6499,NX2-2507-3
VR904728,C107926,VA-EB-PL2,2025-08-09,vireo.in,1,2974,PL2-2505-4
VR904754,C104552,VA-EB-PL2,2025-08-09,vireo.in,1,2799,PL2-2507-4
VR904810,C102712,VA-EB-PL2,2025-08-09,vireo.in,1,3499,PL2-2505-1
VR904839,C109078,VA-EB-PL2,2025-08-09,Amazon,1,3499,PL2-2506-4
VR905125,C106029,VA-EB-PL1,2025-08-09,vireo.in,1,2249,PL1-2506-1
VR905142,C105257,VA-EB-PL2,2025-08-09,Amazon,1,2974,PL2-2507-4
VR905426,C101651,VA-EB-PL2,2025-08-09,vireo.in,1,3499,PL2-2506-4
VR907617,C106688,VA-EB-PL2,2025-08-09,vireo.in,1,3499,PL2-2507-1
VR908913,C105895,VA-EB-PL2,2025-08-09,Flipkart,1,3499,PL2-2505-4
VR881990,C106447,VA-EB-PL2,2025-08-10,Flipkart,1,3499,PL2-2507-2
VR884931,C101129,VA-SW-NX2,2025-08-10,Flipkart,1,5524,NX2-2507-1
VR887999,C100026,VA-SP-MINI,2025-08-10,vireo.in,2,4998,MINI-2507-1
VR891473,C102548,VA-EB-PL2,2025-08-10,vireo.in,2,6298,PL2-2506-1
VR891537,C102880,VA-SW-NX2,2025-08-10,vireo.in,1,5849,NX2-2505-1
VR891797,C105342,VA-AC-CH65,2025-08-10,Flipkart,1,1499,CH65-2505-4
VR894988,C105041,VA-EB-PL2,2025-08-10,Amazon,1,3149,PL2-2506-4
VR895461,C102694,VA-EB-PL2,2025-08-10,vireo.in,1,3324,PL2-2505-4
VR895939,C106412,VA-EB-PL2,2025-08-10,vireo.in,1,3149,PL2-2506-1
VR896179,C105555,VA-SW-NX2,2025-08-10,Amazon,1,5524,NX2-2505-4
VR896272,C104154,VA-EB-PL1,2025-08-10,vireo.in,1,2374,PL1-2506-4
VR899578,C102115,VA-HP-ST3,2025-08-10,vireo.in,1,6999,ST3-2507-2
VR901158,C101580,VA-EB-AIR,2025-08-10,vireo.in,1,1799,AIR-2507-1
VR903763,C107366,VA-HP-ST3,2025-08-10,Amazon,1,6999,ST3-2504-1
VR904544,C104168,VA-EB-PL2,2025-08-10,Amazon,1,3149,PL2-2506-3
VR905021,C106691,VA-EB-PL2,2025-08-10,vireo.in,1,3499,PL2-2507-1
VR905655,C107812,VA-SP-ORB,2025-08-10,Amazon,1,5099,ORB-2506-2
VR905851,C107723,VA-AC-CASE,2025-08-10,Flipkart,1,1299,CASE-2506-4
VR906336,C100249,VA-EB-PL2,2025-08-10,vireo.in,1,3324,PL2-2506-4
VR908727,C102582,VA-EB-PL2,2025-08-10,Flipkart,1,3149,PL2-2505-1
VR908754,C107735,VA-HP-ST2,2025-08-10,vireo.in,1,4999,ST2-2507-2
VR909955,C101123,VA-SP-MINI,2025-08-10,vireo.in,1,2124,MINI-2507-3
VR880805,C106913,VA-EB-PL2,2025-08-11,Flipkart,1,3324,PL2-2505-3
VR881563,C104649,VA-EB-PL2,2025-08-11,Amazon,1,3499,PL2-2505-3
VR882015,C103511,VA-EB-PL2,2025-08-11,Amazon,1,3499,PL2-2505-1
VR882543,C103205,VA-HP-ST3,2025-08-11,Flipkart,1,6999,ST3-2507-1
VR882921,C107257,VA-SW-NX1,2025-08-11,vireo.in,1,3999,NX1-2504-2
VR883533,C104289,VA-SW-NX2,2025-08-11,vireo.in,1,5849,NX2-2505-3
VR884496,C107684,VA-SP-MINI,2025-08-11,vireo.in,1,2374,MINI-2506-2
VR886888,C102931,VA-SW-NX2,2025-08-11,vireo.in,1,5849,NX2-2505-4
VR893094,C105201,VA-HP-ST3,2025-08-11,Amazon,1,6999,ST3-2505-3
VR893501,C101031,VA-SW-NX2,2025-08-11,vireo.in,1,5524,NX2-2505-1
VR894806,C103631,VA-EB-PL2,2025-08-11,vireo.in,1,3149,PL2-2507-2
VR899020,C104760,VA-EB-PL1,2025-08-11,Flipkart,1,2499,PL1-2506-3
VR899883,C106053,VA-EB-PL2,2025-08-11,Amazon,1,2799,PL2-2505-4
VR900176,C105626,VA-EB-AIR,2025-08-11,Flipkart,1,1799,AIR-2506-1
VR900567,C101250,VA-SW-FIT,2025-08-11,Flipkart,1,1799,FIT-2506-1
VR900800,C106707,VA-SW-FIT,2025-08-11,vireo.in,1,1699,FIT-2507-4
VR900882,C105487,VA-EB-PL2,2025-08-11,Amazon,2,6298,PL2-2506-4
VR903361,C107770,VA-EB-PL2,2025-08-11,Amazon,1,2974,PL2-2505-4
VR903649,C101326,VA-SP-ORB,2025-08-11,vireo.in,1,5099,ORB-2505-4
VR906403,C104758,VA-SW-FIT,2025-08-11,vireo.in,1,1999,FIT-2505-4
VR909295,C100733,VA-EB-PL2,2025-08-11,vireo.in,1,3324,PL2-2504-2
VR909461,C100809,VA-HP-ST3,2025-08-11,vireo.in,2,13998,ST3-2505-4
VR880497,C107289,VA-NB-ARC,2025-08-12,Flipkart,1,1039,ARC-2506-4
VR881286,C102525,VA-EB-AIR,2025-08-12,vireo.in,1,1799,AIR-2505-4
VR881816,C100003,VA-SW-FIT,2025-08-12,Flipkart,1,1699,FIT-2506-2
VR883596,C108474,VA-EB-AIR,2025-08-12,vireo.in,1,1529,AIR-2505-3
VR886070,C101684,VA-NB-ARC,2025-08-12,Amazon,1,1039,ARC-2505-1
VR886388,C106928,VA-EB-PL2,2025-08-12,vireo.in,1,2799,PL2-2505-2
VR887338,C100527,VA-EB-PL1,2025-08-12,vireo.in,1,2374,PL1-2505-4
VR887797,C107472,VA-SP-MINI,2025-08-12,Amazon,1,2124,MINI-2506-3
VR888160,C104299,VA-SP-ORB,2025-08-12,Amazon,1,5399,ORB-2506-2
VR888599,C101120,VA-EB-PL2,2025-08-12,Amazon,1,3499,PL2-2507-4
VR889735,C109138,VA-EB-PL1,2025-08-12,vireo.in,1,2374,PL1-2507-1
VR889992,C108148,VA-EB-PL2,2025-08-12,Flipkart,1,2799,PL2-2506-1
VR893295,C104795,VA-EB-PL2,2025-08-12,Amazon,1,3499,PL2-2506-4
VR896343,C100565,VA-EB-PL2,2025-08-12,vireo.in,1,3499,PL2-2507-3
VR896764,C104891,VA-AC-CASE,2025-08-12,Amazon,1,1104,CASE-2506-1
VR897361,C105663,VA-HP-ST3,2025-08-12,Amazon,1,6299,ST3-2504-4
VR898416,C101702,VA-EB-AIR,2025-08-12,vireo.in,1,1709,AIR-2505-3
VR898666,C106516,VA-SW-NX1,2025-08-12,Amazon,1,4249,NX1-2506-4
VR899402,C101743,VA-EB-PL2,2025-08-12,vireo.in,1,3324,PL2-2505-1
VR899580,C101075,VA-NB-ARC,2025-08-12,Flipkart,1,1039,ARC-2505-3
VR901371,C103754,VA-EB-PL2,2025-08-12,vireo.in,1,2799,PL2-2507-2
VR903083,C106736,VA-SW-NX2,2025-08-12,Flipkart,1,6499,NX2-2504-3
VR903202,C102146,VA-EB-PL2,2025-08-12,Amazon,1,2974,PL2-2507-2
VR905715,C104400,VA-EB-PL1,2025-08-12,vireo.in,2,4998,PL1-2507-2
VR906409,C107801,VA-EB-PL2,2025-08-12,vireo.in,2,6998,PL2-2506-2
VR907670,C100973,VA-NB-ARC,2025-08-12,Amazon,1,1104,ARC-2506-3
VR908177,C104501,VA-EB-PL1,2025-08-12,vireo.in,1,2499,PL1-2506-2
VR908852,C100528,VA-EB-PL2,2025-08-12,vireo.in,1,2974,PL2-2506-1
VR908861,C105537,VA-EB-PL2,2025-08-12,vireo.in,1,2974,PL2-2505-2
VR883048,C108494,VA-EB-PL2,2025-08-13,vireo.in,1,3499,PL2-2506-2
VR884300,C106855,VA-EB-AIR,2025-08-13,vireo.in,1,1799,AIR-2507-2
VR886167,C104249,VA-EB-PL2,2025-08-13,vireo.in,1,2974,PL2-2506-4
VR887275,C105837,VA-EB-PL2,2025-08-13,Amazon,2,6648,PL2-2505-2
VR888460,C102241,VA-EB-PL2,2025-08-13,vireo.in,1,3499,PL2-2505-4
VR888723,C103758,VA-EB-PL2,2025-08-13,vireo.in,1,3499,PL2-2506-1
VR889167,C102065,VA-EB-PL2,2025-08-13,vireo.in,2,6998,PL2-2505-3
VR889454,C108411,VA-SP-MINI,2025-08-13,Flipkart,1,2249,MINI-2506-3
VR889750,C106385,VA-EB-PL1,2025-08-13,vireo.in,1,2499,PL1-2505-1
VR891061,C105900,VA-SW-NX1,2025-08-13,Amazon,1,4999,NX1-2505-4
VR894251,C102934,VA-EB-PL2,2025-08-13,Flipkart,1,3499,PL2-2507-2
VR894287,C104588,VA-EB-AIR,2025-08-13,Amazon,1,1439,AIR-2506-4
VR894661,C103135,VA-SP-ORB,2025-08-13,vireo.in,1,5999,ORB-2506-1
VR894703,C103369,VA-SW-FIT,2025-08-13,vireo.in,1,1699,FIT-2506-2
VR896019,C108617,VA-EB-AIR,2025-08-13,vireo.in,1,1619,AIR-2507-3
VR897067,C104945,VA-EB-PL2,2025-08-13,Flipkart,1,2974,PL2-2507-1
VR900309,C106291,VA-EB-PL2,2025-08-13,Flipkart,1,3499,PL2-2507-1
VR900353,C107361,VA-NB-ARC,2025-08-13,vireo.in,1,1299,ARC-2507-3
VR900779,C108474,VA-SW-NX2,2025-08-13,vireo.in,1,5524,NX2-2507-1
VR901204,C108822,VA-SW-FIT,2025-08-13,vireo.in,1,1599,FIT-2506-1
VR901981,C101273,VA-EB-PL2,2025-08-13,Flipkart,1,3499,PL2-2506-2
VR902580,C101878,VA-SP-MINI,2025-08-13,vireo.in,1,2499,MINI-2507-4
VR905025,C100300,VA-EB-PL2,2025-08-13,Flipkart,1,3499,PL2-2507-3
VR905386,C100056,VA-SP-ORB,2025-08-13,vireo.in,1,4799,ORB-2507-1
VR905731,C101201,VA-SP-MINI,2025-08-13,vireo.in,1,2249,MINI-2506-3
VR906813,C106184,VA-EB-PL2,2025-08-13,Flipkart,1,3499,PL2-2505-1
VR906974,C107083,VA-EB-PL2,2025-08-13,vireo.in,1,3499,PL2-2505-1
VR907211,C101306,VA-EB-PL2,2025-08-13,Amazon,1,3324,PL2-2507-4
VR882363,C102048,VA-EB-PL2,2025-08-14,Amazon,1,2799,PL2-2507-1
VR883033,C100684,VA-EB-PL2,2025-08-14,vireo.in,1,3499,PL2-2507-1
VR883346,C107971,VA-SW-NX2,2025-08-14,vireo.in,1,6499,NX2-2506-2
VR884107,C108377,VA-EB-PL2,2025-08-14,Amazon,1,3149,PL2-2506-2
VR885732,C103377,VA-SW-NX2,2025-08-14,vireo.in,1,5849,NX2-2507-4
VR886447,C100475,VA-AC-CBL,2025-08-14,Amazon,1,359,CBL-2506-2
VR888387,C104996,VA-SP-ORB,2025-08-14,Flipkart,1,5999,ORB-2506-3
VR890721,C101606,VA-EB-PL2,2025-08-14,vireo.in,1,3149,PL2-2506-2
VR891614,C105014,VA-EB-PL1,2025-08-14,vireo.in,1,2374,PL1-2505-2
VR892002,C106360,VA-EB-PL2,2025-08-14,vireo.in,1,2974,PL2-2505-4
VR893339,C101354,VA-HP-ST2,2025-08-14,vireo.in,1,4749,ST2-2505-4
VR893398,C108860,VA-NB-ARC,2025-08-14,vireo.in,1,1104,ARC-2507-4
VR893899,C108541,VA-EB-PL2,2025-08-14,Flipkart,1,3324,PL2-2506-3
VR896135,C100658,VA-SP-MINI,2025-08-14,vireo.in,1,2249,MINI-2506-4
VR896826,C101634,VA-EB-AIR,2025-08-14,vireo.in,1,1799,AIR-2505-3
VR897980,C101479,VA-HP-ST2,2025-08-14,Amazon,1,4999,ST2-2507-4
VR898060,C101639,VA-HP-ST2,2025-08-14,Flipkart,1,4249,ST2-2506-1
VR900337,C101400,VA-SP-MINI,2025-08-14,vireo.in,1,2499,MINI-2507-3
VR901234,C100019,VA-EB-PL2,2025-08-14,Flipkart,1,3149,PL2-2507-2
VR902059,C101872,VA-EB-PL1,2025-08-14,Amazon,1,2249,PL1-2505-4
VR902724,C107109,VA-EB-PL2,2025-08-14,vireo.in,1,3324,PL2-2505-3
VR902730,C103476,VA-EB-PL2,2025-08-14,Amazon,1,3324,PL2-2505-1
VR905880,C106456,VA-EB-PL2,2025-08-14,vireo.in,1,3499,PL2-2506-1
VR907295,C100500,VA-EB-PL1,2025-08-14,Amazon,1,2499,PL1-2505-2
VR907371,C104289,VA-EB-PL2,2025-08-14,Amazon,1,3324,PL2-2506-4
VR907411,C103058,VA-SP-MINI,2025-08-14,vireo.in,1,2499,MINI-2507-2
VR907686,C107001,VA-EB-AIR,2025-08-14,vireo.in,1,1529,AIR-2507-4
VR907754,C108228,VA-SW-FIT,2025-08-14,Amazon,1,1599,FIT-2507-2
VR908018,C105644,VA-SP-ORB,2025-08-14,Flipkart,1,5399,ORB-2505-2
VR908315,C101723,VA-EB-AIR,2025-08-14,Amazon,2,3238,AIR-2506-3
VR908330,C101365,VA-EB-PL2,2025-08-14,Amazon,1,2799,PL2-2507-3
VR908821,C100561,VA-EB-PL2,2025-08-14,vireo.in,1,3324,PL2-2505-3
VR909635,C103652,VA-EB-PL2,2025-08-14,Amazon,1,3324,PL2-2507-4
VR881698,C101346,VA-EB-PL2,2025-08-15,Flipkart,1,2799,PL2-2505-2
VR888509,C100818,VA-HP-ST3,2025-08-15,vireo.in,2,11898,ST3-2505-2
VR889092,C101831,VA-SW-NX1,2025-08-15,vireo.in,1,4499,NX1-2505-3
VR890525,C106066,VA-SP-ORB,2025-08-15,Amazon,1,5999,ORB-2506-1
VR891269,C100822,VA-EB-AIR,2025-08-15,vireo.in,1,1799,AIR-2505-2
VR892617,C101624,VA-EB-PL1,2025-08-15,vireo.in,1,2124,PL1-2506-4
VR893807,C100530,VA-HP-ST2,2025-08-15,vireo.in,1,4999,ST2-2507-1
VR893846,C106389,VA-EB-PL2,2025-08-15,vireo.in,1,3149,PL2-2506-2
VR893859,C109489,VA-EB-PL2,2025-08-15,vireo.in,1,2974,PL2-2506-1
VR895586,C103365,VA-HP-ST3,2025-08-15,vireo.in,1,5599,ST3-2505-4
VR895641,C106610,VA-SW-FIT,2025-08-15,vireo.in,1,1999,FIT-2506-3
VR896672,C104433,VA-EB-PL2,2025-08-15,vireo.in,1,3324,PL2-2505-4
VR898433,C107076,VA-EB-PL2,2025-08-15,vireo.in,1,3499,PL2-2507-3
VR899287,C107623,VA-EB-PL1,2025-08-15,Flipkart,1,1999,PL1-2505-3
VR900459,C104489,VA-EB-PL2,2025-08-15,Amazon,1,3149,PL2-2506-1
VR901940,C103366,VA-AC-CASE,2025-08-15,vireo.in,1,1104,CASE-2505-3
VR902640,C101604,VA-EB-PL1,2025-08-15,vireo.in,1,2374,PL1-2506-4
VR902863,C105675,VA-NB-ARC,2025-08-15,vireo.in,1,1299,ARC-2507-3
VR903054,C105291,VA-EB-PL1,2025-08-15,Amazon,1,2374,PL1-2506-3
VR904698,C105989,VA-EB-PL2,2025-08-15,vireo.in,1,3499,PL2-2504-1
VR906134,C102252,VA-EB-AIR,2025-08-15,vireo.in,1,1799,AIR-2505-4
VR907232,C104093,VA-EB-PL2,2025-08-15,vireo.in,1,3499,PL2-2507-1
VR907257,C101171,VA-HP-ST3,2025-08-15,vireo.in,1,5599,ST3-2505-1
VR909098,C103003,VA-SP-MINI,2025-08-15,vireo.in,1,2374,MINI-2507-4
VR909650,C101806,VA-EB-PL2,2025-08-15,vireo.in,1,3499,PL2-2504-3
VR909847,C103790,VA-SW-NX1,2025-08-15,vireo.in,1,4999,NX1-2505-4
VR880508,C107322,VA-SW-FIT,2025-08-16,Amazon,1,1799,FIT-2505-1
VR880839,C104148,VA-EB-PL2,2025-08-16,vireo.in,1,3499,PL2-2505-2
VR881351,C100062,VA-HP-ST3,2025-08-16,vireo.in,1,6299,ST3-2506-1
VR883001,C107691,VA-SP-ORB,2025-08-16,vireo.in,1,5099,ORB-2505-2
VR883337,C104956,VA-SP-MINI,2025-08-16,Amazon,1,2374,MINI-2505-1
VR884755,C105712,VA-EB-PL2,2025-08-16,Flipkart,1,3149,PL2-2505-2
VR884954,C103340,VA-SW-NX1,2025-08-16,Flipkart,1,4749,NX1-2506-2
VR885891,C108245,VA-EB-PL2,2025-08-16,vireo.in,1,3499,PL2-2507-3
VR886784,C103001,VA-SP-MINI,2025-08-16,Flipkart,1,2499,MINI-2506-3
VR886959,C105941,VA-SP-MINI,2025-08-16,Amazon,1,2374,MINI-2507-4
VR887468,C100708,VA-SW-NX2,2025-08-16,vireo.in,1,5524,NX2-2505-3
VR888126,C101713,VA-SP-ORB,2025-08-16,Flipkart,1,5999,ORB-2507-1
VR889371,C101405,VA-EB-PL2,2025-08-16,vireo.in,1,3149,PL2-2505-2
VR890025,C105044,VA-SW-NX2,2025-08-16,vireo.in,2,12998,NX2-2507-4
VR891844,C108573,VA-SP-ORB,2025-08-16,vireo.in,1,5999,ORB-2505-3
VR893333,C108466,VA-EB-PL2,2025-08-16,vireo.in,1,2974,PL2-2505-1
VR894627,C101181,VA-EB-PL2,2025-08-16,vireo.in,1,3149,PL2-2506-4
VR895383,C106296,VA-EB-PL2,2025-08-16,Amazon,2,5948,PL2-2506-1
VR895907,C100488,VA-HP-ST3,2025-08-16,vireo.in,1,6999,ST3-2506-2
VR898050,C109329,VA-EB-PL2,2025-08-16,Amazon,1,3499,PL2-2505-4
VR900256,C108747,VA-EB-AIR,2025-08-16,Amazon,2,3598,AIR-2507-4
VR900498,C109034,VA-HP-ST2,2025-08-16,vireo.in,1,4999,ST2-2506-4
VR900538,C108994,VA-SW-FIT,2025-08-16,vireo.in,1,1699,FIT-2506-1
VR900580,C107983,VA-EB-PL2,2025-08-16,Flipkart,1,3149,PL2-2507-3
VR900642,C102557,VA-EB-PL2,2025-08-16,vireo.in,2,6998,PL2-2505-1
VR900646,C107641,VA-EB-PL1,2025-08-16,vireo.in,1,2499,PL1-2506-1
VR900941,C102385,VA-SW-NX2,2025-08-16,Amazon,2,12998,NX2-2505-4
VR904114,C103508,VA-EB-PL2,2025-08-16,Amazon,1,3149,PL2-2506-2
VR904256,C105477,VA-EB-PL2,2025-08-16,Amazon,1,3149,PL2-2505-4
VR905562,C102138,VA-SW-NX2,2025-08-16,vireo.in,1,6499,NX2-2505-1
VR906071,C104062,VA-EB-PL2,2025-08-16,vireo.in,1,3499,PL2-2507-4
VR906407,C103454,VA-SP-MINI,2025-08-16,Amazon,1,2499,MINI-2506-2
VR908405,C103566,VA-EB-PL2,2025-08-16,vireo.in,1,3149,PL2-2507-1
VR908597,C100599,VA-EB-PL1,2025-08-16,Amazon,1,1999,PL1-2505-2
VR880935,C108569,VA-EB-PL2,2025-08-17,Amazon,1,3499,PL2-2506-3
VR885313,C102191,VA-EB-PL2,2025-08-17,Amazon,1,3149,PL2-2505-4
VR885776,C101192,VA-EB-PL2,2025-08-17,vireo.in,1,3324,PL2-2504-1
VR886528,C102848,VA-SP-MINI,2025-08-17,Amazon,1,2499,MINI-2506-3
VR887652,C106596,VA-SW-NX2,2025-08-17,Amazon,1,6174,NX2-2506-4
VR889644,C105280,VA-SP-MINI,2025-08-17,Amazon,1,2499,MINI-2507-3
VR890891,C106036,VA-SW-NX2,2025-08-17,Amazon,1,6499,NX2-2506-1
VR892251,C109258,VA-EB-AIR,2025-08-17,Amazon,1,1529,AIR-2505-2
VR893548,C101555,VA-HP-ST3,2025-08-17,vireo.in,2,13998,ST3-2506-1
VR894072,C107597,VA-EB-PL2,2025-08-17,Amazon,1,3499,PL2-2506-2
VR896064,C102374,VA-HP-ST2,2025-08-17,vireo.in,1,4499,ST2-2507-1
VR896113,C109416,VA-SW-NX2,2025-08-17,Amazon,1,5199,NX2-2505-2
VR896230,C103156,VA-NB-ARC,2025-08-17,Amazon,1,1234,ARC-2506-1
VR898129,C108170,VA-EB-PL2,2025-08-17,Amazon,1,3149,PL2-2505-3
VR899290,C102479,VA-HP-ST3,2025-08-17,vireo.in,1,6299,ST3-2507-2
VR899311,C105505,VA-EB-PL2,2025-08-17,Amazon,1,3499,PL2-2506-3
VR899567,C107139,VA-EB-PL1,2025-08-17,Amazon,1,2124,PL1-2506-1
VR899599,C102531,VA-EB-PL1,2025-08-17,Flipkart,1,2374,PL1-2506-1
VR899997,C101761,VA-EB-PL2,2025-08-17,Amazon,1,3499,PL2-2506-3
VR902624,C106813,VA-EB-AIR,2025-08-17,Flipkart,1,1439,AIR-2506-2
VR902906,C104506,VA-SW-NX2,2025-08-17,vireo.in,1,6499,NX2-2507-1
VR904293,C103885,VA-EB-PL2,2025-08-17,Flipkart,1,3499,PL2-2507-1
VR905922,C106223,VA-HP-ST2,2025-08-17,vireo.in,1,4499,ST2-2506-1
VR907794,C103695,VA-SP-ORB,2025-08-17,Amazon,1,5399,ORB-2505-4
VR908640,C104761,VA-SW-FIT,2025-08-17,Flipkart,1,1699,FIT-2504-4
VR908725,C107017,VA-EB-PL2,2025-08-17,Flipkart,1,3499,PL2-2506-4
VR909604,C109442,VA-SW-NX2,2025-08-17,vireo.in,2,11698,NX2-2507-1
VR880351,C103109,VA-HP-ST2,2025-08-18,Flipkart,1,4999,ST2-2506-3
VR881773,C106423,VA-EB-PL2,2025-08-18,Amazon,1,3499,PL2-2507-3
VR881792,C109407,VA-HP-ST3,2025-08-18,vireo.in,1,6649,ST3-2505-1
VR882028,C101284,VA-EB-PL1,2025-08-18,Amazon,1,2499,PL1-2507-2
VR882399,C104506,VA-EB-AIR,2025-08-18,vireo.in,1,1619,AIR-2507-2
VR883240,C105515,VA-EB-PL2,2025-08-18,Flipkart,1,3499,PL2-2505-2
VR883833,C108858,VA-EB-PL1,2025-08-18,Flipkart,1,2249,PL1-2507-2
VR883947,C103855,VA-EB-PL2,2025-08-18,Amazon,1,3499,PL2-2506-3
VR884853,C103106,VA-EB-PL2,2025-08-18,vireo.in,1,3149,PL2-2507-3
VR884906,C104267,VA-EB-PL1,2025-08-18,vireo.in,1,2499,PL1-2507-1
VR885694,C108031,VA-EB-AIR,2025-08-18,vireo.in,1,1799,AIR-2505-2
VR887341,C103783,VA-HP-ST3,2025-08-18,Amazon,1,5599,ST3-2505-2
VR889008,C107612,VA-EB-PL2,2025-08-18,Amazon,1,3149,PL2-2507-4
VR889243,C101201,VA-SW-FIT,2025-08-18,vireo.in,1,1999,FIT-2505-2
VR890938,C102939,VA-SP-MINI,2025-08-18,vireo.in,1,2124,MINI-2506-3
VR891410,C109194,VA-SW-FIT,2025-08-18,vireo.in,1,1799,FIT-2505-4
VR891883,C107764,VA-SW-NX2,2025-08-18,vireo.in,1,6499,NX2-2506-3
VR892314,C108869,VA-EB-PL2,2025-08-18,vireo.in,1,2974,PL2-2506-2
VR894127,C107212,VA-EB-PL2,2025-08-18,vireo.in,2,5598,PL2-2505-4
VR894628,C102906,VA-AC-CASE,2025-08-18,Amazon,1,1299,CASE-2506-2
VR897713,C106827,VA-SW-FIT,2025-08-18,Amazon,1,1599,FIT-2506-2
VR899400,C105468,VA-EB-PL1,2025-08-18,Amazon,1,2249,PL1-2505-1
VR899608,C108702,VA-SP-MINI,2025-08-18,vireo.in,1,2499,MINI-2505-2
VR900438,C102333,VA-EB-PL2,2025-08-18,Amazon,1,2799,PL2-2507-2
VR900658,C103742,VA-SW-NX2,2025-08-18,Flipkart,1,6499,NX2-2506-4
VR904671,C106312,VA-AC-CASE,2025-08-18,Amazon,1,1169,CASE-2505-3
VR905213,C101471,VA-SW-FIT,2025-08-18,vireo.in,1,1899,FIT-2507-4
VR905383,C109009,VA-SP-MINI,2025-08-18,Amazon,2,4998,MINI-2505-1
VR906891,C101979,VA-EB-AIR,2025-08-18,vireo.in,1,1799,AIR-2506-3
VR908440,C105066,VA-SP-MINI,2025-08-18,vireo.in,1,2249,MINI-2507-2
VR909334,C101655,VA-EB-PL2,2025-08-18,Amazon,1,3499,PL2-2506-3
VR909585,C104556,VA-EB-PL2,2025-08-18,vireo.in,1,2799,PL2-2505-4
VR909731,C104417,VA-HP-ST3,2025-08-18,Flipkart,1,6999,ST3-2507-3
VR880770,C107708,VA-SW-NX1,2025-08-19,Flipkart,1,3999,NX1-2505-2
VR880851,C106277,VA-EB-PL2,2025-08-19,vireo.in,1,3499,PL2-2507-2
VR881644,C107597,VA-EB-AIR,2025-08-19,Amazon,1,1709,AIR-2505-4
VR882684,C102925,VA-EB-PL1,2025-08-19,vireo.in,1,2249,PL1-2506-2
VR882690,C104059,VA-EB-PL1,2025-08-19,vireo.in,1,2249,PL1-2505-4
VR885121,C108466,VA-EB-PL2,2025-08-19,vireo.in,1,2974,PL2-2507-3
VR890540,C107319,VA-EB-AIR,2025-08-19,Amazon,1,1439,AIR-2507-3
VR891397,C103296,VA-NB-ARC,2025-08-19,vireo.in,1,1039,ARC-2506-1
VR893785,C103920,VA-SW-NX2,2025-08-19,vireo.in,1,6499,NX2-2506-1
VR893964,C109418,VA-SP-ORB,2025-08-19,Amazon,1,5999,ORB-2507-3
VR894976,C106133,VA-NB-ARC,2025-08-19,Amazon,1,1299,ARC-2507-2
VR897831,C102344,VA-NB-ARC,2025-08-19,Amazon,1,1299,ARC-2505-4
VR899234,C104889,VA-HP-ST2,2025-08-19,vireo.in,1,4499,ST2-2505-3
VR899253,C102335,VA-EB-PL2,2025-08-19,Amazon,1,3499,PL2-2506-3
VR899570,C102602,VA-SP-MINI,2025-08-19,vireo.in,1,2499,MINI-2505-4
VR900029,C105568,VA-EB-PL2,2025-08-19,vireo.in,1,3324,PL2-2505-2
VR901969,C107564,VA-HP-ST3,2025-08-19,vireo.in,1,5599,ST3-2507-3
VR902727,C108357,VA-HP-ST3,2025-08-19,vireo.in,1,6999,ST3-2505-3
VR902888,C103001,VA-EB-AIR,2025-08-19,vireo.in,1,1529,AIR-2506-2
VR904467,C103229,VA-EB-PL2,2025-08-19,vireo.in,1,2799,PL2-2506-4
VR905199,C102656,VA-EB-PL1,2025-08-19,vireo.in,2,4748,PL1-2505-4
VR907664,C102616,VA-SW-NX2,2025-08-19,vireo.in,2,10398,NX2-2505-4
VR910028,C106450,VA-EB-AIR,2025-08-19,Amazon,1,1799,AIR-2505-1
VR880347,C103638,VA-AC-CH65,2025-08-20,vireo.in,1,1499,CH65-2506-1
VR880614,C103628,VA-EB-PL2,2025-08-20,vireo.in,1,3499,PL2-2506-2
VR881944,C102769,VA-HP-ST3,2025-08-20,Amazon,1,6999,ST3-2505-3
VR883774,C103548,VA-EB-PL2,2025-08-20,vireo.in,1,2974,PL2-2506-4
VR884116,C104592,VA-HP-ST3,2025-08-20,vireo.in,1,5599,ST3-2507-1
VR884618,C105528,VA-EB-PL2,2025-08-20,vireo.in,1,3324,PL2-2507-1
VR885623,C109291,VA-EB-AIR,2025-08-20,vireo.in,1,1439,AIR-2507-1
VR887481,C104941,VA-EB-PL2,2025-08-20,Amazon,1,2799,PL2-2507-4
VR888898,C100312,VA-HP-ST3,2025-08-20,Flipkart,2,13998,ST3-2507-4
VR890473,C104194,VA-EB-PL1,2025-08-20,Amazon,1,1999,PL1-2505-3
VR891827,C101716,VA-EB-PL2,2025-08-20,vireo.in,2,5598,PL2-2507-3
VR893601,C103680,VA-EB-PL2,2025-08-20,vireo.in,1,3499,PL2-2505-1
VR893920,C101875,VA-EB-PL2,2025-08-20,vireo.in,1,3499,PL2-2507-3
VR896741,C102262,VA-EB-PL1,2025-08-20,vireo.in,1,2249,PL1-2506-4
VR897176,C107204,VA-EB-PL2,2025-08-20,vireo.in,1,3149,PL2-2507-1
VR898091,C101497,VA-HP-ST3,2025-08-20,Amazon,1,6999,ST3-2507-1
VR900591,C103655,VA-EB-PL2,2025-08-20,Amazon,1,3324,PL2-2505-2
VR901070,C102684,VA-SW-NX2,2025-08-20,Flipkart,1,6499,NX2-2505-4
VR903414,C107253,VA-EB-PL1,2025-08-20,vireo.in,2,4248,PL1-2505-4
VR905301,C101507,VA-SP-MINI,2025-08-20,Amazon,1,2124,MINI-2505-4
VR906074,C104499,VA-EB-AIR,2025-08-20,vireo.in,1,1709,AIR-2505-4
VR906757,C109188,VA-EB-AIR,2025-08-20,Flipkart,2,3598,AIR-2507-3
VR907170,C105115,VA-HP-ST3,2025-08-20,vireo.in,1,6999,ST3-2505-2
VR907782,C107209,VA-HP-ST3,2025-08-20,Amazon,1,6999,ST3-2506-1
VR908411,C104501,VA-EB-PL2,2025-08-20,vireo.in,1,3149,PL2-2506-2
VR909036,C101017,VA-HP-ST2,2025-08-20,Amazon,1,4249,ST2-2506-2
VR909569,C108591,VA-AC-CASE,2025-08-20,Amazon,1,1299,CASE-2505-2
VR881380,C100586,VA-EB-PL2,2025-08-21,vireo.in,1,3499,PL2-2507-4
VR882677,C103741,VA-EB-PL2,2025-08-21,vireo.in,1,3324,PL2-2507-3
VR884267,C107471,VA-EB-AIR,2025-08-21,Amazon,1,1799,AIR-2505-2
VR885008,C108247,VA-SP-MINI,2025-08-21,vireo.in,1,1999,MINI-2507-2
VR887445,C102278,VA-EB-PL1,2025-08-21,Amazon,1,2499,PL1-2505-1
VR888089,C108021,VA-EB-PL2,2025-08-21,Amazon,1,3324,PL2-2505-3
VR889590,C108408,VA-EB-PL2,2025-08-21,Amazon,1,2974,PL2-2505-3
VR892271,C109427,VA-SW-NX2,2025-08-21,vireo.in,1,6174,NX2-2507-2
VR893308,C104330,VA-EB-AIR,2025-08-21,Flipkart,1,1439,AIR-2507-2
VR894817,C109132,VA-EB-PL2,2025-08-21,vireo.in,1,3499,PL2-2507-2
VR895223,C107238,VA-EB-PL2,2025-08-21,Amazon,1,3149,PL2-2505-4
VR896319,C103167,VA-EB-AIR,2025-08-21,vireo.in,1,1619,AIR-2507-3
VR896594,C101798,VA-EB-AIR,2025-08-21,Amazon,1,1619,AIR-2505-3
VR898476,C105609,VA-SW-NX2,2025-08-21,vireo.in,1,5199,NX2-2507-2
VR898931,C102833,VA-EB-PL2,2025-08-21,Amazon,1,3499,PL2-2506-1
VR899129,C105006,VA-SP-ORB,2025-08-21,Amazon,1,5999,ORB-2506-4
VR899419,C107889,VA-EB-PL2,2025-08-21,vireo.in,1,3149,PL2-2505-1
VR899562,C105110,VA-EB-PL1,2025-08-21,vireo.in,2,3998,PL1-2507-1
VR899753,C101315,VA-SW-FIT,2025-08-21,Amazon,1,1899,FIT-2505-2
VR900322,C101136,VA-EB-AIR,2025-08-21,vireo.in,1,1529,AIR-2506-1
VR902325,C104094,VA-EB-PL2,2025-08-21,Amazon,1,3499,PL2-2506-4
VR902693,C107519,VA-SW-FIT,2025-08-21,Flipkart,1,1999,FIT-2507-4
VR902969,C100164,VA-HP-ST2,2025-08-21,vireo.in,1,4249,ST2-2507-3
VR903866,C102130,VA-EB-PL1,2025-08-21,Amazon,2,4248,PL1-2507-3
VR908968,C107128,VA-EB-PL1,2025-08-21,vireo.in,1,1999,PL1-2506-3
VR882202,C101892,VA-SW-NX2,2025-08-22,vireo.in,1,6499,NX2-2506-1
VR883096,C107412,VA-EB-PL2,2025-08-22,vireo.in,1,2974,PL2-2505-1
VR883930,C100507,VA-SW-NX1,2025-08-22,Amazon,1,4499,NX1-2506-3
VR884248,C104760,VA-EB-PL2,2025-08-22,Flipkart,1,3499,PL2-2505-3
VR885946,C104316,VA-EB-PL2,2025-08-22,Amazon,1,3324,PL2-2507-2
VR886105,C102051,VA-EB-PL2,2025-08-22,vireo.in,1,2799,PL2-2507-3
VR887585,C104039,VA-SW-NX2,2025-08-22,vireo.in,1,5849,NX2-2505-1
VR888702,C104016,VA-SW-FIT,2025-08-22,vireo.in,1,1999,FIT-2505-2
VR888850,C101712,VA-SP-MINI,2025-08-22,vireo.in,1,2499,MINI-2505-1
VR890117,C103137,VA-EB-PL2,2025-08-22,vireo.in,1,3499,PL2-2505-1
VR891172,C105013,VA-SW-NX2,2025-08-22,vireo.in,1,6499,NX2-2505-4
VR891271,C107206,VA-EB-PL2,2025-08-22,vireo.in,1,3149,PL2-2505-1
VR891627,C104032,VA-EB-PL2,2025-08-22,Amazon,2,5598,PL2-2506-3
VR893100,C101148,VA-EB-PL2,2025-08-22,Flipkart,1,3499,PL2-2507-1
VR895018,C100541,VA-EB-PL2,2025-08-22,Amazon,1,3499,PL2-2505-3
VR896020,C103549,VA-AC-CASE,2025-08-22,vireo.in,1,1234,CASE-2507-2
VR896517,C102111,VA-EB-PL2,2025-08-22,Amazon,1,2974,PL2-2507-2
VR896651,C108551,VA-EB-PL2,2025-08-22,vireo.in,1,3149,PL2-2507-2
VR897122,C107041,VA-SP-ORB,2025-08-22,Flipkart,1,5999,ORB-2507-3
VR900796,C102520,VA-EB-PL1,2025-08-22,vireo.in,2,4998,PL1-2506-1
VR900846,C103912,VA-HP-ST2,2025-08-22,vireo.in,1,4999,ST2-2505-2
VR901923,C107528,VA-EB-PL2,2025-08-22,Amazon,1,3499,PL2-2506-1
VR904709,C100648,VA-SW-FIT,2025-08-22,vireo.in,1,1999,FIT-2506-3
VR907692,C101555,VA-HP-ST2,2025-08-22,Flipkart,1,3999,ST2-2506-3
VR907874,C105594,VA-EB-PL2,2025-08-22,vireo.in,1,3324,PL2-2505-2
VR908019,C104822,VA-EB-PL2,2025-08-22,vireo.in,1,3499,PL2-2505-4
VR909072,C107955,VA-EB-PL2,2025-08-22,Flipkart,1,3499,PL2-2507-4
VR909434,C100606,VA-EB-PL2,2025-08-22,vireo.in,1,3149,PL2-2507-2
VR881019,C102359,VA-AC-CASE,2025-08-23,vireo.in,1,1104,CASE-2505-4
VR883292,C103453,VA-SW-NX2,2025-08-23,vireo.in,1,5199,NX2-2507-1
VR884433,C108597,VA-EB-PL2,2025-08-23,Amazon,1,2974,PL2-2506-4
VR885461,C100607,VA-HP-ST3,2025-08-23,vireo.in,1,5949,ST3-2505-4
VR885862,C107025,VA-EB-PL2,2025-08-23,vireo.in,1,3149,PL2-2507-2
VR887783,C102482,VA-HP-ST3,2025-08-23,vireo.in,1,5949,ST3-2506-4
VR888077,C101469,VA-AC-CBL,2025-08-23,Flipkart,1,399,CBL-2506-3
VR888375,C106311,VA-EB-AIR,2025-08-23,vireo.in,1,1799,AIR-2505-3
VR889019,C101046,VA-EB-PL2,2025-08-23,vireo.in,1,3149,PL2-2506-1
VR889261,C101636,VA-EB-PL2,2025-08-23,vireo.in,1,3324,PL2-2505-1
VR889717,C100650,VA-AC-CASE,2025-08-23,vireo.in,1,1039,CASE-2505-4
VR893349,C103757,VA-EB-PL2,2025-08-23,vireo.in,1,3499,PL2-2505-2
VR896048,C104054,VA-EB-PL1,2025-08-23,Amazon,2,4248,PL1-2506-3
VR897149,C102724,VA-HP-ST3,2025-08-23,Flipkart,1,6649,ST3-2507-3
VR897227,C104487,VA-EB-PL1,2025-08-23,Amazon,1,2374,PL1-2505-3
VR897246,C103511,VA-SW-NX2,2025-08-23,vireo.in,1,6499,NX2-2507-1
VR897851,C109390,VA-EB-PL2,2025-08-23,vireo.in,1,3499,PL2-2506-4
VR901886,C109465,VA-EB-PL1,2025-08-23,vireo.in,1,2374,PL1-2507-2
VR903096,C105918,VA-EB-PL2,2025-08-23,vireo.in,1,3499,PL2-2507-3
VR906955,C100132,VA-EB-PL2,2025-08-23,Amazon,1,2974,PL2-2507-4
VR906958,C108772,VA-EB-PL2,2025-08-23,vireo.in,1,2974,PL2-2507-3
VR907291,C101518,VA-EB-PL2,2025-08-23,vireo.in,1,3499,PL2-2506-3
VR880035,C100750,VA-EB-PL2,2025-08-24,vireo.in,1,3499,PL2-2506-2
VR881070,C108098,VA-EB-PL2,2025-08-24,Flipkart,1,2974,PL2-2507-2
VR883975,C102085,VA-EB-PL1,2025-08-24,vireo.in,1,2499,PL1-2506-2
VR885693,C101173,VA-HP-ST2,2025-08-24,Amazon,1,3999,ST2-2506-2
VR885784,C104051,VA-EB-PL2,2025-08-24,vireo.in,1,3499,PL2-2507-2
VR885936,C103164,VA-EB-PL2,2025-08-24,vireo.in,1,3149,PL2-2507-1
VR887672,C105730,VA-HP-ST3,2025-08-24,vireo.in,2,13998,ST3-2505-1
VR888526,C107393,VA-SP-ORB,2025-08-24,Amazon,1,5399,ORB-2505-3
VR890101,C107269,VA-SP-ORB,2025-08-24,vireo.in,1,5699,ORB-2505-3
VR890113,C101254,VA-EB-PL2,2025-08-24,Flipkart,1,2799,PL2-2507-3
VR894620,C101831,VA-EB-PL2,2025-08-24,Amazon,1,2799,PL2-2505-3
VR895553,C108549,VA-EB-PL2,2025-08-24,Amazon,1,2799,PL2-2505-2
VR896112,C100277,VA-SP-ORB,2025-08-24,vireo.in,1,5999,ORB-2507-2
VR896534,C102262,VA-NB-ARC,2025-08-24,vireo.in,1,1104,ARC-2508-4
VR896857,C103578,VA-EB-PL1,2025-08-24,vireo.in,1,2499,PL1-2506-3
VR897947,C108190,VA-SW-NX2,2025-08-24,vireo.in,1,5849,NX2-2505-3
VR898953,C102831,VA-SP-MINI,2025-08-24,vireo.in,1,1999,MINI-2507-2
VR899119,C103730,VA-SW-NX2,2025-08-24,vireo.in,1,6499,NX2-2506-1
VR901481,C107373,VA-EB-PL2,2025-08-24,Amazon,1,3499,PL2-2505-1
VR902431,C108605,VA-HP-ST3,2025-08-24,vireo.in,1,6999,ST3-2507-3
VR902802,C105919,VA-EB-PL2,2025-08-24,Flipkart,1,3499,PL2-2507-1
VR902864,C100027,VA-EB-PL1,2025-08-24,vireo.in,1,2499,PL1-2506-1
VR902886,C100431,VA-EB-AIR,2025-08-24,Flipkart,1,1799,AIR-2507-3
VR903024,C107157,VA-SP-ORB,2025-08-24,vireo.in,1,5999,ORB-2507-1
VR903473,C105927,VA-EB-PL2,2025-08-24,Amazon,1,3324,PL2-2507-4
VR903500,C109111,VA-SW-NX1,2025-08-24,vireo.in,1,4999,NX1-2506-4
VR903833,C107633,VA-EB-PL2,2025-08-24,Flipkart,1,2974,PL2-2505-1
VR904573,C106644,VA-EB-PL2,2025-08-24,vireo.in,1,3499,PL2-2507-3
VR906042,C103176,VA-EB-AIR,2025-08-24,Amazon,1,1709,AIR-2505-2
VR906713,C106846,VA-AC-CASE,2025-08-24,vireo.in,1,1104,CASE-2507-4
VR907264,C106887,VA-EB-PL1,2025-08-24,vireo.in,1,2499,PL1-2507-1
VR908288,C103775,VA-EB-AIR,2025-08-24,vireo.in,1,1529,AIR-2505-1
VR909712,C101161,VA-SW-NX2,2025-08-24,vireo.in,1,6499,NX2-2507-3
VR880441,C101793,VA-EB-AIR,2025-08-25,Amazon,1,1709,AIR-2505-2
VR880914,C107013,VA-SP-MINI,2025-08-25,Amazon,1,2374,MINI-2506-4
VR882284,C108127,VA-EB-PL2,2025-08-25,Amazon,1,2974,PL2-2507-1
VR883161,C109107,VA-EB-PL1,2025-08-25,Amazon,2,4998,PL1-2506-1
VR886335,C108229,VA-NB-ARC,2025-08-25,Amazon,1,1104,ARC-2508-2
VR886455,C109437,VA-SP-MINI,2025-08-25,vireo.in,1,2499,MINI-2505-3
VR887009,C108946,VA-EB-PL2,2025-08-25,vireo.in,1,3499,PL2-2505-2
VR889051,C102280,VA-SP-MINI,2025-08-25,Amazon,1,2374,MINI-2505-3
VR890381,C107097,VA-SP-MINI,2025-08-25,Flipkart,1,1999,MINI-2507-3
VR890807,C109471,VA-EB-PL2,2025-08-25,vireo.in,1,3499,PL2-2508-3
VR892640,C108826,VA-NB-ARC,2025-08-25,vireo.in,1,1234,ARC-2507-2
VR896561,C104770,VA-SP-ORB,2025-08-25,Amazon,1,5699,ORB-2506-4
VR899622,C105534,VA-EB-PL2,2025-08-25,vireo.in,1,2974,PL2-2507-3
VR899694,C106915,VA-EB-PL2,2025-08-25,vireo.in,1,3499,PL2-2507-1
VR901190,C101543,VA-HP-ST3,2025-08-25,vireo.in,1,6999,ST3-2507-3
VR902986,C106990,VA-AC-CASE,2025-08-25,Amazon,1,1299,CASE-2506-4
VR903905,C101594,VA-EB-PL1,2025-08-25,Amazon,1,2249,PL1-2505-4
VR904375,C107547,VA-HP-ST2,2025-08-25,vireo.in,1,4999,ST2-2506-4
VR904986,C108899,VA-AC-CASE,2025-08-25,vireo.in,1,1299,CASE-2506-2
VR905628,C105753,VA-EB-PL2,2025-08-25,Amazon,1,3499,PL2-2505-3
VR907185,C107471,VA-SW-NX1,2025-08-25,Flipkart,1,3999,NX1-2507-4
VR908328,C100564,VA-EB-PL1,2025-08-25,vireo.in,1,2249,PL1-2506-1
VR885530,C106335,VA-EB-PL2,2025-08-26,vireo.in,1,3499,PL2-2505-1
VR886322,C109153,VA-EB-PL2,2025-08-26,vireo.in,1,3499,PL2-2505-1
VR890152,C109375,VA-EB-PL2,2025-08-26,Flipkart,1,2974,PL2-2505-2
VR891750,C103036,VA-EB-AIR,2025-08-26,vireo.in,1,1709,AIR-2505-1
VR892082,C109496,VA-SW-NX2,2025-08-26,vireo.in,1,6499,NX2-2507-1
VR892723,C104104,VA-EB-PL1,2025-08-26,vireo.in,1,2374,PL1-2506-1
VR893882,C103961,VA-EB-PL2,2025-08-26,Amazon,1,2799,PL2-2507-3
VR893948,C106594,VA-SP-ORB,2025-08-26,Flipkart,1,5999,ORB-2506-2
VR894001,C104256,VA-HP-ST3,2025-08-26,Amazon,1,6999,ST3-2508-4
VR894278,C108737,VA-EB-PL1,2025-08-26,Amazon,1,2499,PL1-2508-1
VR894781,C103828,VA-EB-PL1,2025-08-26,Amazon,1,1999,PL1-2505-2
VR896564,C101676,VA-SP-MINI,2025-08-26,Flipkart,1,2249,MINI-2507-3
VR897014,C100647,VA-EB-PL2,2025-08-26,vireo.in,1,2974,PL2-2507-3
VR897210,C108077,VA-EB-PL1,2025-08-26,vireo.in,1,2499,PL1-2508-4
VR899921,C107192,VA-SW-FIT,2025-08-26,vireo.in,1,1999,FIT-2507-3
VR901727,C100847,VA-EB-PL2,2025-08-26,Flipkart,1,3324,PL2-2508-3
VR902351,C108883,VA-EB-PL2,2025-08-26,vireo.in,1,2974,PL2-2507-2
VR903307,C105398,VA-EB-PL2,2025-08-26,Amazon,1,2799,PL2-2507-1
VR903600,C106247,VA-EB-PL2,2025-08-26,vireo.in,1,3149,PL2-2506-1
VR903807,C100425,VA-EB-PL2,2025-08-26,Amazon,1,3499,PL2-2505-4
VR904829,C108294,VA-EB-PL2,2025-08-26,vireo.in,2,6998,PL2-2507-2
VR905999,C107224,VA-EB-PL1,2025-08-26,vireo.in,1,2249,PL1-2506-1
VR906104,C100920,VA-SP-MINI,2025-08-26,Amazon,1,2124,MINI-2507-4
VR906656,C108830,VA-SW-NX2,2025-08-26,vireo.in,1,6174,NX2-2507-3
VR906977,C108118,VA-EB-PL2,2025-08-26,vireo.in,1,2974,PL2-2508-3
VR908183,C103430,VA-EB-PL2,2025-08-26,Flipkart,1,3499,PL2-2505-3
VR909402,C103026,VA-SP-ORB,2025-08-26,vireo.in,1,5999,ORB-2505-3
VR909546,C107954,VA-EB-PL2,2025-08-26,vireo.in,1,3499,PL2-2506-2
VR885222,C100810,VA-NB-ARC,2025-08-27,vireo.in,1,1234,ARC-2506-3
VR886450,C101000,VA-EB-PL2,2025-08-27,Amazon,1,2974,PL2-2507-3
VR887633,C108578,VA-EB-PL2,2025-08-27,vireo.in,1,3499,PL2-2505-2
VR889479,C100417,VA-EB-PL2,2025-08-27,vireo.in,1,2974,PL2-2507-4
VR891562,C104703,VA-EB-AIR,2025-08-27,vireo.in,1,1529,AIR-2505-2
VR891908,C103527,VA-SP-MINI,2025-08-27,Amazon,1,2374,MINI-2507-1
VR891985,C103797,VA-EB-PL2,2025-08-27,Flipkart,1,2974,PL2-2507-4
VR892859,C108831,VA-HP-ST3,2025-08-27,vireo.in,1,6299,ST3-2507-4
VR893188,C106480,VA-EB-PL2,2025-08-27,Flipkart,1,2974,PL2-2505-2
VR893910,C101898,VA-EB-PL2,2025-08-27,vireo.in,1,2974,PL2-2507-4
VR896370,C107264,VA-SP-MINI,2025-08-27,vireo.in,1,2249,MINI-2505-2
VR896909,C107756,VA-EB-PL2,2025-08-27,Amazon,1,2799,PL2-2507-1
VR898958,C105335,VA-EB-PL2,2025-08-27,vireo.in,1,3499,PL2-2507-3
VR900271,C109349,VA-EB-PL2,2025-08-27,Amazon,1,3149,PL2-2505-3
VR900356,C105828,VA-EB-PL1,2025-08-27,Flipkart,1,1999,PL1-2506-3
VR900428,C103032,VA-EB-PL1,2025-08-27,Amazon,1,1999,PL1-2505-3
VR900728,C103145,VA-SW-NX1,2025-08-27,vireo.in,1,4249,NX1-2508-1
VR901614,C100430,VA-EB-AIR,2025-08-27,vireo.in,1,1529,AIR-2507-2
VR902857,C103302,VA-SW-NX2,2025-08-27,vireo.in,1,5849,NX2-2507-2
VR903759,C109277,VA-EB-PL2,2025-08-27,vireo.in,1,2974,PL2-2506-4
VR903919,C108565,VA-EB-AIR,2025-08-27,vireo.in,1,1619,AIR-2505-3
VR905940,C103205,VA-EB-PL2,2025-08-27,Amazon,1,3499,PL2-2507-4
VR907164,C102747,VA-EB-PL2,2025-08-27,Amazon,1,2974,PL2-2505-1
VR907290,C104261,VA-SP-ORB,2025-08-27,Amazon,1,5999,ORB-2506-2
VR907386,C100772,VA-EB-PL2,2025-08-27,vireo.in,1,2799,PL2-2505-2
VR908337,C107563,VA-EB-PL2,2025-08-27,Flipkart,1,2799,PL2-2506-2
VR908504,C102777,VA-NB-ARC,2025-08-27,Flipkart,1,1299,ARC-2507-4
VR908697,C108138,VA-EB-AIR,2025-08-27,Flipkart,1,1709,AIR-2507-2
VR909570,C108171,VA-EB-PL2,2025-08-27,Amazon,1,3499,PL2-2505-2
VR881478,C106609,VA-EB-PL2,2025-08-28,vireo.in,1,2799,PL2-2506-3
VR882766,C103983,VA-SP-MINI,2025-08-28,vireo.in,1,2499,MINI-2505-1
VR885276,C108609,VA-AC-CASE,2025-08-28,vireo.in,1,1234,CASE-2506-2
VR886176,C108423,VA-EB-PL2,2025-08-28,vireo.in,1,3499,PL2-2508-4
VR886848,C101365,VA-EB-PL2,2025-08-28,vireo.in,1,2974,PL2-2507-3
VR886869,C106050,VA-EB-PL2,2025-08-28,Amazon,2,6648,PL2-2506-2
VR888992,C102477,VA-EB-PL2,2025-08-28,vireo.in,1,2799,PL2-2505-1
VR890009,C102836,VA-EB-PL2,2025-08-28,vireo.in,1,3324,PL2-2508-3
VR890287,C100474,VA-EB-PL2,2025-08-28,Amazon,1,3149,PL2-2507-2
VR894248,C100916,VA-SP-MINI,2025-08-28,vireo.in,1,2499,MINI-2507-1
VR896505,C106381,VA-EB-PL1,2025-08-28,vireo.in,1,2499,PL1-2506-1
VR896882,C106049,VA-SP-MINI,2025-08-28,vireo.in,2,4748,MINI-2506-1
VR899687,C102801,VA-EB-PL1,2025-08-28,Flipkart,1,2499,PL1-2506-3
VR901748,C104489,VA-EB-PL2,2025-08-28,Flipkart,1,2974,PL2-2507-2
VR903728,C101675,VA-EB-PL1,2025-08-28,vireo.in,1,2249,PL1-2506-4
VR903805,C106950,VA-EB-PL2,2025-08-28,Amazon,1,3499,PL2-2507-2
VR904237,C104093,VA-AC-CH65,2025-08-28,Flipkart,2,2998,CH65-2506-2
VR905797,C101463,VA-EB-PL2,2025-08-28,Amazon,1,2799,PL2-2506-4
VR907030,C108382,VA-EB-PL1,2025-08-28,Amazon,1,1999,PL1-2505-2
VR907525,C108558,VA-HP-ST2,2025-08-28,Amazon,1,4249,ST2-2507-4
VR907636,C104540,VA-EB-PL2,2025-08-28,vireo.in,1,2799,PL2-2507-3
VR880065,C107937,VA-EB-AIR,2025-08-29,vireo.in,1,1799,AIR-2505-3
VR880631,C102681,VA-AC-CBL,2025-08-29,Flipkart,1,359,CBL-2506-2
VR880634,C102464,VA-SP-MINI,2025-08-29,Amazon,1,2499,MINI-2506-4
VR881690,C104843,VA-EB-PL2,2025-08-29,Amazon,1,3499,PL2-2505-1
VR881875,C104318,VA-HP-ST3,2025-08-29,Amazon,1,6649,ST3-2507-2
VR882058,C105998,VA-EB-PL1,2025-08-29,Amazon,1,2124,PL1-2506-2
VR882305,C102991,VA-SW-FIT,2025-08-29,Amazon,1,1599,FIT-2505-1
VR884262,C104774,VA-EB-PL2,2025-08-29,vireo.in,2,6998,PL2-2506-3
VR887826,C106064,VA-EB-PL2,2025-08-29,vireo.in,1,3324,PL2-2506-2
VR888347,C102359,VA-EB-AIR,2025-08-29,vireo.in,1,1709,AIR-2505-1
VR888619,C107809,VA-HP-ST3,2025-08-29,vireo.in,1,6299,ST3-2508-3
VR890252,C105043,VA-SP-MINI,2025-08-29,Amazon,1,2499,MINI-2506-2
VR891517,C105193,VA-EB-PL1,2025-08-29,Amazon,1,2499,PL1-2505-3
VR892656,C105384,VA-HP-ST2,2025-08-29,vireo.in,1,4249,ST2-2507-2
VR894507,C105603,VA-EB-PL2,2025-08-29,Amazon,1,3499,PL2-2507-1
VR896077,C108389,VA-EB-PL1,2025-08-29,Amazon,1,2499,PL1-2507-4
VR897914,C107873,VA-EB-AIR,2025-08-29,Amazon,1,1799,AIR-2507-1
VR899367,C103282,VA-SP-ORB,2025-08-29,Flipkart,1,5999,ORB-2507-2
VR899896,C100213,VA-SP-ORB,2025-08-29,vireo.in,1,5999,ORB-2506-3
VR900064,C101162,VA-SP-ORB,2025-08-29,Amazon,1,5699,ORB-2508-1
VR903646,C100006,VA-EB-AIR,2025-08-29,Amazon,1,1619,AIR-2506-1
VR903923,C105970,VA-EB-PL2,2025-08-29,Amazon,1,3149,PL2-2505-3
VR905242,C108734,VA-HP-ST3,2025-08-29,vireo.in,1,6999,ST3-2505-3
VR905640,C102104,VA-EB-AIR,2025-08-29,vireo.in,1,1529,AIR-2507-4
VR905827,C105946,VA-EB-PL2,2025-08-29,Amazon,1,2799,PL2-2505-3
VR905994,C106028,VA-SP-MINI,2025-08-29,vireo.in,1,2499,MINI-2508-1
VR906945,C104757,VA-EB-AIR,2025-08-29,vireo.in,1,1439,AIR-2507-1
VR907321,C104712,VA-HP-ST2,2025-08-29,Amazon,1,4999,ST2-2508-4
VR907818,C104010,VA-EB-PL2,2025-08-29,vireo.in,1,3499,PL2-2505-3
VR909593,C104455,VA-EB-PL2,2025-08-29,vireo.in,2,5948,PL2-2507-2
VR909840,C102512,VA-EB-PL2,2025-08-29,Flipkart,1,3499,PL2-2507-4
VR880258,C105395,VA-EB-PL2,2025-08-30,vireo.in,1,3324,PL2-2507-1
VR881780,C107358,VA-SW-FIT,2025-08-30,Amazon,1,1899,FIT-2507-3
VR884251,C107626,VA-EB-PL2,2025-08-30,vireo.in,1,3499,PL2-2508-1
VR884794,C107012,VA-SP-MINI,2025-08-30,vireo.in,1,1999,MINI-2508-3
VR886685,C103468,VA-EB-PL2,2025-08-30,vireo.in,1,3499,PL2-2507-3
VR888114,C107752,VA-SW-NX1,2025-08-30,Amazon,2,8998,NX1-2505-2
VR888645,C105073,VA-EB-PL2,2025-08-30,vireo.in,1,2799,PL2-2507-4
VR889017,C103793,VA-SW-NX2,2025-08-30,vireo.in,1,5199,NX2-2506-2
VR889039,C105815,VA-SW-NX2,2025-08-30,Amazon,1,5524,NX2-2507-1
VR889161,C105098,VA-EB-AIR,2025-08-30,Flipkart,1,1619,AIR-2507-3
VR889351,C100801,VA-EB-PL2,2025-08-30,Amazon,1,2799,PL2-2507-1
VR889718,C100343,VA-SW-FIT,2025-08-30,vireo.in,1,1799,FIT-2507-3
VR889796,C103175,VA-HP-ST3,2025-08-30,vireo.in,1,6649,ST3-2507-3
VR890046,C100224,VA-EB-PL2,2025-08-30,vireo.in,1,3499,PL2-2506-3
VR890853,C102090,VA-HP-ST3,2025-08-30,vireo.in,1,6999,ST3-2506-2
VR893402,C101463,VA-EB-PL1,2025-08-30,vireo.in,1,2499,PL1-2506-3
VR894461,C106432,VA-EB-PL2,2025-08-30,vireo.in,1,2799,PL2-2505-4
VR895024,C108254,VA-EB-PL1,2025-08-30,vireo.in,2,3998,PL1-2506-4
VR896477,C108231,VA-HP-ST3,2025-08-30,Amazon,1,6999,ST3-2506-2
VR898699,C107510,VA-EB-PL2,2025-08-30,vireo.in,1,3149,PL2-2508-4
VR900672,C103670,VA-EB-PL2,2025-08-30,Amazon,2,6648,PL2-2507-4
VR901877,C105088,VA-SW-NX2,2025-08-30,Amazon,1,6499,NX2-2505-1
VR904120,C106341,VA-HP-ST2,2025-08-30,vireo.in,1,4999,ST2-2507-3
VR904279,C104716,VA-EB-PL2,2025-08-30,vireo.in,1,3499,PL2-2506-3
VR904654,C100189,VA-SW-FIT,2025-08-30,Amazon,1,1899,FIT-2507-4
VR904855,C102783,VA-EB-PL2,2025-08-30,vireo.in,1,3499,PL2-2506-1
VR905450,C105199,VA-EB-AIR,2025-08-30,Amazon,1,1799,AIR-2505-3
VR906834,C106835,VA-AC-CH65,2025-08-30,Flipkart,1,1199,CH65-2507-2
VR883941,C104683,VA-EB-PL2,2025-08-31,vireo.in,1,3149,PL2-2506-4
VR884889,C101289,VA-EB-PL1,2025-08-31,Amazon,1,2374,PL1-2505-3
VR884995,C105179,VA-SW-NX2,2025-08-31,Amazon,1,5849,NX2-2507-1
VR885045,C106241,VA-EB-PL1,2025-08-31,vireo.in,1,2249,PL1-2505-1
VR886328,C105405,VA-NB-ARC,2025-08-31,Amazon,1,1169,ARC-2507-3
VR886896,C103581,VA-EB-PL1,2025-08-31,vireo.in,1,2124,PL1-2505-1
VR887419,C103497,VA-EB-PL2,2025-08-31,Flipkart,1,3324,PL2-2506-1
VR888360,C101225,VA-EB-AIR,2025-08-31,Flipkart,1,1799,AIR-2508-2
VR889055,C105054,VA-AC-CH65,2025-08-31,Amazon,1,1199,CH65-2508-3
VR889542,C101743,VA-HP-ST2,2025-08-31,vireo.in,1,4749,ST2-2507-3
VR889862,C101051,VA-EB-PL1,2025-08-31,vireo.in,1,2124,PL1-2506-3
VR890181,C108133,VA-EB-PL1,2025-08-31,vireo.in,1,2499,PL1-2507-3
VR891439,C101433,VA-EB-PL1,2025-08-31,vireo.in,1,2124,PL1-2506-1
VR891834,C108047,VA-EB-PL2,2025-08-31,vireo.in,1,3499,PL2-2505-2
VR892545,C109236,VA-EB-PL2,2025-08-31,vireo.in,1,3499,PL2-2506-2
VR894111,C100930,VA-EB-PL2,2025-08-31,vireo.in,1,3324,PL2-2507-3
VR894345,C106594,VA-SW-NX1,2025-08-31,Amazon,1,4999,NX1-2506-1
VR894998,C106927,VA-EB-PL2,2025-08-31,vireo.in,1,3324,PL2-2507-2
VR895840,C105069,VA-SP-MINI,2025-08-31,Amazon,1,2374,MINI-2506-3
VR897473,C102472,VA-EB-PL2,2025-08-31,Flipkart,1,2799,PL2-2505-4
VR897675,C100764,VA-EB-PL2,2025-08-31,vireo.in,1,2974,PL2-2505-4
VR897885,C103086,VA-SW-NX2,2025-08-31,vireo.in,1,6174,NX2-2508-1
VR900652,C108373,VA-SW-NX2,2025-08-31,Amazon,1,5199,NX2-2505-4
VR902331,C103082,VA-EB-PL2,2025-08-31,vireo.in,1,2974,PL2-2506-3
VR902796,C102829,VA-NB-ARC,2025-08-31,vireo.in,2,2078,ARC-2506-2
VR905965,C106095,VA-EB-PL2,2025-08-31,vireo.in,1,2799,PL2-2506-4
VR906623,C109394,VA-EB-PL2,2025-08-31,vireo.in,2,5948,PL2-2506-1
VR907198,C100990,VA-EB-PL2,2025-08-31,Amazon,1,3499,PL2-2508-2
VR907369,C104227,VA-EB-AIR,2025-08-31,vireo.in,1,1799,AIR-2507-4
VR907470,C100771,VA-EB-PL2,2025-08-31,vireo.in,2,6298,PL2-2505-4
VR908069,C104690,VA-NB-ARC,2025-08-31,vireo.in,1,1299,ARC-2505-1
VR908421,C103625,VA-EB-PL1,2025-08-31,vireo.in,2,4998,PL1-2506-4
VR908957,C101473,VA-EB-PL1,2025-08-31,vireo.in,1,2499,PL1-2507-4
VR909578,C101939,VA-EB-PL1,2025-08-31,Amazon,1,2249,PL1-2506-2
VR880420,C104469,VA-EB-PL1,2025-09-01,Amazon,1,2499,PL1-2505-4
VR880600,C105907,VA-SW-NX2,2025-09-01,vireo.in,2,10398,NX2-2506-1
VR881607,C100787,VA-EB-AIR,2025-09-01,vireo.in,1,1529,AIR-2505-3
VR881850,C106281,VA-SW-NX1,2025-09-01,Amazon,1,4999,NX1-2506-4
VR882188,C104636,VA-EB-AIR,2025-09-01,Amazon,1,1529,AIR-2506-1
VR884046,C100496,VA-EB-AIR,2025-09-01,vireo.in,1,1439,AIR-2507-3
VR885978,C107696,VA-EB-PL2,2025-09-01,vireo.in,1,3149,PL2-2507-1
VR887173,C108285,VA-EB-PL2,2025-09-01,vireo.in,1,2974,PL2-2506-3
VR889152,C108055,VA-HP-ST3,2025-09-01,vireo.in,1,6999,ST3-2508-3
VR889303,C100478,VA-EB-PL2,2025-09-01,Amazon,2,6298,PL2-2508-3
VR890199,C105867,VA-EB-PL1,2025-09-01,vireo.in,1,2499,PL1-2507-2
VR891067,C104553,VA-EB-PL2,2025-09-01,Flipkart,1,3499,PL2-2508-2
VR891571,C109331,VA-EB-PL2,2025-09-01,Amazon,1,3499,PL2-2507-3
VR892584,C107768,VA-EB-PL1,2025-09-01,Amazon,1,2374,PL1-2508-4
VR894538,C103213,VA-EB-PL2,2025-09-01,vireo.in,1,3499,PL2-2505-3
VR895869,C106367,VA-NB-ARC,2025-09-01,Amazon,1,1299,ARC-2506-2
VR896021,C106911,VA-EB-PL2,2025-09-01,vireo.in,1,3149,PL2-2507-1
VR897781,C106350,VA-HP-ST2,2025-09-01,vireo.in,1,4249,ST2-2507-4
VR898014,C101865,VA-NB-ARC,2025-09-01,Amazon,2,2598,ARC-2507-3
VR899958,C107649,VA-EB-PL1,2025-09-01,vireo.in,1,2499,PL1-2507-2
VR900415,C104278,VA-EB-PL2,2025-09-01,Amazon,1,3499,PL2-2506-2
VR900669,C106293,VA-SW-NX2,2025-09-01,Amazon,1,6499,NX2-2506-2
VR901108,C101667,VA-SW-NX2,2025-09-01,vireo.in,1,6499,NX2-2508-2
VR901678,C105272,VA-SW-FIT,2025-09-01,vireo.in,2,3598,FIT-2506-1
VR902687,C104313,VA-EB-PL2,2025-09-01,Amazon,1,3499,PL2-2505-1
VR904187,C100722,VA-EB-PL2,2025-09-01,vireo.in,1,3324,PL2-2505-1
VR904336,C107877,VA-EB-PL2,2025-09-01,vireo.in,1,3149,PL2-2505-3
VR905794,C101763,VA-SP-MINI,2025-09-01,Amazon,1,2499,MINI-2508-1
VR905957,C104362,VA-SP-MINI,2025-09-01,vireo.in,1,1999,MINI-2506-2
VR906442,C104422,VA-EB-PL2,2025-09-01,Flipkart,2,6648,PL2-2505-1
VR906909,C107699,VA-EB-AIR,2025-09-01,vireo.in,1,1709,AIR-2505-3
VR907934,C100349,VA-EB-PL1,2025-09-01,vireo.in,1,2499,PL1-2505-4
VR909366,C101194,VA-EB-PL1,2025-09-01,vireo.in,1,2249,PL1-2508-1
VR909745,C100873,VA-EB-PL2,2025-09-01,Flipkart,1,3149,PL2-2506-2
VR880676,C103154,VA-HP-ST3,2025-09-02,Flipkart,1,6299,ST3-2507-3
VR882732,C105649,VA-SW-NX2,2025-09-02,vireo.in,1,6499,NX2-2505-2
VR884298,C100136,VA-SP-MINI,2025-09-02,vireo.in,1,2499,MINI-2505-1
VR885430,C104739,VA-EB-PL1,2025-09-02,vireo.in,1,1999,PL1-2508-1
VR885573,C108802,VA-EB-PL2,2025-09-02,vireo.in,1,3499,PL2-2506-3
VR885670,C104489,VA-EB-PL2,2025-09-02,vireo.in,1,2974,PL2-2507-3
VR885863,C100553,VA-HP-ST2,2025-09-02,vireo.in,1,4499,ST2-2506-4
VR886980,C105816,VA-EB-PL2,2025-09-02,vireo.in,1,3324,PL2-2508-1
VR888378,C106001,VA-HP-ST3,2025-09-02,vireo.in,1,6999,ST3-2506-1
VR888956,C105368,VA-NB-ARC,2025-09-02,Flipkart,1,1234,ARC-2506-4
VR889460,C107516,VA-NB-ARC,2025-09-02,vireo.in,1,1104,ARC-2506-2
VR890668,C104909,VA-EB-PL2,2025-09-02,vireo.in,1,3149,PL2-2508-4
VR891639,C100389,VA-EB-PL2,2025-09-02,vireo.in,1,2974,PL2-2506-4
VR892408,C108799,VA-SW-NX2,2025-09-02,Amazon,1,6499,NX2-2505-1
VR892716,C107985,VA-EB-PL2,2025-09-02,Flipkart,1,2799,PL2-2506-3
VR892748,C103640,VA-SW-NX2,2025-09-02,vireo.in,1,6499,NX2-2506-2
VR893514,C104004,VA-EB-AIR,2025-09-02,Flipkart,1,1529,AIR-2506-3
VR894605,C101614,VA-SW-FIT,2025-09-02,Flipkart,1,1999,FIT-2506-1
VR894769,C108068,VA-EB-PL2,2025-09-02,Amazon,1,2799,PL2-2506-3
VR898293,C102217,VA-EB-PL2,2025-09-02,Amazon,1,3324,PL2-2507-2
VR898883,C107078,VA-AC-CASE,2025-09-02,Amazon,1,1104,CASE-2506-3
VR900820,C109301,VA-EB-PL2,2025-09-02,Flipkart,1,2799,PL2-2507-3
VR902981,C101538,VA-EB-PL2,2025-09-02,vireo.in,1,3324,PL2-2507-4
VR903285,C109370,VA-EB-PL2,2025-09-02,vireo.in,1,2799,PL2-2508-4
VR903391,C105463,VA-EB-PL1,2025-09-02,vireo.in,1,2499,PL1-2507-2
VR903671,C104746,VA-SP-MINI,2025-09-02,Amazon,1,2499,MINI-2508-1
VR904697,C107294,VA-EB-PL2,2025-09-02,vireo.in,1,3499,PL2-2507-3
VR904857,C105659,VA-SP-MINI,2025-09-02,vireo.in,1,2249,MINI-2505-3
VR905833,C104535,VA-EB-PL1,2025-09-02,Amazon,1,2499,PL1-2507-4
VR906604,C101112,VA-EB-AIR,2025-09-02,Amazon,2,3418,AIR-2507-1
VR906768,C100750,VA-SP-MINI,2025-09-02,Flipkart,2,4998,MINI-2507-3
VR908048,C101082,VA-EB-PL1,2025-09-02,vireo.in,2,4998,PL1-2508-3
VR882228,C105531,VA-EB-PL2,2025-09-03,vireo.in,2,6998,PL2-2506-1
VR882926,C103510,VA-EB-AIR,2025-09-03,Amazon,1,1799,AIR-2505-2
VR886653,C104135,VA-HP-ST3,2025-09-03,Amazon,1,6999,ST3-2507-4
VR887208,C105954,VA-SW-NX2,2025-09-03,Flipkart,2,10398,NX2-2507-4
VR887545,C108262,VA-EB-PL2,2025-09-03,Amazon,2,5948,PL2-2505-2
VR890889,C102139,VA-SW-NX2,2025-09-03,vireo.in,1,5524,NX2-2505-1
VR891448,C103231,VA-SP-MINI,2025-09-03,Flipkart,1,2499,MINI-2506-1
VR891948,C107270,VA-EB-AIR,2025-09-03,vireo.in,1,1799,AIR-2505-1
VR891987,C101888,VA-EB-AIR,2025-09-03,vireo.in,1,1799,AIR-2506-2
VR892293,C107408,VA-SW-FIT,2025-09-03,vireo.in,1,1999,FIT-2507-3
VR893445,C103443,VA-SW-NX2,2025-09-03,vireo.in,1,6499,NX2-2505-4
VR894923,C106234,VA-EB-PL2,2025-09-03,Amazon,1,2799,PL2-2506-1
VR895952,C106369,VA-SW-NX1,2025-09-03,vireo.in,1,3999,NX1-2508-3
VR896573,C101730,VA-HP-ST2,2025-09-03,vireo.in,2,9498,ST2-2507-4
VR898732,C109067,VA-SP-MINI,2025-09-03,vireo.in,1,2499,MINI-2505-1
VR898839,C101926,VA-EB-PL2,2025-09-03,vireo.in,1,2974,PL2-2506-3
VR898858,C101524,VA-EB-PL2,2025-09-03,Flipkart,1,3149,PL2-2506-1
VR902824,C102688,VA-EB-PL2,2025-09-03,Flipkart,1,3499,PL2-2506-4
VR903336,C104097,VA-AC-CH65,2025-09-03,Amazon,1,1499,CH65-2506-2
VR904009,C100454,VA-SW-NX2,2025-09-03,Flipkart,1,6499,NX2-2507-2
VR904245,C106251,VA-EB-PL2,2025-09-03,vireo.in,1,2974,PL2-2507-2
VR905281,C108283,VA-EB-AIR,2025-09-03,Flipkart,1,1799,AIR-2506-4
VR880106,C104895,VA-HP-ST3,2025-09-04,vireo.in,1,6999,ST3-2508-4
VR881649,C107766,VA-EB-PL2,2025-09-04,Flipkart,1,3149,PL2-2506-3
VR882991,C104976,VA-SP-MINI,2025-09-04,Amazon,1,2249,MINI-2506-1
VR886518,C107397,VA-EB-PL2,2025-09-04,vireo.in,1,3499,PL2-2508-2
VR888048,C100544,VA-SW-FIT,2025-09-04,vireo.in,1,1699,FIT-2507-1
VR888842,C103947,VA-AC-CASE,2025-09-04,vireo.in,1,1299,CASE-2507-2
VR889353,C102613,VA-SW-NX1,2025-09-04,vireo.in,1,4999,NX1-2505-1
VR890300,C102291,VA-HP-ST3,2025-09-04,Flipkart,1,6999,ST3-2508-3
VR891992,C105911,VA-SP-MINI,2025-09-04,Amazon,1,2499,MINI-2505-2
VR892524,C100697,VA-AC-CBL,2025-09-04,vireo.in,1,319,CBL-2505-1
VR892966,C102434,VA-SW-NX2,2025-09-04,vireo.in,1,6499,NX2-2508-3
VR894742,C103916,VA-EB-PL2,2025-09-04,Amazon,2,6998,PL2-2508-4
VR895487,C103977,VA-HP-ST2,2025-09-04,vireo.in,1,4749,ST2-2505-1
VR896504,C100801,VA-EB-PL2,2025-09-04,Amazon,1,3499,PL2-2508-3
VR897869,C106881,VA-HP-ST2,2025-09-04,vireo.in,1,4999,ST2-2507-1
VR898325,C100697,VA-SP-MINI,2025-09-04,vireo.in,1,2499,MINI-2508-3
VR898366,C106757,VA-EB-PL2,2025-09-04,vireo.in,1,3324,PL2-2506-1
VR898516,C101068,VA-EB-AIR,2025-09-04,Amazon,1,1619,AIR-2506-3
VR899017,C106754,VA-EB-PL1,2025-09-04,vireo.in,1,2499,PL1-2506-3
VR899246,C108645,VA-EB-PL2,2025-09-04,vireo.in,1,3324,PL2-2507-2
VR902155,C102596,VA-EB-PL2,2025-09-04,vireo.in,1,3499,PL2-2505-4
VR902519,C103708,VA-NB-ARC,2025-09-04,vireo.in,1,1169,ARC-2507-1
VR902710,C106288,VA-SW-NX2,2025-09-04,vireo.in,1,5524,NX2-2507-3
VR906908,C103460,VA-SW-NX1,2025-09-04,Amazon,1,4249,NX1-2506-3
VR908875,C107376,VA-EB-PL1,2025-09-04,Amazon,1,1999,PL1-2505-4
VR909233,C101721,VA-SW-NX2,2025-09-04,vireo.in,1,6499,NX2-2505-1
VR909309,C100984,VA-EB-PL2,2025-09-04,vireo.in,1,3149,PL2-2508-2
VR880917,C106584,VA-EB-PL2,2025-09-05,vireo.in,1,3324,PL2-2508-1
VR881545,C102608,VA-AC-CASE,2025-09-05,Amazon,1,1104,CASE-2508-4
VR882622,C108026,VA-EB-PL2,2025-09-05,vireo.in,1,3499,PL2-2507-3
VR882863,C105848,VA-SW-FIT,2025-09-05,vireo.in,1,1699,FIT-2507-2
VR886994,C108705,VA-SP-MINI,2025-09-05,Amazon,1,1999,MINI-2508-4
VR888537,C107177,VA-HP-ST2,2025-09-05,Amazon,1,4999,ST2-2506-3
VR891138,C107962,VA-AC-CASE,2025-09-05,Flipkart,1,1299,CASE-2505-3
VR891705,C100199,VA-SP-ORB,2025-09-05,vireo.in,1,5999,ORB-2507-4
VR892821,C100078,VA-SP-MINI,2025-09-05,vireo.in,1,2124,MINI-2508-1
VR894430,C108784,VA-SP-MINI,2025-09-05,vireo.in,1,2124,MINI-2506-4
VR895889,C103218,VA-SW-NX2,2025-09-05,vireo.in,1,5199,NX2-2508-2
VR898102,C103371,VA-EB-PL1,2025-09-05,vireo.in,1,2499,PL1-2507-1
VR899047,C102013,VA-HP-ST3,2025-09-05,vireo.in,1,6999,ST3-2506-1
VR899394,C101030,VA-EB-AIR,2025-09-05,Amazon,1,1799,AIR-2507-2
VR899478,C108086,VA-EB-PL2,2025-09-05,Flipkart,2,6998,PL2-2507-4
VR900744,C101309,VA-EB-PL2,2025-09-05,vireo.in,1,3149,PL2-2505-2
VR900823,C104189,VA-EB-AIR,2025-09-05,Amazon,1,1799,AIR-2507-4
VR900830,C107197,VA-SW-NX2,2025-09-05,vireo.in,1,5199,NX2-2507-1
VR900859,C101246,VA-EB-PL2,2025-09-05,Amazon,1,3149,PL2-2507-1
VR901984,C102654,VA-EB-PL2,2025-09-05,vireo.in,1,3149,PL2-2508-3
VR902978,C105050,VA-EB-PL2,2025-09-05,Amazon,2,6998,PL2-2506-1
VR903023,C107406,VA-EB-PL2,2025-09-05,Amazon,1,3324,PL2-2506-3
VR903272,C108354,VA-SW-FIT,2025-09-05,vireo.in,1,1999,FIT-2508-3
VR903439,C106540,VA-EB-AIR,2025-09-05,vireo.in,1,1709,AIR-2507-1
VR903442,C105981,VA-SP-ORB,2025-09-05,vireo.in,2,10198,ORB-2507-2
VR906191,C105112,VA-HP-ST3,2025-09-05,vireo.in,1,6299,ST3-2506-3
VR906751,C102121,VA-SP-MINI,2025-09-05,Flipkart,1,2499,MINI-2508-1
VR908745,C104839,VA-EB-PL2,2025-09-05,vireo.in,1,2799,PL2-2505-1
VR908788,C102598,VA-AC-CBL,2025-09-05,Flipkart,1,379,CBL-2506-2
VR908799,C102094,VA-EB-PL2,2025-09-05,vireo.in,1,3499,PL2-2508-4
VR909597,C103838,VA-EB-PL2,2025-09-05,vireo.in,1,2799,PL2-2506-2
VR881004,C106417,VA-EB-PL2,2025-09-06,vireo.in,1,3499,PL2-2508-3
VR881362,C108309,VA-SW-NX2,2025-09-06,vireo.in,1,5524,NX2-2508-2
VR881992,C102398,VA-EB-PL2,2025-09-06,Amazon,1,3499,PL2-2507-2
VR883339,C101928,VA-EB-PL2,2025-09-06,Amazon,1,2974,PL2-2506-1
VR885188,C109378,VA-EB-PL2,2025-09-06,Amazon,1,3149,PL2-2507-3
VR886181,C107424,VA-SW-FIT,2025-09-06,Amazon,1,1699,FIT-2506-3
VR886895,C102839,VA-AC-CASE,2025-09-06,vireo.in,1,1039,CASE-2507-2
VR887764,C102988,VA-EB-PL2,2025-09-06,Amazon,1,2799,PL2-2506-2
VR887911,C104167,VA-EB-PL2,2025-09-06,vireo.in,1,3149,PL2-2505-3
VR889087,C108968,VA-EB-PL2,2025-09-06,Amazon,1,3149,PL2-2508-4
VR890097,C106915,VA-EB-PL2,2025-09-06,vireo.in,2,6998,PL2-2508-3
VR894574,C105523,VA-SP-MINI,2025-09-06,Flipkart,2,4998,MINI-2506-3
VR894796,C104647,VA-SW-NX2,2025-09-06,Amazon,1,5524,NX2-2506-1
VR896283,C108394,VA-EB-PL2,2025-09-06,Amazon,1,2974,PL2-2505-2
VR896804,C104575,VA-EB-PL2,2025-09-06,vireo.in,1,2974,PL2-2505-3
VR898537,C108531,VA-AC-CASE,2025-09-06,Amazon,1,1169,CASE-2506-4
VR898761,C109053,VA-EB-PL2,2025-09-06,vireo.in,1,3324,PL2-2506-1
VR902578,C106159,VA-SW-FIT,2025-09-06,vireo.in,1,1999,FIT-2505-1
VR903059,C106223,VA-SW-NX2,2025-09-06,Amazon,1,5524,NX2-2507-1
VR904532,C106453,VA-EB-PL2,2025-09-06,vireo.in,1,3324,PL2-2507-1
VR905161,C103171,VA-EB-PL2,2025-09-06,Amazon,2,5598,PL2-2507-3
VR905774,C107592,VA-EB-PL2,2025-09-06,vireo.in,1,3499,PL2-2505-1
VR907329,C103713,VA-SW-FIT,2025-09-06,vireo.in,1,1999,FIT-2507-2
VR908059,C102633,VA-EB-PL1,2025-09-06,vireo.in,1,2499,PL1-2506-1
VR908417,C106946,VA-SP-ORB,2025-09-06,vireo.in,1,5999,ORB-2507-1
VR908482,C107578,VA-EB-PL2,2025-09-06,Amazon,1,2799,PL2-2505-1
VR883296,C109165,VA-AC-CH65,2025-09-07,Amazon,1,1499,CH65-2507-1
VR884272,C102694,VA-EB-PL2,2025-09-07,Amazon,1,2974,PL2-2507-3
VR885124,C109184,VA-AC-CASE,2025-09-07,vireo.in,1,1039,CASE-2507-2
VR885333,C102508,VA-EB-PL1,2025-09-07,Flipkart,2,3998,PL1-2507-2
VR886282,C109055,VA-AC-CASE,2025-09-07,Flipkart,1,1299,CASE-2507-2
VR886606,C108694,VA-EB-AIR,2025-09-07,Flipkart,1,1529,AIR-2507-4
VR886846,C101413,VA-EB-PL2,2025-09-07,vireo.in,1,2799,PL2-2508-1
VR889907,C109197,VA-EB-PL2,2025-09-07,vireo.in,1,3499,PL2-2508-4
VR889948,C104831,VA-SW-NX2,2025-09-07,vireo.in,1,6499,NX2-2506-2
VR890482,C107929,VA-HP-ST2,2025-09-07,vireo.in,2,9998,ST2-2507-4
VR891363,C106342,VA-EB-PL2,2025-09-07,vireo.in,1,2799,PL2-2507-3
VR893098,C103199,VA-AC-CASE,2025-09-07,vireo.in,1,1299,CASE-2507-2
VR893413,C109087,VA-SW-FIT,2025-09-07,Amazon,1,1999,FIT-2506-3
VR895114,C105959,VA-SW-NX2,2025-09-07,Amazon,1,6174,NX2-2507-1
VR896770,C107942,VA-SW-NX2,2025-09-07,Amazon,1,5199,NX2-2507-4
VR896949,C104358,VA-HP-ST3,2025-09-07,vireo.in,1,5599,ST3-2506-3
VR901352,C108356,VA-SW-NX2,2025-09-07,vireo.in,1,6499,NX2-2508-4
VR902205,C105854,VA-EB-PL2,2025-09-07,Amazon,1,3499,PL2-2506-2
VR903214,C106500,VA-EB-PL1,2025-09-07,vireo.in,1,2124,PL1-2507-3
VR905062,C101565,VA-EB-AIR,2025-09-07,Flipkart,1,1799,AIR-2506-3
VR906476,C105816,VA-EB-PL2,2025-09-07,vireo.in,1,3499,PL2-2507-1
VR907341,C107899,VA-EB-PL1,2025-09-07,vireo.in,1,2249,PL1-2508-1
VR909817,C108558,VA-SW-NX2,2025-09-07,vireo.in,1,6499,NX2-2508-1
VR880412,C101747,VA-SP-MINI,2025-09-08,Amazon,1,1999,MINI-2507-1
VR885893,C109013,VA-EB-PL2,2025-09-08,Amazon,1,2799,PL2-2506-4
VR885925,C104811,VA-SW-NX2,2025-09-08,vireo.in,1,6499,NX2-2508-3
VR886488,C105720,VA-AC-CH65,2025-09-08,vireo.in,1,1274,CH65-2505-1
VR887790,C109215,VA-SW-FIT,2025-09-08,vireo.in,1,1999,FIT-2506-1
VR888920,C106359,VA-NB-ARC,2025-09-08,vireo.in,1,1299,ARC-2507-1
VR889090,C104287,VA-AC-CH65,2025-09-08,vireo.in,1,1499,CH65-2506-1
VR889484,C104046,VA-SP-MINI,2025-09-08,vireo.in,1,2499,MINI-2508-4
VR890439,C102389,VA-AC-CASE,2025-09-08,vireo.in,1,1234,CASE-2507-1
VR890468,C105168,VA-SW-FIT,2025-09-08,Flipkart,1,1999,FIT-2507-4
VR890750,C103615,VA-EB-PL1,2025-09-08,Amazon,1,1999,PL1-2505-1
VR890894,C104147,VA-SW-NX2,2025-09-08,Amazon,1,6174,NX2-2508-3
VR891422,C108611,VA-HP-ST2,2025-09-08,vireo.in,1,4249,ST2-2506-2
VR895215,C100318,VA-NB-ARC,2025-09-08,vireo.in,1,1299,ARC-2508-1
VR895354,C101521,VA-SP-ORB,2025-09-08,Amazon,1,5999,ORB-2506-3
VR895431,C106404,VA-HP-ST3,2025-09-08,Amazon,1,6999,ST3-2505-1
VR896824,C106395,VA-EB-PL2,2025-09-08,vireo.in,1,2974,PL2-2508-3
VR898650,C105772,VA-EB-PL2,2025-09-08,Amazon,1,2799,PL2-2507-1
VR898671,C105335,VA-EB-AIR,2025-09-08,vireo.in,1,1619,AIR-2507-2
VR899480,C104526,VA-EB-PL2,2025-09-08,Amazon,1,3324,PL2-2506-1
VR901224,C109140,VA-SW-FIT,2025-09-08,vireo.in,1,1999,FIT-2508-3
VR901883,C103978,VA-EB-PL2,2025-09-08,vireo.in,1,3499,PL2-2505-4
VR901943,C103256,VA-SW-NX2,2025-09-08,vireo.in,1,6499,NX2-2507-2
VR902450,C108615,VA-EB-AIR,2025-09-08,vireo.in,1,1529,AIR-2506-2
VR903066,C101488,VA-EB-PL2,2025-09-08,Flipkart,1,2974,PL2-2508-1
VR905853,C107686,VA-EB-AIR,2025-09-08,Amazon,1,1799,AIR-2507-1
VR906224,C106624,VA-EB-PL2,2025-09-08,vireo.in,2,5948,PL2-2506-4
VR909974,C107379,VA-EB-PL2,2025-09-08,Flipkart,1,3149,PL2-2506-1
VR882589,C104945,VA-EB-PL2,2025-09-09,Amazon,1,3499,PL2-2506-3
VR883102,C105731,VA-NB-ARC,2025-09-09,Amazon,1,1299,ARC-2507-1
VR884024,C107422,VA-SW-NX2,2025-09-09,Amazon,1,6174,NX2-2506-1
VR884329,C105728,VA-EB-PL2,2025-09-09,Amazon,1,3499,PL2-2507-2
VR884697,C107910,VA-EB-AIR,2025-09-09,Flipkart,1,1439,AIR-2506-1
VR886028,C101175,VA-AC-CASE,2025-09-09,vireo.in,1,1039,CASE-2507-4
VR886340,C108464,VA-EB-PL2,2025-09-09,vireo.in,1,3499,PL2-2508-2
VR887878,C108570,VA-SW-NX2,2025-09-09,Amazon,1,6174,NX2-2507-4
VR890207,C101157,VA-HP-ST2,2025-09-09,Flipkart,1,4749,ST2-2506-1
VR891911,C100537,VA-HP-ST3,2025-09-09,vireo.in,1,6999,ST3-2506-1
VR893222,C100796,VA-HP-ST2,2025-09-09,vireo.in,1,3999,ST2-2507-1
VR893719,C103026,VA-EB-PL2,2025-09-09,vireo.in,1,3499,PL2-2505-2
VR893800,C100656,VA-EB-PL2,2025-09-09,vireo.in,1,3499,PL2-2507-3
VR894058,C108354,VA-HP-ST3,2025-09-09,Flipkart,1,6999,ST3-2505-2
VR896223,C104039,VA-EB-PL2,2025-09-09,Amazon,1,3499,PL2-2508-4
VR896376,C108966,VA-EB-PL2,2025-09-09,Amazon,2,6648,PL2-2508-4
VR896417,C100501,VA-EB-PL1,2025-09-09,Flipkart,1,2124,PL1-2507-3
VR897064,C100544,VA-SW-FIT,2025-09-09,Flipkart,1,1999,FIT-2508-2
VR897310,C104667,VA-EB-PL2,2025-09-09,vireo.in,1,3149,PL2-2507-1
VR898887,C100021,VA-EB-PL2,2025-09-09,vireo.in,1,3324,PL2-2507-1
VR899176,C100929,VA-SW-NX2,2025-09-09,vireo.in,1,6499,NX2-2506-4
VR902017,C101689,VA-SP-MINI,2025-09-09,vireo.in,2,4998,MINI-2506-1
VR908376,C105862,VA-SW-NX2,2025-09-09,vireo.in,1,5849,NX2-2507-2
VR880343,C101274,VA-EB-AIR,2025-09-10,Amazon,1,1799,AIR-2508-3
VR880372,C102916,VA-EB-PL1,2025-09-10,vireo.in,1,1999,PL1-2506-1
VR880895,C104941,VA-EB-PL2,2025-09-10,Flipkart,1,3324,PL2-2508-2
VR882353,C100362,VA-SW-NX1,2025-09-10,Amazon,2,7998,NX1-2507-4
VR882770,C107153,VA-EB-PL1,2025-09-10,vireo.in,1,2249,PL1-2506-4
VR884156,C100242,VA-SW-NX1,2025-09-10,vireo.in,2,8498,NX1-2505-2
VR885922,C105539,VA-EB-PL1,2025-09-10,vireo.in,1,1999,PL1-2506-3
VR886678,C102039,VA-EB-PL2,2025-09-10,Flipkart,1,3324,PL2-2506-4
VR889146,C101315,VA-EB-PL2,2025-09-10,vireo.in,2,5948,PL2-2507-4
VR889252,C104662,VA-HP-ST3,2025-09-10,Amazon,1,6999,ST3-2505-3
VR891928,C102908,VA-EB-PL1,2025-09-10,Amazon,1,2499,PL1-2505-4
VR892363,C109028,VA-HP-ST2,2025-09-10,Amazon,1,4999,ST2-2508-1
VR896828,C100790,VA-SW-NX2,2025-09-10,Flipkart,1,6499,NX2-2508-3
VR899138,C104861,VA-EB-PL2,2025-09-10,Flipkart,1,3499,PL2-2507-1
VR900578,C103294,VA-SW-FIT,2025-09-10,Amazon,1,1599,FIT-2506-4
VR900582,C106981,VA-EB-PL2,2025-09-10,vireo.in,1,3149,PL2-2506-4
VR901641,C105797,VA-EB-PL2,2025-09-10,Amazon,1,3499,PL2-2506-3
VR902199,C104744,VA-SW-FIT,2025-09-10,Flipkart,1,1599,FIT-2505-3
VR903352,C100274,VA-SW-FIT,2025-09-10,vireo.in,1,1999,FIT-2506-1
VR906861,C105528,VA-EB-PL2,2025-09-10,Flipkart,1,3499,PL2-2506-1
VR909201,C102723,VA-EB-PL2,2025-09-10,vireo.in,1,2799,PL2-2507-2
VR880808,C105850,VA-SP-MINI,2025-09-11,Amazon,1,2249,MINI-2507-2
VR882981,C105588,VA-EB-PL2,2025-09-11,Amazon,1,3499,PL2-2507-4
VR883243,C102765,VA-EB-PL2,2025-09-11,vireo.in,2,6648,PL2-2506-1
VR883632,C103986,VA-SW-FIT,2025-09-11,vireo.in,1,1699,FIT-2508-1
VR884021,C101507,VA-EB-PL2,2025-09-11,Amazon,1,3499,PL2-2507-2
VR887486,C104436,VA-EB-AIR,2025-09-11,vireo.in,1,1799,AIR-2508-3
VR889368,C101638,VA-EB-PL2,2025-09-11,vireo.in,2,6998,PL2-2507-2
VR890258,C108470,VA-HP-ST3,2025-09-11,Amazon,1,6999,ST3-2507-1
VR890937,C100910,VA-EB-PL2,2025-09-11,Flipkart,1,2974,PL2-2506-2
VR891946,C107449,VA-EB-PL2,2025-09-11,vireo.in,1,3499,PL2-2507-4
VR893818,C102151,VA-SP-MINI,2025-09-11,Flipkart,1,2374,MINI-2506-3
VR894888,C107123,VA-EB-PL1,2025-09-11,Amazon,1,2124,PL1-2508-1
VR896629,C108735,VA-EB-PL2,2025-09-11,Flipkart,1,3499,PL2-2508-1
VR896640,C103903,VA-EB-PL1,2025-09-11,Amazon,1,2499,PL1-2508-1
VR896897,C101033,VA-EB-PL2,2025-09-11,Flipkart,1,3499,PL2-2508-4
VR897088,C105635,VA-EB-PL2,2025-09-11,vireo.in,1,3499,PL2-2506-1
VR897359,C107398,VA-SP-MINI,2025-09-11,Amazon,1,1999,MINI-2508-4
VR898222,C105077,VA-SP-ORB,2025-09-11,vireo.in,1,5999,ORB-2506-4
VR898568,C107384,VA-NB-ARC,2025-09-11,Amazon,1,1104,ARC-2507-4
VR901187,C107505,VA-HP-ST3,2025-09-11,Amazon,1,6999,ST3-2506-3
VR901294,C102877,VA-EB-AIR,2025-09-11,Amazon,1,1709,AIR-2507-1
VR902128,C104526,VA-SW-NX2,2025-09-11,vireo.in,1,6499,NX2-2505-4
VR904761,C102922,VA-EB-PL2,2025-09-11,Amazon,1,3499,PL2-2506-1
VR905784,C105699,VA-NB-ARC,2025-09-11,Amazon,1,1104,ARC-2507-1
VR907917,C107092,VA-HP-ST2,2025-09-11,vireo.in,2,9998,ST2-2505-1
VR908064,C109091,VA-EB-PL2,2025-09-11,vireo.in,1,3499,PL2-2507-1
VR909145,C105301,VA-SW-NX2,2025-09-11,Amazon,1,5199,NX2-2508-4
VR880119,C103074,VA-EB-PL2,2025-09-12,vireo.in,1,3499,PL2-2506-1
VR882364,C104980,VA-SW-FIT,2025-09-12,vireo.in,1,1999,FIT-2507-4
VR884333,C103495,VA-EB-PL2,2025-09-12,vireo.in,1,3149,PL2-2506-3
VR887052,C107710,VA-SW-FIT,2025-09-12,vireo.in,1,1899,FIT-2507-3
VR888855,C108933,VA-EB-AIR,2025-09-12,vireo.in,1,1799,AIR-2505-1
VR890275,C102407,VA-SW-FIT,2025-09-12,vireo.in,1,1799,FIT-2505-4
VR890493,C105248,VA-EB-AIR,2025-09-12,vireo.in,1,1799,AIR-2506-1
VR891361,C102302,VA-SW-FIT,2025-09-12,vireo.in,1,1799,FIT-2506-4
VR891580,C106640,VA-HP-ST3,2025-09-12,vireo.in,1,6299,ST3-2507-1
VR893522,C101564,VA-AC-CASE,2025-09-12,vireo.in,2,2078,CASE-2506-3
VR893884,C104826,VA-EB-PL2,2025-09-12,Amazon,1,3149,PL2-2507-2
VR894587,C105083,VA-EB-PL2,2025-09-12,Amazon,2,5598,PL2-2506-4
VR895105,C108951,VA-EB-PL2,2025-09-12,Amazon,1,3324,PL2-2507-1
VR895766,C103955,VA-EB-PL2,2025-09-12,vireo.in,1,2799,PL2-2507-2
VR896576,C100696,VA-EB-PL2,2025-09-12,Flipkart,1,3499,PL2-2506-1
VR899111,C101103,VA-HP-ST3,2025-09-12,vireo.in,1,6649,ST3-2506-4
VR901267,C104180,VA-SP-MINI,2025-09-12,Amazon,1,2124,MINI-2507-4
VR901388,C102787,VA-HP-ST3,2025-09-12,Flipkart,1,6999,ST3-2506-4
VR902552,C108816,VA-EB-PL1,2025-09-12,vireo.in,1,2374,PL1-2506-4
VR904027,C104685,VA-EB-PL2,2025-09-12,vireo.in,1,2799,PL2-2506-4
VR904090,C107714,VA-SP-MINI,2025-09-12,Amazon,1,2249,MINI-2507-3
VR904765,C107516,VA-EB-PL2,2025-09-12,vireo.in,1,3499,PL2-2506-3
VR904812,C100626,VA-SP-MINI,2025-09-12,Amazon,1,2124,MINI-2507-4
VR905565,C104353,VA-HP-ST2,2025-09-12,vireo.in,1,4999,ST2-2506-4
VR906780,C108688,VA-EB-PL2,2025-09-12,vireo.in,1,3149,PL2-2507-2
VR907921,C100577,VA-EB-PL2,2025-09-12,vireo.in,1,3499,PL2-2506-1
VR908132,C108054,VA-AC-CH65,2025-09-12,Flipkart,1,1499,CH65-2507-2
VR880893,C100428,VA-SW-NX1,2025-09-13,vireo.in,2,9498,NX1-2506-2
VR881440,C106995,VA-EB-PL1,2025-09-13,Amazon,1,2249,PL1-2507-2
VR884197,C103095,VA-SW-NX1,2025-09-13,Amazon,1,4999,NX1-2508-4
VR884951,C106905,VA-EB-PL1,2025-09-13,vireo.in,1,1999,PL1-2505-3
VR885472,C100025,VA-EB-PL1,2025-09-13,Amazon,1,2124,PL1-2507-2
VR886301,C103814,VA-EB-AIR,2025-09-13,Amazon,1,1709,AIR-2508-4
VR887136,C100964,VA-SP-MINI,2025-09-13,Amazon,2,4998,MINI-2508-1
VR887465,C103258,VA-SW-NX2,2025-09-13,Flipkart,1,5199,NX2-2506-1
VR887745,C103824,VA-SW-FIT,2025-09-13,vireo.in,1,1899,FIT-2507-4
VR891016,C105769,VA-SW-FIT,2025-09-13,vireo.in,1,1699,FIT-2506-1
VR891429,C104678,VA-AC-CASE,2025-09-13,Amazon,1,1299,CASE-2506-4
VR891648,C106316,VA-EB-PL2,2025-09-13,Flipkart,1,3149,PL2-2505-2
VR892804,C102538,VA-SW-NX1,2025-09-13,vireo.in,1,4499,NX1-2507-1
VR894933,C105362,VA-EB-PL2,2025-09-13,Flipkart,1,3499,PL2-2507-4
VR896044,C102094,VA-HP-ST3,2025-09-13,Amazon,1,6999,ST3-2507-2
VR897972,C101352,VA-EB-PL2,2025-09-13,Amazon,1,2799,PL2-2508-2
VR898199,C104673,VA-SW-NX2,2025-09-13,Amazon,1,6174,NX2-2506-1
VR898272,C105268,VA-EB-PL2,2025-09-13,Amazon,1,3324,PL2-2507-3
VR899317,C105273,VA-SW-NX2,2025-09-13,Amazon,1,6174,NX2-2506-3
VR900468,C107185,VA-EB-PL2,2025-09-13,Flipkart,1,3149,PL2-2508-4
VR901326,C103361,VA-HP-ST3,2025-09-13,vireo.in,1,6999,ST3-2507-4
VR901790,C108187,VA-NB-ARC,2025-09-13,Amazon,1,1039,ARC-2506-3
VR902664,C106448,VA-SW-NX2,2025-09-13,vireo.in,1,6174,NX2-2506-2
VR903257,C106384,VA-HP-ST3,2025-09-13,vireo.in,1,6999,ST3-2508-1
VR903951,C101115,VA-SP-MINI,2025-09-13,vireo.in,1,2499,MINI-2506-2
VR905723,C103068,VA-EB-PL2,2025-09-13,vireo.in,1,3324,PL2-2505-4
VR906471,C100120,VA-AC-CASE,2025-09-13,Amazon,1,1299,CASE-2507-3
VR906608,C104438,VA-SP-MINI,2025-09-13,vireo.in,1,2499,MINI-2506-4
VR907040,C102208,VA-EB-PL2,2025-09-13,Amazon,1,3499,PL2-2506-3
VR908130,C107506,VA-EB-PL1,2025-09-13,Amazon,1,2499,PL1-2507-3
VR909574,C100359,VA-SW-NX1,2025-09-13,vireo.in,1,4999,NX1-2507-1
VR880682,C107563,VA-NB-ARC,2025-09-14,Amazon,1,1234,ARC-2508-4
VR880686,C107547,VA-EB-AIR,2025-09-14,Amazon,1,1709,AIR-2506-1
VR881008,C101720,VA-SW-NX2,2025-09-14,vireo.in,1,6499,NX2-2506-2
VR881692,C105726,VA-EB-PL2,2025-09-14,Flipkart,1,2799,PL2-2506-3
VR883466,C109000,VA-EB-PL1,2025-09-14,vireo.in,1,2374,PL1-2508-2
VR884166,C103611,VA-EB-PL2,2025-09-14,Amazon,1,2974,PL2-2506-4
VR884221,C101335,VA-EB-PL2,2025-09-14,Amazon,1,2799,PL2-2506-3
VR885418,C107068,VA-EB-PL1,2025-09-14,vireo.in,1,2374,PL1-2507-2
VR888103,C104544,VA-AC-CH65,2025-09-14,vireo.in,1,1499,CH65-2506-1
VR888423,C106636,VA-EB-PL1,2025-09-14,Amazon,1,2499,PL1-2507-1
VR894526,C104778,VA-EB-AIR,2025-09-14,Flipkart,1,1799,AIR-2506-4
VR895597,C103565,VA-SW-FIT,2025-09-14,vireo.in,1,1599,FIT-2506-2
VR895916,C105213,VA-SW-NX1,2025-09-14,vireo.in,1,4999,NX1-2508-3
VR896069,C106257,VA-EB-PL2,2025-09-14,Amazon,1,2974,PL2-2508-2
VR897170,C102042,VA-EB-PL2,2025-09-14,vireo.in,1,3499,PL2-2506-4
VR898912,C108121,VA-NB-ARC,2025-09-14,vireo.in,2,2598,ARC-2507-1
VR899504,C104612,VA-EB-PL1,2025-09-14,Amazon,1,2499,PL1-2507-3
VR900675,C101496,VA-HP-ST3,2025-09-14,Amazon,1,6999,ST3-2508-1
VR900935,C103932,VA-EB-PL2,2025-09-14,vireo.in,1,3499,PL2-2507-2
VR903016,C105251,VA-EB-PL2,2025-09-14,Amazon,1,3499,PL2-2506-3
VR904309,C106710,VA-SW-NX2,2025-09-14,vireo.in,2,10398,NX2-2507-1
VR904571,C101070,VA-SP-MINI,2025-09-14,vireo.in,1,2124,MINI-2508-1
VR906787,C108174,VA-NB-ARC,2025-09-14,Amazon,1,1299,ARC-2508-3
VR906916,C105119,VA-SW-NX2,2025-09-14,Amazon,1,6499,NX2-2507-4
VR907105,C101611,VA-AC-CBL,2025-09-14,Amazon,1,399,CBL-2506-1
VR907785,C107854,VA-EB-PL1,2025-09-14,vireo.in,1,1999,PL1-2505-2
VR908772,C107875,VA-EB-PL2,2025-09-14,vireo.in,1,3149,PL2-2507-1
VR909345,C105304,VA-EB-PL2,2025-09-14,Amazon,1,3324,PL2-2507-4
VR910049,C108517,VA-HP-ST2,2025-09-14,vireo.in,2,8998,ST2-2507-1
VR910061,C107225,VA-EB-PL2,2025-09-14,vireo.in,1,3324,PL2-2507-4
VR882457,C101832,VA-EB-PL1,2025-09-15,Amazon,1,1999,PL1-2506-2
VR883468,C100713,VA-EB-PL2,2025-09-15,vireo.in,1,3324,PL2-2506-3
VR884353,C101895,VA-SW-NX1,2025-09-15,Amazon,1,4999,NX1-2507-3
VR884791,C109251,VA-EB-AIR,2025-09-15,Amazon,1,1439,AIR-2507-2
VR886931,C103230,VA-EB-PL2,2025-09-15,Amazon,1,3324,PL2-2506-2
VR888083,C105967,VA-SW-NX2,2025-09-15,Amazon,1,5524,NX2-2507-2
VR888534,C100504,VA-EB-PL2,2025-09-15,Amazon,1,3149,PL2-2506-1
VR889931,C105704,VA-EB-PL2,2025-09-15,vireo.in,1,3499,PL2-2507-3
VR893907,C102445,VA-SW-FIT,2025-09-15,vireo.in,2,3798,FIT-2506-4
VR894253,C103674,VA-SW-NX2,2025-09-15,Flipkart,1,6174,NX2-2506-1
VR895668,C101996,VA-SW-NX2,2025-09-15,Flipkart,1,6499,NX2-2508-1
VR896493,C105138,VA-NB-ARC,2025-09-15,Flipkart,1,1234,ARC-2507-3
VR900661,C101360,VA-EB-PL2,2025-09-15,vireo.in,1,3499,PL2-2506-3
VR902269,C103500,VA-SP-ORB,2025-09-15,Amazon,1,5399,ORB-2507-4
VR903093,C100746,VA-EB-PL1,2025-09-15,vireo.in,1,1999,PL1-2506-3
VR908900,C109235,VA-SW-NX2,2025-09-15,Flipkart,1,6499,NX2-2508-1
VR881207,C106972,VA-SW-NX2,2025-09-16,Amazon,1,6499,NX2-2508-3
VR882206,C100198,VA-SW-FIT,2025-09-16,vireo.in,1,1699,FIT-2507-3
VR882956,C101944,VA-EB-PL2,2025-09-16,vireo.in,1,3499,PL2-2506-3
VR883149,C101188,VA-EB-PL1,2025-09-16,vireo.in,1,2124,PL1-2506-2
VR884564,C102330,VA-HP-ST2,2025-09-16,Amazon,1,4999,ST2-2508-2
VR884948,C100327,VA-EB-PL2,2025-09-16,Flipkart,1,3499,PL2-2508-1
VR887027,C103861,VA-EB-PL2,2025-09-16,vireo.in,1,3499,PL2-2506-1
VR889150,C101615,VA-SW-NX2,2025-09-16,vireo.in,1,5524,NX2-2507-2
VR889486,C103837,VA-EB-PL2,2025-09-16,vireo.in,1,3324,PL2-2506-3
VR889573,C105423,VA-EB-PL2,2025-09-16,vireo.in,1,2799,PL2-2508-2
VR889600,C107587,VA-EB-PL1,2025-09-16,Amazon,1,2249,PL1-2506-1
VR892043,C108949,VA-EB-PL2,2025-09-16,Flipkart,1,2799,PL2-2507-4
VR892975,C105061,VA-EB-PL1,2025-09-16,vireo.in,2,4998,PL1-2507-4
VR894547,C108023,VA-SW-FIT,2025-09-16,vireo.in,1,1699,FIT-2506-3
VR896613,C102690,VA-HP-ST3,2025-09-16,vireo.in,1,6649,ST3-2507-2
VR897623,C101640,VA-EB-PL2,2025-09-16,Amazon,1,3499,PL2-2507-3
VR897925,C104549,VA-EB-PL1,2025-09-16,vireo.in,1,2499,PL1-2507-2
VR898163,C102084,VA-EB-PL2,2025-09-16,vireo.in,2,6648,PL2-2506-3
VR898280,C104835,VA-SW-FIT,2025-09-16,vireo.in,2,3998,FIT-2506-4
VR901291,C108274,VA-EB-PL1,2025-09-16,Amazon,1,2124,PL1-2507-2
VR902395,C104338,VA-SW-NX2,2025-09-16,Amazon,1,6499,NX2-2507-4
VR903720,C100374,VA-AC-CASE,2025-09-16,vireo.in,1,1039,CASE-2508-4
VR904034,C108865,VA-EB-PL2,2025-09-16,vireo.in,1,3499,PL2-2507-2
VR904044,C106285,VA-HP-ST3,2025-09-16,Amazon,1,6299,ST3-2508-4
VR905045,C106833,VA-EB-PL1,2025-09-16,vireo.in,1,2499,PL1-2506-4
VR905286,C103102,VA-SW-NX2,2025-09-16,vireo.in,1,6499,NX2-2507-1
VR905428,C108239,VA-SP-ORB,2025-09-16,Amazon,1,5099,ORB-2506-2
VR905598,C105002,VA-EB-PL1,2025-09-16,Flipkart,1,2499,PL1-2507-2
VR906798,C107231,VA-EB-PL2,2025-09-16,vireo.in,1,3149,PL2-2508-4
VR908704,C100680,VA-EB-PL1,2025-09-16,vireo.in,1,2499,PL1-2506-3
VR908846,C103450,VA-EB-PL2,2025-09-16,Amazon,1,2799,PL2-2508-2
VR909634,C100001,VA-SW-NX2,2025-09-16,vireo.in,1,6499,NX2-2508-1
VR880712,C103329,VA-SW-NX2,2025-09-17,Amazon,1,5524,NX2-2506-4
VR881646,C103873,VA-EB-PL2,2025-09-17,vireo.in,2,6998,PL2-2507-1
VR882781,C102338,VA-EB-PL1,2025-09-17,Flipkart,1,2249,PL1-2506-2
VR884640,C103396,VA-EB-AIR,2025-09-17,vireo.in,1,1799,AIR-2507-4
VR884856,C109231,VA-EB-PL2,2025-09-17,vireo.in,1,3149,PL2-2506-1
VR885531,C107945,VA-EB-AIR,2025-09-17,vireo.in,1,1799,AIR-2508-4
VR886451,C102958,VA-EB-PL2,2025-09-17,Amazon,1,3499,PL2-2506-1
VR886699,C100373,VA-EB-PL2,2025-09-17,Amazon,1,3499,PL2-2507-3
VR888701,C103487,VA-SP-MINI,2025-09-17,Flipkart,1,2124,MINI-2506-3
VR890797,C102349,VA-HP-ST3,2025-09-17,vireo.in,1,6649,ST3-2508-2
VR892389,C106407,VA-EB-AIR,2025-09-17,Amazon,1,1709,AIR-2507-3
VR894644,C105496,VA-EB-PL2,2025-09-17,vireo.in,1,3324,PL2-2508-1
VR895226,C105207,VA-EB-PL2,2025-09-17,Flipkart,1,3499,PL2-2506-1
VR896040,C105494,VA-EB-PL2,2025-09-17,Flipkart,1,3324,PL2-2506-1
VR896876,C108195,VA-EB-AIR,2025-09-17,Amazon,2,2878,AIR-2507-1
VR902662,C102027,VA-SP-MINI,2025-09-17,Amazon,1,2499,MINI-2506-2
VR902674,C106248,VA-AC-CH65,2025-09-17,Amazon,1,1499,CH65-2507-3
VR904558,C104113,VA-HP-ST3,2025-09-17,Flipkart,1,6999,ST3-2507-4
VR904701,C107127,VA-EB-AIR,2025-09-17,vireo.in,1,1619,AIR-2508-2
VR907675,C104772,VA-EB-AIR,2025-09-17,Amazon,1,1799,AIR-2506-2
VR908088,C102071,VA-EB-AIR,2025-09-17,vireo.in,1,1619,AIR-2507-3
VR908632,C103053,VA-SW-NX2,2025-09-17,vireo.in,2,11048,NX2-2507-3
VR909769,C105155,VA-EB-PL2,2025-09-17,vireo.in,1,2974,PL2-2506-1
VR880026,C102935,VA-EB-PL2,2025-09-18,Flipkart,1,2974,PL2-2508-3
VR880248,C107555,VA-EB-PL1,2025-09-18,Flipkart,1,1999,PL1-2507-3
VR880585,C108519,VA-HP-ST2,2025-09-18,vireo.in,1,4999,ST2-2508-4
VR880848,C106842,VA-EB-PL2,2025-09-18,Amazon,1,3499,PL2-2508-3
VR888296,C103327,VA-SP-MINI,2025-09-18,vireo.in,1,1999,MINI-2506-2
VR889394,C108469,VA-EB-PL2,2025-09-18,vireo.in,1,3324,PL2-2508-4
VR890007,C107501,VA-EB-PL2,2025-09-18,vireo.in,1,3149,PL2-2507-4
VR893485,C102710,VA-EB-PL2,2025-09-18,vireo.in,1,2974,PL2-2507-4
VR893735,C102230,VA-HP-ST3,2025-09-18,vireo.in,2,13998,ST3-2508-2
VR895051,C107435,VA-HP-ST3,2025-09-18,vireo.in,1,6999,ST3-2506-3
VR897393,C101578,VA-EB-PL2,2025-09-18,Amazon,1,3499,PL2-2508-4
VR898438,C100631,VA-AC-CASE,2025-09-18,Flipkart,1,1104,CASE-2507-1
VR900631,C102301,VA-SP-MINI,2025-09-18,Amazon,1,2249,MINI-2506-1
VR902770,C106184,VA-EB-PL1,2025-09-18,vireo.in,1,2499,PL1-2506-1
VR903663,C102534,VA-SW-NX2,2025-09-18,Amazon,1,6499,NX2-2508-3
VR903819,C103359,VA-SW-NX2,2025-09-18,Flipkart,1,5199,NX2-2508-2
VR906365,C107753,VA-EB-PL2,2025-09-18,Amazon,1,3499,PL2-2507-1
VR907204,C106372,VA-SP-MINI,2025-09-18,vireo.in,2,4998,MINI-2506-1
VR909397,C102406,VA-SP-MINI,2025-09-18,Flipkart,1,2499,MINI-2507-4
VR910017,C100498,VA-EB-PL1,2025-09-18,Amazon,1,2374,PL1-2508-4
VR880438,C102364,VA-SW-NX2,2025-09-19,Flipkart,2,10398,NX2-2506-1
VR880542,C101602,VA-EB-PL2,2025-09-19,Amazon,1,2974,PL2-2507-1
VR881045,C108750,VA-HP-ST3,2025-09-19,vireo.in,1,6999,ST3-2506-1
VR881919,C102973,VA-HP-ST3,2025-09-19,vireo.in,1,5949,ST3-2506-2
VR882271,C100111,VA-EB-PL2,2025-09-19,vireo.in,1,3499,PL2-2506-1
VR882699,C105176,VA-SP-MINI,2025-09-19,Flipkart,1,2249,MINI-2507-1
VR882702,C108815,VA-SW-NX1,2025-09-19,vireo.in,1,4999,NX1-2507-3
VR884295,C108900,VA-EB-AIR,2025-09-19,Amazon,1,1619,AIR-2508-2
VR887689,C109339,VA-SW-NX2,2025-09-19,Amazon,1,6499,NX2-2506-1
VR887843,C104144,VA-HP-ST2,2025-09-19,vireo.in,1,4749,ST2-2506-2
VR888814,C104594,VA-HP-ST3,2025-09-19,Amazon,2,13998,ST3-2508-1
VR890313,C101809,VA-EB-AIR,2025-09-19,vireo.in,1,1799,AIR-2507-4
VR891850,C107754,VA-HP-ST2,2025-09-19,Amazon,1,4999,ST2-2508-3
VR895225,C106190,VA-SW-NX2,2025-09-19,Amazon,1,5199,NX2-2506-4
VR895824,C109037,VA-SP-MINI,2025-09-19,Flipkart,1,1999,MINI-2506-3
VR896087,C105106,VA-EB-PL2,2025-09-19,vireo.in,1,3499,PL2-2508-1
VR896978,C103734,VA-NB-ARC,2025-09-19,vireo.in,1,1234,ARC-2507-1
VR897339,C103708,VA-EB-AIR,2025-09-19,vireo.in,1,1799,AIR-2507-1
VR897592,C101302,VA-NB-ARC,2025-09-19,vireo.in,1,1234,ARC-2508-4
VR898382,C105694,VA-EB-AIR,2025-09-19,Amazon,1,1529,AIR-2507-4
VR898675,C102430,VA-EB-AIR,2025-09-19,vireo.in,1,1439,AIR-2508-1
VR899569,C105390,VA-EB-PL2,2025-09-19,Amazon,1,3499,PL2-2506-2
VR900784,C108908,VA-EB-PL1,2025-09-19,vireo.in,1,2124,PL1-2506-3
VR902174,C101309,VA-EB-PL2,2025-09-19,vireo.in,1,3149,PL2-2507-3
VR905075,C109167,VA-AC-CH65,2025-09-19,Amazon,1,1274,CH65-2506-1
VR906003,C108745,VA-SP-MINI,2025-09-19,vireo.in,1,2499,MINI-2507-1
VR906193,C101260,VA-HP-ST3,2025-09-19,vireo.in,1,6649,ST3-2508-4
VR907711,C100114,VA-EB-PL2,2025-09-19,Flipkart,1,2974,PL2-2507-1
VR908051,C101593,VA-SW-FIT,2025-09-19,vireo.in,1,1899,FIT-2508-1
VR908544,C107177,VA-EB-PL2,2025-09-19,vireo.in,1,3499,PL2-2506-1
VR909041,C107390,VA-SW-NX2,2025-09-19,vireo.in,1,6499,NX2-2506-1
VR880186,C101265,VA-EB-PL1,2025-09-20,vireo.in,1,2124,PL1-2506-3
VR882328,C100207,VA-SP-ORB,2025-09-20,vireo.in,1,5399,ORB-2506-4
VR882389,C106816,VA-EB-PL2,2025-09-20,Amazon,1,2799,PL2-2506-4
VR884805,C108404,VA-EB-PL2,2025-09-20,vireo.in,1,3324,PL2-2506-3
VR885748,C102402,VA-EB-PL2,2025-09-20,Amazon,1,3499,PL2-2507-3
VR886319,C107354,VA-EB-PL2,2025-09-20,vireo.in,1,2799,PL2-2507-4
VR888028,C105979,VA-SW-NX2,2025-09-20,Amazon,1,5524,NX2-2507-1
VR890036,C103373,VA-EB-PL2,2025-09-20,Amazon,1,3149,PL2-2507-1
VR890066,C102511,VA-EB-PL2,2025-09-20,Amazon,1,3149,PL2-2507-3
VR890813,C108953,VA-HP-ST2,2025-09-20,Flipkart,1,4999,ST2-2506-2
VR894124,C100985,VA-EB-PL2,2025-09-20,Flipkart,1,3499,PL2-2506-1
VR894590,C103965,VA-EB-PL2,2025-09-20,vireo.in,1,3324,PL2-2507-1
VR894958,C102486,VA-EB-PL2,2025-09-20,vireo.in,1,3324,PL2-2508-1
VR896835,C104484,VA-EB-PL2,2025-09-20,vireo.in,1,3149,PL2-2506-3
VR897137,C101001,VA-EB-PL1,2025-09-20,Amazon,1,2374,PL1-2507-1
VR897408,C107101,VA-EB-PL2,2025-09-20,vireo.in,1,3149,PL2-2508-2
VR897733,C106754,VA-EB-PL1,2025-09-20,vireo.in,1,1999,PL1-2507-4
VR897842,C105381,VA-EB-PL1,2025-09-20,Amazon,2,4748,PL1-2507-4
VR897909,C106041,VA-EB-AIR,2025-09-20,vireo.in,1,1799,AIR-2508-2
VR898020,C108044,VA-NB-ARC,2025-09-20,vireo.in,1,1299,ARC-2508-3
VR901160,C103449,VA-AC-CASE,2025-09-20,Flipkart,1,1299,CASE-2508-1
VR901334,C102624,VA-EB-PL2,2025-09-20,Amazon,1,3324,PL2-2507-2
VR902144,C100941,VA-SP-ORB,2025-09-20,vireo.in,1,5999,ORB-2507-1
VR907110,C100522,VA-SW-NX2,2025-09-20,vireo.in,1,5199,NX2-2508-4
VR907238,C108838,VA-AC-CASE,2025-09-20,Flipkart,1,1299,CASE-2508-1
VR909814,C106726,VA-SW-NX1,2025-09-20,vireo.in,1,3999,NX1-2508-2
VR880667,C104366,VA-EB-PL2,2025-09-21,vireo.in,1,3149,PL2-2507-3
VR880796,C100150,VA-EB-AIR,2025-09-21,Flipkart,1,1709,AIR-2507-1
VR881632,C108420,VA-EB-AIR,2025-09-21,vireo.in,1,1799,AIR-2507-2
VR882244,C103568,VA-SW-NX2,2025-09-21,vireo.in,1,5849,NX2-2506-1
VR882748,C104499,VA-EB-PL1,2025-09-21,Amazon,1,2374,PL1-2508-4
VR883933,C107247,VA-EB-AIR,2025-09-21,Amazon,2,3598,AIR-2506-2
VR885698,C108634,VA-SW-NX2,2025-09-21,Amazon,1,6499,NX2-2506-2
VR886842,C103919,VA-EB-PL1,2025-09-21,vireo.in,1,2249,PL1-2506-2
VR887050,C106566,VA-SW-FIT,2025-09-21,vireo.in,1,1699,FIT-2508-3
VR892090,C104882,VA-SP-MINI,2025-09-21,vireo.in,1,2499,MINI-2507-2
VR893031,C103656,VA-EB-PL1,2025-09-21,Amazon,1,2124,PL1-2506-3
VR893161,C103296,VA-EB-PL2,2025-09-21,vireo.in,1,2799,PL2-2506-4
VR893239,C109388,VA-HP-ST3,2025-09-21,vireo.in,1,6999,ST3-2508-2
VR893795,C100940,VA-EB-AIR,2025-09-21,vireo.in,1,1799,AIR-2508-3
VR894552,C107038,VA-EB-PL1,2025-09-21,Amazon,1,2499,PL1-2506-2
VR894982,C103598,VA-SW-FIT,2025-09-21,vireo.in,1,1599,FIT-2506-4
VR895342,C100292,VA-EB-PL1,2025-09-21,Amazon,1,2124,PL1-2506-4
VR897129,C108684,VA-SW-FIT,2025-09-21,Amazon,1,1599,FIT-2506-4
VR897627,C100028,VA-NB-ARC,2025-09-21,Amazon,1,1299,ARC-2506-1
VR897983,C105623,VA-EB-AIR,2025-09-21,Flipkart,1,1529,AIR-2508-4
VR899116,C105110,VA-EB-PL2,2025-09-21,vireo.in,1,3499,PL2-2507-2
VR900922,C101436,VA-HP-ST3,2025-09-21,vireo.in,1,5599,ST3-2506-2
VR901004,C101215,VA-AC-CBL,2025-09-21,vireo.in,1,399,CBL-2508-1
VR901430,C102626,VA-EB-PL2,2025-09-21,Flipkart,1,3324,PL2-2507-3
VR901670,C107197,VA-SW-NX1,2025-09-21,Amazon,1,4999,NX1-2508-4
VR901759,C107129,VA-SP-MINI,2025-09-21,Amazon,1,2499,MINI-2507-3
VR903008,C105906,VA-EB-PL2,2025-09-21,Flipkart,1,3149,PL2-2506-1
VR903185,C106927,VA-HP-ST3,2025-09-21,Flipkart,2,11198,ST3-2508-4
VR906718,C109206,VA-EB-PL2,2025-09-21,Amazon,1,2799,PL2-2506-2
VR880561,C107488,VA-EB-PL2,2025-09-22,vireo.in,1,3499,PL2-2508-3
VR880577,C108580,VA-EB-PL2,2025-09-22,Flipkart,1,3499,PL2-2506-3
VR880861,C103735,VA-HP-ST3,2025-09-22,vireo.in,1,5949,ST3-2508-3
VR881118,C104297,VA-SW-NX2,2025-09-22,Flipkart,2,11048,NX2-2507-1
VR884661,C107283,VA-HP-ST3,2025-09-22,vireo.in,1,6649,ST3-2508-2
VR885154,C104487,VA-EB-AIR,2025-09-22,vireo.in,1,1709,AIR-2506-1
VR893281,C105467,VA-EB-PL1,2025-09-22,vireo.in,1,2499,PL1-2506-4
VR893926,C107382,VA-EB-PL2,2025-09-22,Amazon,1,2974,PL2-2508-4
VR894559,C108948,VA-EB-PL1,2025-09-22,Amazon,2,4998,PL1-2508-1
VR895360,C100889,VA-EB-PL2,2025-09-22,Flipkart,1,3499,PL2-2506-4
VR897768,C102311,VA-SW-FIT,2025-09-22,Amazon,1,1999,FIT-2508-4
VR900845,C100306,VA-EB-PL2,2025-09-22,Amazon,1,3499,PL2-2508-4
VR901017,C107064,VA-EB-PL2,2025-09-22,vireo.in,1,3149,PL2-2508-3
VR902738,C106641,VA-SW-NX2,2025-09-22,Amazon,1,6174,NX2-2508-2
VR902740,C106202,VA-SW-NX2,2025-09-22,vireo.in,1,5199,NX2-2507-1
VR902798,C100378,VA-EB-AIR,2025-09-22,vireo.in,1,1799,AIR-2506-2
VR904095,C106280,VA-EB-PL2,2025-09-22,vireo.in,1,3499,PL2-2507-2
VR904346,C101543,VA-SW-NX2,2025-09-22,Flipkart,1,6499,NX2-2508-1
VR904591,C101796,VA-SP-ORB,2025-09-22,Amazon,1,5999,ORB-2508-1
VR905574,C108759,VA-EB-PL2,2025-09-22,vireo.in,1,2799,PL2-2507-3
VR907358,C103949,VA-EB-PL2,2025-09-22,vireo.in,1,2799,PL2-2508-1
VR881781,C106848,VA-EB-PL2,2025-09-23,vireo.in,1,3499,PL2-2508-4
VR883119,C108136,VA-EB-PL2,2025-09-23,vireo.in,1,2799,PL2-2507-1
VR883641,C107329,VA-EB-AIR,2025-09-23,Flipkart,1,1529,AIR-2508-2
VR884585,C101027,VA-EB-PL2,2025-09-23,Amazon,1,3499,PL2-2507-2
VR885407,C106115,VA-EB-PL2,2025-09-23,Flipkart,1,3499,PL2-2506-3
VR886128,C106367,VA-AC-CBL,2025-09-23,Flipkart,1,379,CBL-2507-1
VR886316,C101605,VA-SW-FIT,2025-09-23,Amazon,1,1699,FIT-2507-1
VR890012,C104090,VA-HP-ST3,2025-09-23,vireo.in,1,6299,ST3-2508-3
VR891765,C102773,VA-SP-ORB,2025-09-23,vireo.in,1,5399,ORB-2508-3
VR893842,C104322,VA-EB-PL2,2025-09-23,vireo.in,1,2974,PL2-2507-2
VR894351,C109108,VA-EB-PL2,2025-09-23,Amazon,2,6998,PL2-2507-2
VR895895,C104151,VA-SP-ORB,2025-09-23,Amazon,1,5699,ORB-2506-4
VR896971,C100434,VA-NB-ARC,2025-09-23,vireo.in,1,1299,ARC-2507-1
VR898712,C102546,VA-EB-AIR,2025-09-23,vireo.in,1,1529,AIR-2506-3
VR899330,C103572,VA-EB-PL2,2025-09-23,Amazon,1,3499,PL2-2509-1
VR899788,C107956,VA-SW-NX2,2025-09-23,Amazon,1,5524,NX2-2507-3
VR899810,C107707,VA-SW-FIT,2025-09-23,vireo.in,1,1599,FIT-2506-4
VR900688,C108412,VA-SW-NX2,2025-09-23,vireo.in,1,5199,NX2-2507-4
VR901192,C109233,VA-EB-PL2,2025-09-23,vireo.in,1,3324,PL2-2506-2
VR902617,C108463,VA-EB-PL2,2025-09-23,vireo.in,1,3149,PL2-2507-2
VR905037,C104506,VA-EB-PL2,2025-09-23,vireo.in,1,3499,PL2-2508-1
VR905143,C108196,VA-EB-PL1,2025-09-23,vireo.in,1,1999,PL1-2508-3
VR906080,C100242,VA-EB-PL2,2025-09-23,Amazon,1,2799,PL2-2508-2
VR906144,C108283,VA-EB-PL2,2025-09-23,vireo.in,1,2799,PL2-2507-2
VR906766,C105230,VA-EB-PL2,2025-09-23,Flipkart,1,3324,PL2-2508-2
VR908170,C107713,VA-AC-CH65,2025-09-23,Amazon,1,1274,CH65-2506-4
VR882020,C106378,VA-SW-NX2,2025-09-24,vireo.in,1,5849,NX2-2508-1
VR882782,C107636,VA-SW-FIT,2025-09-24,vireo.in,1,1999,FIT-2507-2
VR883185,C100205,VA-SW-NX2,2025-09-24,vireo.in,1,5199,NX2-2508-4
VR884235,C108320,VA-EB-PL1,2025-09-24,vireo.in,1,2124,PL1-2508-3
VR884412,C102080,VA-AC-CH65,2025-09-24,vireo.in,1,1349,CH65-2508-4
VR885968,C102027,VA-EB-PL2,2025-09-24,vireo.in,1,3499,PL2-2508-3
VR886239,C106099,VA-EB-PL2,2025-09-24,vireo.in,1,3149,PL2-2508-1
VR888826,C107902,VA-SW-FIT,2025-09-24,vireo.in,1,1999,FIT-2508-2
VR888937,C101623,VA-EB-PL2,2025-09-24,Amazon,1,3149,PL2-2506-4
VR889188,C105627,VA-EB-PL2,2025-09-24,vireo.in,1,3499,PL2-2506-2
VR889692,C105554,VA-EB-PL2,2025-09-24,vireo.in,1,3499,PL2-2508-1
VR889972,C103375,VA-EB-PL2,2025-09-24,Amazon,1,3499,PL2-2507-3
VR890221,C107730,VA-SW-NX1,2025-09-24,vireo.in,1,4999,NX1-2508-2
VR891025,C101321,VA-SW-NX2,2025-09-24,vireo.in,1,6174,NX2-2506-4
VR892855,C100656,VA-EB-PL2,2025-09-24,Flipkart,1,2974,PL2-2506-4
VR894582,C107012,VA-EB-PL1,2025-09-24,Amazon,1,2249,PL1-2508-1
VR895059,C101032,VA-EB-PL2,2025-09-24,vireo.in,1,3499,PL2-2506-3
VR899033,C107866,VA-EB-PL2,2025-09-24,Flipkart,1,2974,PL2-2508-2
VR899727,C104704,VA-EB-PL2,2025-09-24,Amazon,1,3499,PL2-2506-1
VR900694,C102389,VA-SW-NX2,2025-09-24,Flipkart,1,5524,NX2-2508-4
VR903136,C108579,VA-SP-ORB,2025-09-24,vireo.in,1,5999,ORB-2506-4
VR903262,C105602,VA-NB-ARC,2025-09-24,Amazon,1,1299,ARC-2508-2
VR903818,C102198,VA-EB-PL2,2025-09-24,vireo.in,1,3499,PL2-2506-4
VR903961,C101045,VA-SW-FIT,2025-09-24,vireo.in,1,1699,FIT-2508-1
VR908153,C101931,VA-SW-FIT,2025-09-24,vireo.in,1,1799,FIT-2506-2
VR909376,C101675,VA-EB-PL2,2025-09-24,vireo.in,1,3499,PL2-2507-4
VR880721,C104084,VA-SP-MINI,2025-09-25,Amazon,2,4248,MINI-2506-2
VR880802,C105200,VA-SW-NX2,2025-09-25,Amazon,1,5524,NX2-2507-2
VR880866,C106258,VA-EB-PL1,2025-09-25,vireo.in,1,2499,PL1-2507-3
VR880909,C105373,VA-EB-PL2,2025-09-25,vireo.in,1,3149,PL2-2508-4
VR882181,C105861,VA-EB-PL2,2025-09-25,vireo.in,1,3324,PL2-2509-1
VR886791,C103982,VA-EB-PL1,2025-09-25,Amazon,1,1999,PL1-2508-1
VR888811,C103688,VA-HP-ST3,2025-09-25,Flipkart,1,6649,ST3-2508-4
VR889753,C102083,VA-AC-CH65,2025-09-25,vireo.in,1,1424,CH65-2508-3
VR891015,C108038,VA-SW-NX2,2025-09-25,vireo.in,1,6499,NX2-2507-1
VR892885,C101816,VA-EB-PL2,2025-09-25,Amazon,1,3324,PL2-2507-1
VR894264,C108476,VA-EB-PL2,2025-09-25,vireo.in,1,3499,PL2-2506-3
VR895587,C102558,VA-HP-ST2,2025-09-25,vireo.in,1,3999,ST2-2508-1
VR898068,C105615,VA-EB-PL2,2025-09-25,Flipkart,1,2799,PL2-2508-2
VR898443,C103044,VA-SP-MINI,2025-09-25,vireo.in,1,2374,MINI-2506-3
VR900135,C101959,VA-HP-ST3,2025-09-25,vireo.in,1,6299,ST3-2506-3
VR900326,C105400,VA-EB-PL2,2025-09-25,Flipkart,1,2974,PL2-2506-4
VR900756,C107808,VA-EB-PL2,2025-09-25,Amazon,1,3324,PL2-2509-2
VR901423,C105475,VA-HP-ST3,2025-09-25,Amazon,1,6649,ST3-2506-3
VR901750,C100767,VA-SP-ORB,2025-09-25,Amazon,2,11998,ORB-2506-1
VR902037,C100983,VA-EB-PL1,2025-09-25,vireo.in,1,1999,PL1-2508-3
VR903304,C106426,VA-EB-PL1,2025-09-25,vireo.in,1,2499,PL1-2506-1
VR904911,C103528,VA-EB-PL2,2025-09-25,vireo.in,1,3324,PL2-2506-3
VR905404,C108236,VA-HP-ST3,2025-09-25,vireo.in,1,6999,ST3-2507-1
VR905618,C108204,VA-NB-ARC,2025-09-25,Flipkart,1,1104,ARC-2509-4
VR906629,C102016,VA-EB-PL2,2025-09-25,Amazon,1,3149,PL2-2507-3
VR907391,C100572,VA-EB-PL1,2025-09-25,Flipkart,2,4998,PL1-2506-3
VR907699,C101256,VA-EB-AIR,2025-09-25,vireo.in,1,1799,AIR-2507-1
VR908885,C102024,VA-SP-ORB,2025-09-25,vireo.in,1,5699,ORB-2506-2
VR881263,C108681,VA-EB-PL2,2025-09-26,vireo.in,1,3499,PL2-2507-3
VR881656,C104090,VA-HP-ST3,2025-09-26,Amazon,1,6999,ST3-2506-2
VR883700,C107744,VA-SP-ORB,2025-09-26,vireo.in,1,5099,ORB-2509-4
VR883853,C103539,VA-SW-NX1,2025-09-26,vireo.in,1,4249,NX1-2508-1
VR885794,C100385,VA-EB-PL1,2025-09-26,vireo.in,2,4498,PL1-2506-2
VR886812,C103360,VA-EB-PL2,2025-09-26,vireo.in,2,6648,PL2-2508-2
VR887501,C102575,VA-EB-PL1,2025-09-26,vireo.in,1,2499,PL1-2507-3
VR888060,C108774,VA-NB-ARC,2025-09-26,vireo.in,1,1234,ARC-2508-1
VR889415,C107646,VA-SP-ORB,2025-09-26,Flipkart,1,5999,ORB-2506-2
VR890073,C108758,VA-SP-ORB,2025-09-26,vireo.in,1,5099,ORB-2507-4
VR890697,C108317,VA-EB-PL1,2025-09-26,Flipkart,1,2499,PL1-2507-4
VR891743,C106391,VA-EB-PL2,2025-09-26,vireo.in,1,3499,PL2-2509-3
VR891774,C100694,VA-SW-NX2,2025-09-26,vireo.in,1,5524,NX2-2507-4
VR893656,C107518,VA-EB-PL2,2025-09-26,vireo.in,1,3149,PL2-2507-2
VR895672,C101624,VA-EB-PL2,2025-09-26,Amazon,1,2974,PL2-2508-1
VR899448,C108646,VA-EB-PL2,2025-09-26,Amazon,1,2974,PL2-2508-2
VR901505,C106706,VA-EB-PL2,2025-09-26,Amazon,1,3499,PL2-2506-3
VR903553,C101292,VA-SW-NX2,2025-09-26,Flipkart,1,5524,NX2-2508-1
VR908030,C104162,VA-EB-PL1,2025-09-26,vireo.in,1,2374,PL1-2506-3
VR909119,C101407,VA-SP-ORB,2025-09-26,Flipkart,1,4799,ORB-2507-4
VR909515,C100971,VA-EB-PL1,2025-09-26,vireo.in,1,2249,PL1-2507-3
VR880568,C104581,VA-EB-PL2,2025-09-27,Amazon,1,3499,PL2-2508-1
VR882182,C107818,VA-EB-PL2,2025-09-27,Amazon,1,2974,PL2-2509-3
VR882834,C101793,VA-EB-PL2,2025-09-27,Flipkart,1,3149,PL2-2506-3
VR883473,C104545,VA-SP-MINI,2025-09-27,Amazon,1,2249,MINI-2508-1
VR885233,C108973,VA-EB-PL2,2025-09-27,vireo.in,1,3499,PL2-2508-1
VR886043,C102282,VA-EB-PL2,2025-09-27,Amazon,1,3149,PL2-2507-3
VR886492,C102141,VA-EB-PL1,2025-09-27,vireo.in,2,4998,PL1-2506-3
VR886753,C104869,VA-EB-PL2,2025-09-27,vireo.in,1,3149,PL2-2507-4
VR887244,C102746,VA-EB-PL2,2025-09-27,vireo.in,1,3499,PL2-2508-4
VR887377,C108414,VA-EB-AIR,2025-09-27,Amazon,1,1439,AIR-2506-3
VR888337,C102147,VA-EB-PL2,2025-09-27,vireo.in,1,2799,PL2-2508-1
VR888437,C104238,VA-EB-PL1,2025-09-27,Amazon,1,2499,PL1-2508-2
VR889402,C103115,VA-SW-NX2,2025-09-27,vireo.in,1,6174,NX2-2507-1
VR890261,C101591,VA-SW-FIT,2025-09-27,Amazon,1,1799,FIT-2509-4
VR890659,C105927,VA-EB-PL2,2025-09-27,vireo.in,1,2799,PL2-2507-2
VR891253,C106830,VA-SP-ORB,2025-09-27,Flipkart,1,5099,ORB-2507-3
VR893660,C106622,VA-EB-PL2,2025-09-27,Amazon,1,3324,PL2-2508-2
VR895301,C105504,VA-EB-PL2,2025-09-27,Amazon,2,5948,PL2-2507-1
VR896083,C101959,VA-EB-PL2,2025-09-27,vireo.in,1,3324,PL2-2507-3
VR896129,C104956,VA-SP-ORB,2025-09-27,vireo.in,1,5099,ORB-2506-3
VR896408,C105136,VA-EB-PL2,2025-09-27,Amazon,1,2974,PL2-2507-2
VR897320,C103985,VA-HP-ST2,2025-09-27,Amazon,1,4499,ST2-2508-1
VR897849,C106438,VA-SP-ORB,2025-09-27,vireo.in,1,5099,ORB-2508-2
VR899008,C107027,VA-EB-PL2,2025-09-27,vireo.in,1,3499,PL2-2508-1
VR899024,C100059,VA-SW-NX2,2025-09-27,vireo.in,1,5524,NX2-2507-4
VR899343,C103212,VA-EB-PL2,2025-09-27,Flipkart,1,3149,PL2-2506-4
VR899994,C105323,VA-EB-PL2,2025-09-27,vireo.in,1,2974,PL2-2507-1
VR900349,C104665,VA-EB-PL2,2025-09-27,Flipkart,2,6998,PL2-2508-1
VR900872,C105985,VA-EB-PL2,2025-09-27,Amazon,1,3149,PL2-2507-4
VR901315,C100782,VA-HP-ST3,2025-09-27,Amazon,1,6299,ST3-2508-1
VR901410,C107342,VA-SP-ORB,2025-09-27,Amazon,2,11398,ORB-2507-1
VR901484,C103861,VA-EB-PL2,2025-09-27,vireo.in,1,2974,PL2-2509-1
VR901904,C103543,VA-AC-CASE,2025-09-27,Amazon,1,1299,CASE-2509-4
VR903241,C101042,VA-SP-ORB,2025-09-27,Flipkart,1,5999,ORB-2508-1
VR903486,C101610,VA-EB-PL2,2025-09-27,vireo.in,1,3499,PL2-2507-2
VR908481,C107125,VA-EB-PL1,2025-09-27,vireo.in,1,2124,PL1-2508-2
VR909326,C101988,VA-SW-NX1,2025-09-27,vireo.in,1,4999,NX1-2506-4
VR881100,C102038,VA-EB-PL1,2025-09-28,vireo.in,1,2499,PL1-2506-4
VR883224,C102821,VA-EB-PL2,2025-09-28,Amazon,1,2974,PL2-2509-3
VR883455,C102477,VA-SW-NX2,2025-09-28,vireo.in,1,5849,NX2-2508-2
VR884338,C101292,VA-SW-FIT,2025-09-28,vireo.in,1,1999,FIT-2507-2
VR884701,C105538,VA-EB-PL2,2025-09-28,Amazon,1,3499,PL2-2508-2
VR886743,C103078,VA-AC-CASE,2025-09-28,vireo.in,1,1299,CASE-2507-4
VR888096,C102166,VA-EB-PL1,2025-09-28,vireo.in,1,2374,PL1-2508-2
VR889515,C108551,VA-EB-PL2,2025-09-28,Amazon,1,3324,PL2-2507-3
VR889869,C104097,VA-SP-MINI,2025-09-28,vireo.in,1,2499,MINI-2508-2
VR891076,C105045,VA-SW-NX1,2025-09-28,Amazon,2,8498,NX1-2509-1
VR891157,C104848,VA-EB-PL2,2025-09-28,vireo.in,1,3499,PL2-2507-1
VR891493,C100635,VA-EB-AIR,2025-09-28,vireo.in,1,1709,AIR-2506-4
VR891710,C106505,VA-SP-ORB,2025-09-28,Amazon,1,4799,ORB-2508-4
VR893392,C102054,VA-SP-MINI,2025-09-28,Amazon,1,1999,MINI-2509-2
VR893938,C106566,VA-EB-PL2,2025-09-28,Amazon,1,2974,PL2-2507-3
VR894029,C101169,VA-EB-PL2,2025-09-28,Amazon,2,5598,PL2-2508-4
VR895956,C101850,VA-EB-PL2,2025-09-28,Amazon,1,3499,PL2-2509-2
VR896213,C106223,VA-EB-PL2,2025-09-28,vireo.in,1,2799,PL2-2508-2
VR897529,C105396,VA-EB-PL2,2025-09-28,vireo.in,1,3499,PL2-2506-3
VR900087,C108831,VA-NB-ARC,2025-09-28,Amazon,1,1234,ARC-2507-3
VR901958,C106807,VA-EB-PL2,2025-09-28,Amazon,1,3499,PL2-2507-3
VR902192,C103922,VA-EB-PL2,2025-09-28,Amazon,1,3324,PL2-2507-1
VR902434,C106014,VA-EB-PL2,2025-09-28,vireo.in,1,2974,PL2-2508-2
VR903363,C102578,VA-EB-PL2,2025-09-28,Flipkart,1,3324,PL2-2507-3
VR903956,C102054,VA-EB-PL2,2025-09-28,vireo.in,1,2974,PL2-2508-3
VR906538,C107653,VA-SW-NX1,2025-09-28,vireo.in,1,4249,NX1-2506-2
VR906557,C106919,VA-EB-PL2,2025-09-28,vireo.in,1,3149,PL2-2508-2
VR907314,C101330,VA-EB-PL2,2025-09-28,Amazon,1,2799,PL2-2506-1
VR907338,C103812,VA-SP-MINI,2025-09-28,Amazon,1,2374,MINI-2507-2
VR907696,C101047,VA-EB-PL2,2025-09-28,Flipkart,1,3499,PL2-2507-2
VR908181,C101186,VA-EB-AIR,2025-09-28,vireo.in,1,1439,AIR-2508-2
VR908871,C105975,VA-EB-PL1,2025-09-28,Flipkart,1,2499,PL1-2509-3
VR909292,C102274,VA-EB-PL2,2025-09-28,vireo.in,1,2799,PL2-2506-4
VR880699,C108727,VA-NB-ARC,2025-09-29,Flipkart,1,1299,ARC-2508-2
VR880720,C102729,VA-EB-PL2,2025-09-29,vireo.in,1,3149,PL2-2506-2
VR881357,C103735,VA-SW-FIT,2025-09-29,vireo.in,1,1999,FIT-2506-1
VR881629,C103532,VA-EB-PL2,2025-09-29,Amazon,1,2974,PL2-2508-2
VR882187,C102473,VA-SP-MINI,2025-09-29,Amazon,1,2499,MINI-2506-1
VR882264,C109183,VA-SW-FIT,2025-09-29,vireo.in,1,1699,FIT-2508-3
VR884987,C103955,VA-EB-PL2,2025-09-29,vireo.in,1,2799,PL2-2508-2
VR885310,C101595,VA-EB-PL2,2025-09-29,Amazon,1,2799,PL2-2508-4
VR886350,C108955,VA-SW-FIT,2025-09-29,Amazon,1,1799,FIT-2506-4
VR886803,C105546,VA-SW-FIT,2025-09-29,vireo.in,1,1999,FIT-2507-3
VR888006,C106875,VA-EB-PL2,2025-09-29,Amazon,1,3149,PL2-2507-1
VR889534,C107084,VA-EB-PL2,2025-09-29,vireo.in,1,2799,PL2-2508-2
VR892581,C106348,VA-SP-MINI,2025-09-29,vireo.in,1,2124,MINI-2506-3
VR894839,C100751,VA-HP-ST2,2025-09-29,vireo.in,1,4249,ST2-2506-1
VR895825,C108638,VA-EB-PL2,2025-09-29,Amazon,1,3324,PL2-2507-3
VR897113,C100232,VA-EB-PL2,2025-09-29,Amazon,1,3499,PL2-2507-2
VR899870,C103611,VA-SW-FIT,2025-09-29,Amazon,1,1699,FIT-2509-2
VR899899,C104240,VA-EB-PL1,2025-09-29,Amazon,1,2499,PL1-2506-1
VR900070,C103857,VA-EB-PL2,2025-09-29,Amazon,2,5948,PL2-2508-4
VR902631,C102083,VA-EB-AIR,2025-09-29,Amazon,1,1439,AIR-2506-1
VR902676,C106459,VA-EB-PL2,2025-09-29,Flipkart,1,3499,PL2-2508-3
VR905413,C103756,VA-EB-AIR,2025-09-29,vireo.in,1,1799,AIR-2506-2
VR907553,C108485,VA-EB-PL2,2025-09-29,Amazon,1,3324,PL2-2508-4
VR881951,C106974,VA-SW-NX1,2025-09-30,Flipkart,2,8498,NX1-2508-3
VR885270,C106976,VA-EB-PL2,2025-09-30,Amazon,1,2799,PL2-2506-2
VR885714,C105406,VA-EB-PL2,2025-09-30,vireo.in,1,3324,PL2-2506-4
VR887077,C106939,VA-EB-PL2,2025-09-30,vireo.in,1,2799,PL2-2508-1
VR890164,C100672,VA-EB-PL1,2025-09-30,Flipkart,1,2499,PL1-2506-3
VR891226,C108398,VA-SP-MINI,2025-09-30,Flipkart,1,2249,MINI-2506-1
VR891752,C106681,VA-HP-ST2,2025-09-30,vireo.in,1,4749,ST2-2508-2
VR894299,C104423,VA-AC-CASE,2025-09-30,vireo.in,1,1039,CASE-2508-1
VR894786,C104051,VA-AC-CASE,2025-09-30,vireo.in,1,1299,CASE-2507-1
VR895807,C102069,VA-HP-ST2,2025-09-30,vireo.in,1,4999,ST2-2508-4
VR896568,C100340,VA-EB-PL2,2025-09-30,Flipkart,1,3499,PL2-2509-4
VR898609,C101307,VA-SP-MINI,2025-09-30,vireo.in,1,2249,MINI-2506-2
VR900301,C100299,VA-EB-PL1,2025-09-30,vireo.in,1,1999,PL1-2506-1
VR900406,C103827,VA-SP-ORB,2025-09-30,vireo.in,1,5999,ORB-2508-4
VR901245,C108374,VA-EB-PL1,2025-09-30,vireo.in,1,2499,PL1-2507-2
VR903351,C103754,VA-HP-ST3,2025-09-30,Amazon,1,6299,ST3-2507-2
VR903741,C108453,VA-EB-PL1,2025-09-30,vireo.in,1,2249,PL1-2507-1
VR907534,C100425,VA-EB-PL2,2025-09-30,vireo.in,1,3499,PL2-2506-3
VR908293,C104314,VA-SP-ORB,2025-09-30,vireo.in,1,5099,ORB-2507-4
VR908546,C100905,VA-HP-ST3,2025-09-30,vireo.in,1,6299,ST3-2508-3
VR909746,C104646,VA-EB-PL2,2025-09-30,vireo.in,1,3324,PL2-2507-1
VR880252,C100791,VA-EB-PL2,2025-10-01,vireo.in,1,3324,PL2-2507-4
VR880450,C100283,VA-AC-CASE,2025-10-01,Amazon,1,1169,CASE-2508-2
VR880811,C108698,VA-SW-FIT,2025-10-01,Flipkart,1,1999,FIT-2508-4
VR880887,C101739,VA-EB-PL2,2025-10-01,Amazon,1,2974,PL2-2509-4
VR882652,C105714,VA-SP-MINI,2025-10-01,vireo.in,1,2499,MINI-2509-2
VR882686,C103340,VA-EB-PL1,2025-10-01,Amazon,1,2249,PL1-2508-1
VR883343,C108113,VA-SP-MINI,2025-10-01,vireo.in,1,2499,MINI-2508-3
VR883889,C108051,VA-EB-PL2,2025-10-01,vireo.in,1,3149,PL2-2508-3
VR883979,C102729,VA-EB-PL2,2025-10-01,Amazon,1,3499,PL2-2506-3
VR884427,C106698,VA-EB-PL1,2025-10-01,Flipkart,1,2499,PL1-2507-1
VR885172,C108562,VA-EB-PL2,2025-10-01,vireo.in,1,3499,PL2-2509-2
VR885686,C107787,VA-HP-ST3,2025-10-01,vireo.in,2,11198,ST3-2508-4
VR886199,C107798,VA-EB-PL2,2025-10-01,Flipkart,1,2799,PL2-2508-2
VR887105,C102273,VA-EB-PL2,2025-10-01,vireo.in,1,3499,PL2-2509-2
VR888795,C109239,VA-EB-PL2,2025-10-01,Flipkart,1,3499,PL2-2508-2
VR891443,C102446,VA-EB-PL1,2025-10-01,Flipkart,2,4998,PL1-2506-4
VR892993,C101715,VA-HP-ST3,2025-10-01,vireo.in,1,5599,ST3-2507-4
VR894898,C106410,VA-EB-PL2,2025-10-01,Flipkart,1,3324,PL2-2507-2
VR895460,C108214,VA-EB-PL2,2025-10-01,vireo.in,1,3499,PL2-2507-2
VR896134,C100963,VA-EB-PL2,2025-10-01,Amazon,1,3324,PL2-2506-2
VR896301,C109012,VA-EB-PL2,2025-10-01,Amazon,1,3499,PL2-2506-2
VR897194,C107542,VA-SP-MINI,2025-10-01,vireo.in,1,2124,MINI-2509-1
VR897394,C101468,VA-EB-PL1,2025-10-01,vireo.in,1,2374,PL1-2509-4
VR898389,C107911,VA-NB-ARC,2025-10-01,Amazon,1,1169,ARC-2507-3
VR899653,C105142,VA-EB-PL2,2025-10-01,Flipkart,1,3499,PL2-2506-4
VR900404,C109091,VA-EB-PL1,2025-10-01,Flipkart,1,2499,PL1-2507-4
VR900717,C100125,VA-SP-MINI,2025-10-01,vireo.in,1,2124,MINI-2508-4
VR902448,C108292,VA-EB-PL1,2025-10-01,Flipkart,1,2499,PL1-2506-2
VR903503,C105077,VA-SP-MINI,2025-10-01,vireo.in,1,2499,MINI-2506-1
VR903666,C104563,VA-SW-NX2,2025-10-01,vireo.in,1,6499,NX2-2508-1
VR904282,C102744,VA-EB-PL2,2025-10-01,Flipkart,1,3499,PL2-2509-4
VR905756,C102741,VA-EB-PL2,2025-10-01,vireo.in,1,3499,PL2-2508-3
VR905772,C107660,VA-EB-PL2,2025-10-01,Amazon,1,3499,PL2-2507-4
VR906397,C100459,VA-EB-PL2,2025-10-01,Amazon,1,2974,PL2-2508-2
VR906700,C103229,VA-EB-PL2,2025-10-01,vireo.in,1,3499,PL2-2508-2
VR907422,C108778,VA-EB-PL2,2025-10-01,Amazon,1,3499,PL2-2508-3
VR907886,C101562,VA-EB-PL2,2025-10-01,vireo.in,1,3149,PL2-2506-4
VR908680,C103489,VA-EB-PL2,2025-10-01,Amazon,1,2799,PL2-2506-1
VR909529,C106920,VA-EB-PL2,2025-10-01,vireo.in,1,3499,PL2-2509-3
VR909781,C102721,VA-AC-CASE,2025-10-01,Amazon,1,1039,CASE-2507-1
VR880334,C101615,VA-SW-FIT,2025-10-02,vireo.in,1,1999,FIT-2508-1
VR880510,C100799,VA-EB-PL2,2025-10-02,vireo.in,1,3499,PL2-2507-2
VR882850,C105546,VA-SW-NX2,2025-10-02,Flipkart,1,6499,NX2-2509-2
VR885622,C108945,VA-EB-AIR,2025-10-02,vireo.in,1,1709,AIR-2508-3
VR886564,C104401,VA-SP-MINI,2025-10-02,vireo.in,1,2499,MINI-2509-2
VR888507,C101011,VA-SW-NX2,2025-10-02,vireo.in,1,6499,NX2-2507-4
VR891207,C108178,VA-EB-PL2,2025-10-02,vireo.in,1,2974,PL2-2506-3
VR891966,C101556,VA-EB-PL2,2025-10-02,Amazon,2,6998,PL2-2509-3
VR892698,C100788,VA-SW-NX2,2025-10-02,Amazon,1,6174,NX2-2507-3
VR893285,C101771,VA-EB-PL2,2025-10-02,vireo.in,1,3499,PL2-2507-3
VR893437,C106114,VA-SW-NX2,2025-10-02,Amazon,1,5524,NX2-2507-2
VR893858,C105648,VA-SP-MINI,2025-10-02,vireo.in,1,2124,MINI-2507-1
VR894379,C107083,VA-EB-AIR,2025-10-02,Amazon,1,1529,AIR-2506-1
VR894522,C103768,VA-SW-NX2,2025-10-02,vireo.in,1,6174,NX2-2509-3
VR894854,C105719,VA-AC-CASE,2025-10-02,vireo.in,1,1299,CASE-2509-1
VR896586,C102897,VA-HP-ST3,2025-10-02,Amazon,1,5599,ST3-2506-2
VR896781,C103983,VA-EB-PL2,2025-10-02,vireo.in,1,2799,PL2-2508-1
VR896996,C101245,VA-SP-MINI,2025-10-02,Amazon,1,2374,MINI-2507-1
VR897696,C101167,VA-EB-PL2,2025-10-02,vireo.in,1,3324,PL2-2507-4
VR897838,C106562,VA-HP-ST3,2025-10-02,Amazon,1,6299,ST3-2507-1
VR898484,C101618,VA-SP-MINI,2025-10-02,vireo.in,1,1999,MINI-2508-4
VR899082,C100081,VA-EB-PL2,2025-10-02,Amazon,1,2974,PL2-2508-1
VR899937,C100550,VA-SP-MINI,2025-10-02,Flipkart,1,2249,MINI-2509-1
VR900947,C103203,VA-EB-PL2,2025-10-02,vireo.in,1,3324,PL2-2507-3
VR901627,C109075,VA-EB-PL2,2025-10-02,vireo.in,1,2799,PL2-2507-4
VR902071,C102461,VA-AC-CH65,2025-10-02,vireo.in,1,1499,CH65-2508-1
VR902214,C104342,VA-EB-PL2,2025-10-02,vireo.in,1,3499,PL2-2509-3
VR902604,C105183,VA-SP-ORB,2025-10-02,vireo.in,1,5999,ORB-2506-2
VR904102,C101844,VA-AC-CBL,2025-10-02,vireo.in,1,399,CBL-2507-1
VR905346,C108567,VA-EB-PL2,2025-10-02,Flipkart,1,3499,PL2-2509-4
VR906006,C106134,VA-SP-MINI,2025-10-02,vireo.in,1,2124,MINI-2508-1
VR907419,C103979,VA-SP-ORB,2025-10-02,vireo.in,1,5999,ORB-2506-1
VR907460,C100127,VA-EB-PL2,2025-10-02,Amazon,1,3499,PL2-2507-3
VR908557,C104043,VA-EB-AIR,2025-10-02,vireo.in,1,1709,AIR-2507-3
VR909603,C102104,VA-EB-PL1,2025-10-02,vireo.in,1,2124,PL1-2509-2
VR909697,C105837,VA-EB-PL2,2025-10-02,Amazon,1,3499,PL2-2506-4
VR881410,C106595,VA-SP-MINI,2025-10-03,vireo.in,1,2499,MINI-2508-2
VR881429,C100799,VA-EB-PL2,2025-10-03,vireo.in,1,3499,PL2-2508-3
VR884047,C100524,VA-EB-PL2,2025-10-03,Amazon,1,2974,PL2-2508-1
VR884937,C106697,VA-SP-MINI,2025-10-03,vireo.in,1,1999,MINI-2508-4
VR884942,C104215,VA-EB-PL2,2025-10-03,vireo.in,1,3324,PL2-2509-1
VR885208,C100405,VA-HP-ST2,2025-10-03,vireo.in,1,4999,ST2-2508-4
VR885437,C101016,VA-HP-ST3,2025-10-03,vireo.in,1,5599,ST3-2509-3
VR885703,C103659,VA-EB-PL2,2025-10-03,Flipkart,1,3149,PL2-2507-2
VR888132,C102710,VA-EB-PL2,2025-10-03,vireo.in,1,3499,PL2-2506-1
VR888932,C100820,VA-EB-PL2,2025-10-03,vireo.in,2,6998,PL2-2506-1
VR889224,C102429,VA-AC-CASE,2025-10-03,vireo.in,1,1299,CASE-2506-2
VR891083,C106805,VA-EB-PL2,2025-10-03,vireo.in,1,3324,PL2-2506-4
VR891372,C106709,VA-SW-NX2,2025-10-03,vireo.in,1,5524,NX2-2508-1
VR892786,C103498,VA-HP-ST3,2025-10-03,Flipkart,1,5599,ST3-2506-4
VR893211,C104686,VA-EB-PL2,2025-10-03,Flipkart,1,3499,PL2-2507-1
VR893336,C109206,VA-EB-PL2,2025-10-03,Amazon,1,2974,PL2-2509-4
VR894896,C106508,VA-EB-PL2,2025-10-03,vireo.in,1,3149,PL2-2508-1
VR895338,C106704,VA-EB-PL2,2025-10-03,Flipkart,1,3499,PL2-2508-4
VR895568,C108131,VA-SW-NX1,2025-10-03,vireo.in,1,4749,NX1-2509-4
VR895814,C100976,VA-SW-FIT,2025-10-03,Amazon,1,1899,FIT-2508-2
VR895933,C107420,VA-EB-PL2,2025-10-03,vireo.in,1,3149,PL2-2508-1
VR896560,C101338,VA-SW-NX2,2025-10-03,Amazon,1,5849,NX2-2507-4
VR896767,C100332,VA-EB-PL2,2025-10-03,Flipkart,1,3499,PL2-2509-4
VR898046,C108213,VA-EB-AIR,2025-10-03,Amazon,1,1799,AIR-2508-4
VR898283,C106057,VA-EB-PL2,2025-10-03,Amazon,1,3499,PL2-2507-3
VR898519,C100454,VA-EB-AIR,2025-10-03,Flipkart,1,1619,AIR-2508-2
VR899053,C105520,VA-EB-AIR,2025-10-03,Amazon,1,1799,AIR-2507-1
VR900062,C108675,VA-HP-ST3,2025-10-03,vireo.in,1,6999,ST3-2509-2
VR900638,C101964,VA-HP-ST2,2025-10-03,Amazon,1,4999,ST2-2506-1
VR900918,C102822,VA-SW-NX1,2025-10-03,vireo.in,1,4749,NX1-2506-1
VR901223,C105508,VA-EB-PL2,2025-10-03,vireo.in,1,3499,PL2-2506-2
VR901307,C109345,VA-EB-PL2,2025-10-03,vireo.in,1,3324,PL2-2506-2
VR901426,C108451,VA-EB-PL1,2025-10-03,vireo.in,1,2374,PL1-2507-2
VR902488,C104185,VA-EB-PL2,2025-10-03,vireo.in,1,3499,PL2-2506-4
VR903236,C107168,VA-EB-AIR,2025-10-03,Amazon,1,1799,AIR-2509-2
VR905146,C102274,VA-EB-PL2,2025-10-03,vireo.in,1,3324,PL2-2507-1
VR905463,C102022,VA-EB-AIR,2025-10-03,vireo.in,1,1799,AIR-2508-1
VR906232,C100342,VA-EB-PL2,2025-10-03,Flipkart,1,3499,PL2-2509-2
VR906284,C107749,VA-SW-NX2,2025-10-03,Flipkart,1,6499,NX2-2508-4
VR906317,C100776,VA-EB-PL2,2025-10-03,Flipkart,1,3499,PL2-2508-2
VR908248,C108656,VA-EB-PL2,2025-10-03,vireo.in,2,6998,PL2-2508-4
VR909382,C101903,VA-EB-PL2,2025-10-03,Amazon,1,2974,PL2-2507-4
VR909449,C101299,VA-EB-PL2,2025-10-03,vireo.in,1,3499,PL2-2508-1
VR880724,C103967,VA-EB-PL2,2025-10-04,vireo.in,1,3499,PL2-2508-4
VR881936,C108671,VA-SP-MINI,2025-10-04,vireo.in,1,2374,MINI-2506-3
VR882367,C104769,VA-EB-PL2,2025-10-04,Amazon,1,3499,PL2-2508-1
VR883903,C103428,VA-EB-PL2,2025-10-04,Flipkart,1,3499,PL2-2507-3
VR885777,C106542,VA-SP-MINI,2025-10-04,vireo.in,1,2499,MINI-2506-2
VR887222,C101856,VA-NB-ARC,2025-10-04,Amazon,1,1299,ARC-2507-2
VR887833,C103646,VA-HP-ST2,2025-10-04,vireo.in,1,4999,ST2-2507-3
VR889130,C106842,VA-HP-ST2,2025-10-04,vireo.in,1,4249,ST2-2507-2
VR889411,C103516,VA-AC-CASE,2025-10-04,Amazon,1,1234,CASE-2508-3
VR889510,C108156,VA-EB-PL2,2025-10-04,vireo.in,1,2799,PL2-2507-3
VR889739,C101098,VA-EB-PL1,2025-10-04,vireo.in,1,2499,PL1-2509-4
VR889771,C103459,VA-EB-PL2,2025-10-04,vireo.in,1,3499,PL2-2506-3
VR890449,C103443,VA-EB-AIR,2025-10-04,vireo.in,1,1799,AIR-2506-2
VR890666,C100224,VA-EB-PL1,2025-10-04,Amazon,1,2124,PL1-2509-4
VR891953,C103453,VA-EB-PL2,2025-10-04,Amazon,1,3499,PL2-2506-3
VR891965,C105871,VA-EB-AIR,2025-10-04,Amazon,1,1799,AIR-2507-2
VR892542,C101396,VA-EB-AIR,2025-10-04,Flipkart,1,1799,AIR-2507-1
VR893754,C104873,VA-HP-ST2,2025-10-04,Amazon,1,4249,ST2-2508-4
VR894936,C105165,VA-EB-PL2,2025-10-04,Amazon,1,2974,PL2-2507-4
VR895133,C104713,VA-EB-PL2,2025-10-04,vireo.in,1,2799,PL2-2508-3
VR895373,C101001,VA-AC-CASE,2025-10-04,Flipkart,1,1299,CASE-2506-1
VR895381,C106843,VA-SW-NX2,2025-10-04,vireo.in,1,6174,NX2-2509-2
VR896340,C108665,VA-AC-CH65,2025-10-04,Flipkart,1,1499,CH65-2507-2
VR896426,C102814,VA-AC-CASE,2025-10-04,Amazon,1,1039,CASE-2507-1
VR897745,C103513,VA-SW-NX1,2025-10-04,Amazon,1,4999,NX1-2508-4
VR898016,C103036,VA-EB-PL2,2025-10-04,vireo.in,1,2799,PL2-2509-4
VR898439,C107229,VA-SP-MINI,2025-10-04,Flipkart,1,1999,MINI-2508-3
VR898550,C108388,VA-SW-NX2,2025-10-04,vireo.in,2,12348,NX2-2507-3
VR898929,C101815,VA-HP-ST2,2025-10-04,vireo.in,1,4749,ST2-2508-3
VR899205,C100007,VA-EB-PL2,2025-10-04,Amazon,1,3324,PL2-2508-3
VR899767,C104084,VA-EB-PL2,2025-10-04,vireo.in,2,6998,PL2-2508-4
VR901231,C103651,VA-EB-PL2,2025-10-04,Amazon,1,3499,PL2-2508-1
VR901710,C102939,VA-SP-ORB,2025-10-04,Amazon,1,5699,ORB-2508-4
VR902875,C100779,VA-EB-PL2,2025-10-04,vireo.in,1,2974,PL2-2508-3
VR903550,C101748,VA-EB-PL2,2025-10-04,Flipkart,1,3499,PL2-2506-1
VR903931,C104741,VA-EB-PL2,2025-10-04,vireo.in,1,3324,PL2-2507-1
VR903989,C106560,VA-EB-PL1,2025-10-04,vireo.in,1,2499,PL1-2508-3
VR904787,C108037,VA-HP-ST3,2025-10-04,Amazon,1,6649,ST3-2508-3
VR905251,C103119,VA-EB-AIR,2025-10-04,vireo.in,1,1439,AIR-2508-4
VR906430,C106625,VA-HP-ST3,2025-10-04,Amazon,1,6999,ST3-2509-2
VR906894,C105822,VA-AC-CASE,2025-10-04,Amazon,1,1299,CASE-2508-2
VR907384,C104400,VA-EB-PL2,2025-10-04,Amazon,1,2974,PL2-2509-4
VR907681,C107282,VA-EB-PL2,2025-10-04,vireo.in,1,3499,PL2-2508-2
VR908643,C108337,VA-SP-ORB,2025-10-04,Amazon,1,5999,ORB-2509-3
VR909421,C107289,VA-HP-ST3,2025-10-04,vireo.in,1,5599,ST3-2508-4
VR909786,C106458,VA-AC-CASE,2025-10-04,vireo.in,1,1299,CASE-2507-2
VR909922,C103389,VA-SP-MINI,2025-10-04,Amazon,1,1999,MINI-2506-3
VR909997,C107903,VA-EB-PL1,2025-10-04,vireo.in,1,2374,PL1-2507-2
VR880076,C106627,VA-SW-NX2,2025-10-05,vireo.in,1,6499,NX2-2508-1
VR880555,C109160,VA-EB-PL2,2025-10-05,vireo.in,1,3499,PL2-2508-3
VR881933,C105043,VA-HP-ST3,2025-10-05,Amazon,1,6999,ST3-2507-4
VR882019,C106712,VA-SW-NX2,2025-10-05,vireo.in,1,6499,NX2-2509-4
VR883980,C106377,VA-SW-NX2,2025-10-05,Amazon,1,5849,NX2-2508-2
VR885601,C103155,VA-SP-MINI,2025-10-05,vireo.in,1,2499,MINI-2507-1
VR885678,C108636,VA-EB-PL2,2025-10-05,Amazon,1,3499,PL2-2508-2
VR886123,C106504,VA-EB-PL2,2025-10-05,vireo.in,1,3149,PL2-2508-2
VR886134,C106252,VA-EB-PL2,2025-10-05,vireo.in,1,3324,PL2-2507-1
VR886314,C107655,VA-EB-PL2,2025-10-05,Amazon,1,3499,PL2-2509-2
VR886690,C102347,VA-EB-PL1,2025-10-05,vireo.in,1,2499,PL1-2507-3
VR887080,C103225,VA-SP-MINI,2025-10-05,Flipkart,2,4498,MINI-2506-1
VR887273,C104450,VA-AC-CASE,2025-10-05,vireo.in,1,1104,CASE-2508-1
VR890266,C108834,VA-SW-NX2,2025-10-05,Amazon,1,6499,NX2-2507-4
VR891304,C109474,VA-SP-ORB,2025-10-05,Amazon,1,5999,ORB-2507-1
VR892352,C109301,VA-EB-PL1,2025-10-05,Amazon,1,2374,PL1-2507-1
VR893345,C109187,VA-AC-CH65,2025-10-05,vireo.in,1,1499,CH65-2506-3
VR893539,C100628,VA-EB-PL2,2025-10-05,Amazon,1,3499,PL2-2509-2
VR893867,C107538,VA-EB-PL2,2025-10-05,vireo.in,1,3499,PL2-2506-3
VR894237,C103513,VA-HP-ST3,2025-10-05,vireo.in,1,6999,ST3-2508-4
VR894673,C107676,VA-EB-PL2,2025-10-05,vireo.in,1,3499,PL2-2506-2
VR895202,C107957,VA-NB-ARC,2025-10-05,vireo.in,1,1234,ARC-2507-1
VR895285,C105242,VA-SW-NX1,2025-10-05,Amazon,2,9498,NX1-2507-4
VR895780,C104979,VA-AC-CH65,2025-10-05,vireo.in,1,1499,CH65-2508-1
VR896816,C100021,VA-HP-ST3,2025-10-05,Flipkart,1,6299,ST3-2508-2
VR896936,C106449,VA-SP-ORB,2025-10-05,vireo.in,1,5699,ORB-2509-1
VR897034,C101832,VA-EB-PL1,2025-10-05,Amazon,2,4248,PL1-2507-4
VR897390,C109142,VA-EB-PL2,2025-10-05,vireo.in,1,3324,PL2-2506-2
VR898032,C106919,VA-SP-MINI,2025-10-05,Amazon,1,2499,MINI-2507-1
VR898585,C105883,VA-EB-PL2,2025-10-05,Amazon,1,2799,PL2-2506-3
VR899988,C103892,VA-EB-PL1,2025-10-05,vireo.in,1,2499,PL1-2509-3
VR900625,C107598,VA-EB-PL1,2025-10-05,vireo.in,1,1999,PL1-2506-1
VR902534,C107649,VA-HP-ST3,2025-10-05,vireo.in,1,6999,ST3-2508-4
VR903858,C108575,VA-EB-PL2,2025-10-05,Amazon,1,3499,PL2-2509-4
VR904620,C106641,VA-SW-NX2,2025-10-05,Flipkart,2,12998,NX2-2509-2
VR905977,C107850,VA-EB-PL2,2025-10-05,Flipkart,1,2799,PL2-2506-2
VR906242,C101413,VA-HP-ST3,2025-10-05,vireo.in,1,6299,ST3-2509-3
VR906310,C103799,VA-HP-ST3,2025-10-05,vireo.in,1,6999,ST3-2507-1
VR908081,C108556,VA-SW-NX2,2025-10-05,vireo.in,1,5849,NX2-2507-4
VR908249,C107899,VA-AC-CASE,2025-10-05,vireo.in,1,1234,CASE-2508-4
VR908333,C102823,VA-SP-MINI,2025-10-05,vireo.in,1,2499,MINI-2507-1
VR908921,C107061,VA-EB-PL2,2025-10-05,vireo.in,1,2799,PL2-2508-2
VR909038,C108689,VA-SP-MINI,2025-10-05,vireo.in,1,2499,MINI-2509-2
VR880311,C101042,VA-EB-PL2,2025-10-06,Flipkart,1,3499,PL2-2507-1
VR880414,C107698,VA-EB-PL2,2025-10-06,vireo.in,1,3499,PL2-2507-4
VR881186,C102948,VA-HP-ST2,2025-10-06,Amazon,1,3999,ST2-2508-3
VR882339,C100881,VA-AC-CASE,2025-10-06,vireo.in,1,1299,CASE-2506-4
VR882454,C103592,VA-EB-PL2,2025-10-06,vireo.in,1,3149,PL2-2506-2
VR882530,C105290,VA-EB-AIR,2025-10-06,vireo.in,1,1799,AIR-2506-3
VR882538,C107100,VA-EB-PL2,2025-10-06,Amazon,1,3499,PL2-2507-2
VR883447,C100615,VA-EB-PL2,2025-10-06,vireo.in,1,3499,PL2-2508-4
VR883512,C104547,VA-SW-NX2,2025-10-06,Amazon,1,6174,NX2-2508-2
VR884177,C106104,VA-SW-NX2,2025-10-06,vireo.in,1,6499,NX2-2506-4
VR884294,C102626,VA-EB-PL2,2025-10-06,Amazon,1,3499,PL2-2509-2
VR885004,C102625,VA-EB-PL2,2025-10-06,vireo.in,1,3499,PL2-2507-4
VR885258,C105168,VA-EB-PL2,2025-10-06,vireo.in,1,3499,PL2-2508-2
VR885464,C109297,VA-EB-PL2,2025-10-06,vireo.in,1,2974,PL2-2508-2
VR885549,C100174,VA-SW-FIT,2025-10-06,Amazon,1,1599,FIT-2508-1
VR886764,C108331,VA-EB-PL2,2025-10-06,Amazon,1,2974,PL2-2506-2
VR887691,C107682,VA-AC-CASE,2025-10-06,Amazon,1,1104,CASE-2508-1
VR888298,C108693,VA-EB-PL2,2025-10-06,Amazon,1,3499,PL2-2507-2
VR888535,C108453,VA-EB-PL2,2025-10-06,vireo.in,1,3499,PL2-2508-4
VR888820,C103635,VA-EB-PL2,2025-10-06,vireo.in,1,3499,PL2-2506-3
VR890378,C100606,VA-SW-NX1,2025-10-06,vireo.in,1,4999,NX1-2507-3
VR891038,C106376,VA-EB-PL2,2025-10-06,vireo.in,1,3499,PL2-2508-1
VR891320,C108455,VA-SW-NX1,2025-10-06,vireo.in,2,9998,NX1-2506-2
VR891453,C106791,VA-AC-CBL,2025-10-06,vireo.in,1,319,CBL-2508-1
VR891754,C104599,VA-EB-PL2,2025-10-06,Amazon,1,3499,PL2-2508-4
VR893126,C102267,VA-NB-ARC,2025-10-06,vireo.in,1,1299,ARC-2507-2
VR893500,C101787,VA-EB-PL2,2025-10-06,vireo.in,1,3499,PL2-2506-2
VR893505,C103540,VA-EB-PL2,2025-10-06,vireo.in,1,3149,PL2-2509-2
VR895329,C107211,VA-EB-PL2,2025-10-06,vireo.in,1,2799,PL2-2508-4
VR895680,C103621,VA-SP-MINI,2025-10-06,vireo.in,1,2374,MINI-2508-3
VR895802,C103729,VA-SW-NX2,2025-10-06,Amazon,1,6499,NX2-2507-1
VR895850,C101019,VA-AC-CBL,2025-10-06,vireo.in,1,359,CBL-2507-3
VR896102,C102124,VA-AC-CBL,2025-10-06,Amazon,1,339,CBL-2507-4
VR901610,C104866,VA-EB-PL2,2025-10-06,Flipkart,1,2974,PL2-2509-1
VR902019,C103381,VA-HP-ST3,2025-10-06,Amazon,1,6999,ST3-2508-2
VR902162,C102576,VA-EB-PL1,2025-10-06,Flipkart,1,2374,PL1-2507-4
VR902511,C104709,VA-HP-ST3,2025-10-06,vireo.in,1,6999,ST3-2506-1
VR904790,C103211,VA-EB-PL2,2025-10-06,vireo.in,1,3149,PL2-2507-2
VR906142,C105100,VA-SW-FIT,2025-10-06,vireo.in,1,1999,FIT-2509-4
VR907380,C105421,VA-EB-AIR,2025-10-06,Amazon,1,1799,AIR-2507-2
VR908836,C101291,VA-EB-PL1,2025-10-06,vireo.in,1,2374,PL1-2509-2
VR880322,C102237,VA-SP-ORB,2025-10-07,Amazon,1,5399,ORB-2507-1
VR882386,C108000,VA-EB-PL2,2025-10-07,vireo.in,1,2799,PL2-2508-2
VR882565,C101827,VA-EB-PL2,2025-10-07,vireo.in,1,3499,PL2-2507-3
VR883106,C100350,VA-SP-MINI,2025-10-07,vireo.in,1,2499,MINI-2509-4
VR883755,C103475,VA-SW-NX2,2025-10-07,Flipkart,1,6499,NX2-2508-1
VR883921,C100256,VA-EB-AIR,2025-10-07,Flipkart,1,1799,AIR-2507-2
VR885521,C105258,VA-EB-PL2,2025-10-07,Amazon,1,3499,PL2-2508-1
VR886768,C101998,VA-HP-ST3,2025-10-07,Flipkart,1,6999,ST3-2507-1
VR887256,C105025,VA-EB-PL2,2025-10-07,vireo.in,1,3499,PL2-2507-2
VR888259,C109194,VA-EB-PL2,2025-10-07,vireo.in,1,3499,PL2-2508-1
VR889544,C108306,VA-EB-PL2,2025-10-07,Amazon,2,5598,PL2-2508-4
VR890765,C100945,VA-SW-FIT,2025-10-07,Amazon,1,1999,FIT-2507-4
VR891088,C101039,VA-EB-PL2,2025-10-07,Amazon,1,3324,PL2-2507-2
VR891428,C103144,VA-EB-AIR,2025-10-07,Amazon,1,1529,AIR-2508-2
VR891454,C108765,VA-SP-MINI,2025-10-07,vireo.in,1,2249,MINI-2506-1
VR892382,C106004,VA-EB-PL2,2025-10-07,vireo.in,1,3149,PL2-2508-3
VR892457,C100001,VA-HP-ST2,2025-10-07,Flipkart,1,4999,ST2-2507-3
VR892892,C107952,VA-EB-PL2,2025-10-07,vireo.in,1,2799,PL2-2509-3
VR893393,C107496,VA-HP-ST3,2025-10-07,Amazon,1,5599,ST3-2508-1
VR893517,C102771,VA-SW-NX1,2025-10-07,Amazon,1,4749,NX1-2509-1
VR898124,C100749,VA-EB-PL2,2025-10-07,Amazon,1,3149,PL2-2507-3
VR899073,C103705,VA-HP-ST3,2025-10-07,Amazon,1,6299,ST3-2508-2
VR900260,C101900,VA-EB-PL2,2025-10-07,vireo.in,1,3499,PL2-2507-3
VR900444,C103533,VA-HP-ST3,2025-10-07,vireo.in,1,6299,ST3-2508-3
VR900747,C108103,VA-NB-ARC,2025-10-07,Amazon,1,1299,ARC-2506-1
VR900758,C100533,VA-SW-NX2,2025-10-07,vireo.in,1,5849,NX2-2509-2
VR901902,C101713,VA-EB-PL2,2025-10-07,Amazon,1,3149,PL2-2508-1
VR902503,C107009,VA-AC-CASE,2025-10-07,vireo.in,1,1039,CASE-2509-3
VR903037,C103563,VA-EB-PL1,2025-10-07,vireo.in,1,2124,PL1-2508-2
VR903977,C104786,VA-HP-ST3,2025-10-07,Amazon,1,6999,ST3-2508-2
VR903994,C100037,VA-HP-ST3,2025-10-07,vireo.in,1,6299,ST3-2508-3
VR905227,C104006,VA-SW-NX2,2025-10-07,Flipkart,1,6174,NX2-2507-2
VR906152,C106420,VA-SW-NX2,2025-10-07,vireo.in,1,6499,NX2-2508-3
VR906217,C100263,VA-EB-PL1,2025-10-07,Amazon,1,2499,PL1-2507-3
VR907700,C102978,VA-SW-FIT,2025-10-07,vireo.in,1,1999,FIT-2506-2
VR908313,C108025,VA-EB-PL2,2025-10-07,Flipkart,1,3499,PL2-2506-4
VR908592,C100701,VA-SP-MINI,2025-10-07,Amazon,1,2499,MINI-2508-1
VR908673,C107449,VA-EB-PL1,2025-10-07,Flipkart,1,2499,PL1-2507-4
VR908824,C104764,VA-EB-PL2,2025-10-07,Flipkart,1,2974,PL2-2508-4
VR910013,C100825,VA-SW-NX2,2025-10-07,vireo.in,1,5199,NX2-2507-3
VR880653,C101645,VA-EB-AIR,2025-10-08,vireo.in,1,1799,AIR-2508-4
VR880967,C101119,VA-SP-MINI,2025-10-08,vireo.in,1,2499,MINI-2509-4
VR881185,C104083,VA-EB-AIR,2025-10-08,vireo.in,1,1439,AIR-2508-3
VR882917,C104174,VA-EB-PL2,2025-10-08,vireo.in,1,3324,PL2-2507-1
VR882923,C108142,VA-EB-PL2,2025-10-08,vireo.in,1,3499,PL2-2508-1
VR883645,C107513,VA-HP-ST3,2025-10-08,vireo.in,1,5949,ST3-2509-4
VR883877,C107549,VA-EB-PL1,2025-10-08,Amazon,1,2499,PL1-2507-2
VR884284,C107403,VA-EB-PL1,2025-10-08,vireo.in,1,2249,PL1-2507-3
VR884291,C104532,VA-SW-FIT,2025-10-08,Amazon,1,1999,FIT-2508-3
VR885220,C106974,VA-SP-MINI,2025-10-08,vireo.in,1,2249,MINI-2509-4
VR885314,C109380,VA-EB-PL2,2025-10-08,Amazon,1,3499,PL2-2506-2
VR886978,C107460,VA-HP-ST3,2025-10-08,Amazon,1,6999,ST3-2508-2
VR887164,C105210,VA-EB-PL1,2025-10-08,vireo.in,1,2499,PL1-2508-2
VR887452,C106420,VA-EB-PL1,2025-10-08,vireo.in,1,2499,PL1-2506-3
VR887836,C106521,VA-SP-MINI,2025-10-08,vireo.in,1,2499,MINI-2506-2
VR888468,C102548,VA-EB-PL2,2025-10-08,Amazon,1,3149,PL2-2508-2
VR889048,C106452,VA-EB-PL2,2025-10-08,Amazon,1,2974,PL2-2508-3
VR889110,C102491,VA-SP-MINI,2025-10-08,vireo.in,1,2374,MINI-2507-4
VR889801,C102544,VA-NB-ARC,2025-10-08,vireo.in,1,1169,ARC-2506-3
VR889825,C106236,VA-SW-FIT,2025-10-08,vireo.in,1,1599,FIT-2509-3
VR890727,C101401,VA-EB-PL2,2025-10-08,vireo.in,1,3499,PL2-2507-2
VR891238,C107236,VA-EB-PL2,2025-10-08,Flipkart,1,3499,PL2-2507-2
VR891912,C101272,VA-EB-PL2,2025-10-08,Flipkart,1,3324,PL2-2506-3
VR892044,C104855,VA-SP-MINI,2025-10-08,Amazon,1,2499,MINI-2507-1
VR892539,C108566,VA-EB-PL2,2025-10-08,vireo.in,1,2799,PL2-2508-4
VR893698,C108039,VA-EB-PL2,2025-10-08,vireo.in,1,3499,PL2-2508-3
VR893814,C107782,VA-EB-PL1,2025-10-08,vireo.in,1,1999,PL1-2507-3
VR893978,C105718,VA-SP-ORB,2025-10-08,Amazon,1,4799,ORB-2507-3
VR895120,C107054,VA-EB-PL1,2025-10-08,Flipkart,1,2499,PL1-2507-1
VR895468,C106321,VA-EB-PL2,2025-10-08,Flipkart,1,3324,PL2-2506-3
VR896458,C104038,VA-SW-NX1,2025-10-08,Amazon,1,4749,NX1-2506-1
VR898002,C107052,VA-EB-PL2,2025-10-08,Amazon,1,3324,PL2-2508-2
VR898257,C107704,VA-EB-AIR,2025-10-08,vireo.in,1,1799,AIR-2508-4
VR898637,C108126,VA-EB-PL2,2025-10-08,vireo.in,1,3499,PL2-2508-2
VR899099,C104091,VA-EB-PL1,2025-10-08,vireo.in,1,2499,PL1-2509-1
VR899765,C104814,VA-EB-PL1,2025-10-08,vireo.in,1,2499,PL1-2508-4
VR900515,C104162,VA-EB-PL2,2025-10-08,Amazon,1,3149,PL2-2509-2
VR900522,C101076,VA-EB-PL1,2025-10-08,vireo.in,1,2499,PL1-2508-2
VR901816,C107465,VA-EB-PL2,2025-10-08,vireo.in,1,3499,PL2-2507-4
VR902119,C105790,VA-EB-PL2,2025-10-08,Amazon,1,2974,PL2-2507-2
VR903467,C107507,VA-EB-PL2,2025-10-08,vireo.in,1,3149,PL2-2508-3
VR903547,C101018,VA-EB-PL2,2025-10-08,vireo.in,1,3499,PL2-2509-4
VR904043,C102470,VA-EB-PL2,2025-10-08,Flipkart,2,6998,PL2-2508-1
VR904179,C105150,VA-EB-PL2,2025-10-08,Amazon,1,2974,PL2-2508-3
VR904735,C104093,VA-SP-MINI,2025-10-08,vireo.in,1,2124,MINI-2509-4
VR905579,C102726,VA-AC-CBL,2025-10-08,vireo.in,1,339,CBL-2509-4
VR906341,C104050,VA-EB-PL2,2025-10-08,Flipkart,1,3149,PL2-2507-2
VR907504,C101681,VA-HP-ST3,2025-10-08,vireo.in,1,6999,ST3-2507-4
VR907854,C102478,VA-EB-PL1,2025-10-08,vireo.in,1,2499,PL1-2509-1
VR908408,C107691,VA-EB-PL2,2025-10-08,Amazon,1,2799,PL2-2506-2
VR880903,C109447,VA-EB-AIR,2025-10-09,vireo.in,1,1439,AIR-2506-2
VR884712,C106169,VA-EB-PL1,2025-10-09,Flipkart,1,2499,PL1-2507-4
VR884788,C105378,VA-EB-AIR,2025-10-09,vireo.in,1,1529,AIR-2507-4
VR885779,C105705,VA-EB-PL2,2025-10-09,vireo.in,1,3499,PL2-2506-1
VR885806,C108459,VA-EB-PL1,2025-10-09,vireo.in,1,2499,PL1-2507-3
VR886130,C106015,VA-EB-PL2,2025-10-09,vireo.in,1,2799,PL2-2509-1
VR888677,C109252,VA-SW-FIT,2025-10-09,vireo.in,1,1799,FIT-2507-4
VR888849,C107004,VA-EB-PL2,2025-10-09,vireo.in,1,3499,PL2-2509-4
VR889046,C106207,VA-EB-PL1,2025-10-09,vireo.in,1,2499,PL1-2508-2
VR889700,C100645,VA-EB-PL2,2025-10-09,vireo.in,1,3149,PL2-2509-1
VR890169,C101245,VA-EB-PL1,2025-10-09,vireo.in,1,2124,PL1-2508-3
VR892554,C105972,VA-NB-ARC,2025-10-09,Flipkart,1,1039,ARC-2506-2
VR892820,C104473,VA-EB-PL2,2025-10-09,vireo.in,1,2974,PL2-2509-1
VR893243,C101797,VA-HP-ST3,2025-10-09,Flipkart,1,6649,ST3-2508-1
VR893373,C109361,VA-AC-CASE,2025-10-09,vireo.in,1,1299,CASE-2508-1
VR894525,C105169,VA-EB-PL2,2025-10-09,vireo.in,1,3149,PL2-2506-4
VR895182,C105970,VA-SP-MINI,2025-10-09,Amazon,1,2499,MINI-2509-3
VR895251,C102470,VA-EB-PL2,2025-10-09,vireo.in,1,3324,PL2-2507-2
VR895269,C107573,VA-SW-FIT,2025-10-09,vireo.in,1,1999,FIT-2507-1
VR895782,C101335,VA-SW-NX2,2025-10-09,vireo.in,1,6499,NX2-2509-4
VR896191,C103446,VA-SW-NX1,2025-10-09,vireo.in,1,4999,NX1-2509-2
VR896195,C103408,VA-SP-MINI,2025-10-09,Flipkart,1,2124,MINI-2507-3
VR896293,C101802,VA-EB-PL2,2025-10-09,Amazon,1,3324,PL2-2507-3
VR896837,C106573,VA-SW-FIT,2025-10-09,vireo.in,1,1799,FIT-2508-1
VR897349,C101438,VA-EB-PL1,2025-10-09,vireo.in,1,2499,PL1-2509-2
VR897561,C104111,VA-EB-PL2,2025-10-09,vireo.in,1,3149,PL2-2507-2
VR898383,C101811,VA-EB-AIR,2025-10-09,vireo.in,1,1439,AIR-2507-1
VR899251,C101194,VA-SP-ORB,2025-10-09,Amazon,1,5399,ORB-2508-1
VR899557,C107456,VA-EB-AIR,2025-10-09,vireo.in,1,1799,AIR-2507-2
VR899589,C105395,VA-EB-PL2,2025-10-09,Flipkart,1,3499,PL2-2509-3
VR900585,C106897,VA-EB-PL2,2025-10-09,vireo.in,1,3499,PL2-2507-2
VR901056,C105044,VA-SW-NX2,2025-10-09,vireo.in,1,6174,NX2-2507-3
VR904191,C101847,VA-AC-CASE,2025-10-09,Flipkart,1,1104,CASE-2508-3
VR904977,C100843,VA-EB-PL2,2025-10-09,Flipkart,1,3499,PL2-2508-3
VR905378,C106504,VA-EB-PL2,2025-10-09,vireo.in,1,3499,PL2-2507-1
VR906119,C101467,VA-EB-PL2,2025-10-09,Amazon,1,3149,PL2-2508-2
VR906571,C101867,VA-SP-ORB,2025-10-09,Amazon,1,4799,ORB-2507-1
VR907215,C106511,VA-EB-PL2,2025-10-09,Amazon,1,3324,PL2-2509-2
VR907760,C103613,VA-EB-PL2,2025-10-09,vireo.in,2,6298,PL2-2507-3
VR908638,C105210,VA-EB-AIR,2025-10-09,vireo.in,1,1799,AIR-2507-1
VR909833,C107439,VA-EB-PL2,2025-10-09,vireo.in,1,3499,PL2-2507-3
VR880352,C101966,VA-EB-PL2,2025-10-10,vireo.in,1,3499,PL2-2507-3
VR882030,C101045,VA-EB-PL1,2025-10-10,vireo.in,1,2124,PL1-2508-4
VR882055,C103961,VA-EB-PL2,2025-10-10,vireo.in,1,3499,PL2-2509-2
VR882071,C100245,VA-EB-PL2,2025-10-10,vireo.in,1,3149,PL2-2506-1
VR882160,C105210,VA-EB-PL2,2025-10-10,vireo.in,1,2974,PL2-2509-1
VR883120,C109412,VA-EB-AIR,2025-10-10,vireo.in,1,1439,AIR-2507-3
VR883271,C103461,VA-SW-NX2,2025-10-10,Flipkart,1,5199,NX2-2508-3
VR883990,C105875,VA-EB-AIR,2025-10-10,vireo.in,1,1529,AIR-2508-2
VR884653,C108318,VA-EB-PL2,2025-10-10,vireo.in,1,3149,PL2-2507-3
VR884802,C102946,VA-HP-ST3,2025-10-10,vireo.in,1,6999,ST3-2509-1
VR885766,C103547,VA-AC-CASE,2025-10-10,vireo.in,1,1234,CASE-2509-3
VR887284,C107881,VA-EB-PL2,2025-10-10,Amazon,1,3499,PL2-2508-2
VR887924,C108800,VA-SW-FIT,2025-10-10,Amazon,2,3798,FIT-2508-1
VR888183,C107173,VA-SP-MINI,2025-10-10,vireo.in,1,2499,MINI-2508-1
VR890075,C108112,VA-EB-PL1,2025-10-10,vireo.in,1,2499,PL1-2507-3
VR890615,C103930,VA-EB-PL2,2025-10-10,Amazon,1,3499,PL2-2509-4
VR891114,C105350,VA-SP-MINI,2025-10-10,vireo.in,1,2499,MINI-2508-4
VR891423,C107519,VA-EB-PL2,2025-10-10,Flipkart,1,2799,PL2-2509-4
VR892047,C100620,VA-EB-PL2,2025-10-10,Amazon,1,3149,PL2-2508-3
VR892337,C105351,VA-SP-ORB,2025-10-10,vireo.in,1,5999,ORB-2509-4
VR892405,C108330,VA-SW-NX2,2025-10-10,vireo.in,1,5849,NX2-2507-3
VR892689,C102890,VA-EB-PL2,2025-10-10,vireo.in,1,3324,PL2-2509-4
VR894441,C108011,VA-EB-PL2,2025-10-10,vireo.in,2,5598,PL2-2507-1
VR897264,C108375,VA-EB-PL1,2025-10-10,vireo.in,2,4748,PL1-2509-3
VR897855,C101852,VA-SW-NX2,2025-10-10,vireo.in,1,6499,NX2-2508-3
VR898075,C100436,VA-EB-PL1,2025-10-10,vireo.in,1,2249,PL1-2509-4
VR898539,C108132,VA-EB-AIR,2025-10-10,vireo.in,1,1619,AIR-2507-2
VR899429,C100017,VA-EB-PL2,2025-10-10,Amazon,1,3499,PL2-2508-2
VR900333,C106264,VA-EB-PL2,2025-10-10,Amazon,1,3149,PL2-2507-1
VR900547,C105223,VA-EB-PL2,2025-10-10,vireo.in,1,3499,PL2-2509-2
VR902137,C103044,VA-EB-PL2,2025-10-10,Amazon,1,3149,PL2-2507-2
VR902376,C105131,VA-SP-ORB,2025-10-10,vireo.in,1,5999,ORB-2509-3
VR902490,C104789,VA-SW-NX2,2025-10-10,vireo.in,2,11048,NX2-2508-3
VR904517,C106497,VA-SW-FIT,2025-10-10,vireo.in,1,1899,FIT-2507-2
VR906233,C107544,VA-EB-PL2,2025-10-10,Flipkart,1,3149,PL2-2508-4
VR908817,C107394,VA-SP-MINI,2025-10-10,Amazon,2,4998,MINI-2509-4
VR909043,C103375,VA-SW-FIT,2025-10-10,Flipkart,1,1799,FIT-2509-4
VR909096,C103217,VA-SW-FIT,2025-10-10,Flipkart,1,1999,FIT-2509-1
VR909621,C106296,VA-EB-PL1,2025-10-10,Flipkart,1,2499,PL1-2508-2
VR880431,C101629,VA-EB-PL2,2025-10-11,vireo.in,1,3149,PL2-2508-3
VR881785,C107967,VA-EB-PL2,2025-10-11,Amazon,1,3499,PL2-2506-1
VR882661,C102873,VA-EB-PL1,2025-10-11,vireo.in,1,2499,PL1-2509-3
VR883391,C105334,VA-SW-FIT,2025-10-11,Amazon,2,3998,FIT-2508-3
VR883909,C109056,VA-HP-ST2,2025-10-11,Amazon,1,4249,ST2-2508-1
VR885699,C101859,VA-SW-NX2,2025-10-11,vireo.in,1,6499,NX2-2506-4
VR888686,C101884,VA-EB-PL2,2025-10-11,vireo.in,1,2799,PL2-2507-2
VR891837,C103285,VA-SW-NX2,2025-10-11,vireo.in,1,6499,NX2-2509-4
VR891873,C101772,VA-EB-PL2,2025-10-11,Amazon,1,2974,PL2-2508-2
VR892124,C108793,VA-SW-NX1,2025-10-11,Amazon,1,4749,NX1-2508-3
VR895042,C100683,VA-EB-PL2,2025-10-11,Amazon,1,2799,PL2-2507-4
VR895712,C103305,VA-EB-PL2,2025-10-11,Amazon,1,3499,PL2-2507-4
VR897709,C105303,VA-EB-PL2,2025-10-11,vireo.in,1,3499,PL2-2507-2
VR898765,C107941,VA-EB-PL2,2025-10-11,vireo.in,1,2799,PL2-2507-3
VR898823,C108597,VA-EB-PL2,2025-10-11,Amazon,1,3324,PL2-2507-4
VR899416,C103744,VA-EB-PL2,2025-10-11,Amazon,2,6648,PL2-2508-2
VR900008,C104059,VA-EB-PL1,2025-10-11,Amazon,1,2499,PL1-2506-1
VR900284,C106416,VA-EB-AIR,2025-10-11,Amazon,1,1709,AIR-2508-4
VR901206,C100488,VA-EB-PL2,2025-10-11,Flipkart,1,3499,PL2-2508-3
VR901968,C103664,VA-EB-PL2,2025-10-11,Amazon,1,2974,PL2-2506-2
VR902737,C100986,VA-SW-NX2,2025-10-11,Flipkart,1,5524,NX2-2508-1
VR903146,C106591,VA-EB-PL2,2025-10-11,Flipkart,1,2974,PL2-2509-2
VR905309,C106774,VA-EB-PL1,2025-10-11,Amazon,1,2249,PL1-2507-3
VR905469,C100811,VA-SW-FIT,2025-10-11,Amazon,1,1799,FIT-2508-1
VR905483,C107132,VA-HP-ST2,2025-10-11,Amazon,1,3999,ST2-2507-2
VR905653,C106650,VA-EB-PL2,2025-10-11,Amazon,1,2974,PL2-2508-2
VR905868,C103985,VA-EB-PL2,2025-10-11,Amazon,1,3149,PL2-2507-1
VR906391,C100432,VA-SW-NX2,2025-10-11,Flipkart,1,6499,NX2-2507-2
VR908243,C104232,VA-AC-CASE,2025-10-11,vireo.in,1,1299,CASE-2508-2
VR909276,C100578,VA-EB-AIR,2025-10-11,Amazon,1,1799,AIR-2507-2
VR909289,C101187,VA-EB-PL2,2025-10-11,vireo.in,1,2799,PL2-2509-3
VR881003,C101835,VA-EB-PL2,2025-10-12,vireo.in,1,2974,PL2-2508-3
VR881169,C106217,VA-EB-PL2,2025-10-12,Amazon,1,2974,PL2-2509-1
VR881415,C109324,VA-HP-ST2,2025-10-12,vireo.in,1,4249,ST2-2508-1
VR881551,C109400,VA-EB-PL2,2025-10-12,Flipkart,1,3149,PL2-2508-3
VR882074,C107563,VA-SW-NX1,2025-10-12,Amazon,1,3999,NX1-2506-2
VR882628,C108753,VA-EB-PL2,2025-10-12,vireo.in,1,3499,PL2-2508-3
VR883557,C103384,VA-EB-PL1,2025-10-12,vireo.in,1,1999,PL1-2508-1
VR884089,C102141,VA-EB-PL2,2025-10-12,vireo.in,1,3499,PL2-2508-1
VR885918,C101464,VA-SP-MINI,2025-10-12,vireo.in,1,2499,MINI-2507-1
VR886237,C109366,VA-SP-ORB,2025-10-12,Flipkart,1,5699,ORB-2508-3
VR886755,C102171,VA-EB-AIR,2025-10-12,vireo.in,1,1619,AIR-2509-4
VR887606,C106894,VA-EB-PL2,2025-10-12,Amazon,1,2974,PL2-2509-1
VR887696,C103849,VA-SP-MINI,2025-10-12,vireo.in,1,2499,MINI-2507-3
VR891997,C108097,VA-EB-PL1,2025-10-12,vireo.in,1,2124,PL1-2507-2
VR892242,C108863,VA-EB-PL2,2025-10-12,Amazon,1,3499,PL2-2507-2
VR892342,C102422,VA-EB-PL2,2025-10-12,Amazon,1,3499,PL2-2507-1
VR892572,C100705,VA-SP-ORB,2025-10-12,vireo.in,1,5699,ORB-2509-1
VR893564,C105755,VA-EB-PL1,2025-10-12,vireo.in,1,2499,PL1-2509-1
VR893573,C103749,VA-NB-ARC,2025-10-12,vireo.in,1,1299,ARC-2507-3
VR893928,C103140,VA-AC-CASE,2025-10-12,vireo.in,1,1104,CASE-2508-4
VR896986,C103018,VA-EB-AIR,2025-10-12,vireo.in,1,1709,AIR-2509-1
VR897752,C100145,VA-EB-PL2,2025-10-12,Amazon,1,3499,PL2-2509-1
VR898951,C104223,VA-EB-PL2,2025-10-12,Amazon,2,6648,PL2-2506-4
VR899189,C100775,VA-EB-PL2,2025-10-12,Flipkart,1,2799,PL2-2507-4
VR899342,C102130,VA-AC-CASE,2025-10-12,Amazon,1,1234,CASE-2508-1
VR900681,C106029,VA-EB-PL2,2025-10-12,vireo.in,1,3149,PL2-2506-4
VR901592,C109270,VA-AC-CASE,2025-10-12,Amazon,1,1104,CASE-2506-4
VR901682,C100952,VA-EB-PL2,2025-10-12,vireo.in,2,6298,PL2-2509-1
VR901769,C104396,VA-EB-PL2,2025-10-12,vireo.in,2,6648,PL2-2508-2
VR901788,C106643,VA-EB-PL2,2025-10-12,Amazon,1,2799,PL2-2509-4
VR903264,C104623,VA-SW-NX2,2025-10-12,vireo.in,2,11048,NX2-2509-1
VR904595,C106322,VA-EB-PL1,2025-10-12,Amazon,1,1999,PL1-2507-3
VR905438,C104544,VA-SP-MINI,2025-10-12,Amazon,1,1999,MINI-2507-3
VR907073,C102373,VA-EB-PL2,2025-10-12,Amazon,1,3149,PL2-2508-3
VR908401,C103706,VA-NB-ARC,2025-10-12,vireo.in,1,1104,ARC-2508-3
VR908910,C108022,VA-EB-PL2,2025-10-12,Flipkart,1,3499,PL2-2508-4
VR909214,C106857,VA-EB-PL1,2025-10-12,vireo.in,1,2249,PL1-2509-4
VR909291,C107822,VA-EB-PL2,2025-10-12,Amazon,1,2974,PL2-2508-2
VR909379,C102763,VA-EB-PL2,2025-10-12,Flipkart,1,3324,PL2-2508-3
VR881283,C104962,VA-EB-PL2,2025-10-13,vireo.in,1,3499,PL2-2507-3
VR881479,C101931,VA-EB-PL2,2025-10-13,vireo.in,1,2799,PL2-2507-1
VR887985,C100819,VA-SW-NX1,2025-10-13,Amazon,1,3999,NX1-2509-1
VR888253,C101037,VA-EB-PL2,2025-10-13,Amazon,1,3324,PL2-2508-2
VR888428,C108859,VA-EB-AIR,2025-10-13,vireo.in,1,1799,AIR-2507-2
VR888511,C105506,VA-EB-PL2,2025-10-13,Amazon,1,3324,PL2-2509-3
VR890740,C106959,VA-EB-AIR,2025-10-13,Flipkart,1,1709,AIR-2507-2
VR891404,C100339,VA-EB-PL2,2025-10-13,Amazon,1,3499,PL2-2509-2
VR892158,C107058,VA-HP-ST3,2025-10-13,Amazon,1,6649,ST3-2507-4
VR892797,C106380,VA-EB-PL2,2025-10-13,vireo.in,1,3499,PL2-2508-1
VR896849,C107802,VA-EB-PL2,2025-10-13,vireo.in,1,2799,PL2-2506-2
VR897254,C100208,VA-EB-PL2,2025-10-13,Amazon,1,3499,PL2-2509-3
VR897508,C103266,VA-EB-PL2,2025-10-13,vireo.in,1,3149,PL2-2507-2
VR897654,C100714,VA-SW-FIT,2025-10-13,vireo.in,1,1999,FIT-2508-1
VR898030,C103955,VA-EB-PL2,2025-10-13,Amazon,1,3499,PL2-2509-2
VR898493,C106935,VA-EB-PL2,2025-10-13,vireo.in,1,3324,PL2-2508-2
VR899437,C103963,VA-EB-PL2,2025-10-13,vireo.in,1,2974,PL2-2509-3
VR899804,C105164,VA-EB-AIR,2025-10-13,Flipkart,1,1439,AIR-2508-3
VR900204,C108765,VA-EB-PL2,2025-10-13,Amazon,1,3499,PL2-2509-3
VR900482,C104399,VA-EB-PL2,2025-10-13,Amazon,1,2799,PL2-2507-4
VR901040,C101108,VA-SW-NX2,2025-10-13,Amazon,1,5849,NX2-2508-3
VR902175,C108802,VA-EB-PL2,2025-10-13,vireo.in,1,2974,PL2-2507-2
VR902831,C105527,VA-EB-PL2,2025-10-13,vireo.in,1,3324,PL2-2509-2
VR904199,C100905,VA-EB-PL2,2025-10-13,vireo.in,1,2974,PL2-2507-4
VR904335,C103812,VA-SW-NX1,2025-10-13,Flipkart,1,4499,NX1-2507-3
VR904723,C108021,VA-EB-PL2,2025-10-13,Amazon,1,2974,PL2-2509-3
VR905352,C108189,VA-AC-CBL,2025-10-13,Amazon,1,319,CBL-2507-4
VR908233,C105085,VA-EB-PL2,2025-10-13,vireo.in,1,2799,PL2-2508-3
VR908670,C101777,VA-EB-PL2,2025-10-13,vireo.in,1,3499,PL2-2508-1
VR909910,C103269,VA-EB-AIR,2025-10-13,vireo.in,1,1709,AIR-2507-1
VR880149,C105496,VA-SW-NX2,2025-10-14,vireo.in,1,5849,NX2-2509-4
VR880741,C109409,VA-EB-PL2,2025-10-14,Amazon,1,3324,PL2-2507-3
VR881175,C107259,VA-SW-NX2,2025-10-14,Amazon,1,5199,NX2-2507-4
VR881506,C102771,VA-SP-ORB,2025-10-14,vireo.in,1,5999,ORB-2507-3
VR882240,C109169,VA-EB-PL2,2025-10-14,Flipkart,1,2974,PL2-2509-3
VR884326,C108966,VA-NB-ARC,2025-10-14,Flipkart,1,1299,ARC-2507-2
VR886321,C109423,VA-EB-PL1,2025-10-14,vireo.in,1,2499,PL1-2509-1
VR887291,C108439,VA-EB-PL1,2025-10-14,vireo.in,1,2499,PL1-2506-1
VR888270,C108677,VA-EB-PL2,2025-10-14,vireo.in,1,3499,PL2-2508-2
VR889221,C100154,VA-SW-NX2,2025-10-14,vireo.in,1,6499,NX2-2508-3
VR889288,C106827,VA-SP-MINI,2025-10-14,vireo.in,1,2374,MINI-2507-1
VR889761,C107761,VA-SW-FIT,2025-10-14,Amazon,1,1799,FIT-2506-4
VR891169,C100650,VA-EB-PL2,2025-10-14,Flipkart,1,3499,PL2-2507-1
VR891650,C107686,VA-EB-AIR,2025-10-14,Amazon,1,1799,AIR-2507-2
VR894544,C102363,VA-EB-AIR,2025-10-14,vireo.in,1,1619,AIR-2507-2
VR896032,C102931,VA-EB-PL2,2025-10-14,Flipkart,1,3499,PL2-2508-1
VR896843,C102944,VA-SP-MINI,2025-10-14,Amazon,1,2249,MINI-2506-4
VR897538,C105201,VA-EB-PL2,2025-10-14,Amazon,1,3499,PL2-2509-2
VR898703,C105601,VA-SP-ORB,2025-10-14,Flipkart,1,5999,ORB-2509-1
VR899387,C105250,VA-EB-PL1,2025-10-14,vireo.in,1,2499,PL1-2508-1
VR899657,C104861,VA-EB-PL2,2025-10-14,Amazon,1,3499,PL2-2508-2
VR900034,C106538,VA-EB-PL2,2025-10-14,vireo.in,1,3499,PL2-2508-3
VR900182,C101180,VA-EB-PL2,2025-10-14,Amazon,1,3499,PL2-2509-2
VR900329,C104095,VA-EB-PL1,2025-10-14,vireo.in,1,2499,PL1-2508-1
VR903371,C107083,VA-EB-PL2,2025-10-14,Amazon,1,3499,PL2-2508-1
VR904194,C105906,VA-EB-PL2,2025-10-14,Amazon,1,2974,PL2-2509-2
VR907000,C108324,VA-SW-NX2,2025-10-14,Amazon,1,6499,NX2-2508-3
VR907409,C100920,VA-SP-MINI,2025-10-14,vireo.in,1,2499,MINI-2508-3
VR907963,C106046,VA-SW-NX1,2025-10-14,Flipkart,1,4499,NX1-2508-3
VR907977,C108500,VA-SW-FIT,2025-10-14,Flipkart,1,1599,FIT-2507-1
VR908608,C103152,VA-SW-FIT,2025-10-14,Amazon,1,1999,FIT-2509-4
VR908791,C109356,VA-EB-PL2,2025-10-14,vireo.in,1,3499,PL2-2508-1
VR908947,C104386,VA-EB-PL2,2025-10-14,vireo.in,1,3499,PL2-2509-2
VR909536,C101771,VA-EB-PL2,2025-10-14,Amazon,1,3499,PL2-2507-1
VR909640,C101939,VA-AC-CASE,2025-10-14,Amazon,2,2078,CASE-2508-1
VR881958,C106676,VA-SW-NX2,2025-10-15,Amazon,1,6499,NX2-2507-1
VR882162,C100320,VA-EB-PL2,2025-10-15,vireo.in,1,3324,PL2-2509-4
VR882424,C107046,VA-SP-ORB,2025-10-15,vireo.in,1,5099,ORB-2508-2
VR884943,C109378,VA-AC-CH65,2025-10-15,Amazon,1,1274,CH65-2509-1
VR886883,C106518,VA-EB-PL2,2025-10-15,vireo.in,1,3499,PL2-2509-4
VR887520,C108392,VA-SP-MINI,2025-10-15,Amazon,1,2499,MINI-2507-4
VR888602,C108364,VA-EB-PL2,2025-10-15,Flipkart,1,3149,PL2-2509-4
VR890405,C103996,VA-EB-PL2,2025-10-15,Flipkart,1,3499,PL2-2509-3
VR892652,C100801,VA-SW-NX2,2025-10-15,vireo.in,1,6174,NX2-2509-4
VR892754,C108722,VA-HP-ST3,2025-10-15,Flipkart,1,5599,ST3-2508-4
VR892861,C107720,VA-EB-PL1,2025-10-15,vireo.in,1,2499,PL1-2507-4
VR894204,C103989,VA-EB-PL2,2025-10-15,Amazon,1,3149,PL2-2507-4
VR894663,C102134,VA-NB-ARC,2025-10-15,vireo.in,1,1299,ARC-2509-4
VR894668,C102439,VA-EB-PL2,2025-10-15,vireo.in,1,3324,PL2-2508-1
VR895836,C104346,VA-EB-PL1,2025-10-15,vireo.in,1,1999,PL1-2508-4
VR896445,C106587,VA-EB-PL2,2025-10-15,Flipkart,1,3324,PL2-2507-3
VR896527,C101536,VA-EB-PL2,2025-10-15,Amazon,2,5948,PL2-2509-1
VR897245,C107153,VA-HP-ST2,2025-10-15,Amazon,1,4999,ST2-2507-3
VR898532,C103210,VA-SW-NX2,2025-10-15,vireo.in,1,5199,NX2-2508-1
VR899292,C101758,VA-EB-AIR,2025-10-15,Flipkart,1,1799,AIR-2508-2
VR900290,C100860,VA-EB-PL2,2025-10-15,vireo.in,1,3499,PL2-2509-4
VR902341,C106747,VA-SW-NX1,2025-10-15,Flipkart,1,4749,NX1-2509-3
VR902495,C101907,VA-EB-PL2,2025-10-15,vireo.in,1,3324,PL2-2509-2
VR902592,C105258,VA-EB-PL1,2025-10-15,vireo.in,1,2374,PL1-2507-2
VR903445,C104784,VA-EB-PL2,2025-10-15,vireo.in,1,3499,PL2-2508-4
VR904804,C103850,VA-EB-PL2,2025-10-15,vireo.in,1,2974,PL2-2508-2
VR905507,C106097,VA-EB-PL2,2025-10-15,vireo.in,1,2799,PL2-2508-2
VR906102,C105755,VA-HP-ST2,2025-10-15,vireo.in,1,4999,ST2-2507-1
VR906375,C104285,VA-EB-AIR,2025-10-15,vireo.in,1,1529,AIR-2507-3
VR906497,C103486,VA-SW-NX2,2025-10-15,vireo.in,1,6499,NX2-2507-3
VR906727,C107323,VA-SW-NX2,2025-10-15,vireo.in,1,6499,NX2-2509-4
VR907513,C107580,VA-SW-NX2,2025-10-15,Amazon,1,5524,NX2-2509-3
VR907647,C108749,VA-SP-MINI,2025-10-15,vireo.in,1,2499,MINI-2508-2
VR908016,C107567,VA-EB-PL2,2025-10-15,vireo.in,1,3499,PL2-2509-2
VR908953,C102841,VA-EB-PL2,2025-10-15,vireo.in,1,3499,PL2-2507-2
VR909180,C100993,VA-SP-MINI,2025-10-15,Amazon,1,2124,MINI-2509-3
VR880492,C107183,VA-EB-PL2,2025-10-16,Amazon,2,6998,PL2-2508-4
VR881124,C103201,VA-EB-PL2,2025-10-16,Amazon,1,3324,PL2-2509-4
VR881549,C105017,VA-SW-NX2,2025-10-16,Flipkart,1,6499,NX2-2508-4
VR883207,C100797,VA-EB-PL2,2025-10-16,vireo.in,1,3499,PL2-2509-1
VR883745,C105737,VA-EB-PL2,2025-10-16,Flipkart,1,2974,PL2-2507-2
VR885299,C102733,VA-AC-CBL,2025-10-16,vireo.in,1,399,CBL-2509-1
VR885810,C104061,VA-HP-ST2,2025-10-16,vireo.in,1,4999,ST2-2507-1
VR886078,C103770,VA-HP-ST3,2025-10-16,Amazon,1,6649,ST3-2508-1
VR888563,C106627,VA-SW-NX2,2025-10-16,Amazon,1,5524,NX2-2509-3
VR889421,C107256,VA-SP-MINI,2025-10-16,Amazon,1,1999,MINI-2507-2
VR891008,C106841,VA-SP-MINI,2025-10-16,Amazon,1,2374,MINI-2508-3
VR891091,C107948,VA-EB-PL2,2025-10-16,Amazon,1,3499,PL2-2507-1
VR891589,C108386,VA-EB-PL2,2025-10-16,vireo.in,1,3499,PL2-2509-4
VR891672,C103077,VA-SW-FIT,2025-10-16,Amazon,1,1599,FIT-2508-1
VR893276,C108565,VA-EB-AIR,2025-10-16,Amazon,1,1799,AIR-2507-4
VR894146,C107075,VA-EB-PL1,2025-10-16,vireo.in,1,2499,PL1-2508-3
VR895463,C103387,VA-EB-PL2,2025-10-16,Amazon,1,2799,PL2-2509-4
VR895810,C106433,VA-EB-PL2,2025-10-16,vireo.in,1,3499,PL2-2508-4
VR895959,C103037,VA-SW-NX1,2025-10-16,Amazon,2,9998,NX1-2509-1
VR898997,C105330,VA-EB-AIR,2025-10-16,vireo.in,1,1529,AIR-2507-2
VR899434,C104936,VA-SW-NX2,2025-10-16,Amazon,1,5849,NX2-2507-2
VR900092,C104137,VA-SW-NX1,2025-10-16,Amazon,1,4999,NX1-2507-2
VR900996,C100352,VA-EB-AIR,2025-10-16,vireo.in,1,1799,AIR-2508-2
VR901543,C103930,VA-SP-ORB,2025-10-16,vireo.in,1,5999,ORB-2509-3
VR901647,C102059,VA-EB-PL2,2025-10-16,vireo.in,2,6998,PL2-2509-2
VR902300,C101185,VA-NB-ARC,2025-10-16,Flipkart,1,1169,ARC-2509-4
VR902839,C101864,VA-SW-FIT,2025-10-16,Amazon,2,3998,FIT-2507-4
VR903087,C105636,VA-SW-NX2,2025-10-16,Flipkart,1,5199,NX2-2507-1
VR903765,C100613,VA-EB-PL1,2025-10-16,vireo.in,1,2249,PL1-2508-3
VR905054,C104116,VA-EB-PL2,2025-10-16,vireo.in,1,3499,PL2-2509-4
VR905620,C109132,VA-SP-MINI,2025-10-16,vireo.in,1,2249,MINI-2509-4
VR907633,C106656,VA-SW-NX2,2025-10-16,vireo.in,1,5849,NX2-2508-1
VR908201,C104783,VA-EB-PL2,2025-10-16,Amazon,1,3324,PL2-2508-2
VR909956,C106136,VA-SW-NX2,2025-10-16,vireo.in,1,5524,NX2-2509-1
VR880428,C103471,VA-HP-ST2,2025-10-17,vireo.in,1,4999,ST2-2507-1
VR881301,C105311,VA-EB-PL2,2025-10-17,vireo.in,1,2799,PL2-2508-4
VR881526,C102652,VA-HP-ST3,2025-10-17,Flipkart,1,6999,ST3-2507-3
VR881744,C107509,VA-EB-PL2,2025-10-17,Amazon,1,3149,PL2-2509-4
VR883076,C107924,VA-EB-PL2,2025-10-17,Amazon,1,2799,PL2-2508-2
VR883238,C100302,VA-HP-ST3,2025-10-17,Amazon,1,6999,ST3-2509-4
VR883874,C104069,VA-HP-ST3,2025-10-17,Amazon,1,5599,ST3-2507-1
VR883881,C105054,VA-EB-PL1,2025-10-17,Amazon,1,2124,PL1-2508-3
VR884542,C105310,VA-SW-NX1,2025-10-17,vireo.in,1,4999,NX1-2509-2
VR886376,C102359,VA-EB-PL2,2025-10-17,Amazon,1,3324,PL2-2508-4
VR889946,C109146,VA-EB-PL2,2025-10-17,Flipkart,1,3149,PL2-2509-4
VR890417,C103375,VA-EB-AIR,2025-10-17,Amazon,2,3418,AIR-2509-3
VR890483,C104266,VA-AC-CASE,2025-10-17,vireo.in,1,1299,CASE-2509-3
VR890707,C104507,VA-SW-NX1,2025-10-17,vireo.in,1,4999,NX1-2507-1
VR891020,C107596,VA-SP-MINI,2025-10-17,vireo.in,1,2499,MINI-2507-3
VR892502,C108462,VA-EB-PL2,2025-10-17,vireo.in,1,2974,PL2-2509-4
VR894724,C100793,VA-EB-PL2,2025-10-17,Amazon,1,3499,PL2-2507-2
VR895364,C109457,VA-EB-PL1,2025-10-17,vireo.in,1,2374,PL1-2508-3
VR896139,C106084,VA-SW-NX1,2025-10-17,Amazon,1,4999,NX1-2508-4
VR897071,C101356,VA-EB-PL2,2025-10-17,Amazon,1,3499,PL2-2509-4
VR897416,C107622,VA-EB-PL2,2025-10-17,Flipkart,2,6998,PL2-2508-2
VR897501,C102103,VA-EB-AIR,2025-10-17,vireo.in,1,1799,AIR-2508-4
VR897554,C100114,VA-NB-ARC,2025-10-17,vireo.in,1,1169,ARC-2509-4
VR897620,C103537,VA-EB-PL2,2025-10-17,Amazon,1,3499,PL2-2508-2
VR897690,C104554,VA-EB-PL2,2025-10-17,vireo.in,1,2974,PL2-2509-1
VR898890,C107857,VA-SP-MINI,2025-10-17,Flipkart,1,1999,MINI-2509-1
VR900057,C103442,VA-EB-PL2,2025-10-17,vireo.in,1,2974,PL2-2509-3
VR900643,C103925,VA-EB-PL2,2025-10-17,vireo.in,1,3499,PL2-2509-2
VR901358,C102448,VA-EB-PL1,2025-10-17,Flipkart,1,2499,PL1-2507-3
VR903291,C101450,VA-HP-ST2,2025-10-17,vireo.in,1,4499,ST2-2509-2
VR903725,C109142,VA-EB-PL1,2025-10-17,Amazon,1,2499,PL1-2507-1
VR906648,C101907,VA-EB-AIR,2025-10-17,Amazon,1,1799,AIR-2509-1
VR907614,C105648,VA-EB-PL2,2025-10-17,Flipkart,1,3499,PL2-2507-3
VR907734,C108924,VA-HP-ST3,2025-10-17,vireo.in,1,6999,ST3-2508-4
VR908442,C105380,VA-HP-ST2,2025-10-17,vireo.in,1,4749,ST2-2507-4
VR909986,C107040,VA-AC-CH65,2025-10-17,Flipkart,1,1424,CH65-2508-4
VR882324,C109275,VA-EB-PL2,2025-10-18,Amazon,1,3499,PL2-2509-4
VR883290,C107275,VA-EB-PL1,2025-10-18,vireo.in,1,2249,PL1-2508-2
VR883504,C107162,VA-SW-FIT,2025-10-18,Amazon,1,1599,FIT-2506-2
VR883713,C104076,VA-EB-PL2,2025-10-18,Amazon,1,2799,PL2-2508-3
VR883730,C103661,VA-EB-PL1,2025-10-18,vireo.in,1,2374,PL1-2507-2
VR886220,C103911,VA-EB-AIR,2025-10-18,vireo.in,1,1709,AIR-2509-1
VR886338,C105842,VA-EB-PL1,2025-10-18,vireo.in,1,2124,PL1-2506-2
VR886411,C100511,VA-EB-PL2,2025-10-18,vireo.in,1,2974,PL2-2508-4
VR886696,C109154,VA-EB-PL2,2025-10-18,Amazon,1,3499,PL2-2507-2
VR886973,C100802,VA-EB-PL1,2025-10-18,vireo.in,1,2499,PL1-2507-4
VR887699,C101470,VA-SW-FIT,2025-10-18,vireo.in,1,1999,FIT-2508-4
VR888561,C100667,VA-EB-PL2,2025-10-18,Flipkart,1,2974,PL2-2509-2
VR889853,C102330,VA-EB-PL2,2025-10-18,vireo.in,1,3324,PL2-2507-1
VR889926,C101138,VA-EB-PL2,2025-10-18,Flipkart,1,2974,PL2-2507-4
VR890047,C103417,VA-HP-ST2,2025-10-18,vireo.in,1,4999,ST2-2507-3
VR890465,C108033,VA-EB-PL1,2025-10-18,vireo.in,1,1999,PL1-2508-2
VR891011,C103232,VA-EB-PL2,2025-10-18,Amazon,1,2799,PL2-2509-1
VR891036,C106282,VA-EB-PL2,2025-10-18,Amazon,1,3499,PL2-2508-3
VR891195,C107017,VA-HP-ST3,2025-10-18,Amazon,1,6299,ST3-2507-3
VR891426,C106925,VA-EB-PL2,2025-10-18,Amazon,1,3499,PL2-2509-4
VR894270,C108092,VA-EB-PL2,2025-10-18,vireo.in,1,3499,PL2-2507-1
VR894726,C103658,VA-SW-NX2,2025-10-18,vireo.in,1,6499,NX2-2509-4
VR896090,C102185,VA-EB-PL1,2025-10-18,vireo.in,1,2499,PL1-2509-2
VR897535,C103467,VA-SW-NX2,2025-10-18,vireo.in,1,6499,NX2-2508-1
VR897758,C108106,VA-EB-PL1,2025-10-18,Flipkart,1,2499,PL1-2507-1
VR897968,C104241,VA-AC-CASE,2025-10-18,vireo.in,1,1169,CASE-2508-2
VR899331,C108112,VA-EB-PL2,2025-10-18,Amazon,2,6998,PL2-2508-3
VR899336,C108131,VA-HP-ST3,2025-10-18,vireo.in,1,6299,ST3-2507-3
VR899487,C108363,VA-EB-PL1,2025-10-18,Amazon,1,2499,PL1-2508-3
VR899516,C107571,VA-HP-ST3,2025-10-18,vireo.in,1,6649,ST3-2509-2
VR901692,C101940,VA-SW-FIT,2025-10-18,vireo.in,1,1599,FIT-2508-1
VR902220,C106693,VA-SP-ORB,2025-10-18,vireo.in,1,5399,ORB-2507-4
VR902970,C109454,VA-SP-MINI,2025-10-18,vireo.in,1,2124,MINI-2509-2
VR903801,C105212,VA-EB-PL2,2025-10-18,vireo.in,1,3149,PL2-2507-1
VR904904,C103791,VA-EB-PL2,2025-10-18,Flipkart,1,3324,PL2-2508-3
VR905049,C100366,VA-SW-NX2,2025-10-18,Amazon,1,6174,NX2-2509-2
VR907311,C103504,VA-EB-PL2,2025-10-18,vireo.in,1,3499,PL2-2509-4
VR907507,C103627,VA-SW-NX2,2025-10-18,vireo.in,1,5199,NX2-2508-4
VR907926,C108375,VA-HP-ST3,2025-10-18,Amazon,1,5599,ST3-2507-4
VR908689,C105374,VA-NB-ARC,2025-10-18,vireo.in,1,1299,ARC-2508-2
VR908868,C105413,VA-EB-PL2,2025-10-18,vireo.in,1,2974,PL2-2509-2
VR909414,C108525,VA-SW-NX2,2025-10-18,vireo.in,1,5199,NX2-2508-4
VR880870,C106634,VA-EB-PL2,2025-10-19,vireo.in,2,6998,PL2-2508-4
VR881604,C101887,VA-EB-AIR,2025-10-19,Amazon,1,1709,AIR-2508-3
VR882472,C101157,VA-SW-NX2,2025-10-19,vireo.in,1,6499,NX2-2509-4
VR885394,C104736,VA-EB-PL2,2025-10-19,Amazon,1,3499,PL2-2507-3
VR885401,C104755,VA-HP-ST3,2025-10-19,vireo.in,1,5599,ST3-2509-3
VR886097,C102114,VA-EB-PL2,2025-10-19,vireo.in,1,2799,PL2-2507-2
VR886306,C107226,VA-SW-NX1,2025-10-19,Amazon,1,4749,NX1-2509-1
VR887406,C100550,VA-EB-PL1,2025-10-19,vireo.in,1,2499,PL1-2509-4
VR891529,C101838,VA-EB-PL2,2025-10-19,Amazon,1,2974,PL2-2509-4
VR893229,C106357,VA-EB-PL2,2025-10-19,vireo.in,1,2799,PL2-2509-3
VR893588,C109188,VA-SW-NX2,2025-10-19,vireo.in,1,6499,NX2-2509-2
VR894247,C107016,VA-EB-PL2,2025-10-19,Amazon,1,3499,PL2-2508-1
VR895140,C102568,VA-EB-PL2,2025-10-19,vireo.in,1,3499,PL2-2507-3
VR895961,C100613,VA-SW-FIT,2025-10-19,vireo.in,1,1799,FIT-2507-3
VR896565,C100384,VA-EB-PL2,2025-10-19,vireo.in,1,3499,PL2-2508-2
VR898092,C105088,VA-EB-PL1,2025-10-19,vireo.in,1,2499,PL1-2508-4
VR899050,C107700,VA-SW-NX1,2025-10-19,Amazon,1,4999,NX1-2507-3
VR903203,C104906,VA-EB-PL2,2025-10-19,Flipkart,1,2799,PL2-2508-1
VR905136,C104798,VA-SW-FIT,2025-10-19,vireo.in,1,1999,FIT-2507-1
VR906531,C104478,VA-EB-PL2,2025-10-19,Flipkart,1,3499,PL2-2508-1
VR906911,C106413,VA-SW-NX2,2025-10-19,vireo.in,2,12998,NX2-2507-1
VR907578,C102815,VA-EB-PL2,2025-10-19,vireo.in,1,3499,PL2-2508-4
VR907667,C104359,VA-SW-FIT,2025-10-19,vireo.in,1,1999,FIT-2508-4
VR909126,C108103,VA-SW-NX1,2025-10-19,vireo.in,1,4999,NX1-2507-2
VR880490,C105881,VA-EB-PL2,2025-10-20,Amazon,1,2799,PL2-2507-4
VR884556,C108982,VA-EB-PL2,2025-10-20,vireo.in,1,3149,PL2-2507-1
VR885479,C103027,VA-SW-FIT,2025-10-20,vireo.in,1,1999,FIT-2507-1
VR885576,C107244,VA-EB-PL2,2025-10-20,Amazon,1,3149,PL2-2508-1
VR885872,C100131,VA-EB-PL2,2025-10-20,Amazon,1,2799,PL2-2509-1
VR889203,C102184,VA-EB-AIR,2025-10-20,vireo.in,1,1799,AIR-2507-3
VR889466,C101369,VA-SW-NX1,2025-10-20,vireo.in,1,4999,NX1-2509-2
VR891048,C107346,VA-EB-PL2,2025-10-20,Flipkart,1,3499,PL2-2509-1
VR891325,C106202,VA-SP-MINI,2025-10-20,Amazon,1,2499,MINI-2508-3
VR892308,C100233,VA-EB-PL2,2025-10-20,Flipkart,1,3499,PL2-2507-2
VR893217,C104349,VA-NB-ARC,2025-10-20,vireo.in,1,1234,ARC-2508-3
VR893790,C100685,VA-SW-NX2,2025-10-20,Amazon,1,5524,NX2-2508-4
VR893801,C105155,VA-EB-PL2,2025-10-20,vireo.in,1,2974,PL2-2507-1
VR894695,C105811,VA-HP-ST3,2025-10-20,vireo.in,1,6299,ST3-2508-3
VR894863,C104898,VA-HP-ST3,2025-10-20,vireo.in,1,6299,ST3-2509-1
VR895657,C104286,VA-SW-NX2,2025-10-20,vireo.in,1,6499,NX2-2509-3
VR895700,C105470,VA-HP-ST2,2025-10-20,vireo.in,1,3999,ST2-2507-1
VR895864,C101000,VA-SP-ORB,2025-10-20,vireo.in,1,5999,ORB-2509-4
VR896474,C103890,VA-SP-ORB,2025-10-20,Flipkart,1,5699,ORB-2509-2
VR897019,C104553,VA-AC-CH65,2025-10-20,Flipkart,1,1274,CH65-2507-3
VR898458,C102061,VA-EB-PL2,2025-10-20,vireo.in,1,3499,PL2-2507-1
VR899645,C106085,VA-SW-FIT,2025-10-20,vireo.in,1,1999,FIT-2509-3
VR899885,C107434,VA-EB-PL2,2025-10-20,vireo.in,1,3499,PL2-2509-1
VR902581,C105826,VA-HP-ST3,2025-10-20,vireo.in,1,6299,ST3-2509-2
VR904758,C101259,VA-SW-FIT,2025-10-20,vireo.in,1,1599,FIT-2509-3
VR905330,C100357,VA-HP-ST3,2025-10-20,vireo.in,1,5599,ST3-2507-3
VR905351,C106522,VA-EB-PL2,2025-10-20,vireo.in,1,3499,PL2-2507-2
VR905408,C104491,VA-EB-AIR,2025-10-20,Amazon,1,1799,AIR-2508-4
VR906087,C100344,VA-NB-ARC,2025-10-20,vireo.in,1,1299,ARC-2509-4
VR906339,C104389,VA-EB-PL2,2025-10-20,Amazon,1,3499,PL2-2507-4
VR907390,C107605,VA-EB-PL2,2025-10-20,vireo.in,1,3499,PL2-2507-1
VR881126,C101722,VA-SP-ORB,2025-10-21,vireo.in,2,11998,ORB-2508-1
VR882101,C109149,VA-EB-PL2,2025-10-21,Amazon,1,2799,PL2-2508-4
VR882860,C106402,VA-EB-AIR,2025-10-21,Amazon,1,1709,AIR-2507-1
VR883905,C101209,VA-SP-MINI,2025-10-21,Amazon,1,2499,MINI-2507-1
VR884734,C106808,VA-EB-AIR,2025-10-21,vireo.in,1,1439,AIR-2509-2
VR887039,C108528,VA-EB-AIR,2025-10-21,vireo.in,1,1799,AIR-2507-1
VR887205,C102569,VA-AC-CASE,2025-10-21,vireo.in,1,1299,CASE-2508-3
VR887617,C107384,VA-EB-AIR,2025-10-21,vireo.in,1,1799,AIR-2509-3
VR888789,C109360,VA-EB-PL2,2025-10-21,vireo.in,1,3149,PL2-2508-2
VR890506,C100037,VA-HP-ST3,2025-10-21,vireo.in,1,5949,ST3-2507-1
VR893559,C107968,VA-SW-NX2,2025-10-21,vireo.in,1,6499,NX2-2508-1
VR893607,C101634,VA-HP-ST3,2025-10-21,vireo.in,2,11198,ST3-2509-4
VR893675,C104299,VA-HP-ST2,2025-10-21,Flipkart,1,4249,ST2-2509-1
VR894915,C108888,VA-EB-PL2,2025-10-21,vireo.in,1,3499,PL2-2507-3
VR895656,C109021,VA-EB-AIR,2025-10-21,Flipkart,1,1439,AIR-2509-1
VR897934,C108549,VA-EB-PL2,2025-10-21,Amazon,1,2799,PL2-2509-4
VR899975,C102006,VA-EB-PL2,2025-10-21,Flipkart,1,2799,PL2-2507-4
VR900417,C101429,VA-EB-AIR,2025-10-21,vireo.in,1,1709,AIR-2508-3
VR901115,C106782,VA-EB-PL1,2025-10-21,vireo.in,2,4748,PL1-2508-1
VR901166,C100050,VA-SW-FIT,2025-10-21,Amazon,1,1699,FIT-2507-3
VR901815,C105697,VA-EB-PL2,2025-10-21,Amazon,1,2799,PL2-2508-1
VR902335,C100666,VA-EB-PL1,2025-10-21,vireo.in,1,2249,PL1-2509-1
VR902441,C105869,VA-EB-PL2,2025-10-21,vireo.in,1,2799,PL2-2508-2
VR903213,C104859,VA-SW-NX1,2025-10-21,vireo.in,2,8498,NX1-2509-4
VR904262,C104961,VA-EB-PL2,2025-10-21,Amazon,1,2974,PL2-2509-3
VR904687,C103257,VA-EB-PL2,2025-10-21,vireo.in,1,3149,PL2-2508-1
VR904850,C108695,VA-EB-PL2,2025-10-21,vireo.in,1,3499,PL2-2508-4
VR905099,C106836,VA-SP-MINI,2025-10-21,vireo.in,1,2249,MINI-2509-3
VR906129,C108132,VA-SP-MINI,2025-10-21,Flipkart,2,4498,MINI-2507-3
VR906619,C108129,VA-HP-ST3,2025-10-21,Amazon,1,6999,ST3-2509-3
VR909331,C100454,VA-AC-CASE,2025-10-21,vireo.in,1,1104,CASE-2509-3
VR909535,C107361,VA-EB-PL2,2025-10-21,Amazon,1,3324,PL2-2509-3
VR881669,C106881,VA-SW-NX2,2025-10-22,vireo.in,1,5849,NX2-2507-3
VR881782,C108139,VA-EB-AIR,2025-10-22,Flipkart,1,1799,AIR-2507-3
VR882693,C105724,VA-SP-MINI,2025-10-22,vireo.in,1,2249,MINI-2507-1
VR882914,C104707,VA-SW-NX1,2025-10-22,Amazon,1,4749,NX1-2507-2
VR882941,C102230,VA-EB-PL2,2025-10-22,vireo.in,1,3324,PL2-2507-1
VR884297,C103061,VA-EB-PL2,2025-10-22,vireo.in,1,3149,PL2-2508-1
VR885980,C108683,VA-EB-PL1,2025-10-22,vireo.in,1,2374,PL1-2508-3
VR888743,C106113,VA-EB-PL2,2025-10-22,Flipkart,1,3499,PL2-2508-1
VR888750,C104332,VA-SP-ORB,2025-10-22,vireo.in,1,5999,ORB-2508-4
VR889842,C101326,VA-AC-CASE,2025-10-22,Amazon,1,1104,CASE-2507-3
VR890716,C104779,VA-HP-ST3,2025-10-22,Amazon,1,5599,ST3-2509-3
VR891278,C103377,VA-EB-PL1,2025-10-22,vireo.in,1,2124,PL1-2508-3
VR893752,C107474,VA-EB-PL2,2025-10-22,vireo.in,1,2974,PL2-2509-2
VR893823,C102299,VA-EB-PL1,2025-10-22,Amazon,1,2249,PL1-2509-2
VR894787,C104380,VA-EB-PL2,2025-10-22,Flipkart,1,3499,PL2-2508-3
VR896782,C105307,VA-EB-PL2,2025-10-22,Amazon,1,3499,PL2-2508-4
VR897353,C103775,VA-AC-CASE,2025-10-22,Amazon,1,1299,CASE-2509-1
VR897577,C103244,VA-SW-NX2,2025-10-22,Amazon,1,6499,NX2-2508-3
VR898132,C108667,VA-NB-ARC,2025-10-22,vireo.in,1,1299,ARC-2507-3
VR898529,C102697,VA-EB-PL2,2025-10-22,Amazon,1,3149,PL2-2507-4
VR900392,C103396,VA-EB-AIR,2025-10-22,Amazon,1,1619,AIR-2508-3
VR900864,C102202,VA-SP-ORB,2025-10-22,Flipkart,1,5999,ORB-2509-3
VR901289,C108137,VA-EB-PL2,2025-10-22,vireo.in,1,2799,PL2-2508-2
VR901590,C100474,VA-EB-PL2,2025-10-22,Amazon,1,3499,PL2-2510-2
VR902587,C106291,VA-EB-PL2,2025-10-22,Flipkart,1,3499,PL2-2508-1
VR903914,C100484,VA-HP-ST2,2025-10-22,vireo.in,1,4999,ST2-2507-4
VR904889,C101728,VA-EB-PL1,2025-10-22,Amazon,1,2499,PL1-2507-2
VR904940,C100816,VA-SP-MINI,2025-10-22,Amazon,1,1999,MINI-2508-4
VR905095,C104058,VA-SP-ORB,2025-10-22,vireo.in,1,4799,ORB-2508-1
VR906767,C106353,VA-SW-FIT,2025-10-22,Flipkart,1,1699,FIT-2508-1
VR906847,C101719,VA-EB-PL2,2025-10-22,Amazon,1,3149,PL2-2509-3
VR907928,C107619,VA-SP-MINI,2025-10-22,Flipkart,1,2249,MINI-2509-3
VR909732,C102897,VA-SW-NX2,2025-10-22,vireo.in,1,5849,NX2-2509-1
VR883552,C108813,VA-EB-PL1,2025-10-23,vireo.in,1,1999,PL1-2509-4
VR884065,C101502,VA-EB-PL2,2025-10-23,Flipkart,1,3499,PL2-2507-3
VR884808,C100498,VA-EB-PL1,2025-10-23,Amazon,1,2374,PL1-2508-4
VR884966,C101251,VA-EB-PL2,2025-10-23,vireo.in,1,2974,PL2-2508-3
VR885134,C107655,VA-EB-PL2,2025-10-23,vireo.in,1,3499,PL2-2507-3
VR886292,C105511,VA-EB-PL2,2025-10-23,vireo.in,1,3499,PL2-2509-3
VR886720,C100460,VA-EB-PL2,2025-10-23,Amazon,1,3149,PL2-2507-3
VR886809,C102481,VA-EB-PL1,2025-10-23,Amazon,1,2499,PL1-2508-3
VR887541,C108428,VA-SP-ORB,2025-10-23,Amazon,1,5999,ORB-2507-2
VR888676,C108921,VA-NB-ARC,2025-10-23,Amazon,1,1299,ARC-2508-1
VR890605,C101322,VA-EB-PL2,2025-10-23,Amazon,1,2974,PL2-2509-1
VR892340,C102943,VA-AC-CASE,2025-10-23,Flipkart,1,1169,CASE-2509-1
VR893083,C105103,VA-EB-PL2,2025-10-23,vireo.in,1,3499,PL2-2509-1
VR893178,C104235,VA-SP-MINI,2025-10-23,vireo.in,1,2499,MINI-2508-4
VR893370,C107256,VA-SW-NX1,2025-10-23,vireo.in,2,7998,NX1-2508-2
VR894185,C101189,VA-SW-NX2,2025-10-23,vireo.in,1,6499,NX2-2509-1
VR894549,C100557,VA-SW-NX2,2025-10-23,vireo.in,1,5199,NX2-2508-4
VR894648,C102698,VA-EB-AIR,2025-10-23,Amazon,1,1619,AIR-2508-2
VR895344,C105353,VA-EB-PL2,2025-10-23,vireo.in,1,2974,PL2-2509-1
VR895379,C103002,VA-HP-ST3,2025-10-23,Amazon,1,6649,ST3-2508-1
VR895523,C100325,VA-EB-PL2,2025-10-23,Flipkart,2,6648,PL2-2509-4
VR898337,C104998,VA-HP-ST2,2025-10-23,Amazon,1,4999,ST2-2508-1
VR900588,C103065,VA-AC-CH65,2025-10-23,Flipkart,1,1274,CH65-2507-1
VR900897,C108847,VA-EB-PL1,2025-10-23,vireo.in,2,4498,PL1-2508-4
VR901687,C102972,VA-EB-PL2,2025-10-23,vireo.in,1,3149,PL2-2507-1
VR902914,C100901,VA-EB-PL2,2025-10-23,Amazon,1,3149,PL2-2509-2
VR902959,C107491,VA-EB-AIR,2025-10-23,Amazon,1,1529,AIR-2508-2
VR903379,C105119,VA-EB-PL1,2025-10-23,vireo.in,1,2374,PL1-2507-1
VR903585,C106336,VA-EB-PL2,2025-10-23,Amazon,1,3149,PL2-2509-2
VR903588,C109284,VA-EB-AIR,2025-10-23,Amazon,1,1619,AIR-2508-1
VR904966,C108846,VA-SP-MINI,2025-10-23,vireo.in,1,2499,MINI-2507-4
VR905174,C100660,VA-SP-MINI,2025-10-23,vireo.in,1,2499,MINI-2508-3
VR905214,C101576,VA-SW-NX2,2025-10-23,vireo.in,1,6499,NX2-2509-2
VR908007,C100563,VA-EB-PL2,2025-10-23,vireo.in,1,3499,PL2-2507-4
VR909188,C104742,VA-EB-AIR,2025-10-23,Amazon,1,1799,AIR-2508-4
VR909480,C106452,VA-EB-PL2,2025-10-23,vireo.in,1,2974,PL2-2508-3
VR880846,C101982,VA-EB-PL2,2025-10-24,Amazon,1,3499,PL2-2507-3
VR881461,C109456,VA-EB-PL1,2025-10-24,vireo.in,1,2499,PL1-2509-2
VR881864,C109164,VA-EB-PL2,2025-10-24,vireo.in,2,6298,PL2-2508-1
VR882219,C106231,VA-EB-AIR,2025-10-24,vireo.in,1,1799,AIR-2508-1
VR883350,C101368,VA-EB-PL2,2025-10-24,Amazon,1,3499,PL2-2508-2
VR883525,C104195,VA-SW-FIT,2025-10-24,Flipkart,1,1699,FIT-2507-1
VR886158,C104223,VA-EB-AIR,2025-10-24,vireo.in,1,1799,AIR-2508-3
VR886318,C104008,VA-EB-PL2,2025-10-24,vireo.in,1,3324,PL2-2509-1
VR886503,C105667,VA-SW-NX1,2025-10-24,Amazon,1,4999,NX1-2508-2
VR886731,C107389,VA-EB-PL1,2025-10-24,vireo.in,1,2499,PL1-2507-1
VR886946,C109246,VA-HP-ST3,2025-10-24,vireo.in,1,5599,ST3-2509-2
VR887139,C108160,VA-EB-PL2,2025-10-24,Amazon,1,2799,PL2-2508-4
VR887918,C109455,VA-EB-PL2,2025-10-24,Flipkart,1,3499,PL2-2508-3
VR888032,C100107,VA-EB-AIR,2025-10-24,Flipkart,1,1799,AIR-2507-3
VR889268,C105387,VA-AC-CASE,2025-10-24,vireo.in,1,1039,CASE-2507-4
VR890265,C106397,VA-EB-PL2,2025-10-24,vireo.in,1,2974,PL2-2507-4
VR891326,C100759,VA-SP-MINI,2025-10-24,vireo.in,1,1999,MINI-2508-4
VR892001,C101548,VA-AC-CBL,2025-10-24,Amazon,1,399,CBL-2507-1
VR894693,C107422,VA-SW-FIT,2025-10-24,vireo.in,1,1999,FIT-2508-3
VR895774,C102152,VA-EB-PL2,2025-10-24,vireo.in,1,3499,PL2-2508-3
VR900500,C104635,VA-SP-MINI,2025-10-24,vireo.in,1,2249,MINI-2507-4
VR901720,C106502,VA-SW-NX2,2025-10-24,vireo.in,1,5849,NX2-2509-1
VR905861,C102691,VA-EB-PL2,2025-10-24,Flipkart,1,3149,PL2-2507-4
VR907589,C107870,VA-EB-AIR,2025-10-24,Amazon,1,1799,AIR-2507-4
VR907638,C103027,VA-EB-PL2,2025-10-24,vireo.in,2,6998,PL2-2509-3
VR907676,C102297,VA-EB-PL2,2025-10-24,vireo.in,1,3499,PL2-2509-2
VR908805,C104870,VA-SP-MINI,2025-10-24,vireo.in,1,2124,MINI-2509-3
VR908982,C108365,VA-SW-FIT,2025-10-24,vireo.in,1,1599,FIT-2509-2
VR909071,C100216,VA-EB-PL2,2025-10-24,vireo.in,1,3499,PL2-2507-2
VR909884,C105423,VA-AC-CASE,2025-10-24,vireo.in,1,1299,CASE-2508-1
VR880423,C108536,VA-EB-PL2,2025-10-25,vireo.in,1,3499,PL2-2509-3
VR881955,C100640,VA-EB-PL2,2025-10-25,Flipkart,1,3324,PL2-2508-3
VR882094,C108269,VA-EB-AIR,2025-10-25,vireo.in,1,1529,AIR-2508-3
VR882868,C101035,VA-EB-AIR,2025-10-25,vireo.in,1,1619,AIR-2508-2
VR883597,C100724,VA-EB-PL2,2025-10-25,vireo.in,1,3149,PL2-2507-4
VR884541,C102708,VA-SW-NX1,2025-10-25,Amazon,1,4249,NX1-2508-4
VR887320,C100372,VA-EB-AIR,2025-10-25,vireo.in,1,1439,AIR-2508-2
VR887988,C101311,VA-AC-CH65,2025-10-25,vireo.in,1,1424,CH65-2508-4
VR888527,C101441,VA-EB-PL1,2025-10-25,Flipkart,1,2499,PL1-2508-2
VR889215,C108853,VA-EB-PL1,2025-10-25,Flipkart,1,2124,PL1-2507-2
VR891586,C109120,VA-EB-PL2,2025-10-25,Amazon,1,3499,PL2-2508-1
VR892079,C106225,VA-AC-CH65,2025-10-25,Amazon,1,1499,CH65-2509-2
VR892883,C102941,VA-EB-PL2,2025-10-25,vireo.in,1,3499,PL2-2507-4
VR893667,C108780,VA-EB-PL1,2025-10-25,vireo.in,1,2249,PL1-2509-4
VR896402,C105155,VA-SW-NX1,2025-10-25,vireo.in,1,4999,NX1-2509-3
VR896852,C103290,VA-EB-PL2,2025-10-25,Amazon,1,3149,PL2-2509-3
VR899718,C107715,VA-EB-PL2,2025-10-25,Flipkart,1,3149,PL2-2507-2
VR899821,C102794,VA-EB-PL2,2025-10-25,Amazon,2,6998,PL2-2509-4
VR901502,C102513,VA-SP-ORB,2025-10-25,vireo.in,1,5999,ORB-2509-4
VR901718,C104788,VA-EB-PL2,2025-10-25,Amazon,1,3499,PL2-2508-2
VR902131,C101890,VA-EB-PL2,2025-10-25,vireo.in,1,3149,PL2-2509-2
VR903090,C109196,VA-EB-PL2,2025-10-25,vireo.in,2,6298,PL2-2507-2
VR904597,C106869,VA-EB-PL2,2025-10-25,vireo.in,1,3324,PL2-2508-3
VR905634,C108028,VA-SP-ORB,2025-10-25,Amazon,1,4799,ORB-2510-4
VR905686,C102382,VA-HP-ST3,2025-10-25,Flipkart,2,13998,ST3-2508-3
VR906765,C100895,VA-EB-PL2,2025-10-25,Amazon,1,2799,PL2-2508-2
VR907142,C103998,VA-EB-PL2,2025-10-25,Amazon,1,2974,PL2-2509-2
VR907177,C107284,VA-EB-PL1,2025-10-25,vireo.in,1,2374,PL1-2508-2
VR908042,C101309,VA-SW-NX2,2025-10-25,Amazon,1,5849,NX2-2508-2
VR908495,C108036,VA-EB-PL2,2025-10-25,vireo.in,1,2974,PL2-2508-4
VR908701,C107704,VA-HP-ST3,2025-10-25,Amazon,1,6299,ST3-2508-2
VR909272,C104225,VA-SW-NX1,2025-10-25,Amazon,1,4499,NX1-2509-4
VR909957,C107361,VA-SW-NX2,2025-10-25,vireo.in,1,5199,NX2-2507-3
VR880187,C107580,VA-EB-AIR,2025-10-26,Amazon,1,1439,AIR-2508-3
VR883186,C103547,VA-NB-ARC,2025-10-26,vireo.in,1,1299,ARC-2509-2
VR883191,C108217,VA-EB-PL2,2025-10-26,Flipkart,1,2799,PL2-2509-1
VR883968,C104183,VA-EB-PL2,2025-10-26,vireo.in,1,2799,PL2-2507-3
VR884244,C106376,VA-EB-PL2,2025-10-26,vireo.in,2,6998,PL2-2509-4
VR885214,C103071,VA-SW-FIT,2025-10-26,vireo.in,1,1599,FIT-2507-3
VR885643,C109460,VA-SW-NX1,2025-10-26,vireo.in,1,4499,NX1-2508-2
VR886208,C104279,VA-EB-PL1,2025-10-26,Flipkart,1,2499,PL1-2507-3
VR886680,C101775,VA-HP-ST2,2025-10-26,vireo.in,1,4249,ST2-2510-3
VR887461,C108257,VA-HP-ST3,2025-10-26,vireo.in,1,6999,ST3-2507-1
VR887993,C104372,VA-HP-ST3,2025-10-26,Amazon,1,6999,ST3-2507-4
VR889759,C101011,VA-AC-CASE,2025-10-26,vireo.in,1,1299,CASE-2508-3
VR889810,C103723,VA-SW-NX2,2025-10-26,vireo.in,2,12998,NX2-2509-2
VR890460,C107495,VA-EB-PL2,2025-10-26,Flipkart,1,3499,PL2-2510-1
VR891508,C106029,VA-EB-PL2,2025-10-26,Flipkart,1,3324,PL2-2508-1
VR891887,C101148,VA-HP-ST3,2025-10-26,Amazon,1,6999,ST3-2507-4
VR893186,C103960,VA-EB-PL2,2025-10-26,vireo.in,1,3149,PL2-2508-4
VR894456,C103688,VA-SW-NX2,2025-10-26,vireo.in,1,5199,NX2-2507-1
VR894534,C101048,VA-EB-AIR,2025-10-26,vireo.in,1,1709,AIR-2508-1
VR894686,C105632,VA-SP-ORB,2025-10-26,vireo.in,1,5999,ORB-2508-3
VR894903,C104928,VA-EB-AIR,2025-10-26,vireo.in,1,1529,AIR-2507-2
VR895104,C107312,VA-SW-NX2,2025-10-26,vireo.in,1,6174,NX2-2509-1
VR895197,C107703,VA-EB-PL2,2025-10-26,Flipkart,1,3324,PL2-2510-1
VR895337,C100133,VA-EB-PL2,2025-10-26,Flipkart,1,3499,PL2-2507-2
VR895715,C106667,VA-EB-PL1,2025-10-26,Flipkart,1,2374,PL1-2509-4
VR896483,C105748,VA-EB-PL2,2025-10-26,vireo.in,1,3149,PL2-2509-4
VR897916,C100588,VA-EB-PL2,2025-10-26,Amazon,1,3149,PL2-2509-4
VR898773,C108164,VA-SW-NX2,2025-10-26,Amazon,1,5524,NX2-2508-3
VR900327,C102335,VA-EB-AIR,2025-10-26,Amazon,1,1799,AIR-2508-4
VR906202,C102537,VA-EB-PL1,2025-10-26,vireo.in,1,2499,PL1-2508-4
VR907235,C103666,VA-EB-PL2,2025-10-26,vireo.in,1,3499,PL2-2510-2
VR907943,C104186,VA-EB-PL2,2025-10-26,Flipkart,1,3149,PL2-2507-1
VR908111,C101080,VA-NB-ARC,2025-10-26,vireo.in,1,1299,ARC-2508-3
VR909851,C107226,VA-EB-PL1,2025-10-26,Amazon,1,1999,PL1-2508-3
VR910008,C108168,VA-EB-AIR,2025-10-26,Flipkart,1,1439,AIR-2509-1
VR880331,C108356,VA-HP-ST3,2025-10-27,vireo.in,1,6649,ST3-2507-4
VR881162,C101908,VA-EB-PL2,2025-10-27,vireo.in,1,3324,PL2-2508-1
VR881819,C102627,VA-EB-PL2,2025-10-27,vireo.in,1,3499,PL2-2508-3
VR884194,C106960,VA-EB-PL2,2025-10-27,vireo.in,1,2974,PL2-2508-3
VR885548,C104380,VA-EB-PL2,2025-10-27,Flipkart,1,3149,PL2-2507-3
VR885739,C106995,VA-HP-ST2,2025-10-27,Amazon,1,4999,ST2-2507-3
VR887286,C109332,VA-HP-ST3,2025-10-27,Amazon,1,6299,ST3-2508-4
VR887675,C101977,VA-SW-FIT,2025-10-27,Amazon,1,1999,FIT-2510-2
VR887904,C102033,VA-EB-PL2,2025-10-27,vireo.in,1,3324,PL2-2507-3
VR889476,C108141,VA-EB-AIR,2025-10-27,vireo.in,2,3418,AIR-2509-3
VR890002,C101622,VA-EB-PL2,2025-10-27,Amazon,1,2799,PL2-2509-3
VR890596,C104414,VA-AC-CASE,2025-10-27,Flipkart,1,1039,CASE-2507-3
VR891856,C105868,VA-EB-PL2,2025-10-27,vireo.in,1,3499,PL2-2507-2
VR892008,C108669,VA-SW-NX2,2025-10-27,vireo.in,1,6174,NX2-2509-1
VR892633,C101240,VA-EB-PL1,2025-10-27,Flipkart,1,2499,PL1-2509-3
VR892828,C102973,VA-AC-CASE,2025-10-27,vireo.in,2,2598,CASE-2507-2
VR893528,C101817,VA-EB-PL2,2025-10-27,Amazon,1,2799,PL2-2508-2
VR895984,C107969,VA-AC-CASE,2025-10-27,Flipkart,1,1039,CASE-2510-3
VR896258,C107719,VA-EB-PL2,2025-10-27,Amazon,1,3149,PL2-2507-2
VR896287,C105549,VA-HP-ST2,2025-10-27,Amazon,1,4999,ST2-2508-3
VR897573,C100630,VA-AC-CASE,2025-10-27,vireo.in,1,1299,CASE-2508-2
VR898291,C101702,VA-HP-ST3,2025-10-27,vireo.in,1,5599,ST3-2507-4
VR898430,C104284,VA-SP-ORB,2025-10-27,vireo.in,1,4799,ORB-2508-4
VR899086,C108083,VA-EB-PL2,2025-10-27,vireo.in,1,3499,PL2-2508-3
VR900491,C109228,VA-EB-PL2,2025-10-27,Amazon,1,2799,PL2-2508-4
VR900509,C103799,VA-HP-ST2,2025-10-27,Amazon,1,4749,ST2-2508-1
VR900887,C107755,VA-EB-PL2,2025-10-27,Amazon,1,2974,PL2-2509-3
VR901620,C106778,VA-EB-PL2,2025-10-27,vireo.in,1,3149,PL2-2509-2
VR903717,C101471,VA-EB-PL2,2025-10-27,vireo.in,1,3499,PL2-2508-4
VR904402,C102824,VA-SP-ORB,2025-10-27,Amazon,1,5699,ORB-2508-4
VR905542,C103190,VA-SW-NX2,2025-10-27,vireo.in,1,5849,NX2-2507-2
VR905767,C104316,VA-EB-PL2,2025-10-27,vireo.in,1,3499,PL2-2507-3
VR907705,C107067,VA-SP-ORB,2025-10-27,vireo.in,1,5399,ORB-2508-4
VR907989,C105156,VA-AC-CASE,2025-10-27,vireo.in,1,1299,CASE-2507-4
VR908531,C102112,VA-EB-PL2,2025-10-27,Amazon,1,2974,PL2-2509-2
VR908857,C101795,VA-EB-PL2,2025-10-27,vireo.in,1,3499,PL2-2508-1
VR909240,C103845,VA-SW-FIT,2025-10-27,vireo.in,1,1699,FIT-2509-3
VR909530,C106582,VA-EB-PL1,2025-10-27,Amazon,1,2499,PL1-2507-4
VR880314,C105617,VA-EB-PL2,2025-10-28,Amazon,1,3149,PL2-2507-4
VR880463,C103101,VA-EB-PL2,2025-10-28,vireo.in,1,3499,PL2-2510-4
VR880922,C100059,VA-SW-FIT,2025-10-28,vireo.in,1,1799,FIT-2507-1
VR881704,C105625,VA-NB-ARC,2025-10-28,Flipkart,1,1234,ARC-2510-1
VR882425,C108846,VA-AC-CASE,2025-10-28,vireo.in,2,2078,CASE-2507-4
VR883054,C104477,VA-EB-AIR,2025-10-28,Amazon,1,1439,AIR-2508-4
VR883140,C102255,VA-SW-NX2,2025-10-28,vireo.in,1,5849,NX2-2508-1
VR884490,C108581,VA-SP-ORB,2025-10-28,Flipkart,1,5999,ORB-2509-3
VR884609,C100510,VA-HP-ST3,2025-10-28,Amazon,1,6999,ST3-2509-2
VR884936,C103239,VA-HP-ST3,2025-10-28,vireo.in,1,6999,ST3-2507-3
VR885580,C107237,VA-EB-AIR,2025-10-28,vireo.in,1,1799,AIR-2507-1
VR886840,C106804,VA-EB-PL2,2025-10-28,Flipkart,1,3324,PL2-2509-2
VR886921,C101443,VA-EB-PL2,2025-10-28,Amazon,1,3499,PL2-2510-4
VR886940,C104196,VA-SW-NX2,2025-10-28,Amazon,1,5524,NX2-2507-1
VR887804,C104763,VA-SW-NX2,2025-10-28,Amazon,1,6499,NX2-2509-4
VR888339,C107837,VA-HP-ST2,2025-10-28,vireo.in,1,4749,ST2-2508-4
VR888905,C103287,VA-AC-CBL,2025-10-28,Amazon,1,399,CBL-2507-4
VR889210,C106295,VA-SW-FIT,2025-10-28,vireo.in,1,1999,FIT-2509-3
VR890521,C103530,VA-SW-NX2,2025-10-28,vireo.in,1,5849,NX2-2508-3
VR891155,C105423,VA-EB-PL2,2025-10-28,vireo.in,1,3149,PL2-2509-1
VR891553,C104062,VA-SW-FIT,2025-10-28,vireo.in,1,1699,FIT-2510-2
VR895026,C106316,VA-EB-PL2,2025-10-28,vireo.in,1,2974,PL2-2509-4
VR896641,C102377,VA-EB-PL2,2025-10-28,Amazon,1,2974,PL2-2508-1
VR896757,C101296,VA-SP-ORB,2025-10-28,vireo.in,1,5699,ORB-2508-4
VR896919,C105863,VA-SW-NX2,2025-10-28,vireo.in,1,5524,NX2-2509-4
VR898167,C104080,VA-SP-ORB,2025-10-28,Amazon,1,5699,ORB-2509-4
VR898502,C107209,VA-EB-PL2,2025-10-28,vireo.in,1,3499,PL2-2508-4
VR898774,C101530,VA-EB-PL2,2025-10-28,vireo.in,1,3499,PL2-2509-2
VR899081,C109214,VA-EB-AIR,2025-10-28,vireo.in,2,2878,AIR-2510-2
VR899573,C100798,VA-SW-FIT,2025-10-28,vireo.in,1,1699,FIT-2508-3
VR900965,C100221,VA-SP-MINI,2025-10-28,vireo.in,1,2249,MINI-2507-2
VR902087,C109149,VA-EB-PL1,2025-10-28,Flipkart,1,2124,PL1-2508-1
VR902714,C105962,VA-SW-FIT,2025-10-28,Amazon,1,1999,FIT-2507-2
VR904480,C101402,VA-SP-MINI,2025-10-28,vireo.in,2,4498,MINI-2508-4
VR905806,C104965,VA-EB-PL2,2025-10-28,vireo.in,1,2799,PL2-2509-4
VR908882,C104948,VA-EB-PL2,2025-10-28,vireo.in,1,3499,PL2-2508-1
VR909061,C109417,VA-EB-PL1,2025-10-28,Flipkart,1,2499,PL1-2508-1
VR909351,C109474,VA-SP-MINI,2025-10-28,vireo.in,1,2374,MINI-2508-1
VR880246,C107477,VA-NB-ARC,2025-10-29,Amazon,1,1169,ARC-2508-1
VR881374,C105993,VA-EB-PL2,2025-10-29,Flipkart,1,3499,PL2-2507-1
VR881433,C107377,VA-HP-ST3,2025-10-29,Amazon,2,11198,ST3-2508-1
VR881995,C105480,VA-EB-PL2,2025-10-29,Flipkart,1,2974,PL2-2508-4
VR882210,C104876,VA-EB-PL2,2025-10-29,Amazon,1,3499,PL2-2509-1
VR882519,C105903,VA-EB-PL2,2025-10-29,vireo.in,1,3324,PL2-2510-4
VR884796,C101132,VA-AC-CASE,2025-10-29,vireo.in,1,1299,CASE-2507-3
VR885482,C103193,VA-EB-PL2,2025-10-29,vireo.in,1,3324,PL2-2508-2
VR886027,C107597,VA-EB-PL2,2025-10-29,vireo.in,1,3324,PL2-2508-4
VR889237,C107193,VA-EB-PL2,2025-10-29,vireo.in,1,2799,PL2-2509-2
VR889520,C104155,VA-HP-ST3,2025-10-29,vireo.in,2,13998,ST3-2507-4
VR890192,C106204,VA-EB-PL2,2025-10-29,vireo.in,1,2974,PL2-2507-1
VR890603,C102846,VA-EB-PL2,2025-10-29,Amazon,1,2974,PL2-2508-3
VR892205,C100805,VA-EB-AIR,2025-10-29,vireo.in,1,1799,AIR-2509-2
VR892508,C104402,VA-SW-FIT,2025-10-29,vireo.in,1,1999,FIT-2508-4
VR893508,C105935,VA-EB-PL2,2025-10-29,vireo.in,1,3324,PL2-2509-1
VR893537,C100746,VA-EB-PL2,2025-10-29,Flipkart,1,2799,PL2-2509-4
VR895211,C106318,VA-SW-FIT,2025-10-29,vireo.in,1,1999,FIT-2510-4
VR895630,C108374,VA-EB-AIR,2025-10-29,Amazon,1,1799,AIR-2508-2
VR896099,C109005,VA-AC-CH65,2025-10-29,vireo.in,1,1349,CH65-2508-2
VR896176,C103973,VA-EB-PL2,2025-10-29,Amazon,2,6998,PL2-2507-4
VR897117,C106790,VA-SW-NX2,2025-10-29,vireo.in,1,5524,NX2-2510-1
VR897798,C104966,VA-SW-NX2,2025-10-29,Flipkart,1,5849,NX2-2509-2
VR899547,C109051,VA-EB-PL2,2025-10-29,Flipkart,1,2799,PL2-2508-2
VR900628,C105968,VA-SP-ORB,2025-10-29,vireo.in,1,4799,ORB-2510-1
VR900824,C105847,VA-SW-FIT,2025-10-29,vireo.in,1,1699,FIT-2509-1
VR900842,C101610,VA-EB-PL2,2025-10-29,vireo.in,1,3499,PL2-2508-2
VR901549,C101728,VA-EB-PL1,2025-10-29,Amazon,1,2249,PL1-2507-3
VR902122,C101778,VA-EB-PL1,2025-10-29,vireo.in,1,2249,PL1-2508-3
VR903138,C107791,VA-SP-MINI,2025-10-29,vireo.in,1,2249,MINI-2509-1
VR903344,C108338,VA-HP-ST2,2025-10-29,Flipkart,1,4999,ST2-2507-3
VR903656,C109070,VA-NB-ARC,2025-10-29,Flipkart,1,1039,ARC-2510-4
VR903967,C101549,VA-EB-PL2,2025-10-29,vireo.in,1,3324,PL2-2507-3
VR904190,C105188,VA-HP-ST2,2025-10-29,Amazon,1,4749,ST2-2509-4
VR904446,C101113,VA-EB-PL2,2025-10-29,vireo.in,1,3499,PL2-2510-4
VR904507,C107821,VA-EB-PL1,2025-10-29,vireo.in,1,2374,PL1-2509-1
VR905991,C101425,VA-EB-PL2,2025-10-29,Amazon,1,3499,PL2-2507-4
VR906097,C107100,VA-SW-FIT,2025-10-29,Flipkart,1,1999,FIT-2508-2
VR906453,C107169,VA-EB-PL2,2025-10-29,vireo.in,1,3499,PL2-2509-3
VR907653,C102406,VA-EB-AIR,2025-10-29,vireo.in,1,1709,AIR-2509-1
VR909192,C105321,VA-EB-PL1,2025-10-29,vireo.in,1,2124,PL1-2509-1
VR909563,C105500,VA-EB-PL2,2025-10-29,vireo.in,1,3499,PL2-2509-4
VR909670,C108604,VA-EB-PL2,2025-10-29,Amazon,1,3499,PL2-2507-3
VR909980,C103881,VA-EB-PL2,2025-10-29,vireo.in,1,3499,PL2-2508-2
VR880111,C101245,VA-EB-PL2,2025-10-30,vireo.in,1,3324,PL2-2509-4
VR880270,C100430,VA-SW-NX2,2025-10-30,vireo.in,1,5524,NX2-2508-2
VR880881,C102775,VA-EB-PL1,2025-10-30,Flipkart,1,2124,PL1-2509-2
VR881847,C106082,VA-EB-PL2,2025-10-30,vireo.in,1,3324,PL2-2509-3
VR882615,C106907,VA-EB-PL2,2025-10-30,Amazon,1,3499,PL2-2509-4
VR882864,C101084,VA-EB-PL2,2025-10-30,Amazon,1,3499,PL2-2509-1
VR884362,C106013,VA-SW-FIT,2025-10-30,vireo.in,1,1599,FIT-2509-3
VR884453,C106865,VA-EB-PL1,2025-10-30,vireo.in,1,2249,PL1-2508-3
VR886512,C103800,VA-SP-MINI,2025-10-30,Amazon,1,1999,MINI-2509-4
VR886970,C107815,VA-SP-ORB,2025-10-30,Flipkart,1,5999,ORB-2510-3
VR890526,C107021,VA-AC-CH65,2025-10-30,vireo.in,1,1424,CH65-2508-3
VR892220,C102652,VA-SP-MINI,2025-10-30,vireo.in,1,1999,MINI-2508-3
VR892916,C103282,VA-EB-PL2,2025-10-30,Flipkart,1,3499,PL2-2508-3
VR893298,C104812,VA-NB-ARC,2025-10-30,vireo.in,1,1299,ARC-2509-4
VR894043,C106301,VA-HP-ST3,2025-10-30,Flipkart,1,6649,ST3-2509-4
VR894297,C102280,VA-EB-AIR,2025-10-30,vireo.in,1,1799,AIR-2507-3
VR894677,C102513,VA-EB-PL2,2025-10-30,vireo.in,1,3499,PL2-2508-2
VR895685,C100099,VA-EB-PL1,2025-10-30,Amazon,1,2499,PL1-2507-2
VR896395,C106215,VA-EB-AIR,2025-10-30,vireo.in,1,1799,AIR-2508-2
VR896509,C103464,VA-EB-PL2,2025-10-30,vireo.in,1,3499,PL2-2509-1
VR896550,C106096,VA-EB-PL2,2025-10-30,Amazon,1,3149,PL2-2510-3
VR896675,C105222,VA-EB-PL2,2025-10-30,Amazon,1,3499,PL2-2507-1
VR897867,C105318,VA-EB-PL2,2025-10-30,Flipkart,2,5598,PL2-2509-4
VR897873,C100291,VA-EB-PL2,2025-10-30,vireo.in,1,3499,PL2-2508-3
VR898851,C103241,VA-HP-ST2,2025-10-30,Flipkart,1,4999,ST2-2508-1
VR899067,C100808,VA-EB-PL2,2025-10-30,vireo.in,1,3149,PL2-2509-3
VR900088,C106824,VA-EB-AIR,2025-10-30,Amazon,1,1799,AIR-2508-2
VR901125,C108792,VA-EB-PL1,2025-10-30,Flipkart,2,4498,PL1-2508-2
VR901741,C106660,VA-EB-PL2,2025-10-30,vireo.in,1,3499,PL2-2508-4
VR902575,C106202,VA-SW-FIT,2025-10-30,Amazon,1,1999,FIT-2509-3
VR903006,C102490,VA-EB-PL2,2025-10-30,vireo.in,1,2974,PL2-2509-2
VR904913,C107576,VA-EB-PL2,2025-10-30,Flipkart,1,3149,PL2-2507-3
VR905828,C102324,VA-EB-PL2,2025-10-30,vireo.in,1,3149,PL2-2509-2
VR906726,C100326,VA-EB-AIR,2025-10-30,vireo.in,1,1529,AIR-2507-2
VR906933,C108484,VA-HP-ST3,2025-10-30,Amazon,1,5949,ST3-2509-4
VR906966,C103622,VA-SW-NX2,2025-10-30,vireo.in,1,6499,NX2-2508-4
VR907417,C106977,VA-EB-AIR,2025-10-30,Amazon,1,1439,AIR-2509-3
VR907611,C102702,VA-SW-NX2,2025-10-30,Flipkart,1,6499,NX2-2507-2
VR907998,C109131,VA-EB-AIR,2025-10-30,vireo.in,1,1799,AIR-2508-4
VR908737,C106781,VA-AC-CASE,2025-10-30,vireo.in,1,1299,CASE-2508-1
VR909446,C107717,VA-EB-PL2,2025-10-30,Flipkart,1,3324,PL2-2509-3
VR909946,C102211,VA-NB-ARC,2025-10-30,Flipkart,1,1299,ARC-2507-2
VR880481,C108233,VA-HP-ST3,2025-10-31,Amazon,1,6999,ST3-2507-3
VR880974,C106234,VA-SP-MINI,2025-10-31,vireo.in,1,2249,MINI-2509-2
VR881499,C104718,VA-EB-PL2,2025-10-31,Amazon,1,3499,PL2-2507-4
VR882277,C101754,VA-EB-PL2,2025-10-31,vireo.in,1,3149,PL2-2508-1
VR882935,C103209,VA-HP-ST3,2025-10-31,vireo.in,1,5949,ST3-2508-2
VR884057,C101334,VA-EB-PL2,2025-10-31,Amazon,1,2974,PL2-2510-4
VR886325,C103262,VA-AC-CASE,2025-10-31,Amazon,1,1234,CASE-2507-1
VR888806,C108454,VA-HP-ST2,2025-10-31,vireo.in,1,4249,ST2-2510-3
VR889968,C108313,VA-EB-PL1,2025-10-31,Flipkart,1,2249,PL1-2509-2
VR890316,C101415,VA-EB-PL1,2025-10-31,vireo.in,1,2499,PL1-2510-4
VR896450,C101588,VA-EB-PL2,2025-10-31,vireo.in,1,3324,PL2-2508-3
VR896808,C102907,VA-AC-CBL,2025-10-31,vireo.in,1,359,CBL-2509-4
VR897931,C103982,VA-SP-MINI,2025-10-31,vireo.in,1,2499,MINI-2508-4
VR898872,C104451,VA-NB-ARC,2025-10-31,vireo.in,1,1104,ARC-2507-3
VR899513,C109451,VA-SP-MINI,2025-10-31,vireo.in,1,2499,MINI-2509-1
VR900763,C106033,VA-SP-MINI,2025-10-31,vireo.in,1,2374,MINI-2510-1
VR903707,C105151,VA-EB-PL2,2025-10-31,Amazon,1,2799,PL2-2509-3
VR904815,C107947,VA-SW-FIT,2025-10-31,vireo.in,1,1999,FIT-2509-4
VR905216,C102051,VA-SW-NX2,2025-10-31,vireo.in,1,6499,NX2-2508-1
VR905275,C101316,VA-EB-PL1,2025-10-31,Amazon,1,2124,PL1-2507-1
VR905844,C102010,VA-EB-PL1,2025-10-31,Amazon,1,2374,PL1-2508-1
VR906458,C102975,VA-EB-PL2,2025-10-31,Amazon,1,3324,PL2-2508-3
VR906519,C105450,VA-EB-AIR,2025-10-31,vireo.in,1,1799,AIR-2510-2
VR906697,C102188,VA-EB-PL2,2025-10-31,vireo.in,1,2799,PL2-2508-1
VR907448,C106077,VA-SW-FIT,2025-10-31,vireo.in,2,3598,FIT-2509-4
VR909824,C103169,VA-SW-FIT,2025-10-31,vireo.in,1,1999,FIT-2508-3
VR909892,C107090,VA-SP-ORB,2025-10-31,vireo.in,1,5399,ORB-2509-3
VR883446,C100163,VA-AC-CH65,2025-11-01,Amazon,1,1349,CH65-2509-2
VR883529,C103123,VA-AC-CH65,2025-11-01,vireo.in,1,1349,CH65-2509-2
VR883985,C104639,VA-HP-ST2,2025-11-01,vireo.in,1,4499,ST2-2507-4
VR884735,C102377,VA-SW-NX1,2025-11-01,vireo.in,1,4999,NX1-2508-4
VR885175,C100526,VA-EB-PL2,2025-11-01,vireo.in,1,3499,PL2-2508-3
VR885182,C108507,VA-SW-FIT,2025-11-01,Amazon,1,1999,FIT-2509-2
VR885629,C107892,VA-EB-PL2,2025-11-01,vireo.in,1,3149,PL2-2509-2
VR888105,C105567,VA-EB-PL1,2025-11-01,Flipkart,1,2249,PL1-2509-3
VR889857,C101780,VA-EB-PL2,2025-11-01,vireo.in,1,3324,PL2-2507-1
VR890100,C102397,VA-EB-AIR,2025-11-01,Amazon,1,1619,AIR-2508-4
VR891603,C102220,VA-EB-PL2,2025-11-01,Amazon,1,2974,PL2-2509-2
VR892400,C101736,VA-EB-PL2,2025-11-01,vireo.in,1,3499,PL2-2509-2
VR892990,C103497,VA-SP-MINI,2025-11-01,vireo.in,1,1999,MINI-2507-3
VR893812,C100476,VA-EB-PL2,2025-11-01,vireo.in,1,3324,PL2-2510-4
VR894470,C103902,VA-EB-PL1,2025-11-01,vireo.in,1,1999,PL1-2509-4
VR895404,C108359,VA-AC-CH65,2025-11-01,Amazon,1,1199,CH65-2508-1
VR897275,C103809,VA-EB-PL1,2025-11-01,Amazon,2,4998,PL1-2509-3
VR897731,C102639,VA-SW-NX2,2025-11-01,Amazon,2,11048,NX2-2509-1
VR898267,C104379,VA-EB-PL2,2025-11-01,vireo.in,1,3499,PL2-2509-1
VR898803,C100935,VA-AC-CASE,2025-11-01,vireo.in,1,1039,CASE-2508-4
VR900132,C107346,VA-EB-PL1,2025-11-01,vireo.in,1,2124,PL1-2508-1
VR900957,C100549,VA-EB-PL2,2025-11-01,vireo.in,1,2974,PL2-2509-4
VR901211,C103457,VA-HP-ST2,2025-11-01,vireo.in,1,4999,ST2-2508-2
VR902712,C100106,VA-EB-PL2,2025-11-01,vireo.in,1,3499,PL2-2509-2
VR903010,C103536,VA-SW-NX2,2025-11-01,vireo.in,1,5849,NX2-2509-4
VR903795,C104075,VA-EB-PL2,2025-11-01,vireo.in,1,3324,PL2-2508-3
VR905898,C101160,VA-EB-PL2,2025-11-01,Amazon,1,3149,PL2-2509-4
VR907236,C105819,VA-EB-AIR,2025-11-01,vireo.in,1,1619,AIR-2508-4
VR908289,C103183,VA-HP-ST3,2025-11-01,vireo.in,1,6999,ST3-2508-3
VR908444,C107764,VA-EB-PL1,2025-11-01,Amazon,1,2249,PL1-2507-1
VR909572,C107001,VA-EB-AIR,2025-11-01,vireo.in,1,1799,AIR-2509-2
VR909575,C105479,VA-AC-CASE,2025-11-01,vireo.in,1,1039,CASE-2510-4
VR909613,C105566,VA-EB-PL2,2025-11-01,Amazon,1,3324,PL2-2507-4
VR880649,C100852,VA-HP-ST3,2025-11-02,Flipkart,1,6999,ST3-2510-2
VR881996,C108026,VA-EB-PL2,2025-11-02,vireo.in,1,3499,PL2-2509-4
VR883474,C105019,VA-SP-MINI,2025-11-02,vireo.in,1,2124,MINI-2509-3
VR883531,C108408,VA-EB-PL2,2025-11-02,Amazon,1,3499,PL2-2509-3
VR883737,C105130,VA-EB-PL2,2025-11-02,vireo.in,1,3499,PL2-2507-4
VR883917,C101061,VA-HP-ST3,2025-11-02,Flipkart,1,5949,ST3-2509-3
VR884152,C108723,VA-SW-FIT,2025-11-02,vireo.in,1,1699,FIT-2508-4
VR884946,C105375,VA-EB-PL2,2025-11-02,vireo.in,1,3499,PL2-2508-1
VR886005,C104832,VA-EB-AIR,2025-11-02,vireo.in,1,1799,AIR-2508-1
VR886407,C107607,VA-EB-PL2,2025-11-02,Amazon,1,3149,PL2-2509-4
VR887992,C108161,VA-HP-ST3,2025-11-02,Amazon,2,13298,ST3-2509-2
VR889159,C106714,VA-EB-PL2,2025-11-02,vireo.in,2,6648,PL2-2508-3
VR889903,C105507,VA-SW-FIT,2025-11-02,Flipkart,1,1699,FIT-2509-2
VR891182,C104070,VA-SP-MINI,2025-11-02,vireo.in,1,2124,MINI-2508-4
VR892108,C101991,VA-SP-ORB,2025-11-02,Amazon,1,5999,ORB-2507-2
VR892666,C106195,VA-SP-MINI,2025-11-02,vireo.in,1,2499,MINI-2509-1
VR893157,C103084,VA-EB-PL2,2025-11-02,vireo.in,1,3149,PL2-2507-4
VR894646,C100873,VA-EB-PL2,2025-11-02,Amazon,1,3149,PL2-2509-1
VR896336,C109457,VA-EB-PL2,2025-11-02,Amazon,2,5598,PL2-2509-4
VR896786,C105378,VA-EB-AIR,2025-11-02,vireo.in,1,1799,AIR-2509-2
VR897030,C101861,VA-EB-PL1,2025-11-02,Amazon,1,2374,PL1-2509-1
VR897258,C102037,VA-EB-AIR,2025-11-02,Flipkart,1,1619,AIR-2509-3
VR898087,C108009,VA-AC-CASE,2025-11-02,vireo.in,1,1299,CASE-2508-4
VR898920,C109395,VA-EB-PL2,2025-11-02,vireo.in,1,2799,PL2-2509-2
VR901737,C102359,VA-EB-PL2,2025-11-02,Amazon,1,3499,PL2-2509-4
VR901975,C103597,VA-EB-PL1,2025-11-02,Amazon,1,2499,PL1-2507-2
VR902461,C100003,VA-EB-PL2,2025-11-02,vireo.in,1,3499,PL2-2509-4
VR903879,C106448,VA-EB-PL1,2025-11-02,Amazon,1,2374,PL1-2508-3
VR903913,C100825,VA-EB-PL2,2025-11-02,vireo.in,1,3499,PL2-2510-2
VR905347,C100883,VA-AC-CH65,2025-11-02,vireo.in,1,1499,CH65-2508-3
VR906028,C107067,VA-EB-PL2,2025-11-02,Amazon,1,3499,PL2-2508-2
VR907561,C103443,VA-EB-PL2,2025-11-02,vireo.in,1,2799,PL2-2508-3
VR908117,C107650,VA-EB-PL1,2025-11-02,Flipkart,1,2499,PL1-2508-3
VR881266,C100106,VA-EB-PL2,2025-11-03,Amazon,1,3499,PL2-2510-1
VR881451,C100813,VA-EB-PL2,2025-11-03,Amazon,1,3324,PL2-2508-3
VR882246,C100667,VA-EB-PL2,2025-11-03,Amazon,1,3499,PL2-2507-4
VR884058,C103168,VA-EB-PL2,2025-11-03,vireo.in,1,3499,PL2-2508-4
VR884454,C107032,VA-EB-PL2,2025-11-03,Flipkart,1,3324,PL2-2508-1
VR884459,C102993,VA-EB-PL2,2025-11-03,vireo.in,1,3499,PL2-2509-2
VR885024,C101343,VA-EB-PL2,2025-11-03,Flipkart,1,3324,PL2-2510-1
VR885106,C100318,VA-SW-NX2,2025-11-03,Amazon,1,5199,NX2-2508-2
VR885645,C108350,VA-EB-PL2,2025-11-03,vireo.in,1,2974,PL2-2509-1
VR887148,C108885,VA-SW-NX1,2025-11-03,Flipkart,1,4249,NX1-2508-1
VR887775,C102612,VA-EB-PL2,2025-11-03,Flipkart,1,2974,PL2-2507-2
VR888948,C105746,VA-EB-PL2,2025-11-03,Amazon,1,3324,PL2-2510-1
VR888982,C106463,VA-NB-ARC,2025-11-03,Amazon,1,1104,ARC-2510-1
VR889741,C100761,VA-SW-NX2,2025-11-03,vireo.in,1,6499,NX2-2509-1
VR889756,C103941,VA-NB-ARC,2025-11-03,Amazon,1,1039,ARC-2509-2
VR889854,C108300,VA-AC-CH65,2025-11-03,vireo.in,1,1274,CH65-2508-4
VR890010,C100510,VA-EB-PL2,2025-11-03,Amazon,1,3149,PL2-2508-3
VR890184,C105992,VA-EB-PL2,2025-11-03,vireo.in,1,2799,PL2-2508-2
VR890933,C109025,VA-EB-PL2,2025-11-03,vireo.in,1,2974,PL2-2508-1
VR892486,C101444,VA-SW-NX2,2025-11-03,Amazon,1,6174,NX2-2508-3
VR892775,C101517,VA-EB-AIR,2025-11-03,Amazon,1,1799,AIR-2509-1
VR892879,C108626,VA-SP-MINI,2025-11-03,Amazon,1,1999,MINI-2507-2
VR893269,C109209,VA-SW-NX2,2025-11-03,Amazon,1,5524,NX2-2508-4
VR895102,C105206,VA-EB-PL2,2025-11-03,vireo.in,1,3324,PL2-2507-2
VR895306,C103021,VA-EB-PL2,2025-11-03,Amazon,1,2974,PL2-2508-2
VR895423,C103781,VA-SP-MINI,2025-11-03,vireo.in,1,1999,MINI-2509-3
VR896131,C107989,VA-EB-AIR,2025-11-03,vireo.in,1,1709,AIR-2508-1
VR896259,C105894,VA-EB-PL1,2025-11-03,Amazon,1,2499,PL1-2507-1
VR896993,C101877,VA-EB-PL2,2025-11-03,vireo.in,1,3324,PL2-2509-1
VR897460,C100636,VA-SW-NX2,2025-11-03,Amazon,1,5199,NX2-2510-2
VR897491,C100240,VA-EB-PL1,2025-11-03,Amazon,1,2499,PL1-2508-4
VR897494,C104971,VA-SW-NX2,2025-11-03,vireo.in,1,5199,NX2-2509-2
VR899406,C106938,VA-EB-PL2,2025-11-03,vireo.in,1,2974,PL2-2509-3
VR900667,C105406,VA-EB-AIR,2025-11-03,vireo.in,1,1619,AIR-2509-2
VR900730,C101467,VA-SP-ORB,2025-11-03,Amazon,1,5999,ORB-2510-2
VR900913,C109030,VA-EB-PL2,2025-11-03,vireo.in,1,3324,PL2-2510-4
VR902530,C103312,VA-EB-PL2,2025-11-03,vireo.in,1,2974,PL2-2508-4
VR903619,C103351,VA-EB-PL2,2025-11-03,vireo.in,1,2974,PL2-2508-3
VR904419,C101455,VA-SW-FIT,2025-11-03,vireo.in,1,1999,FIT-2507-1
VR905097,C107843,VA-HP-ST3,2025-11-03,vireo.in,2,13998,ST3-2507-3
VR905722,C102649,VA-EB-PL1,2025-11-03,vireo.in,1,2499,PL1-2507-4
VR906582,C104401,VA-EB-PL2,2025-11-03,Flipkart,1,3499,PL2-2508-4
VR907350,C100637,VA-SP-MINI,2025-11-03,vireo.in,1,2499,MINI-2508-2
VR907890,C108571,VA-EB-PL1,2025-11-03,vireo.in,1,2499,PL1-2510-3
VR908135,C100199,VA-SW-NX1,2025-11-03,Flipkart,2,9498,NX1-2507-2
VR882867,C107681,VA-SW-NX2,2025-11-04,Amazon,1,6499,NX2-2508-3
VR883609,C107465,VA-EB-PL2,2025-11-04,vireo.in,1,3499,PL2-2509-4
VR884172,C102419,VA-SW-NX2,2025-11-04,vireo.in,1,6499,NX2-2508-4
VR884201,C108128,VA-SW-FIT,2025-11-04,Amazon,1,1999,FIT-2510-3
VR884232,C106932,VA-SP-MINI,2025-11-04,Amazon,1,2124,MINI-2509-3
VR885229,C101834,VA-HP-ST3,2025-11-04,Flipkart,1,6999,ST3-2509-4
VR885637,C102818,VA-EB-PL1,2025-11-04,vireo.in,1,2499,PL1-2507-4
VR886919,C107173,VA-HP-ST2,2025-11-04,Amazon,1,4499,ST2-2509-1
VR887864,C106123,VA-AC-CASE,2025-11-04,vireo.in,1,1299,CASE-2510-2
VR892062,C100508,VA-EB-PL1,2025-11-04,vireo.in,1,2249,PL1-2508-1
VR893525,C101350,VA-EB-PL2,2025-11-04,Flipkart,1,3149,PL2-2507-4
VR893544,C108647,VA-SW-NX2,2025-11-04,Flipkart,1,5524,NX2-2507-2
VR893662,C101448,VA-HP-ST2,2025-11-04,Flipkart,1,4999,ST2-2509-4
VR896547,C108696,VA-SW-NX1,2025-11-04,Amazon,1,4999,NX1-2507-1
VR897386,C108947,VA-SW-NX1,2025-11-04,Amazon,1,4499,NX1-2509-3
VR899066,C107361,VA-EB-PL2,2025-11-04,Amazon,1,2974,PL2-2508-4
VR900774,C101419,VA-EB-PL2,2025-11-04,Amazon,1,3499,PL2-2509-4
VR901319,C107801,VA-EB-PL2,2025-11-04,Amazon,1,3324,PL2-2507-4
VR903039,C109239,VA-SW-NX2,2025-11-04,vireo.in,1,6174,NX2-2510-3
VR904231,C103634,VA-SP-MINI,2025-11-04,vireo.in,1,2499,MINI-2509-4
VR904598,C104939,VA-SW-NX2,2025-11-04,vireo.in,1,5849,NX2-2509-2
VR906404,C104914,VA-SP-MINI,2025-11-04,Amazon,1,2499,MINI-2509-3
VR907003,C102212,VA-SP-MINI,2025-11-04,vireo.in,1,2499,MINI-2508-2
VR907292,C100754,VA-EB-PL2,2025-11-04,Flipkart,1,3499,PL2-2509-4
VR907452,C107437,VA-EB-PL2,2025-11-04,vireo.in,1,3499,PL2-2509-4
VR907531,C108657,VA-AC-CH65,2025-11-04,vireo.in,1,1499,CH65-2508-3
VR907795,C100198,VA-SW-NX2,2025-11-04,Amazon,1,5524,NX2-2508-2
VR908053,C105161,VA-EB-PL2,2025-11-04,Amazon,1,3499,PL2-2508-3
VR909267,C105832,VA-EB-PL2,2025-11-04,vireo.in,1,3499,PL2-2510-2
VR881726,C101400,VA-SP-MINI,2025-11-05,Amazon,1,2249,MINI-2507-1
VR882625,C102686,VA-SP-ORB,2025-11-05,Flipkart,2,10198,ORB-2508-4
VR884318,C107114,VA-SW-NX1,2025-11-05,vireo.in,1,4999,NX1-2509-1
VR884378,C102567,VA-EB-PL2,2025-11-05,vireo.in,1,2799,PL2-2509-1
VR886277,C100645,VA-AC-CH65,2025-11-05,vireo.in,1,1499,CH65-2509-3
VR888171,C105815,VA-EB-PL2,2025-11-05,vireo.in,1,3499,PL2-2508-3
VR888301,C109198,VA-SW-NX1,2025-11-05,Amazon,1,4249,NX1-2509-2
VR888776,C102567,VA-EB-PL2,2025-11-05,Flipkart,1,2799,PL2-2508-4
VR889691,C101948,VA-EB-PL2,2025-11-05,vireo.in,1,3499,PL2-2509-2
VR891560,C101638,VA-EB-PL2,2025-11-05,Amazon,1,2799,PL2-2508-3
VR892143,C105468,VA-EB-AIR,2025-11-05,vireo.in,1,1709,AIR-2507-3
VR892192,C102481,VA-EB-PL1,2025-11-05,vireo.in,1,1999,PL1-2508-4
VR895565,C106843,VA-AC-CASE,2025-11-05,Amazon,1,1169,CASE-2510-3
VR896325,C103475,VA-EB-PL2,2025-11-05,vireo.in,1,3499,PL2-2508-1
VR899063,C101587,VA-EB-PL2,2025-11-05,vireo.in,1,3499,PL2-2508-2
VR899981,C104986,VA-EB-PL2,2025-11-05,Flipkart,1,2974,PL2-2507-1
VR900451,C101375,VA-EB-PL2,2025-11-05,vireo.in,2,6998,PL2-2509-3
VR900968,C105469,VA-EB-PL2,2025-11-05,vireo.in,1,2974,PL2-2508-3
VR902198,C100883,VA-SP-MINI,2025-11-05,vireo.in,2,4998,MINI-2510-4
VR902646,C103892,VA-EB-PL2,2025-11-05,Flipkart,1,3499,PL2-2509-4
VR902649,C108137,VA-EB-AIR,2025-11-05,vireo.in,1,1799,AIR-2508-1
VR904926,C107647,VA-EB-AIR,2025-11-05,vireo.in,2,3058,AIR-2508-2
VR905120,C106903,VA-EB-PL2,2025-11-05,Amazon,1,3499,PL2-2509-2
VR907529,C105433,VA-EB-AIR,2025-11-05,vireo.in,1,1619,AIR-2508-3
VR908475,C102584,VA-EB-PL2,2025-11-05,vireo.in,1,3499,PL2-2508-1
VR908536,C103343,VA-EB-PL2,2025-11-05,vireo.in,1,3499,PL2-2510-1
VR909077,C107062,VA-EB-PL2,2025-11-05,vireo.in,2,6298,PL2-2508-1
VR880320,C107397,VA-EB-PL1,2025-11-06,Flipkart,1,2124,PL1-2508-1
VR880394,C105955,VA-HP-ST3,2025-11-06,vireo.in,2,13998,ST3-2507-3
VR885049,C107457,VA-SP-MINI,2025-11-06,vireo.in,1,2499,MINI-2510-4
VR887776,C101689,VA-EB-PL2,2025-11-06,Amazon,1,3499,PL2-2509-1
VR888454,C109165,VA-EB-PL1,2025-11-06,vireo.in,1,2249,PL1-2509-2
VR888885,C100035,VA-HP-ST3,2025-11-06,vireo.in,2,13998,ST3-2508-4
VR889301,C102503,VA-EB-PL2,2025-11-06,vireo.in,1,3324,PL2-2507-3
VR889657,C103698,VA-SW-NX1,2025-11-06,vireo.in,1,4999,NX1-2509-2
VR890416,C107838,VA-SP-MINI,2025-11-06,vireo.in,1,2499,MINI-2508-2
VR890821,C107355,VA-SW-NX2,2025-11-06,vireo.in,1,6174,NX2-2510-4
VR890971,C105630,VA-SW-NX1,2025-11-06,vireo.in,1,4499,NX1-2510-3
VR890996,C104809,VA-HP-ST3,2025-11-06,Flipkart,1,6299,ST3-2509-4
VR892165,C104298,VA-SW-FIT,2025-11-06,vireo.in,1,1799,FIT-2507-4
VR892370,C102828,VA-EB-AIR,2025-11-06,Amazon,1,1709,AIR-2509-1
VR892768,C106786,VA-SP-MINI,2025-11-06,vireo.in,1,2249,MINI-2508-1
VR893165,C104875,VA-SW-NX2,2025-11-06,vireo.in,1,5524,NX2-2510-1
VR893729,C103135,VA-EB-PL2,2025-11-06,Amazon,1,3499,PL2-2510-3
VR893763,C104023,VA-EB-PL1,2025-11-06,Amazon,1,2374,PL1-2509-2
VR894439,C106383,VA-EB-PL2,2025-11-06,Amazon,2,6998,PL2-2509-4
VR894708,C102808,VA-SW-NX1,2025-11-06,vireo.in,1,4999,NX1-2508-3
VR895838,C105571,VA-SW-NX1,2025-11-06,Amazon,2,7998,NX1-2509-1
VR895969,C100177,VA-SW-FIT,2025-11-06,Amazon,1,1999,FIT-2508-4
VR896314,C100597,VA-HP-ST2,2025-11-06,vireo.in,1,4499,ST2-2510-1
VR898555,C104442,VA-EB-PL2,2025-11-06,Amazon,1,3499,PL2-2507-4
VR898724,C100026,VA-EB-PL2,2025-11-06,vireo.in,1,3499,PL2-2509-4
VR899095,C109125,VA-EB-PL2,2025-11-06,vireo.in,1,3499,PL2-2508-2
VR899605,C101879,VA-SW-NX2,2025-11-06,Amazon,1,5199,NX2-2510-4
VR900118,C102868,VA-SP-MINI,2025-11-06,Amazon,1,2499,MINI-2508-2
VR900469,C104910,VA-EB-PL2,2025-11-06,Amazon,1,3499,PL2-2509-4
VR902930,C103424,VA-EB-PL2,2025-11-06,vireo.in,1,3499,PL2-2508-1
VR903783,C101910,VA-AC-CASE,2025-11-06,vireo.in,1,1104,CASE-2509-3
VR903972,C101775,VA-SW-NX2,2025-11-06,vireo.in,1,6499,NX2-2509-2
VR904421,C107537,VA-EB-PL2,2025-11-06,vireo.in,1,2974,PL2-2509-2
VR904688,C101012,VA-SW-NX2,2025-11-06,Amazon,1,6174,NX2-2507-4
VR905288,C108856,VA-EB-PL2,2025-11-06,vireo.in,1,3499,PL2-2508-1
VR905319,C107382,VA-EB-AIR,2025-11-06,Flipkart,1,1619,AIR-2508-1
VR905706,C104303,VA-EB-PL2,2025-11-06,Amazon,1,2799,PL2-2507-1
VR906235,C107315,VA-EB-AIR,2025-11-06,Amazon,1,1799,AIR-2509-1
VR906725,C106856,VA-EB-PL2,2025-11-06,Amazon,1,3149,PL2-2507-3
VR908285,C108648,VA-EB-PL2,2025-11-06,vireo.in,1,3499,PL2-2508-2
VR909372,C103593,VA-SW-NX1,2025-11-06,vireo.in,1,4999,NX1-2509-2
VR880303,C109151,VA-SW-FIT,2025-11-07,vireo.in,1,1599,FIT-2509-1
VR880306,C107033,VA-EB-PL1,2025-11-07,Flipkart,1,2374,PL1-2509-2
VR881459,C103847,VA-SP-ORB,2025-11-07,vireo.in,1,5399,ORB-2509-3
VR881882,C107088,VA-SW-FIT,2025-11-07,vireo.in,1,1999,FIT-2510-4
VR882501,C103462,VA-NB-ARC,2025-11-07,Flipkart,1,1234,ARC-2508-2
VR883438,C103949,VA-EB-PL2,2025-11-07,Amazon,1,3499,PL2-2509-1
VR885194,C103296,VA-HP-ST2,2025-11-07,Flipkart,1,4999,ST2-2507-1
VR885888,C101537,VA-AC-CBL,2025-11-07,Amazon,1,399,CBL-2508-4
VR886885,C109339,VA-AC-CASE,2025-11-07,vireo.in,1,1299,CASE-2509-2
VR888098,C105785,VA-EB-PL1,2025-11-07,vireo.in,1,1999,PL1-2510-4
VR889248,C104094,VA-NB-ARC,2025-11-07,Amazon,1,1104,ARC-2508-3
VR889890,C106361,VA-EB-PL2,2025-11-07,vireo.in,1,3499,PL2-2508-4
VR890000,C107590,VA-HP-ST2,2025-11-07,vireo.in,1,4249,ST2-2508-2
VR890731,C107549,VA-SP-MINI,2025-11-07,Flipkart,1,1999,MINI-2507-2
VR891417,C100961,VA-EB-AIR,2025-11-07,Flipkart,1,1709,AIR-2509-3
VR892259,C104008,VA-EB-PL2,2025-11-07,Amazon,1,3324,PL2-2508-2
VR893172,C102740,VA-EB-PL2,2025-11-07,Flipkart,1,3324,PL2-2507-4
VR894486,C102357,VA-AC-CH65,2025-11-07,Amazon,1,1349,CH65-2509-4
VR894783,C109113,VA-EB-AIR,2025-11-07,vireo.in,1,1799,AIR-2510-4
VR895164,C104575,VA-HP-ST3,2025-11-07,vireo.in,1,6299,ST3-2509-2
VR895270,C101344,VA-EB-PL2,2025-11-07,Amazon,1,3149,PL2-2509-4
VR896459,C106813,VA-HP-ST3,2025-11-07,Flipkart,1,6999,ST3-2510-1
VR897686,C102404,VA-EB-AIR,2025-11-07,vireo.in,1,1529,AIR-2508-4
VR898006,C107360,VA-SW-FIT,2025-11-07,Flipkart,1,1599,FIT-2509-4
VR899602,C105836,VA-SW-NX1,2025-11-07,vireo.in,2,7998,NX1-2509-3
VR900834,C104138,VA-EB-PL2,2025-11-07,Amazon,1,3499,PL2-2508-1
VR900978,C103051,VA-EB-PL2,2025-11-07,vireo.in,1,3324,PL2-2510-3
VR901384,C103013,VA-EB-PL1,2025-11-07,vireo.in,1,2374,PL1-2510-1
VR902585,C105728,VA-SW-NX1,2025-11-07,vireo.in,1,4999,NX1-2509-1
VR903676,C108600,VA-EB-PL2,2025-11-07,vireo.in,1,3149,PL2-2508-3
VR903722,C103947,VA-SP-MINI,2025-11-07,Flipkart,1,2374,MINI-2508-2
VR906145,C102604,VA-EB-PL2,2025-11-07,vireo.in,1,3499,PL2-2509-2
VR906399,C102397,VA-SW-NX2,2025-11-07,Amazon,1,6499,NX2-2509-3
VR907028,C107989,VA-NB-ARC,2025-11-07,vireo.in,1,1234,ARC-2508-4
VR907111,C100581,VA-EB-AIR,2025-11-07,vireo.in,1,1799,AIR-2507-1
VR907776,C108783,VA-EB-PL2,2025-11-07,vireo.in,1,3499,PL2-2508-3
VR907903,C109000,VA-EB-PL1,2025-11-07,vireo.in,1,2124,PL1-2509-2
VR908585,C102447,VA-EB-PL2,2025-11-07,vireo.in,1,3499,PL2-2509-1
VR880110,C101663,VA-EB-PL2,2025-11-08,vireo.in,1,2799,PL2-2508-2
VR881122,C105419,VA-SW-NX1,2025-11-08,Flipkart,1,3999,NX1-2509-4
VR881613,C104052,VA-SP-MINI,2025-11-08,Amazon,1,2499,MINI-2507-2
VR883222,C109401,VA-NB-ARC,2025-11-08,Flipkart,1,1299,ARC-2508-4
VR883936,C104446,VA-HP-ST3,2025-11-08,vireo.in,1,6649,ST3-2508-4
VR886262,C102134,VA-SW-FIT,2025-11-08,vireo.in,1,1799,FIT-2508-4
VR886370,C108502,VA-EB-PL2,2025-11-08,Flipkart,1,2799,PL2-2509-3
VR887310,C104465,VA-EB-PL2,2025-11-08,vireo.in,1,3149,PL2-2508-3
VR888420,C100243,VA-EB-PL2,2025-11-08,vireo.in,1,2974,PL2-2510-3
VR888490,C104893,VA-SW-NX1,2025-11-08,Amazon,1,4249,NX1-2507-4
VR888923,C103550,VA-SW-FIT,2025-11-08,Amazon,1,1599,FIT-2510-2
VR889294,C102195,VA-EB-PL2,2025-11-08,Amazon,2,6998,PL2-2508-1
VR890255,C104521,VA-HP-ST2,2025-11-08,vireo.in,2,7998,ST2-2510-1
VR891223,C106297,VA-EB-PL2,2025-11-08,Flipkart,1,3499,PL2-2508-3
VR894792,C107951,VA-AC-CASE,2025-11-08,vireo.in,1,1299,CASE-2509-4
VR895448,C100686,VA-EB-PL1,2025-11-08,vireo.in,1,1999,PL1-2510-1
VR895831,C106837,VA-EB-PL2,2025-11-08,vireo.in,1,3499,PL2-2508-2
VR897526,C106963,VA-HP-ST2,2025-11-08,vireo.in,1,4249,ST2-2509-1
VR899199,C104945,VA-EB-PL2,2025-11-08,Amazon,1,3499,PL2-2510-1
VR900217,C103640,VA-EB-PL2,2025-11-08,vireo.in,1,3499,PL2-2509-4
VR901217,C104071,VA-SP-MINI,2025-11-08,Amazon,1,2374,MINI-2509-2
VR902407,C102603,VA-EB-PL1,2025-11-08,Amazon,1,2499,PL1-2508-2
VR903104,C103698,VA-EB-AIR,2025-11-08,vireo.in,1,1529,AIR-2508-1
VR904019,C107656,VA-EB-PL1,2025-11-08,vireo.in,1,2124,PL1-2507-2
VR904311,C102876,VA-EB-PL2,2025-11-08,vireo.in,1,3499,PL2-2509-4
VR904568,C102801,VA-EB-PL2,2025-11-08,vireo.in,1,3499,PL2-2507-1
VR908238,C101469,VA-EB-PL2,2025-11-08,Amazon,1,2799,PL2-2507-2
VR908451,C105054,VA-EB-PL2,2025-11-08,Amazon,1,3499,PL2-2508-2
VR909283,C102617,VA-HP-ST3,2025-11-08,vireo.in,1,6299,ST3-2508-1
VR909947,C103606,VA-EB-PL2,2025-11-08,vireo.in,1,3499,PL2-2510-2
VR881290,C106461,VA-SW-NX2,2025-11-09,vireo.in,1,5524,NX2-2508-2
VR881684,C108288,VA-EB-PL2,2025-11-09,Amazon,1,2974,PL2-2510-1
VR882301,C107533,VA-EB-PL1,2025-11-09,vireo.in,1,2499,PL1-2508-3
VR883886,C107327,VA-SW-NX2,2025-11-09,vireo.in,2,12998,NX2-2508-1
VR885830,C108632,VA-AC-CH65,2025-11-09,Flipkart,1,1274,CH65-2510-3
VR886367,C103420,VA-NB-ARC,2025-11-09,vireo.in,1,1104,ARC-2508-2
VR887470,C104624,VA-SP-ORB,2025-11-09,vireo.in,1,5099,ORB-2509-2
VR888068,C106380,VA-NB-ARC,2025-11-09,Amazon,1,1299,ARC-2507-4
VR888607,C102554,VA-EB-PL2,2025-11-09,vireo.in,1,3149,PL2-2508-1
VR890554,C108611,VA-EB-PL2,2025-11-09,Amazon,1,3149,PL2-2509-3
VR892446,C100768,VA-EB-AIR,2025-11-09,vireo.in,1,1529,AIR-2509-4
VR892946,C100557,VA-EB-PL2,2025-11-09,Amazon,1,3499,PL2-2509-1
VR893017,C106571,VA-EB-PL2,2025-11-09,vireo.in,1,2799,PL2-2508-2
VR895052,C104168,VA-EB-PL2,2025-11-09,Flipkart,1,3149,PL2-2507-1
VR895687,C109125,VA-EB-PL2,2025-11-09,vireo.in,1,3499,PL2-2508-1
VR895812,C104627,VA-EB-PL1,2025-11-09,Amazon,2,4748,PL1-2507-3
VR899843,C108543,VA-EB-PL2,2025-11-09,vireo.in,1,2974,PL2-2510-2
VR902303,C107634,VA-SW-NX1,2025-11-09,vireo.in,1,4749,NX1-2509-4
VR902744,C103454,VA-HP-ST3,2025-11-09,Amazon,1,6999,ST3-2510-3
VR903034,C106210,VA-EB-PL2,2025-11-09,Flipkart,1,3499,PL2-2509-2
VR903856,C103259,VA-HP-ST3,2025-11-09,vireo.in,1,6999,ST3-2507-4
VR904359,C108301,VA-EB-PL2,2025-11-09,vireo.in,1,3324,PL2-2510-2
VR907027,C103987,VA-EB-PL1,2025-11-09,Amazon,1,2499,PL1-2510-3
VR907122,C103685,VA-EB-PL2,2025-11-09,vireo.in,1,2974,PL2-2509-4
VR907234,C108040,VA-NB-ARC,2025-11-09,Amazon,1,1039,ARC-2509-2
VR908031,C105658,VA-EB-PL1,2025-11-09,vireo.in,1,1999,PL1-2509-4
VR908172,C108397,VA-HP-ST2,2025-11-09,Amazon,1,4249,ST2-2509-3
VR908363,C100897,VA-EB-PL2,2025-11-09,vireo.in,1,3324,PL2-2508-4
VR908439,C105194,VA-EB-PL2,2025-11-09,Amazon,1,2974,PL2-2508-2
VR881491,C108809,VA-EB-PL2,2025-11-10,Flipkart,1,3499,PL2-2509-1
VR885348,C105992,VA-EB-PL2,2025-11-10,vireo.in,1,2799,PL2-2509-4
VR887115,C101656,VA-HP-ST3,2025-11-10,vireo.in,1,5599,ST3-2509-2
VR889097,C106173,VA-SW-NX2,2025-11-10,Flipkart,1,6499,NX2-2508-4
VR889441,C103888,VA-EB-PL2,2025-11-10,Amazon,1,2974,PL2-2508-2
VR889546,C105050,VA-EB-PL2,2025-11-10,vireo.in,2,5948,PL2-2509-3
VR889704,C102491,VA-EB-PL1,2025-11-10,Amazon,1,2124,PL1-2509-4
VR890621,C102001,VA-AC-CH65,2025-11-10,vireo.in,1,1499,CH65-2510-3
VR890649,C104786,VA-SW-NX2,2025-11-10,vireo.in,1,5524,NX2-2507-3
VR890915,C103376,VA-AC-CBL,2025-11-10,vireo.in,1,399,CBL-2508-3
VR892233,C100545,VA-SW-NX2,2025-11-10,Amazon,1,6499,NX2-2510-2
VR892239,C100861,VA-SW-FIT,2025-11-10,Amazon,1,1899,FIT-2509-1
VR892468,C107664,VA-AC-CASE,2025-11-10,Amazon,1,1104,CASE-2508-4
VR892604,C101314,VA-EB-PL2,2025-11-10,Flipkart,1,3149,PL2-2508-2
VR894363,C108523,VA-SP-ORB,2025-11-10,vireo.in,1,5699,ORB-2508-3
VR894879,C101853,VA-SP-MINI,2025-11-10,Flipkart,1,1999,MINI-2508-2
VR894886,C109421,VA-SW-NX2,2025-11-10,vireo.in,1,6499,NX2-2510-3
VR895230,C101148,VA-EB-PL1,2025-11-10,vireo.in,1,2499,PL1-2509-3
VR895243,C101038,VA-SP-MINI,2025-11-10,vireo.in,1,1999,MINI-2508-4
VR895430,C104260,VA-EB-PL2,2025-11-10,vireo.in,1,2974,PL2-2508-3
VR896052,C105243,VA-EB-PL2,2025-11-10,vireo.in,1,3499,PL2-2510-2
VR897788,C106215,VA-EB-PL2,2025-11-10,vireo.in,1,2799,PL2-2507-4
VR898184,C103303,VA-EB-PL2,2025-11-10,vireo.in,1,2974,PL2-2510-2
VR899307,C100629,VA-HP-ST2,2025-11-10,Flipkart,1,4999,ST2-2510-1
VR900660,C102359,VA-EB-PL1,2025-11-10,vireo.in,1,2124,PL1-2510-4
VR903773,C105246,VA-SP-ORB,2025-11-10,vireo.in,1,5099,ORB-2510-2
VR903789,C101262,VA-EB-PL2,2025-11-10,vireo.in,1,2799,PL2-2510-3
VR904024,C108754,VA-EB-AIR,2025-11-10,Flipkart,1,1709,AIR-2509-2
VR904684,C108145,VA-HP-ST3,2025-11-10,vireo.in,1,5949,ST3-2507-3
VR904819,C109444,VA-SW-NX2,2025-11-10,Amazon,1,6499,NX2-2510-1
VR905887,C109120,VA-EB-PL2,2025-11-10,vireo.in,2,6298,PL2-2510-3
VR906431,C109208,VA-HP-ST2,2025-11-10,Amazon,1,3999,ST2-2509-1
VR906762,C105942,VA-SW-FIT,2025-11-10,vireo.in,1,1999,FIT-2510-4
VR906776,C106666,VA-SW-NX2,2025-11-10,vireo.in,1,6174,NX2-2509-3
VR908752,C104692,VA-HP-ST2,2025-11-10,Flipkart,1,4749,ST2-2508-3
VR908815,C108691,VA-EB-PL2,2025-11-10,vireo.in,1,3499,PL2-2510-4
VR909049,C104339,VA-NB-ARC,2025-11-10,vireo.in,1,1104,ARC-2508-3
VR881147,C107765,VA-EB-PL2,2025-11-11,vireo.in,1,3499,PL2-2508-2
VR881938,C107665,VA-SW-NX1,2025-11-11,vireo.in,1,4999,NX1-2508-2
VR882474,C100248,VA-AC-CBL,2025-11-11,vireo.in,1,399,CBL-2508-4
VR882643,C109299,VA-SW-FIT,2025-11-11,vireo.in,1,1999,FIT-2508-1
VR884186,C106419,VA-EB-PL2,2025-11-11,Amazon,1,3499,PL2-2509-1
VR884187,C107175,VA-EB-PL2,2025-11-11,vireo.in,1,2974,PL2-2508-3
VR885153,C106516,VA-EB-PL2,2025-11-11,Amazon,1,3499,PL2-2509-2
VR887981,C106335,VA-EB-PL2,2025-11-11,vireo.in,2,6998,PL2-2508-3
VR888374,C106716,VA-SP-MINI,2025-11-11,Amazon,1,2499,MINI-2508-3
VR888531,C101995,VA-SP-MINI,2025-11-11,vireo.in,1,2499,MINI-2509-3
VR888796,C103027,VA-SP-MINI,2025-11-11,vireo.in,1,1999,MINI-2509-2
VR889737,C103276,VA-EB-PL2,2025-11-11,Amazon,1,3499,PL2-2509-1
VR890970,C102688,VA-EB-PL1,2025-11-11,vireo.in,1,2249,PL1-2508-1
VR891233,C106994,VA-SW-NX2,2025-11-11,vireo.in,1,5199,NX2-2508-3
VR892926,C103198,VA-SP-MINI,2025-11-11,vireo.in,1,2499,MINI-2509-2
VR893185,C108096,VA-SP-MINI,2025-11-11,Amazon,1,2499,MINI-2508-4
VR894255,C106516,VA-EB-PL2,2025-11-11,vireo.in,1,2974,PL2-2508-3
VR894570,C105922,VA-EB-PL2,2025-11-11,Amazon,1,3149,PL2-2510-4
VR894986,C101532,VA-SP-ORB,2025-11-11,vireo.in,1,5999,ORB-2510-1
VR895195,C104290,VA-EB-PL2,2025-11-11,Amazon,1,3499,PL2-2508-1
VR895305,C104644,VA-EB-PL2,2025-11-11,vireo.in,1,3499,PL2-2508-3
VR895372,C104413,VA-SW-NX1,2025-11-11,vireo.in,1,4999,NX1-2508-4
VR895425,C106892,VA-EB-PL1,2025-11-11,vireo.in,2,3998,PL1-2507-1
VR895737,C101438,VA-SW-FIT,2025-11-11,Flipkart,1,1599,FIT-2510-4
VR897823,C107833,VA-EB-PL1,2025-11-11,Amazon,2,4998,PL1-2509-3
VR899013,C103702,VA-AC-CASE,2025-11-11,Amazon,1,1169,CASE-2509-2
VR899820,C102841,VA-EB-PL1,2025-11-11,Amazon,1,2499,PL1-2508-3
VR901407,C106001,VA-EB-PL2,2025-11-11,Amazon,1,2799,PL2-2508-1
VR901469,C104294,VA-EB-PL2,2025-11-11,Amazon,1,2799,PL2-2509-1
VR901474,C109037,VA-EB-PL2,2025-11-11,vireo.in,1,3324,PL2-2509-3
VR903403,C107133,VA-EB-PL2,2025-11-11,Amazon,1,3499,PL2-2508-1
VR904057,C105686,VA-EB-PL2,2025-11-11,vireo.in,1,3499,PL2-2509-2
VR905292,C108816,VA-EB-AIR,2025-11-11,vireo.in,1,1799,AIR-2507-3
VR905417,C104239,VA-EB-PL2,2025-11-11,Amazon,1,2799,PL2-2510-3
VR908793,C101829,VA-EB-AIR,2025-11-11,vireo.in,1,1799,AIR-2509-4
VR909132,C101932,VA-HP-ST3,2025-11-11,Amazon,1,5949,ST3-2508-2
VR910011,C100122,VA-EB-PL1,2025-11-11,vireo.in,1,2374,PL1-2510-4
VR882741,C103911,VA-SP-ORB,2025-11-12,vireo.in,1,5399,ORB-2509-2
VR883541,C100040,VA-EB-PL1,2025-11-12,vireo.in,1,1999,PL1-2508-1
VR883805,C103551,VA-EB-PL2,2025-11-12,Amazon,1,3499,PL2-2508-4
VR884342,C106917,VA-EB-PL1,2025-11-12,vireo.in,1,2499,PL1-2509-2
VR884381,C101283,VA-EB-PL2,2025-11-12,Flipkart,1,3149,PL2-2508-1
VR884852,C100528,VA-EB-PL2,2025-11-12,vireo.in,1,2974,PL2-2510-2
VR885365,C103462,VA-EB-PL2,2025-11-12,Amazon,1,3499,PL2-2510-4
VR885395,C107139,VA-AC-CH65,2025-11-12,Amazon,1,1274,CH65-2507-1
VR885628,C106925,VA-SP-ORB,2025-11-12,vireo.in,1,5999,ORB-2510-1
VR887313,C105762,VA-SP-ORB,2025-11-12,Flipkart,1,4799,ORB-2507-4
VR888185,C106424,VA-EB-AIR,2025-11-12,vireo.in,1,1799,AIR-2509-2
VR888426,C105808,VA-HP-ST3,2025-11-12,vireo.in,1,6999,ST3-2510-2
VR889626,C102383,VA-SW-NX2,2025-11-12,vireo.in,2,10398,NX2-2509-4
VR889954,C109005,VA-EB-PL2,2025-11-12,Flipkart,1,3324,PL2-2508-1
VR890103,C108714,VA-HP-ST3,2025-11-12,Amazon,1,6999,ST3-2508-2
VR890508,C104203,VA-EB-PL1,2025-11-12,vireo.in,1,2499,PL1-2508-3
VR890824,C103805,VA-AC-CASE,2025-11-12,Amazon,1,1104,CASE-2509-4
VR891104,C104065,VA-EB-PL1,2025-11-12,vireo.in,1,2499,PL1-2508-4
VR892067,C102771,VA-EB-PL2,2025-11-12,Flipkart,1,2799,PL2-2510-3
VR892498,C101102,VA-EB-PL2,2025-11-12,Amazon,1,3499,PL2-2507-3
VR893572,C106153,VA-EB-PL2,2025-11-12,vireo.in,1,2974,PL2-2510-2
VR895254,C103054,VA-EB-PL2,2025-11-12,Amazon,1,3499,PL2-2508-1
VR895412,C109029,VA-EB-PL2,2025-11-12,Amazon,1,3149,PL2-2510-1
VR895546,C103675,VA-EB-PL2,2025-11-12,Amazon,1,3149,PL2-2510-1
VR896391,C106272,VA-EB-PL2,2025-11-12,vireo.in,2,5948,PL2-2508-4
VR896518,C105723,VA-HP-ST3,2025-11-12,vireo.in,1,6999,ST3-2509-4
VR898143,C105356,VA-SW-NX2,2025-11-12,vireo.in,1,5199,NX2-2510-1
VR898377,C106846,VA-SP-MINI,2025-11-12,vireo.in,1,2499,MINI-2509-2
VR898405,C106617,VA-SP-MINI,2025-11-12,vireo.in,1,2249,MINI-2508-3
VR899101,C101791,VA-SP-MINI,2025-11-12,vireo.in,1,2124,MINI-2510-3
VR899898,C103923,VA-EB-PL1,2025-11-12,vireo.in,1,1999,PL1-2509-3
VR901236,C109423,VA-HP-ST3,2025-11-12,vireo.in,1,6299,ST3-2509-2
VR901488,C108622,VA-AC-CASE,2025-11-12,Amazon,1,1169,CASE-2508-4
VR901499,C104158,VA-EB-PL2,2025-11-12,vireo.in,1,3499,PL2-2508-3
VR902008,C102146,VA-EB-AIR,2025-11-12,Flipkart,1,1799,AIR-2508-4
VR902972,C103390,VA-SW-FIT,2025-11-12,vireo.in,1,1999,FIT-2510-3
VR903170,C102487,VA-EB-PL1,2025-11-12,Flipkart,1,2499,PL1-2510-3
VR903735,C104701,VA-AC-CASE,2025-11-12,vireo.in,1,1299,CASE-2510-1
VR905481,C108286,VA-EB-PL2,2025-11-12,Amazon,1,3149,PL2-2510-1
VR907058,C100354,VA-SP-MINI,2025-11-12,Flipkart,1,2499,MINI-2509-1
VR907139,C108528,VA-EB-PL2,2025-11-12,vireo.in,1,3499,PL2-2509-2
VR908498,C103764,VA-HP-ST3,2025-11-12,vireo.in,1,6999,ST3-2510-3
VR909158,C106560,VA-EB-PL2,2025-11-12,vireo.in,2,6998,PL2-2509-1
VR909549,C105695,VA-EB-PL2,2025-11-12,Amazon,1,3499,PL2-2508-2
VR909801,C103342,VA-AC-CH65,2025-11-12,Amazon,1,1499,CH65-2510-2
VR909858,C102480,VA-EB-PL2,2025-11-12,Flipkart,1,3149,PL2-2507-1
VR881010,C101572,VA-EB-PL2,2025-11-13,Amazon,1,3149,PL2-2508-3
VR881892,C106223,VA-EB-PL2,2025-11-13,vireo.in,1,3324,PL2-2509-2
VR883718,C104700,VA-HP-ST3,2025-11-13,vireo.in,1,5949,ST3-2509-2
VR883965,C101980,VA-SP-ORB,2025-11-13,Amazon,1,4799,ORB-2509-3
VR884167,C106444,VA-EB-PL2,2025-11-13,Flipkart,1,3324,PL2-2508-3
VR884260,C108531,VA-EB-PL2,2025-11-13,vireo.in,1,3499,PL2-2508-4
VR884467,C102368,VA-EB-PL2,2025-11-13,vireo.in,2,6998,PL2-2509-2
VR884709,C106186,VA-EB-PL2,2025-11-13,vireo.in,1,2974,PL2-2508-4
VR885879,C103717,VA-EB-PL2,2025-11-13,vireo.in,1,3149,PL2-2509-4
VR885974,C100857,VA-EB-PL1,2025-11-13,Flipkart,1,1999,PL1-2509-1
VR886366,C102898,VA-EB-PL2,2025-11-13,vireo.in,1,3499,PL2-2509-1
VR887769,C107618,VA-HP-ST2,2025-11-13,Amazon,2,8498,ST2-2508-2
VR888349,C107972,VA-EB-PL2,2025-11-13,Amazon,1,3324,PL2-2507-1
VR888476,C100257,VA-SP-MINI,2025-11-13,Flipkart,1,1999,MINI-2510-4
VR890448,C101691,VA-EB-AIR,2025-11-13,vireo.in,2,2878,AIR-2510-4
VR890531,C102378,VA-EB-PL2,2025-11-13,Flipkart,1,2799,PL2-2508-4
VR892609,C109321,VA-AC-CASE,2025-11-13,vireo.in,1,1299,CASE-2508-1
VR893266,C100349,VA-SW-NX2,2025-11-13,vireo.in,1,5849,NX2-2509-1
VR893684,C105858,VA-EB-PL2,2025-11-13,vireo.in,1,3324,PL2-2509-4
VR895661,C100805,VA-HP-ST3,2025-11-13,vireo.in,1,6999,ST3-2509-4
VR895665,C103345,VA-EB-PL1,2025-11-13,vireo.in,1,2499,PL1-2510-4
VR895998,C100017,VA-SW-NX2,2025-11-13,vireo.in,1,6499,NX2-2509-3
VR896132,C108018,VA-SW-NX1,2025-11-13,vireo.in,1,4499,NX1-2508-2
VR898975,C101514,VA-SW-FIT,2025-11-13,vireo.in,1,1799,FIT-2509-2
VR901856,C104178,VA-EB-PL1,2025-11-13,vireo.in,1,2374,PL1-2509-1
VR902086,C107203,VA-EB-PL2,2025-11-13,vireo.in,1,3324,PL2-2507-4
VR902256,C104644,VA-EB-PL2,2025-11-13,Amazon,1,3499,PL2-2507-1
VR903063,C103198,VA-EB-PL2,2025-11-13,Amazon,1,3499,PL2-2509-3
VR903219,C102042,VA-EB-PL2,2025-11-13,Amazon,2,5948,PL2-2509-1
VR903690,C102395,VA-EB-PL2,2025-11-13,vireo.in,1,3149,PL2-2508-4
VR904276,C103229,VA-EB-PL2,2025-11-13,Amazon,1,3499,PL2-2509-3
VR905499,C107649,VA-EB-PL2,2025-11-13,Amazon,1,2799,PL2-2509-4
VR905698,C109034,VA-EB-PL2,2025-11-13,vireo.in,1,3499,PL2-2508-1
VR907682,C109174,VA-EB-PL2,2025-11-13,vireo.in,1,3149,PL2-2509-1
VR908039,C105922,VA-SP-ORB,2025-11-13,vireo.in,1,4799,ORB-2508-2
VR909646,C104600,VA-EB-PL2,2025-11-13,Amazon,1,3499,PL2-2509-4
VR881095,C100153,VA-EB-PL2,2025-11-14,Amazon,1,3499,PL2-2509-1
VR881541,C101300,VA-EB-PL2,2025-11-14,vireo.in,1,3499,PL2-2510-4
VR883516,C104992,VA-AC-CASE,2025-11-14,vireo.in,1,1299,CASE-2510-3
VR885470,C102993,VA-AC-CBL,2025-11-14,Amazon,1,319,CBL-2508-2
VR887118,C108553,VA-EB-AIR,2025-11-14,vireo.in,1,1799,AIR-2509-1
VR888370,C103146,VA-SW-FIT,2025-11-14,vireo.in,1,1599,FIT-2509-3
VR888541,C102391,VA-EB-PL2,2025-11-14,Amazon,1,3499,PL2-2508-1
VR890023,C109392,VA-EB-AIR,2025-11-14,vireo.in,1,1619,AIR-2509-4
VR890222,C103403,VA-EB-PL1,2025-11-14,vireo.in,1,1999,PL1-2510-4
VR890647,C103838,VA-EB-PL2,2025-11-14,Flipkart,1,3499,PL2-2508-3
VR890972,C108673,VA-SP-ORB,2025-11-14,vireo.in,1,4799,ORB-2508-2
VR894645,C101084,VA-EB-PL1,2025-11-14,vireo.in,1,2499,PL1-2508-3
VR895413,C106056,VA-EB-PL2,2025-11-14,vireo.in,1,3324,PL2-2509-2
VR895679,C107959,VA-SP-ORB,2025-11-14,vireo.in,1,5099,ORB-2510-2
VR896612,C100524,VA-SW-NX2,2025-11-14,Amazon,1,6499,NX2-2510-2
VR897549,C101682,VA-SW-FIT,2025-11-14,vireo.in,1,1899,FIT-2508-1
VR898672,C108222,VA-EB-PL1,2025-11-14,Flipkart,1,2499,PL1-2510-1
VR898735,C104841,VA-AC-CASE,2025-11-14,vireo.in,1,1039,CASE-2508-3
VR900295,C103330,VA-AC-CBL,2025-11-14,Amazon,1,399,CBL-2510-2
VR900374,C107556,VA-EB-PL2,2025-11-14,Flipkart,1,3324,PL2-2508-1
VR900517,C103454,VA-AC-CH65,2025-11-14,Amazon,1,1274,CH65-2508-1
VR901093,C108072,VA-EB-PL2,2025-11-14,vireo.in,1,3149,PL2-2507-4
VR901568,C109476,VA-AC-CH65,2025-11-14,vireo.in,1,1349,CH65-2510-4
VR901899,C106615,VA-HP-ST3,2025-11-14,vireo.in,1,5599,ST3-2509-3
VR902659,C104002,VA-HP-ST3,2025-11-14,Amazon,2,13998,ST3-2507-2
VR902810,C100304,VA-EB-PL2,2025-11-14,vireo.in,1,3499,PL2-2508-2
VR903233,C107362,VA-HP-ST3,2025-11-14,vireo.in,1,6999,ST3-2509-1
VR903902,C103778,VA-HP-ST3,2025-11-14,vireo.in,1,6999,ST3-2510-3
VR904351,C103403,VA-EB-PL2,2025-11-14,vireo.in,1,3499,PL2-2510-4
VR904436,C100390,VA-EB-PL2,2025-11-14,vireo.in,2,5598,PL2-2509-2
VR905971,C105377,VA-EB-AIR,2025-11-14,Amazon,1,1619,AIR-2508-1
VR907119,C109010,VA-EB-PL2,2025-11-14,vireo.in,1,3499,PL2-2510-2
VR907987,C102479,VA-EB-PL2,2025-11-14,Amazon,1,2799,PL2-2508-4
VR908167,C104755,VA-EB-PL2,2025-11-14,Flipkart,1,3499,PL2-2508-2
VR908267,C105061,VA-HP-ST3,2025-11-14,Amazon,1,6649,ST3-2509-1
VR908750,C100451,VA-EB-PL1,2025-11-14,vireo.in,1,2374,PL1-2510-3
VR909666,C100457,VA-SW-NX2,2025-11-14,Amazon,1,6499,NX2-2508-1
VR881760,C107425,VA-SW-FIT,2025-11-15,Amazon,1,1999,FIT-2510-1
VR882718,C107298,VA-EB-AIR,2025-11-15,vireo.in,1,1619,AIR-2509-3
VR882751,C104206,VA-EB-AIR,2025-11-15,Amazon,1,1709,AIR-2509-3
VR883123,C103795,VA-EB-PL2,2025-11-15,vireo.in,1,3499,PL2-2508-2
VR883637,C104547,VA-EB-PL2,2025-11-15,Flipkart,1,3324,PL2-2509-3
VR884983,C108817,VA-AC-CBL,2025-11-15,Amazon,1,339,CBL-2507-4
VR885199,C107981,VA-EB-PL1,2025-11-15,Amazon,2,4998,PL1-2508-2
VR885957,C103827,VA-EB-PL2,2025-11-15,Amazon,1,3324,PL2-2508-3
VR886769,C101865,VA-SW-FIT,2025-11-15,vireo.in,2,3998,FIT-2507-2
VR887852,C103264,VA-SP-ORB,2025-11-15,Flipkart,1,5999,ORB-2508-2
VR888218,C103610,VA-SW-NX1,2025-11-15,vireo.in,1,4999,NX1-2509-2
VR889405,C100814,VA-HP-ST3,2025-11-15,vireo.in,1,6299,ST3-2510-1
VR890658,C101248,VA-SW-NX1,2025-11-15,vireo.in,1,4749,NX1-2508-4
VR891286,C102717,VA-EB-PL1,2025-11-15,Amazon,1,2249,PL1-2509-4
VR891916,C105219,VA-EB-PL2,2025-11-15,vireo.in,1,2974,PL2-2510-2
VR894065,C104968,VA-EB-PL2,2025-11-15,vireo.in,1,2799,PL2-2509-2
VR895199,C103663,VA-EB-PL2,2025-11-15,Amazon,1,3324,PL2-2510-4
VR896226,C107020,VA-EB-AIR,2025-11-15,Amazon,1,1799,AIR-2508-4
VR899092,C108819,VA-EB-PL2,2025-11-15,Amazon,1,3499,PL2-2510-4
VR899153,C100764,VA-AC-CASE,2025-11-15,vireo.in,1,1169,CASE-2509-4
VR901116,C108508,VA-EB-PL2,2025-11-15,Amazon,1,2974,PL2-2510-4
VR901526,C104460,VA-EB-AIR,2025-11-15,vireo.in,1,1799,AIR-2510-1
VR901729,C107595,VA-EB-PL2,2025-11-15,Amazon,1,3499,PL2-2509-1
VR903461,C105237,VA-SW-NX2,2025-11-15,vireo.in,1,6499,NX2-2508-3
VR905416,C108464,VA-SW-NX2,2025-11-15,vireo.in,1,5849,NX2-2509-3
VR905895,C100980,VA-EB-PL2,2025-11-15,vireo.in,1,3499,PL2-2509-4
VR906136,C103873,VA-EB-PL2,2025-11-15,vireo.in,1,3324,PL2-2510-4
VR906845,C108096,VA-HP-ST3,2025-11-15,vireo.in,1,5599,ST3-2510-4
VR906953,C104043,VA-EB-PL2,2025-11-15,vireo.in,1,2799,PL2-2509-1
VR908198,C108942,VA-SW-FIT,2025-11-15,vireo.in,1,1699,FIT-2510-3
VR909105,C103844,VA-EB-PL2,2025-11-15,Amazon,1,3499,PL2-2509-2
VR909109,C101201,VA-EB-PL2,2025-11-15,vireo.in,1,3499,PL2-2508-4
VR909821,C103288,VA-AC-CH65,2025-11-15,vireo.in,1,1499,CH65-2509-1
VR909861,C108246,VA-EB-PL2,2025-11-15,vireo.in,1,3149,PL2-2509-4
VR910045,C103580,VA-EB-PL2,2025-11-15,vireo.in,1,2974,PL2-2510-2
VR880656,C107233,VA-SW-NX1,2025-11-16,vireo.in,1,3999,NX1-2508-2
VR881495,C109005,VA-EB-PL2,2025-11-16,Amazon,1,3499,PL2-2508-4
VR881626,C105499,VA-HP-ST3,2025-11-16,vireo.in,1,6999,ST3-2510-3
VR882144,C104706,VA-SW-NX2,2025-11-16,Amazon,1,5199,NX2-2507-1
VR883103,C104631,VA-EB-PL2,2025-11-16,vireo.in,1,2974,PL2-2509-4
VR885642,C104477,VA-HP-ST3,2025-11-16,Amazon,1,6999,ST3-2508-1
VR886452,C107353,VA-HP-ST3,2025-11-16,vireo.in,1,6999,ST3-2509-4
VR887156,C102945,VA-EB-AIR,2025-11-16,Amazon,1,1799,AIR-2509-1
VR888390,C102710,VA-SP-MINI,2025-11-16,vireo.in,1,2249,MINI-2508-4
VR892790,C102333,VA-SW-NX2,2025-11-16,Amazon,1,5849,NX2-2508-2
VR892945,C107331,VA-EB-PL2,2025-11-16,vireo.in,1,3499,PL2-2510-3
VR893062,C102200,VA-EB-PL2,2025-11-16,vireo.in,1,2974,PL2-2510-3
VR893453,C102536,VA-EB-PL2,2025-11-16,vireo.in,1,3324,PL2-2509-1
VR894305,C108827,VA-HP-ST3,2025-11-16,vireo.in,1,5949,ST3-2510-4
VR894643,C103050,VA-EB-PL2,2025-11-16,vireo.in,1,2974,PL2-2509-4
VR895287,C108430,VA-SW-NX2,2025-11-16,vireo.in,1,5849,NX2-2508-1
VR896955,C109321,VA-EB-PL1,2025-11-16,Amazon,1,2374,PL1-2508-4
VR897132,C104791,VA-SP-ORB,2025-11-16,vireo.in,1,5999,ORB-2510-3
VR897614,C108841,VA-EB-AIR,2025-11-16,vireo.in,1,1619,AIR-2509-4
VR897694,C103376,VA-HP-ST3,2025-11-16,vireo.in,1,6999,ST3-2508-3
VR899097,C106506,VA-AC-CH65,2025-11-16,Amazon,1,1199,CH65-2509-4
VR899440,C108502,VA-AC-CH65,2025-11-16,vireo.in,1,1349,CH65-2509-1
VR899939,C105033,VA-EB-PL1,2025-11-16,Flipkart,1,2499,PL1-2508-2
VR901141,C106311,VA-EB-PL2,2025-11-16,vireo.in,1,2799,PL2-2509-1
VR901546,C108320,VA-HP-ST3,2025-11-16,vireo.in,1,6299,ST3-2510-3
VR902016,C102801,VA-HP-ST3,2025-11-16,Amazon,1,6999,ST3-2509-1
VR902598,C107978,VA-EB-PL1,2025-11-16,vireo.in,1,2499,PL1-2508-3
VR903299,C108631,VA-SW-NX2,2025-11-16,Amazon,1,6174,NX2-2509-1
VR903422,C108180,VA-EB-PL2,2025-11-16,Amazon,1,3499,PL2-2510-1
VR904382,C109214,VA-EB-PL2,2025-11-16,vireo.in,1,2974,PL2-2510-1
VR904512,C105997,VA-SW-NX2,2025-11-16,Amazon,1,5524,NX2-2508-3
VR904559,C102299,VA-SW-FIT,2025-11-16,vireo.in,1,1799,FIT-2508-4
VR906213,C108565,VA-EB-AIR,2025-11-16,Flipkart,1,1619,AIR-2509-1
VR906306,C104378,VA-NB-ARC,2025-11-16,vireo.in,1,1299,ARC-2509-1
VR906790,C101059,VA-EB-PL2,2025-11-16,Flipkart,1,3499,PL2-2508-4
VR909560,C104163,VA-SP-ORB,2025-11-16,Amazon,1,5999,ORB-2508-4
VR910001,C106097,VA-SP-ORB,2025-11-16,vireo.in,1,5999,ORB-2508-3
VR880588,C108379,VA-SW-FIT,2025-11-17,vireo.in,1,1899,FIT-2508-4
VR880835,C104987,VA-SP-MINI,2025-11-17,Flipkart,1,1999,MINI-2508-1
VR881745,C100785,VA-EB-PL1,2025-11-17,Flipkart,1,2249,PL1-2509-1
VR881754,C104010,VA-EB-PL2,2025-11-17,Amazon,1,3499,PL2-2508-2
VR884733,C104010,VA-SP-MINI,2025-11-17,Flipkart,1,2124,MINI-2508-4
VR887069,C107620,VA-HP-ST3,2025-11-17,vireo.in,1,6649,ST3-2508-4
VR888186,C105927,VA-SW-NX1,2025-11-17,Amazon,1,4999,NX1-2508-3
VR889282,C102515,VA-SW-NX2,2025-11-17,Flipkart,2,12998,NX2-2508-3
VR889802,C108360,VA-EB-PL2,2025-11-17,vireo.in,1,3149,PL2-2509-3
VR889944,C106087,VA-SP-ORB,2025-11-17,vireo.in,1,5699,ORB-2510-4
VR889989,C109383,VA-EB-PL2,2025-11-17,vireo.in,1,3149,PL2-2509-3
VR890069,C102901,VA-SW-NX2,2025-11-17,vireo.in,1,5524,NX2-2509-1
VR890213,C103217,VA-HP-ST3,2025-11-17,vireo.in,1,6649,ST3-2510-3
VR890782,C102102,VA-EB-PL2,2025-11-17,vireo.in,1,2974,PL2-2510-1
VR891859,C106221,VA-EB-PL2,2025-11-17,Amazon,1,3499,PL2-2509-2
VR893459,C102253,VA-SP-MINI,2025-11-17,vireo.in,1,2124,MINI-2510-4
VR896364,C103940,VA-EB-PL1,2025-11-17,vireo.in,1,2374,PL1-2510-2
VR898096,C103416,VA-SW-NX1,2025-11-17,Flipkart,1,4249,NX1-2510-1
VR898361,C108496,VA-EB-PL2,2025-11-17,vireo.in,1,3499,PL2-2508-3
VR898617,C107033,VA-EB-PL2,2025-11-17,vireo.in,1,2974,PL2-2510-3
VR899281,C107049,VA-SW-NX2,2025-11-17,Flipkart,1,6174,NX2-2509-4
VR901060,C107657,VA-EB-AIR,2025-11-17,vireo.in,2,2878,AIR-2510-2
VR901556,C106258,VA-EB-PL2,2025-11-17,Flipkart,1,3499,PL2-2508-2
VR901778,C106719,VA-EB-PL1,2025-11-17,Amazon,1,1999,PL1-2509-1
VR902683,C109159,VA-EB-PL2,2025-11-17,Flipkart,1,3499,PL2-2510-3
VR902808,C109262,VA-EB-PL2,2025-11-17,vireo.in,1,3499,PL2-2509-1
VR903113,C100377,VA-SW-FIT,2025-11-17,Amazon,1,1999,FIT-2509-2
VR903678,C109134,VA-EB-PL2,2025-11-17,Flipkart,1,3499,PL2-2509-3
VR904426,C104213,VA-EB-PL2,2025-11-17,vireo.in,1,2974,PL2-2508-1
VR905703,C103339,VA-EB-PL2,2025-11-17,Amazon,1,3499,PL2-2508-2
VR906711,C105916,VA-AC-CASE,2025-11-17,vireo.in,1,1299,CASE-2508-2
VR907683,C103453,VA-EB-PL2,2025-11-17,vireo.in,1,3149,PL2-2508-1
VR908320,C105082,VA-EB-PL2,2025-11-17,vireo.in,1,2974,PL2-2510-3
VR909487,C104552,VA-HP-ST2,2025-11-17,Amazon,2,9998,ST2-2510-1
VR909616,C109452,VA-EB-PL2,2025-11-17,vireo.in,1,3499,PL2-2508-1
VR880082,C101657,VA-EB-PL2,2025-11-18,vireo.in,1,2974,PL2-2508-3
VR880499,C102916,VA-EB-PL2,2025-11-18,Flipkart,1,3499,PL2-2509-3
VR881648,C105491,VA-EB-PL2,2025-11-18,Amazon,1,2974,PL2-2509-3
VR882345,C102399,VA-SW-NX2,2025-11-18,Flipkart,2,12348,NX2-2509-3
VR882796,C105021,VA-EB-PL2,2025-11-18,vireo.in,1,2799,PL2-2510-3
VR883951,C104504,VA-EB-PL2,2025-11-18,vireo.in,1,2799,PL2-2508-3
VR885683,C107934,VA-SW-NX1,2025-11-18,vireo.in,1,4999,NX1-2510-2
VR886264,C101680,VA-SW-FIT,2025-11-18,vireo.in,1,1799,FIT-2508-2
VR886881,C104809,VA-HP-ST2,2025-11-18,Flipkart,1,4999,ST2-2509-2
VR887329,C102901,VA-EB-PL2,2025-11-18,Amazon,1,3149,PL2-2508-2
VR887645,C107957,VA-EB-PL2,2025-11-18,Flipkart,1,3324,PL2-2508-3
VR889719,C106254,VA-SW-NX2,2025-11-18,vireo.in,1,5524,NX2-2510-3
VR889980,C102439,VA-SW-NX2,2025-11-18,vireo.in,1,6499,NX2-2510-4
VR891027,C105644,VA-EB-PL2,2025-11-18,Amazon,1,2974,PL2-2510-1
VR891094,C107447,VA-SP-ORB,2025-11-18,vireo.in,1,5999,ORB-2509-4
VR892020,C104875,VA-EB-PL1,2025-11-18,vireo.in,1,2499,PL1-2510-3
VR893081,C105340,VA-EB-PL2,2025-11-18,Amazon,1,3324,PL2-2508-4
VR895690,C107547,VA-HP-ST3,2025-11-18,Flipkart,1,6999,ST3-2509-3
VR898038,C102756,VA-AC-CASE,2025-11-18,Flipkart,1,1039,CASE-2508-3
VR899901,C108530,VA-SW-NX1,2025-11-18,Amazon,1,3999,NX1-2510-2
VR900054,C101262,VA-EB-PL2,2025-11-18,Flipkart,1,2799,PL2-2509-4
VR900193,C108573,VA-SP-MINI,2025-11-18,vireo.in,1,2124,MINI-2509-3
VR903412,C104769,VA-SP-ORB,2025-11-18,vireo.in,1,5999,ORB-2509-1
VR903534,C105516,VA-SW-FIT,2025-11-18,Amazon,1,1899,FIT-2509-3
VR903810,C107952,VA-EB-AIR,2025-11-18,vireo.in,1,1529,AIR-2508-3
VR904394,C104352,VA-EB-PL2,2025-11-18,vireo.in,1,3149,PL2-2510-2
VR905519,C102754,VA-AC-CH65,2025-11-18,Amazon,1,1499,CH65-2509-1
VR905935,C101299,VA-EB-PL2,2025-11-18,vireo.in,1,3499,PL2-2510-3
VR906021,C101192,VA-SW-FIT,2025-11-18,vireo.in,1,1699,FIT-2508-1
VR906875,C102250,VA-EB-PL2,2025-11-18,vireo.in,1,3324,PL2-2509-3
VR907069,C103297,VA-EB-PL2,2025-11-18,vireo.in,1,3499,PL2-2509-4
VR880804,C101107,VA-EB-PL2,2025-11-19,vireo.in,1,3499,PL2-2509-2
VR882707,C101814,VA-HP-ST3,2025-11-19,vireo.in,1,6999,ST3-2509-2
VR883711,C105744,VA-AC-CASE,2025-11-19,vireo.in,1,1234,CASE-2510-3
VR884216,C102379,VA-SW-NX1,2025-11-19,vireo.in,1,4999,NX1-2508-3
VR885039,C107972,VA-EB-PL2,2025-11-19,Flipkart,1,3324,PL2-2509-2
VR885527,C107059,VA-SP-MINI,2025-11-19,vireo.in,1,2499,MINI-2508-1
VR885682,C106045,VA-HP-ST3,2025-11-19,vireo.in,1,6649,ST3-2510-3
VR886988,C106255,VA-HP-ST3,2025-11-19,Amazon,1,6999,ST3-2508-3
VR888465,C106203,VA-SP-ORB,2025-11-19,vireo.in,1,5099,ORB-2509-2
VR888612,C109484,VA-EB-PL2,2025-11-19,Amazon,1,3499,PL2-2509-4
VR889538,C103265,VA-EB-PL2,2025-11-19,Flipkart,1,3499,PL2-2508-4
VR890254,C103800,VA-SW-NX2,2025-11-19,vireo.in,1,6499,NX2-2508-3
VR891961,C104302,VA-EB-AIR,2025-11-19,vireo.in,1,1799,AIR-2510-3
VR892000,C108057,VA-SW-FIT,2025-11-19,vireo.in,1,1999,FIT-2509-2
VR892309,C108559,VA-EB-PL2,2025-11-19,vireo.in,1,2799,PL2-2508-2
VR892513,C107341,VA-SP-ORB,2025-11-19,Flipkart,1,5099,ORB-2508-4
VR893562,C104689,VA-EB-PL2,2025-11-19,Amazon,1,3499,PL2-2508-4
VR894666,C102999,VA-EB-PL2,2025-11-19,vireo.in,1,3499,PL2-2510-2
VR894767,C105832,VA-SW-NX1,2025-11-19,vireo.in,1,4749,NX1-2508-1
VR895065,C104013,VA-EB-PL2,2025-11-19,Amazon,1,3499,PL2-2508-4
VR895900,C101960,VA-EB-PL1,2025-11-19,vireo.in,1,2249,PL1-2508-4
VR896703,C103507,VA-EB-PL2,2025-11-19,Amazon,1,2974,PL2-2510-1
VR899749,C103842,VA-HP-ST3,2025-11-19,Amazon,1,5599,ST3-2508-2
VR899862,C100020,VA-EB-PL2,2025-11-19,Amazon,1,2974,PL2-2508-1
VR901448,C104760,VA-EB-PL2,2025-11-19,Amazon,1,2974,PL2-2509-1
VR903183,C104909,VA-EB-PL2,2025-11-19,vireo.in,1,3499,PL2-2508-4
VR904101,C106326,VA-HP-ST2,2025-11-19,Amazon,1,3999,ST2-2509-2
VR906078,C101630,VA-EB-PL2,2025-11-19,Amazon,1,2974,PL2-2509-2
VR907301,C103017,VA-EB-PL2,2025-11-19,Amazon,1,3499,PL2-2509-4
VR909039,C106085,VA-EB-AIR,2025-11-19,Flipkart,2,2878,AIR-2510-3
VR909068,C102335,VA-SW-NX1,2025-11-19,vireo.in,1,4749,NX1-2510-4
VR909147,C105486,VA-EB-PL1,2025-11-19,Amazon,1,2249,PL1-2510-1
VR909591,C107296,VA-HP-ST2,2025-11-19,vireo.in,2,9998,ST2-2508-4
VR909614,C106165,VA-EB-PL2,2025-11-19,vireo.in,1,2799,PL2-2509-4
VR909707,C102045,VA-EB-PL2,2025-11-19,Flipkart,1,3149,PL2-2509-1
VR880363,C100419,VA-AC-CASE,2025-11-20,vireo.in,1,1234,CASE-2510-4
VR880598,C101395,VA-HP-ST3,2025-11-20,vireo.in,1,6649,ST3-2509-1
VR882063,C105778,VA-SW-NX1,2025-11-20,Amazon,1,4249,NX1-2509-1
VR882138,C105329,VA-AC-CASE,2025-11-20,vireo.in,1,1299,CASE-2510-3
VR883227,C104432,VA-EB-PL2,2025-11-20,Flipkart,1,3499,PL2-2509-3
VR883981,C100723,VA-SW-NX2,2025-11-20,Amazon,2,11698,NX2-2508-2
VR884003,C107734,VA-EB-AIR,2025-11-20,Amazon,1,1799,AIR-2508-4
VR884106,C104199,VA-AC-CASE,2025-11-20,vireo.in,1,1299,CASE-2509-3
VR884992,C109124,VA-SP-MINI,2025-11-20,Amazon,1,2374,MINI-2510-4
VR885390,C101520,VA-SW-FIT,2025-11-20,vireo.in,1,1799,FIT-2510-3
VR886095,C103521,VA-SW-FIT,2025-11-20,vireo.in,1,1999,FIT-2508-1
VR886585,C101151,VA-EB-AIR,2025-11-20,Flipkart,1,1799,AIR-2509-2
VR886843,C100662,VA-EB-PL2,2025-11-20,Flipkart,1,2974,PL2-2510-4
VR887315,C103465,VA-SP-MINI,2025-11-20,vireo.in,1,1999,MINI-2509-4
VR887913,C109037,VA-AC-CASE,2025-11-20,Amazon,1,1169,CASE-2508-2
VR888230,C107294,VA-HP-ST3,2025-11-20,Amazon,1,6299,ST3-2510-4
VR889139,C104789,VA-AC-CASE,2025-11-20,vireo.in,1,1299,CASE-2509-1
VR889310,C100060,VA-EB-PL2,2025-11-20,vireo.in,1,2974,PL2-2509-3
VR891143,C103319,VA-HP-ST3,2025-11-20,Flipkart,1,5599,ST3-2508-3
VR891203,C107332,VA-SP-MINI,2025-11-20,vireo.in,1,2249,MINI-2508-4
VR892244,C105056,VA-HP-ST2,2025-11-20,Amazon,1,4999,ST2-2510-1
VR892323,C104298,VA-EB-PL1,2025-11-20,vireo.in,1,1999,PL1-2509-4
VR893644,C100984,VA-HP-ST3,2025-11-20,Amazon,1,6299,ST3-2508-3
VR893901,C104095,VA-HP-ST3,2025-11-20,vireo.in,1,6649,ST3-2509-2
VR895134,C102844,VA-EB-PL1,2025-11-20,vireo.in,1,2249,PL1-2509-3
VR896288,C105292,VA-SW-NX2,2025-11-20,Flipkart,1,6499,NX2-2510-1
VR896603,C107837,VA-HP-ST3,2025-11-20,vireo.in,1,6999,ST3-2510-3
VR897487,C106745,VA-EB-PL2,2025-11-20,Amazon,1,3324,PL2-2510-4
VR897782,C106470,VA-EB-PL2,2025-11-20,vireo.in,1,3324,PL2-2509-2
VR897991,C104814,VA-EB-PL2,2025-11-20,vireo.in,1,3324,PL2-2509-1
VR898592,C108717,VA-AC-CASE,2025-11-20,Amazon,1,1299,CASE-2509-3
VR898986,C107570,VA-EB-PL2,2025-11-20,vireo.in,1,3149,PL2-2509-3
VR899469,C102093,VA-EB-PL2,2025-11-20,Amazon,1,3149,PL2-2508-3
VR900501,C108436,VA-EB-PL2,2025-11-20,vireo.in,1,2799,PL2-2508-4
VR900519,C100294,VA-EB-PL2,2025-11-20,vireo.in,1,3499,PL2-2510-3
VR901259,C104111,VA-NB-ARC,2025-11-20,vireo.in,1,1299,ARC-2510-1
VR906759,C107739,VA-EB-PL2,2025-11-20,Amazon,1,3499,PL2-2510-4
VR907462,C105403,VA-AC-CBL,2025-11-20,Amazon,1,399,CBL-2510-3
VR908204,C106889,VA-EB-PL2,2025-11-20,vireo.in,1,2974,PL2-2510-4
VR908839,C107243,VA-EB-PL2,2025-11-20,Flipkart,1,3499,PL2-2508-2
VR909483,C107726,VA-EB-PL2,2025-11-20,vireo.in,1,3499,PL2-2509-3
VR909937,C103890,VA-SP-ORB,2025-11-20,vireo.in,1,5699,ORB-2508-2
VR882114,C106644,VA-EB-PL1,2025-11-21,vireo.in,1,2124,PL1-2508-4
VR883301,C106590,VA-HP-ST3,2025-11-21,Amazon,1,6999,ST3-2508-4
VR883367,C101915,VA-EB-PL2,2025-11-21,Amazon,1,2799,PL2-2511-2
VR883996,C106690,VA-EB-PL1,2025-11-21,vireo.in,1,2374,PL1-2509-1
VR884132,C103711,VA-EB-AIR,2025-11-21,vireo.in,1,1619,AIR-2510-1
VR884769,C101223,VA-HP-ST2,2025-11-21,Amazon,1,4999,ST2-2509-3
VR887088,C100574,VA-SP-MINI,2025-11-21,vireo.in,1,2499,MINI-2510-2
VR887224,C105848,VA-EB-PL1,2025-11-21,Amazon,1,2499,PL1-2510-4
VR887278,C100119,VA-EB-PL2,2025-11-21,vireo.in,2,6998,PL2-2509-2
VR887556,C105179,VA-EB-PL2,2025-11-21,vireo.in,1,3149,PL2-2508-4
VR887680,C108049,VA-AC-CBL,2025-11-21,vireo.in,1,339,CBL-2510-1
VR889034,C104860,VA-EB-PL2,2025-11-21,Amazon,1,3149,PL2-2510-4
VR890060,C101854,VA-EB-PL1,2025-11-21,vireo.in,1,2499,PL1-2509-2
VR890754,C100477,VA-SW-FIT,2025-11-21,vireo.in,1,1999,FIT-2509-4
VR891263,C102434,VA-AC-CASE,2025-11-21,vireo.in,1,1299,CASE-2508-3
VR891594,C108625,VA-HP-ST3,2025-11-21,vireo.in,1,6649,ST3-2508-3
VR893237,C102396,VA-EB-PL2,2025-11-21,vireo.in,1,3149,PL2-2508-1
VR893442,C108179,VA-HP-ST3,2025-11-21,Amazon,2,12598,ST3-2510-4
VR894070,C109280,VA-EB-PL2,2025-11-21,Amazon,1,3324,PL2-2508-3
VR895851,C104207,VA-EB-PL2,2025-11-21,vireo.in,1,2974,PL2-2508-3
VR896411,C108016,VA-SW-NX2,2025-11-21,vireo.in,1,6174,NX2-2510-4
VR897432,C107791,VA-EB-PL2,2025-11-21,Amazon,1,3149,PL2-2510-3
VR897624,C100086,VA-SP-MINI,2025-11-21,vireo.in,2,4998,MINI-2509-2
VR898511,C106369,VA-SW-NX2,2025-11-21,Amazon,1,6499,NX2-2509-4
VR898536,C106681,VA-EB-PL2,2025-11-21,Flipkart,1,3499,PL2-2510-2
VR900478,C107850,VA-EB-PL2,2025-11-21,vireo.in,1,3499,PL2-2510-1
VR900765,C106314,VA-EB-PL2,2025-11-21,vireo.in,2,5598,PL2-2508-3
VR900915,C101527,VA-SP-MINI,2025-11-21,Amazon,1,2499,MINI-2509-4
VR900954,C101545,VA-SW-NX2,2025-11-21,vireo.in,1,6499,NX2-2510-1
VR902011,C102265,VA-EB-PL2,2025-11-21,vireo.in,1,3499,PL2-2509-3
VR902057,C102789,VA-AC-CH65,2025-11-21,vireo.in,1,1499,CH65-2510-1
VR902366,C105578,VA-EB-PL2,2025-11-21,vireo.in,1,3324,PL2-2509-2
VR903615,C102278,VA-EB-PL1,2025-11-21,vireo.in,1,1999,PL1-2510-2
VR903777,C109386,VA-SW-NX2,2025-11-21,vireo.in,1,5524,NX2-2508-4
VR904205,C106274,VA-EB-PL2,2025-11-21,vireo.in,1,3499,PL2-2510-2
VR905623,C106516,VA-EB-PL2,2025-11-21,vireo.in,1,2799,PL2-2509-1
VR906415,C108148,VA-EB-PL2,2025-11-21,Amazon,1,3324,PL2-2508-3
VR909194,C101638,VA-EB-AIR,2025-11-21,vireo.in,1,1439,AIR-2510-2
VR880638,C107266,VA-HP-ST3,2025-11-22,vireo.in,1,5599,ST3-2508-4
VR882242,C103883,VA-SW-NX2,2025-11-22,Flipkart,1,6174,NX2-2510-3
VR882743,C101670,VA-EB-PL2,2025-11-22,vireo.in,1,3499,PL2-2510-2
VR883830,C102233,VA-EB-PL2,2025-11-22,Amazon,1,3499,PL2-2508-3
VR884078,C103283,VA-SW-NX1,2025-11-22,vireo.in,1,4999,NX1-2510-4
VR887159,C104162,VA-EB-AIR,2025-11-22,Flipkart,1,1529,AIR-2509-3
VR887250,C104006,VA-EB-PL2,2025-11-22,vireo.in,1,2799,PL2-2509-1
VR887972,C108791,VA-NB-ARC,2025-11-22,vireo.in,1,1169,ARC-2509-1
VR888107,C107917,VA-EB-PL2,2025-11-22,vireo.in,2,6998,PL2-2510-1
VR888456,C107131,VA-SW-NX1,2025-11-22,vireo.in,1,4499,NX1-2509-4
VR888934,C107990,VA-EB-PL2,2025-11-22,vireo.in,1,3149,PL2-2509-3
VR889113,C102931,VA-EB-PL1,2025-11-22,Flipkart,2,4998,PL1-2509-3
VR889897,C102700,VA-HP-ST2,2025-11-22,Amazon,1,3999,ST2-2508-4
VR890130,C101650,VA-SP-MINI,2025-11-22,vireo.in,1,2124,MINI-2509-4
VR892328,C107451,VA-NB-ARC,2025-11-22,Flipkart,1,1299,ARC-2509-4
VR893034,C103035,VA-EB-PL2,2025-11-22,vireo.in,1,3499,PL2-2509-1
VR893085,C106986,VA-NB-ARC,2025-11-22,Amazon,1,1234,ARC-2509-4
VR893261,C100798,VA-HP-ST3,2025-11-22,Amazon,1,6299,ST3-2510-4
VR893623,C106837,VA-EB-PL1,2025-11-22,vireo.in,1,2124,PL1-2510-3
VR893805,C107063,VA-EB-AIR,2025-11-22,vireo.in,1,1799,AIR-2509-4
VR894108,C106609,VA-SW-NX1,2025-11-22,vireo.in,1,4999,NX1-2509-3
VR894381,C104737,VA-EB-PL1,2025-11-22,Amazon,1,2499,PL1-2508-4
VR894867,C101215,VA-EB-PL2,2025-11-22,vireo.in,1,2974,PL2-2509-4
VR895944,C103100,VA-EB-PL2,2025-11-22,Flipkart,1,3499,PL2-2510-4
VR896862,C103729,VA-EB-PL2,2025-11-22,Amazon,1,3499,PL2-2509-4
VR897103,C102164,VA-SW-FIT,2025-11-22,Amazon,1,1999,FIT-2508-2
VR897272,C100239,VA-EB-PL1,2025-11-22,Amazon,1,2499,PL1-2509-3
VR897582,C106873,VA-EB-AIR,2025-11-22,Amazon,1,1529,AIR-2508-4
VR898042,C107049,VA-EB-PL2,2025-11-22,vireo.in,1,2799,PL2-2508-3
VR898655,C107600,VA-SP-MINI,2025-11-22,Amazon,1,2499,MINI-2509-1
VR898886,C108306,VA-EB-PL2,2025-11-22,Amazon,1,3324,PL2-2510-1
VR898924,C104906,VA-EB-AIR,2025-11-22,Flipkart,1,1529,AIR-2508-2
VR899195,C100279,VA-EB-PL2,2025-11-22,vireo.in,2,6998,PL2-2510-2
VR901494,C100682,VA-SW-FIT,2025-11-22,vireo.in,2,3198,FIT-2510-2
VR906754,C105055,VA-AC-CH65,2025-11-22,Amazon,1,1424,CH65-2510-4
VR908000,C103134,VA-EB-PL2,2025-11-22,vireo.in,1,3499,PL2-2509-3
VR909104,C107926,VA-SW-NX2,2025-11-22,Amazon,1,5199,NX2-2510-4
VR880786,C108307,VA-EB-PL2,2025-11-23,Amazon,1,3149,PL2-2508-2
VR881297,C107268,VA-AC-CASE,2025-11-23,vireo.in,1,1299,CASE-2508-3
VR882134,C104100,VA-EB-PL1,2025-11-23,vireo.in,1,2499,PL1-2509-1
VR883799,C108766,VA-EB-PL2,2025-11-23,Amazon,1,3499,PL2-2508-2
VR885917,C104349,VA-HP-ST2,2025-11-23,Amazon,1,4249,ST2-2509-3
VR886153,C101798,VA-EB-PL2,2025-11-23,Amazon,1,3324,PL2-2511-4
VR886983,C103543,VA-EB-PL1,2025-11-23,vireo.in,1,2374,PL1-2508-3
VR887979,C108457,VA-EB-PL2,2025-11-23,Amazon,1,3149,PL2-2509-2
VR888189,C106442,VA-EB-AIR,2025-11-23,Amazon,1,1529,AIR-2508-4
VR890172,C103970,VA-EB-PL2,2025-11-23,vireo.in,1,3499,PL2-2508-4
VR891812,C107829,VA-EB-PL2,2025-11-23,vireo.in,1,3324,PL2-2508-1
VR892696,C103544,VA-SW-NX1,2025-11-23,vireo.in,1,4249,NX1-2510-1
VR892779,C108161,VA-SP-ORB,2025-11-23,Flipkart,1,5399,ORB-2510-2
VR893196,C106165,VA-NB-ARC,2025-11-23,Amazon,1,1299,ARC-2509-4
VR893429,C100485,VA-EB-PL1,2025-11-23,vireo.in,1,2124,PL1-2508-1
VR893653,C108940,VA-SP-ORB,2025-11-23,Amazon,1,5699,ORB-2509-1
VR894219,C103398,VA-EB-PL2,2025-11-23,Amazon,1,3499,PL2-2509-4
VR894912,C102647,VA-EB-PL2,2025-11-23,vireo.in,1,3324,PL2-2508-4
VR895871,C108363,VA-EB-PL2,2025-11-23,Amazon,1,3499,PL2-2508-2
VR896163,C106600,VA-HP-ST3,2025-11-23,vireo.in,2,13998,ST3-2508-2
VR896269,C105474,VA-SW-FIT,2025-11-23,vireo.in,1,1999,FIT-2509-2
VR896460,C107493,VA-SP-MINI,2025-11-23,vireo.in,1,2499,MINI-2511-1
VR896614,C106343,VA-EB-AIR,2025-11-23,Flipkart,1,1799,AIR-2510-2
VR896900,C104652,VA-EB-PL2,2025-11-23,Amazon,1,2799,PL2-2508-2
VR897467,C108965,VA-HP-ST3,2025-11-23,Amazon,1,6299,ST3-2508-4
VR899202,C107429,VA-EB-PL2,2025-11-23,Amazon,2,6998,PL2-2509-2
VR900726,C107448,VA-AC-CASE,2025-11-23,vireo.in,1,1299,CASE-2509-1
VR901416,C104829,VA-SP-ORB,2025-11-23,vireo.in,1,5999,ORB-2508-1
VR902357,C105485,VA-EB-PL2,2025-11-23,vireo.in,1,3499,PL2-2509-3
VR904127,C107892,VA-EB-PL1,2025-11-23,Flipkart,1,2499,PL1-2508-2
VR904328,C109189,VA-SW-NX2,2025-11-23,vireo.in,1,6499,NX2-2511-4
VR905019,C105690,VA-EB-PL1,2025-11-23,vireo.in,1,2499,PL1-2510-2
VR905932,C101028,VA-SP-MINI,2025-11-23,vireo.in,1,2499,MINI-2510-3
VR906814,C107872,VA-SP-MINI,2025-11-23,vireo.in,1,2124,MINI-2508-4
VR908393,C102298,VA-EB-PL2,2025-11-23,Amazon,2,6298,PL2-2508-2
VR909464,C106670,VA-SW-NX2,2025-11-23,Amazon,1,6499,NX2-2510-2
VR880240,C103109,VA-EB-AIR,2025-11-24,Amazon,1,1529,AIR-2509-3
VR880362,C103882,VA-SP-MINI,2025-11-24,Amazon,1,2499,MINI-2509-3
VR881723,C107085,VA-SW-NX2,2025-11-24,vireo.in,1,5849,NX2-2510-2
VR882140,C107232,VA-SP-MINI,2025-11-24,vireo.in,1,2499,MINI-2509-2
VR882261,C106881,VA-EB-PL2,2025-11-24,vireo.in,1,3499,PL2-2510-3
VR883065,C108030,VA-NB-ARC,2025-11-24,vireo.in,1,1104,ARC-2509-1
VR883802,C100410,VA-EB-PL1,2025-11-24,Flipkart,1,2374,PL1-2511-4
VR884041,C103278,VA-EB-PL1,2025-11-24,Amazon,1,2499,PL1-2509-2
VR884483,C109444,VA-HP-ST2,2025-11-24,vireo.in,2,9998,ST2-2508-2
VR887186,C101353,VA-SW-NX1,2025-11-24,Amazon,2,9998,NX1-2509-3
VR887997,C102392,VA-EB-AIR,2025-11-24,vireo.in,1,1439,AIR-2510-2
VR888258,C107620,VA-EB-PL2,2025-11-24,Amazon,1,2974,PL2-2509-3
VR888830,C101986,VA-AC-CH65,2025-11-24,Amazon,1,1424,CH65-2509-3
VR889423,C108010,VA-EB-PL2,2025-11-24,vireo.in,1,3499,PL2-2510-3
VR890110,C108901,VA-EB-PL2,2025-11-24,vireo.in,1,2799,PL2-2509-3
VR890153,C108199,VA-HP-ST3,2025-11-24,vireo.in,1,6999,ST3-2510-3
VR890952,C106264,VA-EB-PL1,2025-11-24,Flipkart,1,2499,PL1-2510-1
VR891523,C108366,VA-EB-PL1,2025-11-24,Amazon,1,1999,PL1-2508-3
VR892336,C105160,VA-NB-ARC,2025-11-24,vireo.in,1,1169,ARC-2509-3
VR892737,C105285,VA-SW-FIT,2025-11-24,vireo.in,1,1899,FIT-2509-2
VR893904,C105811,VA-AC-CASE,2025-11-24,vireo.in,1,1299,CASE-2508-1
VR894087,C105383,VA-SP-ORB,2025-11-24,vireo.in,1,5399,ORB-2508-2
VR894149,C103482,VA-HP-ST2,2025-11-24,vireo.in,1,4749,ST2-2509-1
VR894340,C101892,VA-SW-NX2,2025-11-24,vireo.in,1,5524,NX2-2508-2
VR894649,C102522,VA-HP-ST3,2025-11-24,vireo.in,1,6299,ST3-2510-4
VR894741,C103806,VA-AC-CASE,2025-11-24,Amazon,1,1234,CASE-2510-1
VR895892,C105879,VA-NB-ARC,2025-11-24,Amazon,1,1039,ARC-2509-4
VR896196,C100103,VA-EB-AIR,2025-11-24,vireo.in,2,2878,AIR-2510-4
VR896964,C103804,VA-EB-PL2,2025-11-24,vireo.in,1,3499,PL2-2510-1
VR897057,C101385,VA-EB-PL2,2025-11-24,vireo.in,1,2974,PL2-2510-3
VR897256,C106693,VA-EB-PL2,2025-11-24,vireo.in,1,3324,PL2-2510-4
VR897477,C105594,VA-SW-NX2,2025-11-24,vireo.in,1,6499,NX2-2510-1
VR897650,C104384,VA-EB-PL2,2025-11-24,vireo.in,1,3499,PL2-2509-1
VR898730,C103247,VA-EB-PL2,2025-11-24,vireo.in,1,2799,PL2-2509-2
VR898909,C106972,VA-SW-NX2,2025-11-24,Flipkart,1,6499,NX2-2510-3
VR899038,C104209,VA-SW-NX2,2025-11-24,Flipkart,1,5524,NX2-2508-1
VR899682,C101503,VA-EB-PL2,2025-11-24,vireo.in,1,2799,PL2-2508-2
VR900424,C100577,VA-EB-PL2,2025-11-24,Flipkart,1,2974,PL2-2510-2
VR901849,C106501,VA-EB-PL2,2025-11-24,vireo.in,1,2974,PL2-2508-1
VR902456,C109088,VA-EB-PL2,2025-11-24,Amazon,1,3499,PL2-2508-4
VR903147,C105086,VA-SW-NX2,2025-11-24,Amazon,1,6499,NX2-2510-4
VR903207,C107988,VA-EB-PL2,2025-11-24,vireo.in,1,2974,PL2-2509-4
VR906777,C106302,VA-SW-NX1,2025-11-24,vireo.in,1,4999,NX1-2510-4
VR908606,C102463,VA-SW-NX1,2025-11-24,Flipkart,1,4999,NX1-2508-2
VR909352,C106597,VA-EB-PL1,2025-11-24,vireo.in,1,2124,PL1-2510-4
VR880019,C103092,VA-SW-NX1,2025-11-25,Amazon,1,3999,NX1-2510-3
VR883133,C104350,VA-EB-PL2,2025-11-25,vireo.in,1,3499,PL2-2509-3
VR883780,C108788,VA-EB-PL2,2025-11-25,vireo.in,1,3499,PL2-2508-1
VR884279,C100526,VA-SP-ORB,2025-11-25,Amazon,1,5999,ORB-2509-1
VR884933,C104307,VA-SW-FIT,2025-11-25,vireo.in,1,1699,FIT-2509-4
VR886052,C104382,VA-EB-PL2,2025-11-25,vireo.in,1,3499,PL2-2509-2
VR886245,C106195,VA-SP-MINI,2025-11-25,Amazon,1,2499,MINI-2509-2
VR888206,C105520,VA-NB-ARC,2025-11-25,vireo.in,1,1169,ARC-2509-4
VR888588,C104904,VA-EB-PL2,2025-11-25,vireo.in,1,2799,PL2-2510-2
VR889613,C104916,VA-HP-ST3,2025-11-25,Amazon,1,6999,ST3-2508-2
VR890709,C105224,VA-EB-PL2,2025-11-25,Amazon,1,2974,PL2-2510-1
VR891073,C104843,VA-EB-PL2,2025-11-25,Flipkart,1,2974,PL2-2509-1
VR891336,C101113,VA-NB-ARC,2025-11-25,Amazon,1,1234,ARC-2510-4
VR891471,C103608,VA-EB-AIR,2025-11-25,vireo.in,1,1529,AIR-2510-2
VR892952,C104130,VA-AC-CBL,2025-11-25,Amazon,1,379,CBL-2508-3
VR893981,C107708,VA-SW-NX2,2025-11-25,vireo.in,1,6174,NX2-2509-1
VR896436,C103715,VA-SW-NX2,2025-11-25,vireo.in,1,6499,NX2-2510-2
VR896683,C102702,VA-SW-NX2,2025-11-25,vireo.in,1,6174,NX2-2508-3
VR897711,C103600,VA-HP-ST3,2025-11-25,vireo.in,1,6299,ST3-2508-2
VR898178,C106073,VA-EB-PL2,2025-11-25,Amazon,1,2974,PL2-2510-1
VR898663,C101516,VA-SW-NX2,2025-11-25,Flipkart,1,5524,NX2-2510-4
VR899381,C106097,VA-NB-ARC,2025-11-25,vireo.in,1,1299,ARC-2509-4
VR901346,C105058,VA-SW-NX1,2025-11-25,Flipkart,1,4999,NX1-2510-1
VR901938,C106432,VA-EB-PL2,2025-11-25,vireo.in,1,3499,PL2-2509-2
VR903928,C108430,VA-EB-PL2,2025-11-25,vireo.in,2,6998,PL2-2508-4
VR907012,C101356,VA-EB-AIR,2025-11-25,Amazon,1,1439,AIR-2509-4
VR908023,C101036,VA-EB-PL2,2025-11-25,Amazon,1,3324,PL2-2509-3
VR908076,C101035,VA-HP-ST3,2025-11-25,vireo.in,1,6299,ST3-2510-3
VR908340,C100548,VA-SP-MINI,2025-11-25,vireo.in,2,4498,MINI-2508-1
VR908508,C108375,VA-EB-PL2,2025-11-25,vireo.in,1,3499,PL2-2508-4
VR909416,C100816,VA-SW-FIT,2025-11-25,Amazon,1,1999,FIT-2509-1
VR909739,C100748,VA-AC-CASE,2025-11-25,vireo.in,1,1039,CASE-2509-2
VR880121,C101177,VA-SW-NX2,2025-11-26,vireo.in,1,5849,NX2-2509-4
VR880990,C104222,VA-EB-PL2,2025-11-26,vireo.in,1,3499,PL2-2509-4
VR881709,C108994,VA-HP-ST3,2025-11-26,vireo.in,1,6999,ST3-2509-3
VR881871,C108451,VA-EB-PL2,2025-11-26,vireo.in,1,2799,PL2-2511-3
VR882171,C101076,VA-EB-PL2,2025-11-26,vireo.in,1,3499,PL2-2509-2
VR882841,C100932,VA-EB-PL2,2025-11-26,vireo.in,1,2974,PL2-2510-2
VR883752,C104930,VA-EB-PL2,2025-11-26,vireo.in,1,2799,PL2-2511-3
VR884354,C100380,VA-EB-AIR,2025-11-26,Amazon,1,1709,AIR-2509-4
VR885399,C105018,VA-EB-PL1,2025-11-26,vireo.in,1,2124,PL1-2508-2
VR885868,C103944,VA-EB-PL1,2025-11-26,vireo.in,1,2499,PL1-2510-3
VR886056,C103571,VA-HP-ST3,2025-11-26,Amazon,1,6999,ST3-2509-3
VR887428,C102789,VA-EB-PL2,2025-11-26,Flipkart,1,3499,PL2-2509-4
VR888318,C100297,VA-EB-PL1,2025-11-26,Amazon,1,2374,PL1-2508-4
VR890085,C106009,VA-SP-MINI,2025-11-26,vireo.in,1,2124,MINI-2508-2
VR892295,C109326,VA-SW-NX2,2025-11-26,vireo.in,1,6499,NX2-2510-4
VR892492,C108279,VA-SW-NX1,2025-11-26,vireo.in,1,4749,NX1-2508-1
VR894039,C107454,VA-SP-MINI,2025-11-26,vireo.in,1,2499,MINI-2511-3
VR894401,C100848,VA-EB-PL1,2025-11-26,vireo.in,1,2249,PL1-2509-1
VR897584,C105965,VA-EB-PL2,2025-11-26,vireo.in,1,3499,PL2-2508-2
VR898117,C107214,VA-SW-NX1,2025-11-26,vireo.in,1,4999,NX1-2510-3
VR898247,C109383,VA-EB-PL2,2025-11-26,Amazon,1,3499,PL2-2509-4
VR898446,C107884,VA-EB-PL2,2025-11-26,vireo.in,1,3149,PL2-2510-1
VR900040,C100922,VA-EB-PL2,2025-11-26,Flipkart,1,3499,PL2-2510-3
VR900303,C101843,VA-EB-PL2,2025-11-26,Flipkart,1,3499,PL2-2509-2
VR900874,C103528,VA-EB-AIR,2025-11-26,Flipkart,1,1529,AIR-2509-2
VR901076,C101116,VA-EB-AIR,2025-11-26,vireo.in,1,1619,AIR-2510-1
VR901238,C108100,VA-EB-AIR,2025-11-26,vireo.in,1,1799,AIR-2509-3
VR901272,C106163,VA-EB-PL2,2025-11-26,vireo.in,1,3499,PL2-2508-4
VR902136,C104782,VA-EB-AIR,2025-11-26,vireo.in,2,3058,AIR-2509-1
VR903569,C100284,VA-EB-PL2,2025-11-26,Amazon,1,3149,PL2-2511-4
VR904478,C107676,VA-EB-PL2,2025-11-26,Amazon,2,5598,PL2-2508-1
VR904485,C106422,VA-EB-PL2,2025-11-26,Amazon,1,3499,PL2-2509-3
VR905222,C103188,VA-NB-ARC,2025-11-26,Amazon,1,1299,ARC-2510-3
VR905423,C104388,VA-HP-ST3,2025-11-26,vireo.in,1,6999,ST3-2509-4
VR905460,C109456,VA-EB-PL2,2025-11-26,Flipkart,1,2799,PL2-2509-1
VR906886,C102633,VA-SP-MINI,2025-11-26,Flipkart,1,2374,MINI-2509-4
VR907494,C101348,VA-EB-PL2,2025-11-26,vireo.in,1,3324,PL2-2508-3
VR909224,C103185,VA-EB-PL2,2025-11-26,vireo.in,1,2974,PL2-2509-2
VR909393,C103059,VA-EB-PL1,2025-11-26,Amazon,1,2499,PL1-2509-1
VR909690,C104302,VA-AC-CBL,2025-11-26,Flipkart,1,399,CBL-2508-2
VR909722,C101610,VA-HP-ST2,2025-11-26,vireo.in,1,4499,ST2-2510-4
VR880979,C104971,VA-EB-PL2,2025-11-27,vireo.in,1,3149,PL2-2508-4
VR881394,C106900,VA-EB-PL2,2025-11-27,Amazon,1,3149,PL2-2510-1
VR881729,C100890,VA-EB-PL2,2025-11-27,Amazon,1,3499,PL2-2510-4
VR882229,C108458,VA-SP-MINI,2025-11-27,vireo.in,1,2124,MINI-2510-1
VR886368,C100618,VA-SP-MINI,2025-11-27,vireo.in,1,2124,MINI-2509-2
VR887110,C104258,VA-SP-MINI,2025-11-27,vireo.in,1,2124,MINI-2508-1
VR887152,C101903,VA-HP-ST3,2025-11-27,vireo.in,1,5599,ST3-2510-4
VR887560,C106869,VA-NB-ARC,2025-11-27,vireo.in,1,1299,ARC-2511-4
VR888487,C109413,VA-EB-AIR,2025-11-27,Amazon,1,1709,AIR-2508-4
VR889000,C102331,VA-EB-PL2,2025-11-27,Amazon,1,3149,PL2-2509-2
VR889558,C106406,VA-EB-PL2,2025-11-27,Amazon,1,3324,PL2-2508-3
VR890158,C106079,VA-EB-PL1,2025-11-27,vireo.in,1,2499,PL1-2509-4
VR890297,C100565,VA-EB-PL2,2025-11-27,vireo.in,1,3499,PL2-2510-3
VR890498,C103028,VA-EB-PL2,2025-11-27,vireo.in,1,3499,PL2-2508-3
VR890678,C107979,VA-SP-ORB,2025-11-27,Amazon,1,5099,ORB-2509-4
VR891213,C105313,VA-EB-AIR,2025-11-27,vireo.in,1,1709,AIR-2509-2
VR891399,C100924,VA-EB-PL2,2025-11-27,vireo.in,1,3149,PL2-2509-2
VR891969,C105535,VA-SW-FIT,2025-11-27,vireo.in,1,1999,FIT-2508-1
VR893598,C104396,VA-EB-PL2,2025-11-27,vireo.in,1,3499,PL2-2508-4
VR894302,C101265,VA-SW-NX2,2025-11-27,vireo.in,2,11698,NX2-2508-1
VR894748,C107832,VA-EB-PL2,2025-11-27,Amazon,1,3499,PL2-2509-2
VR896438,C104179,VA-HP-ST3,2025-11-27,Flipkart,1,6999,ST3-2510-2
VR897750,C102515,VA-AC-CASE,2025-11-27,Amazon,1,1169,CASE-2510-3
VR900048,C105881,VA-AC-CH65,2025-11-27,vireo.in,1,1199,CH65-2510-4
VR901657,C105643,VA-SP-ORB,2025-11-27,vireo.in,2,11998,ORB-2508-3
VR904453,C108351,VA-EB-PL2,2025-11-27,Flipkart,1,3149,PL2-2510-3
VR904627,C100991,VA-HP-ST3,2025-11-27,Flipkart,1,6999,ST3-2510-2
VR906007,C104526,VA-EB-PL1,2025-11-27,vireo.in,1,2499,PL1-2508-4
VR906370,C107593,VA-AC-CASE,2025-11-27,Amazon,1,1039,CASE-2509-3
VR906383,C101795,VA-SP-MINI,2025-11-27,vireo.in,2,4498,MINI-2508-3
VR908354,C102285,VA-SW-NX2,2025-11-27,Amazon,1,6174,NX2-2510-4
VR909440,C107306,VA-EB-PL1,2025-11-27,vireo.in,1,2499,PL1-2510-2
VR909787,C100652,VA-EB-AIR,2025-11-27,Amazon,2,3598,AIR-2510-4
VR880531,C102011,VA-EB-AIR,2025-11-28,Amazon,1,1619,AIR-2509-4
VR882607,C103698,VA-EB-PL2,2025-11-28,vireo.in,1,2974,PL2-2508-1
VR882952,C108079,VA-NB-ARC,2025-11-28,vireo.in,1,1299,ARC-2508-3
VR882960,C104519,VA-EB-PL2,2025-11-28,Amazon,1,2799,PL2-2508-2
VR883156,C108993,VA-AC-CASE,2025-11-28,Amazon,2,2078,CASE-2508-2
VR883311,C103242,VA-EB-PL2,2025-11-28,vireo.in,1,3324,PL2-2510-2
VR884220,C100389,VA-AC-CASE,2025-11-28,vireo.in,1,1299,CASE-2508-3
VR884421,C100785,VA-EB-AIR,2025-11-28,Amazon,1,1709,AIR-2508-3
VR884599,C108929,VA-EB-PL1,2025-11-28,vireo.in,1,1999,PL1-2509-1
VR884643,C108014,VA-EB-PL2,2025-11-28,vireo.in,1,3149,PL2-2508-3
VR884960,C100304,VA-HP-ST3,2025-11-28,Amazon,1,5599,ST3-2508-4
VR885500,C101011,VA-EB-PL2,2025-11-28,vireo.in,1,3499,PL2-2510-2
VR885626,C105210,VA-SP-MINI,2025-11-28,vireo.in,1,2499,MINI-2511-4
VR885770,C105781,VA-EB-PL2,2025-11-28,vireo.in,1,3149,PL2-2509-3
VR886675,C104932,VA-EB-PL2,2025-11-28,vireo.in,1,2799,PL2-2508-2
VR887472,C104520,VA-EB-AIR,2025-11-28,vireo.in,1,1799,AIR-2509-1
VR888059,C106430,VA-HP-ST3,2025-11-28,Flipkart,1,6999,ST3-2511-3
VR888084,C106394,VA-SW-NX1,2025-11-28,Amazon,1,4999,NX1-2509-4
VR888146,C103024,VA-SP-MINI,2025-11-28,vireo.in,1,1999,MINI-2510-2
VR890111,C100743,VA-EB-PL2,2025-11-28,vireo.in,1,2974,PL2-2509-4
VR890121,C107430,VA-EB-PL2,2025-11-28,vireo.in,1,3499,PL2-2509-3
VR891080,C108085,VA-EB-PL1,2025-11-28,vireo.in,1,2499,PL1-2510-2
VR893154,C101978,VA-AC-CH65,2025-11-28,vireo.in,1,1499,CH65-2508-3
VR893777,C108085,VA-EB-PL2,2025-11-28,Flipkart,1,3499,PL2-2509-1
VR893962,C108784,VA-EB-AIR,2025-11-28,vireo.in,1,1799,AIR-2509-3
VR895783,C100411,VA-SW-NX2,2025-11-28,Amazon,1,5524,NX2-2510-1
VR896261,C103159,VA-AC-CBL,2025-11-28,vireo.in,2,798,CBL-2508-3
VR899144,C103003,VA-SP-ORB,2025-11-28,vireo.in,1,5699,ORB-2509-2
VR900259,C106300,VA-SW-NX2,2025-11-28,Flipkart,1,5849,NX2-2508-1
VR900976,C105191,VA-EB-PL1,2025-11-28,vireo.in,1,2499,PL1-2509-3
VR901064,C105219,VA-EB-PL2,2025-11-28,Amazon,1,3499,PL2-2508-2
VR901933,C105105,VA-SW-FIT,2025-11-28,vireo.in,1,1999,FIT-2510-2
VR903617,C109044,VA-NB-ARC,2025-11-28,Amazon,1,1104,ARC-2508-3
VR905719,C106222,VA-EB-PL2,2025-11-28,vireo.in,1,3324,PL2-2510-4
VR906309,C101990,VA-AC-CASE,2025-11-28,vireo.in,1,1104,CASE-2511-3
VR906335,C106079,VA-SW-NX2,2025-11-28,vireo.in,2,11698,NX2-2510-3
VR906743,C101568,VA-EB-PL2,2025-11-28,Flipkart,1,3499,PL2-2511-1
VR880405,C102542,VA-HP-ST2,2025-11-29,Flipkart,1,4999,ST2-2511-3
VR880859,C102082,VA-EB-PL2,2025-11-29,vireo.in,1,2799,PL2-2510-2
VR881571,C107710,VA-EB-PL1,2025-11-29,vireo.in,1,2499,PL1-2509-2
VR881619,C103826,VA-HP-ST3,2025-11-29,vireo.in,1,6999,ST3-2510-3
VR881740,C108732,VA-EB-PL2,2025-11-29,vireo.in,1,3499,PL2-2511-3
VR882009,C102905,VA-SW-FIT,2025-11-29,Amazon,1,1999,FIT-2510-3
VR882426,C107322,VA-HP-ST2,2025-11-29,vireo.in,1,4999,ST2-2510-2
VR883100,C105228,VA-EB-PL2,2025-11-29,Amazon,1,3499,PL2-2509-3
VR883152,C104296,VA-EB-PL2,2025-11-29,vireo.in,2,6298,PL2-2508-1
VR883945,C108947,VA-EB-AIR,2025-11-29,Flipkart,1,1799,AIR-2509-3
VR884293,C109119,VA-SW-NX2,2025-11-29,vireo.in,1,5199,NX2-2510-1
VR884918,C103384,VA-SP-MINI,2025-11-29,Flipkart,1,2499,MINI-2509-2
VR886011,C108727,VA-EB-PL2,2025-11-29,vireo.in,2,5948,PL2-2509-1
VR886279,C106409,VA-EB-AIR,2025-11-29,vireo.in,1,1439,AIR-2509-4
VR886650,C108628,VA-EB-PL1,2025-11-29,Flipkart,1,2124,PL1-2510-1
VR889277,C105866,VA-EB-PL2,2025-11-29,vireo.in,1,3499,PL2-2510-3
VR890918,C106677,VA-EB-PL1,2025-11-29,vireo.in,1,2499,PL1-2508-1
VR891460,C105813,VA-EB-PL2,2025-11-29,vireo.in,1,3499,PL2-2511-4
VR891469,C102733,VA-HP-ST2,2025-11-29,vireo.in,1,4999,ST2-2511-1
VR892529,C104478,VA-SP-MINI,2025-11-29,vireo.in,1,1999,MINI-2510-4
VR893396,C104702,VA-SW-FIT,2025-11-29,vireo.in,2,3998,FIT-2510-3
VR893440,C103686,VA-EB-PL2,2025-11-29,vireo.in,2,5598,PL2-2510-3
VR893599,C107776,VA-EB-PL2,2025-11-29,Amazon,1,2974,PL2-2508-3
VR893960,C101741,VA-SW-NX2,2025-11-29,vireo.in,1,5524,NX2-2509-2
VR895085,C106659,VA-EB-PL2,2025-11-29,vireo.in,1,3324,PL2-2511-2
VR895190,C109204,VA-HP-ST2,2025-11-29,vireo.in,1,4999,ST2-2510-4
VR895390,C105505,VA-EB-PL2,2025-11-29,vireo.in,1,2799,PL2-2509-2
VR900157,C100611,VA-SW-NX2,2025-11-29,vireo.in,1,6499,NX2-2509-1
VR900829,C107300,VA-EB-PL2,2025-11-29,vireo.in,1,2974,PL2-2508-2
VR901343,C100574,VA-SP-MINI,2025-11-29,Amazon,1,2499,MINI-2509-2
VR902558,C106178,VA-HP-ST2,2025-11-29,vireo.in,1,4749,ST2-2511-4
VR903314,C100150,VA-SW-NX2,2025-11-29,vireo.in,1,6499,NX2-2510-2
VR904928,C107074,VA-EB-PL1,2025-11-29,vireo.in,1,2499,PL1-2509-3
VR906247,C106220,VA-SP-ORB,2025-11-29,vireo.in,1,5399,ORB-2510-4
VR906385,C106836,VA-AC-CASE,2025-11-29,vireo.in,1,1299,CASE-2508-1
VR906936,C107670,VA-EB-PL2,2025-11-29,Amazon,1,2974,PL2-2511-2
VR908484,C107844,VA-SW-NX2,2025-11-29,vireo.in,1,6499,NX2-2510-1
VR909157,C103926,VA-EB-PL1,2025-11-29,Amazon,1,2249,PL1-2511-4
VR909899,C108486,VA-SW-NX2,2025-11-29,vireo.in,1,5524,NX2-2511-2
VR880047,C100334,VA-EB-PL2,2025-11-30,vireo.in,2,6648,PL2-2510-4
VR880288,C101414,VA-EB-PL1,2025-11-30,vireo.in,1,2124,PL1-2510-4
VR880739,C106830,VA-EB-PL2,2025-11-30,vireo.in,1,3499,PL2-2509-3
VR881226,C108540,VA-EB-PL2,2025-11-30,Flipkart,1,3499,PL2-2508-3
VR881883,C101078,VA-EB-PL2,2025-11-30,vireo.in,1,3499,PL2-2509-4
VR882265,C105835,VA-EB-PL1,2025-11-30,vireo.in,1,2499,PL1-2510-4
VR883835,C100176,VA-EB-PL2,2025-11-30,Flipkart,1,3499,PL2-2510-2
VR884282,C100796,VA-EB-PL1,2025-11-30,Amazon,1,2124,PL1-2510-1
VR884706,C102249,VA-SW-NX2,2025-11-30,Amazon,1,6499,NX2-2509-4
VR885497,C101372,VA-EB-PL2,2025-11-30,Amazon,1,2799,PL2-2508-1
VR886808,C108261,VA-HP-ST3,2025-11-30,vireo.in,1,6299,ST3-2510-3
VR886866,C101420,VA-EB-PL1,2025-11-30,vireo.in,1,2249,PL1-2511-1
VR887558,C106586,VA-EB-PL2,2025-11-30,Flipkart,1,3324,PL2-2509-2
VR888431,C100624,VA-EB-PL2,2025-11-30,vireo.in,1,3324,PL2-2509-2
VR889081,C108115,VA-EB-PL1,2025-11-30,vireo.in,1,2499,PL1-2509-4
VR889675,C101949,VA-SW-FIT,2025-11-30,vireo.in,1,1699,FIT-2509-1
VR891270,C105757,VA-HP-ST3,2025-11-30,vireo.in,1,6999,ST3-2510-3
VR891483,C106232,VA-HP-ST3,2025-11-30,Flipkart,1,5949,ST3-2509-2
VR891609,C109188,VA-HP-ST2,2025-11-30,Flipkart,2,9998,ST2-2510-2
VR892550,C109389,VA-AC-CH65,2025-11-30,vireo.in,1,1499,CH65-2508-4
VR892657,C102619,VA-SW-FIT,2025-11-30,vireo.in,1,1899,FIT-2510-3
VR893638,C102434,VA-SP-MINI,2025-11-30,vireo.in,1,2249,MINI-2510-2
VR893782,C108572,VA-EB-PL2,2025-11-30,Amazon,1,3499,PL2-2509-4
VR893993,C104865,VA-SW-NX1,2025-11-30,Flipkart,1,4999,NX1-2509-2
VR894978,C108256,VA-EB-PL2,2025-11-30,Flipkart,1,3499,PL2-2510-3
VR895662,C103871,VA-SW-FIT,2025-11-30,vireo.in,1,1999,FIT-2509-4
VR895805,C106293,VA-SP-ORB,2025-11-30,vireo.in,1,5999,ORB-2510-1
VR896714,C107096,VA-EB-PL2,2025-11-30,vireo.in,1,3149,PL2-2510-1
VR897267,C105875,VA-HP-ST3,2025-11-30,vireo.in,1,6649,ST3-2508-1
VR898918,C106357,VA-EB-PL2,2025-11-30,Amazon,1,3499,PL2-2508-2
VR899571,C103418,VA-EB-PL1,2025-11-30,vireo.in,1,2499,PL1-2510-4
VR899736,C101279,VA-EB-PL2,2025-11-30,vireo.in,1,2974,PL2-2510-3
VR900130,C107068,VA-SP-MINI,2025-11-30,Flipkart,1,2249,MINI-2509-2
VR900662,C105842,VA-EB-PL2,2025-11-30,vireo.in,1,3499,PL2-2510-3
VR900890,C103471,VA-SW-NX2,2025-11-30,vireo.in,1,6499,NX2-2510-3
VR902259,C105590,VA-SW-NX2,2025-11-30,Amazon,1,6499,NX2-2509-1
VR902917,C106838,VA-EB-PL2,2025-11-30,Flipkart,1,3324,PL2-2511-2
VR903610,C100136,VA-EB-PL2,2025-11-30,vireo.in,1,3499,PL2-2509-4
VR903654,C101767,VA-EB-PL2,2025-11-30,Amazon,1,3499,PL2-2509-4
VR904109,C107860,VA-SW-FIT,2025-11-30,vireo.in,1,1699,FIT-2508-2
VR904593,C109483,VA-NB-ARC,2025-11-30,vireo.in,2,2338,ARC-2509-1
VR905237,C101975,VA-EB-PL1,2025-11-30,Amazon,2,3998,PL1-2509-3
VR905398,C100869,VA-EB-PL1,2025-11-30,Amazon,1,2124,PL1-2508-2
VR905608,C102197,VA-SP-ORB,2025-11-30,Flipkart,1,5999,ORB-2510-2
VR905787,C109117,VA-SP-ORB,2025-11-30,Flipkart,1,5999,ORB-2509-3
VR906853,C100005,VA-SP-MINI,2025-11-30,vireo.in,1,2499,MINI-2509-2
VR907190,C100532,VA-HP-ST3,2025-11-30,vireo.in,1,5599,ST3-2509-2
VR909003,C104664,VA-EB-PL2,2025-11-30,vireo.in,1,2799,PL2-2510-3
VR909369,C104325,VA-HP-ST3,2025-11-30,Flipkart,1,6299,ST3-2509-4
VR909772,C101703,VA-EB-PL2,2025-11-30,Amazon,1,3499,PL2-2511-1
VR880572,C102851,VA-EB-PL1,2025-12-01,Amazon,1,1999,PL1-2510-1
VR881562,C107960,VA-SW-FIT,2025-12-01,vireo.in,1,1999,FIT-2510-4
VR882604,C103163,VA-EB-PL2,2025-12-01,Amazon,1,3324,PL2-2509-3
VR884622,C109314,VA-EB-PL2,2025-12-01,vireo.in,1,3499,PL2-2510-4
VR888399,C102303,VA-EB-PL2,2025-12-01,vireo.in,1,3499,PL2-2509-3
VR889133,C103729,VA-EB-AIR,2025-12-01,Amazon,1,1799,AIR-2509-4
VR889168,C108546,VA-EB-PL1,2025-12-01,Amazon,1,1999,PL1-2509-3
VR890357,C101699,VA-SW-NX2,2025-12-01,Flipkart,1,6499,NX2-2509-2
VR891002,C100637,VA-EB-PL2,2025-12-01,Flipkart,1,3324,PL2-2510-3
VR891675,C105400,VA-EB-PL2,2025-12-01,vireo.in,1,3499,PL2-2509-2
VR895009,C102620,VA-HP-ST3,2025-12-01,Amazon,1,6999,ST3-2510-1
VR896758,C108182,VA-EB-AIR,2025-12-01,Amazon,1,1439,AIR-2508-1
VR896839,C104240,VA-EB-PL1,2025-12-01,Amazon,1,2499,PL1-2509-3
VR897943,C100770,VA-SW-FIT,2025-12-01,Amazon,1,1999,FIT-2510-4
VR902820,C109027,VA-SW-NX1,2025-12-01,vireo.in,1,4249,NX1-2510-4
VR903143,C109441,VA-SP-ORB,2025-12-01,Amazon,1,5099,ORB-2510-3
VR903710,C107205,VA-EB-PL1,2025-12-01,vireo.in,1,1999,PL1-2510-4
VR904331,C106835,VA-EB-PL2,2025-12-01,Amazon,1,3149,PL2-2510-1
VR906052,C102658,VA-EB-PL1,2025-12-01,Amazon,1,1999,PL1-2511-3
VR906210,C106035,VA-EB-PL2,2025-12-01,vireo.in,1,3499,PL2-2510-2
VR906704,C100716,VA-EB-AIR,2025-12-01,vireo.in,1,1799,AIR-2508-3
VR907037,C106287,VA-EB-PL2,2025-12-01,vireo.in,1,2799,PL2-2508-2
VR907129,C101623,VA-EB-PL2,2025-12-01,Amazon,2,5948,PL2-2510-2
VR908807,C106948,VA-EB-AIR,2025-12-01,vireo.in,1,1799,AIR-2508-3
VR909025,C107228,VA-SP-ORB,2025-12-01,Amazon,1,5999,ORB-2511-2
VR881560,C103287,VA-EB-PL1,2025-12-02,Flipkart,1,2374,PL1-2510-4
VR882765,C107984,VA-SW-NX1,2025-12-02,Flipkart,1,3999,NX1-2509-3
VR882857,C106357,VA-EB-PL2,2025-12-02,Flipkart,1,3499,PL2-2509-4
VR883295,C102163,VA-EB-AIR,2025-12-02,vireo.in,1,1619,AIR-2508-2
VR884148,C100726,VA-HP-ST3,2025-12-02,vireo.in,1,6999,ST3-2509-1
VR885613,C104063,VA-SW-FIT,2025-12-02,Amazon,1,1799,FIT-2509-4
VR886379,C101612,VA-EB-AIR,2025-12-02,vireo.in,1,1799,AIR-2510-4
VR886430,C102867,VA-HP-ST3,2025-12-02,vireo.in,1,6299,ST3-2508-4
VR888673,C101835,VA-NB-ARC,2025-12-02,Amazon,1,1299,ARC-2509-3
VR889021,C107535,VA-SW-NX1,2025-12-02,vireo.in,1,4499,NX1-2509-4
VR889726,C100074,VA-EB-PL2,2025-12-02,Flipkart,1,3499,PL2-2508-2
VR891890,C102588,VA-EB-PL2,2025-12-02,Amazon,1,3499,PL2-2508-3
VR892264,C105349,VA-EB-PL2,2025-12-02,vireo.in,2,5598,PL2-2510-4
VR892824,C106122,VA-EB-PL2,2025-12-02,Amazon,1,3324,PL2-2510-2
VR894498,C101516,VA-SP-MINI,2025-12-02,Amazon,1,2499,MINI-2508-3
VR897906,C103690,VA-EB-PL2,2025-12-02,vireo.in,1,3499,PL2-2510-2
VR898561,C100170,VA-SW-NX2,2025-12-02,vireo.in,1,5524,NX2-2511-4
VR898588,C103577,VA-EB-PL2,2025-12-02,vireo.in,1,2799,PL2-2511-1
VR898745,C102312,VA-EB-AIR,2025-12-02,vireo.in,1,1439,AIR-2511-3
VR899989,C106739,VA-SW-NX2,2025-12-02,Amazon,1,5524,NX2-2509-2
VR900320,C107821,VA-SP-ORB,2025-12-02,Amazon,2,10198,ORB-2509-3
VR900806,C103778,VA-EB-PL2,2025-12-02,vireo.in,1,3499,PL2-2510-4
VR901973,C101970,VA-NB-ARC,2025-12-02,Amazon,1,1039,ARC-2511-3
VR903265,C100982,VA-AC-CASE,2025-12-02,vireo.in,1,1299,CASE-2510-1
VR904826,C101441,VA-EB-AIR,2025-12-02,vireo.in,1,1709,AIR-2510-2
VR907412,C106898,VA-EB-PL2,2025-12-02,Amazon,1,3499,PL2-2509-4
VR909261,C104535,VA-SW-NX2,2025-12-02,vireo.in,1,5849,NX2-2510-3
VR909825,C104592,VA-AC-CASE,2025-12-02,vireo.in,1,1104,CASE-2510-4
VR880256,C101789,VA-HP-ST3,2025-12-03,vireo.in,1,6649,ST3-2508-4
VR880608,C102353,VA-EB-PL1,2025-12-03,Amazon,1,2499,PL1-2509-2
VR881032,C108505,VA-EB-PL1,2025-12-03,vireo.in,1,2499,PL1-2510-3
VR881232,C102391,VA-EB-PL2,2025-12-03,Amazon,1,3499,PL2-2509-3
VR881667,C100884,VA-SP-MINI,2025-12-03,vireo.in,1,2124,MINI-2509-2
VR881831,C103407,VA-EB-PL2,2025-12-03,vireo.in,1,2799,PL2-2508-4
VR883843,C108954,VA-EB-PL2,2025-12-03,Amazon,1,2799,PL2-2510-1
VR883958,C101675,VA-EB-PL1,2025-12-03,Flipkart,1,2374,PL1-2510-3
VR885145,C103538,VA-EB-PL2,2025-12-03,vireo.in,1,2974,PL2-2510-1
VR885902,C105672,VA-SW-NX2,2025-12-03,Amazon,1,6499,NX2-2509-2
VR887555,C106801,VA-SP-MINI,2025-12-03,vireo.in,1,1999,MINI-2510-1
VR889105,C104871,VA-EB-PL2,2025-12-03,Amazon,2,5948,PL2-2510-2
VR889826,C101790,VA-HP-ST3,2025-12-03,vireo.in,1,6299,ST3-2508-2
VR889876,C100910,VA-EB-PL1,2025-12-03,Amazon,1,2499,PL1-2510-1
VR890488,C107266,VA-EB-PL2,2025-12-03,vireo.in,2,6998,PL2-2509-4
VR892261,C107207,VA-SW-NX2,2025-12-03,Amazon,1,5524,NX2-2511-3
VR894260,C100925,VA-NB-ARC,2025-12-03,vireo.in,1,1299,ARC-2510-2
VR894689,C108446,VA-EB-PL2,2025-12-03,vireo.in,2,6998,PL2-2508-2
VR894875,C100637,VA-EB-PL2,2025-12-03,Amazon,1,3499,PL2-2510-3
VR896236,C103473,VA-EB-PL2,2025-12-03,Amazon,1,3324,PL2-2509-3
VR896696,C107814,VA-EB-PL2,2025-12-03,vireo.in,1,2799,PL2-2510-4
VR897580,C102024,VA-SW-FIT,2025-12-03,Amazon,1,1999,FIT-2508-4
VR897671,C105068,VA-EB-PL2,2025-12-03,vireo.in,1,3149,PL2-2509-1
VR898174,C101012,VA-EB-PL1,2025-12-03,vireo.in,1,2499,PL1-2508-3
VR898828,C100283,VA-HP-ST3,2025-12-03,Amazon,1,5599,ST3-2510-4
VR898963,C105360,VA-EB-PL2,2025-12-03,vireo.in,1,3499,PL2-2509-1
VR899618,C105187,VA-EB-PL2,2025-12-03,vireo.in,1,3149,PL2-2509-3
VR900819,C104208,VA-HP-ST3,2025-12-03,Flipkart,1,5949,ST3-2508-1
VR900931,C104390,VA-SP-MINI,2025-12-03,vireo.in,1,2124,MINI-2508-1
VR901679,C100776,VA-EB-PL2,2025-12-03,vireo.in,2,5948,PL2-2509-4
VR903559,C106354,VA-HP-ST3,2025-12-03,Flipkart,1,6999,ST3-2511-1
VR903946,C106320,VA-HP-ST2,2025-12-03,Amazon,1,3999,ST2-2509-1
VR905800,C103450,VA-HP-ST3,2025-12-03,Flipkart,1,5599,ST3-2510-2
VR908187,C100136,VA-EB-PL2,2025-12-03,Amazon,1,2799,PL2-2508-4
VR908338,C101799,VA-EB-PL2,2025-12-03,vireo.in,2,5948,PL2-2508-1
VR882173,C100067,VA-EB-PL2,2025-12-04,vireo.in,1,3499,PL2-2510-3
VR882321,C102042,VA-EB-PL2,2025-12-04,vireo.in,1,3149,PL2-2510-2
VR882527,C103729,VA-HP-ST3,2025-12-04,vireo.in,1,6299,ST3-2510-1
VR884695,C105798,VA-EB-AIR,2025-12-04,vireo.in,1,1799,AIR-2509-1
VR885899,C106590,VA-HP-ST3,2025-12-04,vireo.in,1,6999,ST3-2509-4
VR885909,C108274,VA-SW-FIT,2025-12-04,vireo.in,1,1699,FIT-2510-2
VR887191,C106248,VA-EB-PL2,2025-12-04,vireo.in,1,2799,PL2-2508-4
VR887570,C101060,VA-EB-PL2,2025-12-04,Amazon,1,2799,PL2-2509-3
VR888081,C107538,VA-EB-PL2,2025-12-04,Amazon,1,3499,PL2-2511-3
VR889639,C109302,VA-EB-PL2,2025-12-04,vireo.in,1,2799,PL2-2510-4
VR889997,C105636,VA-EB-PL2,2025-12-04,vireo.in,1,3499,PL2-2509-3
VR890057,C102021,VA-EB-AIR,2025-12-04,vireo.in,1,1529,AIR-2509-1
VR891070,C106454,VA-SW-FIT,2025-12-04,vireo.in,2,3998,FIT-2511-1
VR891697,C105620,VA-NB-ARC,2025-12-04,Amazon,1,1234,ARC-2509-2
VR891810,C103547,VA-SW-NX2,2025-12-04,vireo.in,1,5524,NX2-2510-2
VR892156,C106159,VA-EB-PL2,2025-12-04,Amazon,1,3499,PL2-2509-2
VR892833,C109274,VA-EB-PL2,2025-12-04,Flipkart,1,2974,PL2-2511-1
VR894347,C100690,VA-EB-PL2,2025-12-04,Amazon,1,2974,PL2-2509-1
VR894740,C100693,VA-EB-PL2,2025-12-04,vireo.in,1,2799,PL2-2509-1
VR895562,C102328,VA-EB-PL1,2025-12-04,Flipkart,1,2124,PL1-2509-4
VR896291,C104801,VA-EB-AIR,2025-12-04,vireo.in,1,1619,AIR-2511-1
VR899530,C108504,VA-AC-CASE,2025-12-04,Amazon,1,1234,CASE-2510-3
VR902927,C100832,VA-EB-PL2,2025-12-04,vireo.in,1,3324,PL2-2510-3
VR904956,C108176,VA-SP-ORB,2025-12-04,Flipkart,1,5999,ORB-2509-4
VR905191,C104541,VA-EB-PL1,2025-12-04,Amazon,1,2249,PL1-2509-2
VR907627,C108082,VA-SP-MINI,2025-12-04,vireo.in,1,2124,MINI-2509-2
VR909967,C106268,VA-EB-PL2,2025-12-04,Amazon,2,6998,PL2-2508-1
VR882641,C104495,VA-SP-MINI,2025-12-05,Amazon,1,2124,MINI-2509-1
VR883374,C106943,VA-EB-PL1,2025-12-05,vireo.in,1,2374,PL1-2510-1
VR883826,C108554,VA-HP-ST2,2025-12-05,vireo.in,1,4749,ST2-2511-3
VR886645,C103739,VA-HP-ST3,2025-12-05,vireo.in,1,5949,ST3-2510-1
VR890756,C104147,VA-EB-PL1,2025-12-05,vireo.in,1,2374,PL1-2510-1
VR892401,C102465,VA-EB-PL2,2025-12-05,vireo.in,1,3324,PL2-2511-3
VR892936,C103366,VA-EB-AIR,2025-12-05,vireo.in,1,1529,AIR-2510-4
VR893430,C108611,VA-SW-FIT,2025-12-05,Amazon,1,1799,FIT-2510-1
VR893610,C100416,VA-EB-PL2,2025-12-05,vireo.in,1,3149,PL2-2511-4
VR895513,C107861,VA-EB-PL2,2025-12-05,Amazon,1,3324,PL2-2510-3
VR895539,C104466,VA-EB-PL2,2025-12-05,vireo.in,1,2974,PL2-2508-1
VR896015,C106180,VA-EB-PL2,2025-12-05,vireo.in,1,3324,PL2-2509-3
VR896145,C103700,VA-AC-CH65,2025-12-05,vireo.in,1,1349,CH65-2508-1
VR898935,C106131,VA-EB-PL2,2025-12-05,Flipkart,1,3499,PL2-2509-4
VR899523,C100578,VA-EB-PL2,2025-12-05,vireo.in,1,3324,PL2-2510-4
VR901073,C107532,VA-EB-PL2,2025-12-05,vireo.in,1,2799,PL2-2508-3
VR904717,C100170,VA-SW-NX2,2025-12-05,Amazon,1,5199,NX2-2509-4
VR904743,C104024,VA-EB-PL1,2025-12-05,vireo.in,1,2374,PL1-2510-3
VR905306,C100667,VA-EB-PL2,2025-12-05,vireo.in,2,6298,PL2-2509-2
VR905648,C104031,VA-EB-PL1,2025-12-05,vireo.in,1,2499,PL1-2510-4
VR905790,C104431,VA-EB-PL2,2025-12-05,vireo.in,1,2799,PL2-2511-2
VR906063,C100115,VA-AC-CH65,2025-12-05,Amazon,1,1499,CH65-2509-2
VR880300,C107474,VA-EB-PL2,2025-12-06,Amazon,1,3149,PL2-2510-1
VR881012,C104269,VA-SP-MINI,2025-12-06,vireo.in,1,1999,MINI-2510-2
VR881292,C102599,VA-SW-NX2,2025-12-06,vireo.in,1,6499,NX2-2510-3
VR881838,C108516,VA-SP-MINI,2025-12-06,Amazon,1,2249,MINI-2510-3
VR882492,C107262,VA-EB-AIR,2025-12-06,Amazon,1,1799,AIR-2508-1
VR882569,C103086,VA-EB-PL2,2025-12-06,vireo.in,1,3499,PL2-2511-2
VR883619,C105087,VA-SP-MINI,2025-12-06,vireo.in,2,3998,MINI-2509-4
VR883644,C106278,VA-HP-ST3,2025-12-06,vireo.in,1,5949,ST3-2509-3
VR883847,C106879,VA-EB-PL2,2025-12-06,vireo.in,1,2799,PL2-2508-2
VR888112,C108501,VA-NB-ARC,2025-12-06,vireo.in,1,1169,ARC-2509-1
VR889381,C105113,VA-AC-CASE,2025-12-06,vireo.in,1,1104,CASE-2511-3
VR889633,C103202,VA-AC-CH65,2025-12-06,vireo.in,1,1199,CH65-2509-1
VR890512,C102006,VA-EB-PL2,2025-12-06,vireo.in,2,6998,PL2-2509-1
VR890842,C109025,VA-EB-PL2,2025-12-06,Flipkart,1,2974,PL2-2509-2
VR891463,C103361,VA-SP-MINI,2025-12-06,vireo.in,1,2499,MINI-2511-3
VR891747,C105692,VA-SW-NX2,2025-12-06,Amazon,2,12998,NX2-2510-2
VR892060,C105097,VA-HP-ST3,2025-12-06,Flipkart,1,6649,ST3-2511-3
VR892445,C104936,VA-EB-PL1,2025-12-06,Amazon,1,2124,PL1-2509-4
VR893465,C100340,VA-EB-PL2,2025-12-06,vireo.in,2,5948,PL2-2509-4
VR894153,C103359,VA-HP-ST3,2025-12-06,Flipkart,1,6999,ST3-2510-3
VR896577,C106923,VA-EB-PL1,2025-12-06,vireo.in,1,2124,PL1-2510-2
VR898198,C103241,VA-EB-PL2,2025-12-06,vireo.in,1,3499,PL2-2508-1
VR898877,C106210,VA-EB-PL2,2025-12-06,Amazon,1,2974,PL2-2511-1
VR903996,C107330,VA-EB-PL2,2025-12-06,vireo.in,1,3499,PL2-2510-4
VR905318,C104667,VA-HP-ST2,2025-12-06,vireo.in,1,4999,ST2-2508-1
VR905572,C102387,VA-EB-PL1,2025-12-06,vireo.in,1,2499,PL1-2510-4
VR905592,C106001,VA-SW-NX2,2025-12-06,vireo.in,1,6499,NX2-2511-3
VR907082,C105730,VA-HP-ST2,2025-12-06,Amazon,1,4499,ST2-2511-1
VR907951,C105989,VA-EB-PL1,2025-12-06,vireo.in,1,2124,PL1-2511-1
VR909238,C103423,VA-EB-PL2,2025-12-06,Amazon,1,3499,PL2-2511-3
VR880016,C105036,VA-EB-PL1,2025-12-07,Flipkart,2,4248,PL1-2509-4
VR880085,C108334,VA-EB-PL1,2025-12-07,vireo.in,1,1999,PL1-2510-3
VR880233,C106702,VA-HP-ST3,2025-12-07,Amazon,1,6999,ST3-2511-2
VR881701,C108485,VA-SW-FIT,2025-12-07,vireo.in,1,1799,FIT-2511-1
VR883496,C106904,VA-EB-PL2,2025-12-07,vireo.in,1,3499,PL2-2508-1
VR883499,C104299,VA-EB-PL1,2025-12-07,Amazon,1,2499,PL1-2511-3
VR884583,C106756,VA-EB-PL2,2025-12-07,vireo.in,1,3324,PL2-2509-2
VR885805,C105272,VA-SW-FIT,2025-12-07,vireo.in,1,1899,FIT-2509-2
VR887233,C107361,VA-HP-ST3,2025-12-07,Amazon,1,6299,ST3-2509-3
VR887578,C100180,VA-SP-MINI,2025-12-07,Amazon,1,2499,MINI-2508-3
VR889449,C103789,VA-HP-ST2,2025-12-07,vireo.in,1,4999,ST2-2508-1
VR889536,C100980,VA-EB-PL2,2025-12-07,vireo.in,1,3499,PL2-2511-3
VR890183,C104975,VA-SP-MINI,2025-12-07,vireo.in,1,2499,MINI-2509-1
VR890396,C102750,VA-HP-ST3,2025-12-07,vireo.in,1,6999,ST3-2510-4
VR890793,C106231,VA-EB-PL1,2025-12-07,vireo.in,1,2499,PL1-2510-3
VR890964,C105677,VA-EB-PL2,2025-12-07,vireo.in,2,5598,PL2-2509-3
VR893044,C108506,VA-EB-PL2,2025-12-07,vireo.in,1,3149,PL2-2509-1
VR893553,C101054,VA-EB-PL2,2025-12-07,Flipkart,1,2799,PL2-2511-1
VR896345,C100946,VA-AC-CH65,2025-12-07,vireo.in,1,1349,CH65-2510-4
VR896636,C103782,VA-SW-NX2,2025-12-07,vireo.in,1,6499,NX2-2511-1
VR896738,C107396,VA-EB-PL2,2025-12-07,Amazon,1,3149,PL2-2509-4
VR896992,C102415,VA-EB-PL1,2025-12-07,vireo.in,1,2249,PL1-2510-1
VR898220,C102038,VA-EB-PL1,2025-12-07,vireo.in,2,4998,PL1-2509-1
VR900331,C108512,VA-HP-ST3,2025-12-07,Amazon,1,5949,ST3-2509-4
VR902794,C104831,VA-HP-ST3,2025-12-07,vireo.in,1,6299,ST3-2510-3
VR903974,C105621,VA-NB-ARC,2025-12-07,Amazon,1,1299,ARC-2510-3
VR904429,C103990,VA-SP-MINI,2025-12-07,vireo.in,1,2124,MINI-2508-4
VR905689,C102562,VA-EB-PL2,2025-12-07,vireo.in,1,2974,PL2-2510-2
VR907801,C106211,VA-SW-NX2,2025-12-07,vireo.in,1,6174,NX2-2510-4
VR908339,C102109,VA-EB-PL2,2025-12-07,Amazon,1,3499,PL2-2511-2
VR880231,C106415,VA-EB-PL2,2025-12-08,Amazon,1,3499,PL2-2510-3
VR880797,C106573,VA-EB-PL2,2025-12-08,Amazon,1,3499,PL2-2509-1
VR881250,C103021,VA-HP-ST3,2025-12-08,vireo.in,1,6299,ST3-2510-4
VR881874,C100887,VA-EB-PL2,2025-12-08,Flipkart,2,6998,PL2-2509-1
VR884415,C107790,VA-EB-AIR,2025-12-08,vireo.in,1,1799,AIR-2511-3
VR885560,C106118,VA-EB-PL2,2025-12-08,vireo.in,2,5598,PL2-2508-1
VR886933,C108495,VA-SW-NX2,2025-12-08,vireo.in,1,6499,NX2-2510-4
VR887877,C104855,VA-SP-ORB,2025-12-08,Flipkart,1,5099,ORB-2509-1
VR888256,C106106,VA-HP-ST2,2025-12-08,Flipkart,2,9998,ST2-2510-2
VR889332,C109251,VA-AC-CH65,2025-12-08,vireo.in,1,1274,CH65-2510-3
VR890355,C100677,VA-SP-MINI,2025-12-08,vireo.in,1,2249,MINI-2510-4
VR891376,C107625,VA-EB-PL2,2025-12-08,Amazon,1,3149,PL2-2508-4
VR891406,C105414,VA-SW-FIT,2025-12-08,Amazon,1,1999,FIT-2510-4
VR893504,C101457,VA-EB-AIR,2025-12-08,Flipkart,1,1799,AIR-2510-3
VR894736,C104190,VA-EB-AIR,2025-12-08,vireo.in,1,1799,AIR-2510-1
VR894940,C107619,VA-EB-AIR,2025-12-08,vireo.in,1,1709,AIR-2509-1
VR896125,C101644,VA-EB-PL2,2025-12-08,Flipkart,1,3149,PL2-2510-3
VR897384,C101652,VA-SW-NX1,2025-12-08,vireo.in,1,4749,NX1-2509-4
VR899432,C108097,VA-EB-PL2,2025-12-08,vireo.in,1,3499,PL2-2510-1
VR899849,C102902,VA-EB-PL2,2025-12-08,vireo.in,1,3499,PL2-2509-1
VR899860,C102075,VA-EB-PL1,2025-12-08,Flipkart,1,2499,PL1-2510-3
VR899983,C100092,VA-EB-PL2,2025-12-08,Amazon,1,3499,PL2-2511-3
VR900091,C102016,VA-SP-MINI,2025-12-08,vireo.in,1,2124,MINI-2509-1
VR900942,C108289,VA-SW-NX2,2025-12-08,vireo.in,1,6174,NX2-2510-4
VR903359,C107999,VA-EB-PL1,2025-12-08,Amazon,2,4998,PL1-2510-2
VR903898,C103610,VA-AC-CASE,2025-12-08,vireo.in,1,1169,CASE-2510-2
VR904637,C103815,VA-SP-ORB,2025-12-08,vireo.in,1,5999,ORB-2511-3
VR906490,C107032,VA-SW-FIT,2025-12-08,vireo.in,1,1999,FIT-2510-3
VR906993,C105509,VA-EB-PL1,2025-12-08,vireo.in,1,2249,PL1-2509-2
VR909184,C102102,VA-EB-PL2,2025-12-08,Amazon,1,3499,PL2-2510-1
VR909941,C105474,VA-SW-NX2,2025-12-08,Amazon,1,6499,NX2-2510-3
VR880210,C101810,VA-EB-PL2,2025-12-09,vireo.in,1,2799,PL2-2510-3
VR883034,C102584,VA-EB-PL2,2025-12-09,Amazon,1,3324,PL2-2510-4
VR883158,C105830,VA-EB-PL1,2025-12-09,vireo.in,1,2499,PL1-2510-1
VR886310,C108818,VA-EB-PL1,2025-12-09,vireo.in,1,2499,PL1-2510-4
VR886495,C106261,VA-EB-PL2,2025-12-09,vireo.in,2,6648,PL2-2509-2
VR888829,C108988,VA-EB-PL1,2025-12-09,vireo.in,1,2499,PL1-2509-2
VR891658,C106408,VA-EB-PL2,2025-12-09,Amazon,1,2974,PL2-2510-4
VR892224,C107967,VA-EB-PL2,2025-12-09,Amazon,1,2799,PL2-2510-4
VR893330,C105520,VA-SP-ORB,2025-12-09,Amazon,1,4799,ORB-2509-3
VR893951,C103465,VA-EB-PL2,2025-12-09,vireo.in,1,3324,PL2-2511-4
VR894750,C109445,VA-AC-CBL,2025-12-09,Flipkart,1,399,CBL-2509-3
VR896380,C105360,VA-EB-PL2,2025-12-09,Flipkart,1,3499,PL2-2509-4
VR896508,C106142,VA-SW-NX2,2025-12-09,vireo.in,1,5849,NX2-2511-4
VR896925,C106257,VA-EB-PL2,2025-12-09,vireo.in,1,3149,PL2-2509-2
VR898128,C103122,VA-HP-ST3,2025-12-09,vireo.in,1,5949,ST3-2509-2
VR899850,C102899,VA-SW-NX2,2025-12-09,vireo.in,1,5199,NX2-2510-4
VR901011,C105195,VA-NB-ARC,2025-12-09,vireo.in,1,1299,ARC-2510-1
VR901049,C107519,VA-SP-MINI,2025-12-09,vireo.in,1,1999,MINI-2511-3
VR901522,C102676,VA-EB-PL2,2025-12-09,Flipkart,1,3499,PL2-2510-4
VR902633,C103868,VA-SW-NX2,2025-12-09,Amazon,1,5199,NX2-2510-3
VR903979,C103887,VA-EB-PL1,2025-12-09,vireo.in,2,4998,PL1-2509-4
VR905472,C105010,VA-HP-ST3,2025-12-09,vireo.in,1,6999,ST3-2509-1
VR880151,C105976,VA-EB-PL2,2025-12-10,Amazon,1,2799,PL2-2509-4
VR881098,C103702,VA-EB-PL2,2025-12-10,Amazon,1,3499,PL2-2510-3
VR881633,C100342,VA-EB-PL2,2025-12-10,vireo.in,1,2799,PL2-2509-1
VR882918,C106510,VA-SW-NX2,2025-12-10,vireo.in,1,6499,NX2-2508-4
VR883406,C106553,VA-EB-PL2,2025-12-10,vireo.in,1,3499,PL2-2509-2
VR884017,C108520,VA-EB-PL1,2025-12-10,vireo.in,1,2249,PL1-2510-2
VR884320,C107977,VA-SW-NX2,2025-12-10,vireo.in,1,5199,NX2-2511-1
VR885131,C103416,VA-EB-PL2,2025-12-10,Amazon,1,3499,PL2-2510-1
VR885741,C101224,VA-SP-ORB,2025-12-10,vireo.in,1,5399,ORB-2508-3
VR885963,C101092,VA-EB-AIR,2025-12-10,vireo.in,1,1799,AIR-2511-2
VR888181,C108251,VA-EB-PL2,2025-12-10,vireo.in,1,3149,PL2-2511-1
VR890618,C107266,VA-EB-AIR,2025-12-10,Amazon,1,1529,AIR-2510-4
VR890921,C106049,VA-NB-ARC,2025-12-10,Amazon,1,1234,ARC-2511-3
VR891087,C102466,VA-SW-NX2,2025-12-10,Amazon,1,5524,NX2-2511-3
VR892023,C103682,VA-SP-MINI,2025-12-10,vireo.in,1,2249,MINI-2510-2
VR892185,C101028,VA-SP-MINI,2025-12-10,vireo.in,1,2499,MINI-2509-4
VR892376,C105024,VA-HP-ST2,2025-12-10,vireo.in,1,4249,ST2-2511-1
VR894482,C106665,VA-EB-PL2,2025-12-10,Amazon,1,2799,PL2-2511-2
VR894728,C103154,VA-HP-ST2,2025-12-10,vireo.in,1,3999,ST2-2510-1
VR895124,C101630,VA-EB-AIR,2025-12-10,vireo.in,1,1619,AIR-2511-4
VR896953,C109162,VA-EB-PL1,2025-12-10,vireo.in,1,2124,PL1-2509-1
VR897400,C104503,VA-EB-AIR,2025-12-10,vireo.in,1,1799,AIR-2511-4
VR897680,C103583,VA-EB-AIR,2025-12-10,Amazon,1,1439,AIR-2509-1
VR898800,C109405,VA-SW-NX2,2025-12-10,Amazon,1,5199,NX2-2511-4
VR901331,C109167,VA-EB-PL2,2025-12-10,Amazon,2,5948,PL2-2510-2
VR903014,C108419,VA-EB-PL1,2025-12-10,vireo.in,1,2499,PL1-2511-1
VR905949,C105041,VA-EB-PL1,2025-12-10,vireo.in,1,2499,PL1-2509-1
VR906438,C103819,VA-EB-PL2,2025-12-10,vireo.in,1,3499,PL2-2511-4
VR906643,C100120,VA-EB-PL2,2025-12-10,vireo.in,1,3499,PL2-2509-2
VR884163,C102332,VA-NB-ARC,2025-12-11,vireo.in,1,1299,ARC-2509-2
VR884200,C101759,VA-EB-PL2,2025-12-11,vireo.in,1,3499,PL2-2511-2
VR884325,C103221,VA-EB-PL2,2025-12-11,vireo.in,1,2974,PL2-2508-3
VR885211,C105610,VA-EB-AIR,2025-12-11,vireo.in,1,1709,AIR-2510-4
VR885319,C109112,VA-EB-PL2,2025-12-11,Amazon,1,3499,PL2-2509-4
VR885357,C100670,VA-AC-CBL,2025-12-11,Flipkart,1,399,CBL-2509-4
VR885514,C100616,VA-SW-FIT,2025-12-11,vireo.in,1,1999,FIT-2508-1
VR885695,C108653,VA-EB-PL2,2025-12-11,Flipkart,1,2974,PL2-2510-1
VR886057,C103881,VA-SW-NX2,2025-12-11,vireo.in,2,12348,NX2-2511-3
VR889084,C107844,VA-NB-ARC,2025-12-11,Amazon,1,1234,ARC-2509-2
VR889878,C100756,VA-HP-ST2,2025-12-11,Amazon,1,4499,ST2-2510-3
VR891432,C104513,VA-EB-PL2,2025-12-11,vireo.in,2,5948,PL2-2510-3
VR893779,C102332,VA-EB-AIR,2025-12-11,Flipkart,1,1439,AIR-2509-3
VR894463,C105255,VA-SP-ORB,2025-12-11,Flipkart,1,5999,ORB-2510-2
VR894771,C107213,VA-EB-PL2,2025-12-11,Amazon,1,3324,PL2-2511-4
VR894868,C100671,VA-SP-MINI,2025-12-11,vireo.in,1,2499,MINI-2509-2
VR894897,C107868,VA-EB-PL2,2025-12-11,vireo.in,1,2799,PL2-2509-4
VR895074,C102356,VA-EB-AIR,2025-12-11,vireo.in,1,1529,AIR-2508-1
VR895943,C100478,VA-EB-PL2,2025-12-11,vireo.in,1,3499,PL2-2510-1
VR897490,C106066,VA-EB-PL2,2025-12-11,Amazon,1,3499,PL2-2510-2
VR898358,C105328,VA-EB-AIR,2025-12-11,Amazon,1,1799,AIR-2510-1
VR901822,C104163,VA-SW-NX2,2025-12-11,vireo.in,1,5849,NX2-2509-3
VR903924,C106855,VA-EB-PL2,2025-12-11,vireo.in,1,3149,PL2-2510-2
VR904400,C105964,VA-EB-AIR,2025-12-11,vireo.in,2,3598,AIR-2510-4
VR905057,C107817,VA-EB-PL2,2025-12-11,Amazon,1,3499,PL2-2508-1
VR906049,C104350,VA-EB-PL2,2025-12-11,vireo.in,1,3499,PL2-2511-2
VR906880,C109232,VA-EB-PL2,2025-12-11,vireo.in,1,3324,PL2-2510-1
VR907472,C100408,VA-SW-FIT,2025-12-11,Flipkart,1,1699,FIT-2511-2
VR908141,C100680,VA-EB-PL2,2025-12-11,Amazon,1,2799,PL2-2510-4
VR880289,C104866,VA-SW-NX2,2025-12-12,Amazon,2,12998,NX2-2510-3
VR881999,C101514,VA-HP-ST3,2025-12-12,Amazon,1,6999,ST3-2511-3
VR882753,C108490,VA-EB-PL2,2025-12-12,vireo.in,1,3324,PL2-2511-3
VR883555,C100367,VA-SP-ORB,2025-12-12,Flipkart,1,5999,ORB-2510-2
VR885554,C101612,VA-HP-ST3,2025-12-12,Amazon,1,5949,ST3-2508-4
VR885945,C102404,VA-EB-PL2,2025-12-12,Flipkart,1,3499,PL2-2508-2
VR885948,C105494,VA-EB-PL1,2025-12-12,vireo.in,1,2499,PL1-2510-4
VR886135,C102759,VA-EB-PL2,2025-12-12,vireo.in,1,3324,PL2-2509-4
VR887387,C105191,VA-HP-ST3,2025-12-12,Amazon,1,5949,ST3-2509-3
VR887437,C107789,VA-EB-PL2,2025-12-12,vireo.in,1,3499,PL2-2510-4
VR887872,C105604,VA-HP-ST3,2025-12-12,Amazon,1,6649,ST3-2509-4
VR889234,C107384,VA-AC-CASE,2025-12-12,vireo.in,2,2208,CASE-2510-4
VR890704,C101080,VA-SW-NX1,2025-12-12,vireo.in,1,4499,NX1-2511-4
VR892087,C104646,VA-EB-PL2,2025-12-12,vireo.in,1,3499,PL2-2509-2
VR892559,C103477,VA-EB-AIR,2025-12-12,vireo.in,1,1799,AIR-2510-3
VR893906,C104735,VA-HP-ST2,2025-12-12,Amazon,1,3999,ST2-2510-4
VR895477,C101492,VA-SP-MINI,2025-12-12,Amazon,1,1999,MINI-2511-2
VR896813,C105076,VA-EB-PL2,2025-12-12,Flipkart,1,2974,PL2-2510-4
VR897662,C104443,VA-EB-PL2,2025-12-12,vireo.in,1,2799,PL2-2509-2
VR900255,C102710,VA-HP-ST3,2025-12-12,Flipkart,1,6999,ST3-2511-2
VR901533,C106718,VA-EB-AIR,2025-12-12,vireo.in,1,1799,AIR-2510-2
VR902742,C107253,VA-AC-CASE,2025-12-12,vireo.in,1,1299,CASE-2510-1
VR902989,C108636,VA-EB-PL2,2025-12-12,Amazon,1,2799,PL2-2509-1
VR905233,C108585,VA-SW-FIT,2025-12-12,vireo.in,1,1899,FIT-2509-1
VR905712,C102469,VA-EB-PL1,2025-12-12,vireo.in,1,2499,PL1-2510-3
VR905905,C100680,VA-SW-NX2,2025-12-12,vireo.in,1,5199,NX2-2509-4
VR906093,C105909,VA-EB-PL2,2025-12-12,Flipkart,1,3499,PL2-2509-2
VR907365,C103654,VA-EB-PL2,2025-12-12,Flipkart,1,3499,PL2-2510-3
VR907631,C103106,VA-EB-PL1,2025-12-12,Flipkart,2,3998,PL1-2511-4
VR907660,C106391,VA-EB-PL1,2025-12-12,Flipkart,1,1999,PL1-2509-1
VR909084,C107601,VA-EB-PL2,2025-12-12,Flipkart,2,6998,PL2-2510-3
VR880181,C101288,VA-HP-ST3,2025-12-13,Amazon,1,6999,ST3-2509-4
VR881512,C105391,VA-HP-ST3,2025-12-13,Amazon,1,6999,ST3-2511-3
VR882531,C108979,VA-SP-MINI,2025-12-13,vireo.in,1,2124,MINI-2509-1
VR883573,C105712,VA-EB-AIR,2025-12-13,vireo.in,2,3058,AIR-2510-1
VR885987,C103959,VA-HP-ST3,2025-12-13,vireo.in,1,6999,ST3-2510-2
VR886330,C100711,VA-EB-AIR,2025-12-13,Flipkart,1,1439,AIR-2509-4
VR887217,C103014,VA-AC-CASE,2025-12-13,vireo.in,1,1104,CASE-2511-1
VR889499,C101203,VA-EB-PL2,2025-12-13,vireo.in,1,3149,PL2-2511-2
VR891101,C105104,VA-NB-ARC,2025-12-13,vireo.in,1,1299,ARC-2510-1
VR892474,C108536,VA-HP-ST3,2025-12-13,vireo.in,2,12598,ST3-2510-3
VR893075,C108078,VA-EB-PL1,2025-12-13,Amazon,1,2499,PL1-2509-4
VR893954,C109196,VA-EB-PL2,2025-12-13,Amazon,1,3149,PL2-2510-2
VR894577,C106244,VA-HP-ST3,2025-12-13,Amazon,1,6999,ST3-2509-3
VR894625,C102752,VA-EB-PL1,2025-12-13,vireo.in,2,4998,PL1-2509-3
VR894684,C107266,VA-SP-MINI,2025-12-13,Amazon,1,2249,MINI-2511-3
VR896079,C108261,VA-EB-PL2,2025-12-13,vireo.in,1,3499,PL2-2511-1
VR896495,C102656,VA-SP-MINI,2025-12-13,vireo.in,1,2249,MINI-2509-4
VR898230,C104154,VA-SW-FIT,2025-12-13,Amazon,1,1699,FIT-2511-3
VR900785,C100186,VA-EB-PL1,2025-12-13,Amazon,1,2499,PL1-2510-3
VR901421,C100874,VA-SP-MINI,2025-12-13,vireo.in,1,2499,MINI-2511-2
VR904054,C106228,VA-SW-NX2,2025-12-13,Amazon,1,6499,NX2-2511-4
VR905007,C102743,VA-EB-PL2,2025-12-13,Flipkart,1,3499,PL2-2511-3
VR905020,C108899,VA-HP-ST2,2025-12-13,Amazon,1,4999,ST2-2511-2
VR905078,C105921,VA-EB-AIR,2025-12-13,vireo.in,1,1709,AIR-2510-1
VR907072,C104701,VA-EB-PL1,2025-12-13,vireo.in,1,2499,PL1-2511-3
VR907935,C105092,VA-EB-PL2,2025-12-13,Amazon,1,3499,PL2-2511-4
VR907969,C100966,VA-EB-AIR,2025-12-13,vireo.in,1,1619,AIR-2510-3
VR908695,C101501,VA-EB-PL2,2025-12-13,Flipkart,1,3499,PL2-2511-2
VR909257,C108534,VA-SW-NX2,2025-12-13,vireo.in,1,5849,NX2-2510-1
VR881464,C107202,VA-SW-NX2,2025-12-14,Flipkart,1,6499,NX2-2509-4
VR883676,C107130,VA-EB-PL2,2025-12-14,vireo.in,1,2799,PL2-2509-1
VR889057,C102988,VA-EB-PL2,2025-12-14,vireo.in,1,3499,PL2-2510-1
VR889258,C109427,VA-EB-PL1,2025-12-14,vireo.in,1,2499,PL1-2509-3
VR890599,C104692,VA-NB-ARC,2025-12-14,vireo.in,1,1104,ARC-2511-3
VR892028,C107062,VA-EB-PL1,2025-12-14,vireo.in,1,2374,PL1-2510-3
VR894050,C106207,VA-SP-ORB,2025-12-14,Amazon,1,5999,ORB-2509-3
VR894688,C107246,VA-EB-PL1,2025-12-14,vireo.in,2,4498,PL1-2511-1
VR894733,C108970,VA-EB-PL2,2025-12-14,Amazon,1,3499,PL2-2508-3
VR894759,C108857,VA-HP-ST2,2025-12-14,Amazon,1,4999,ST2-2511-1
VR895511,C106606,VA-EB-PL2,2025-12-14,Amazon,1,3149,PL2-2510-2
VR898871,C102433,VA-EB-PL2,2025-12-14,vireo.in,1,3499,PL2-2510-3
VR899805,C101539,VA-SP-ORB,2025-12-14,vireo.in,1,5999,ORB-2511-1
VR900787,C108954,VA-EB-PL2,2025-12-14,vireo.in,1,3499,PL2-2511-3
VR902375,C101799,VA-SP-ORB,2025-12-14,vireo.in,1,5399,ORB-2511-4
VR903324,C106763,VA-EB-PL2,2025-12-14,vireo.in,1,3499,PL2-2509-4
VR905528,C103815,VA-EB-AIR,2025-12-14,vireo.in,1,1799,AIR-2511-1
VR905530,C106693,VA-EB-AIR,2025-12-14,Flipkart,1,1619,AIR-2509-2
VR906137,C108456,VA-EB-PL2,2025-12-14,Amazon,1,3499,PL2-2509-1
VR906591,C107079,VA-EB-PL2,2025-12-14,vireo.in,1,2799,PL2-2510-2
VR909144,C105451,VA-EB-PL2,2025-12-14,vireo.in,1,3324,PL2-2508-4
VR881190,C101060,VA-SP-MINI,2025-12-15,vireo.in,1,2499,MINI-2509-1
VR883659,C101273,VA-SW-NX2,2025-12-15,Amazon,1,6174,NX2-2509-4
VR884277,C100727,VA-EB-PL2,2025-12-15,vireo.in,1,2974,PL2-2509-2
VR884521,C107491,VA-EB-PL2,2025-12-15,vireo.in,1,3499,PL2-2510-2
VR884632,C101827,VA-EB-PL2,2025-12-15,Flipkart,1,2799,PL2-2510-1
VR888248,C106934,VA-SP-ORB,2025-12-15,vireo.in,1,5999,ORB-2510-3
VR890161,C101375,VA-SP-ORB,2025-12-15,Flipkart,1,5399,ORB-2510-1
VR891552,C103214,VA-EB-PL2,2025-12-15,vireo.in,1,3499,PL2-2509-3
VR892596,C102892,VA-HP-ST3,2025-12-15,vireo.in,1,6999,ST3-2509-2
VR894338,C101418,VA-EB-PL2,2025-12-15,Amazon,1,3499,PL2-2509-1
VR896070,C102763,VA-EB-PL2,2025-12-15,vireo.in,1,2799,PL2-2510-4
VR896204,C102083,VA-EB-PL2,2025-12-15,vireo.in,1,3324,PL2-2511-4
VR897280,C109224,VA-NB-ARC,2025-12-15,Flipkart,1,1104,ARC-2510-1
VR897509,C102870,VA-AC-CASE,2025-12-15,vireo.in,1,1169,CASE-2510-2
VR898597,C103571,VA-EB-PL2,2025-12-15,vireo.in,1,3324,PL2-2510-1
VR898927,C107959,VA-AC-CBL,2025-12-15,vireo.in,1,379,CBL-2511-1
VR902089,C107771,VA-NB-ARC,2025-12-15,vireo.in,1,1234,ARC-2508-4
VR903885,C107976,VA-SP-MINI,2025-12-15,vireo.in,1,2499,MINI-2509-4
VR905119,C101075,VA-EB-PL2,2025-12-15,vireo.in,1,3324,PL2-2510-4
VR909244,C108129,VA-EB-PL2,2025-12-15,vireo.in,1,2799,PL2-2511-4
VR880876,C101345,VA-EB-PL2,2025-12-16,Amazon,1,3324,PL2-2508-1
VR880971,C102735,VA-EB-PL2,2025-12-16,vireo.in,1,2799,PL2-2510-1
VR882830,C107176,VA-HP-ST3,2025-12-16,vireo.in,1,6999,ST3-2508-3
VR883652,C104689,VA-HP-ST2,2025-12-16,Amazon,1,4749,ST2-2511-1
VR884081,C107262,VA-HP-ST3,2025-12-16,vireo.in,1,5949,ST3-2511-2
VR886191,C107006,VA-EB-PL2,2025-12-16,vireo.in,1,3324,PL2-2509-3
VR886849,C105541,VA-EB-PL2,2025-12-16,vireo.in,1,3324,PL2-2509-3
VR887230,C101732,VA-EB-AIR,2025-12-16,vireo.in,1,1799,AIR-2510-4
VR889206,C105532,VA-EB-PL2,2025-12-16,vireo.in,1,3499,PL2-2510-1
VR891150,C103125,VA-EB-PL2,2025-12-16,vireo.in,1,3149,PL2-2510-4
VR892439,C106785,VA-EB-PL2,2025-12-16,vireo.in,1,3499,PL2-2511-1
VR893074,C108169,VA-SW-NX2,2025-12-16,vireo.in,1,6174,NX2-2509-1
VR893128,C105626,VA-SP-ORB,2025-12-16,vireo.in,1,5999,ORB-2511-2
VR893491,C107435,VA-EB-PL2,2025-12-16,vireo.in,1,3324,PL2-2509-3
VR893604,C103025,VA-EB-PL2,2025-12-16,Amazon,1,3149,PL2-2508-2
VR894930,C102412,VA-SP-ORB,2025-12-16,vireo.in,1,5999,ORB-2509-3
VR895482,C107175,VA-HP-ST3,2025-12-16,vireo.in,1,6649,ST3-2511-3
VR895718,C102835,VA-EB-PL1,2025-12-16,Amazon,1,2374,PL1-2509-3
VR896127,C105548,VA-SP-ORB,2025-12-16,vireo.in,1,4799,ORB-2508-2
VR898466,C101531,VA-SW-NX2,2025-12-16,vireo.in,1,5199,NX2-2509-3
VR899237,C104515,VA-EB-PL2,2025-12-16,vireo.in,1,3324,PL2-2510-4
VR900100,C104147,VA-SW-FIT,2025-12-16,vireo.in,1,1599,FIT-2509-4
VR902282,C100312,VA-SP-ORB,2025-12-16,Amazon,1,5699,ORB-2510-1
VR902510,C100330,VA-HP-ST3,2025-12-16,Amazon,1,5949,ST3-2509-3
VR904802,C103658,VA-SP-MINI,2025-12-16,vireo.in,1,2499,MINI-2511-1
VR905533,C102604,VA-EB-PL2,2025-12-16,Amazon,1,3499,PL2-2511-2
VR908078,C101113,VA-SW-NX2,2025-12-16,Amazon,1,6499,NX2-2511-3
VR908154,C101496,VA-EB-AIR,2025-12-16,vireo.in,1,1709,AIR-2511-1
VR909562,C109386,VA-SW-NX2,2025-12-16,Flipkart,2,12998,NX2-2509-2
VR909705,C104075,VA-EB-PL2,2025-12-16,Amazon,2,5948,PL2-2511-3
VR884387,C107083,VA-EB-AIR,2025-12-17,vireo.in,1,1529,AIR-2510-2
VR884836,C102281,VA-EB-PL2,2025-12-17,Flipkart,1,3149,PL2-2511-4
VR885254,C107452,VA-SW-NX1,2025-12-17,vireo.in,1,4999,NX1-2511-4
VR885745,C104922,VA-SW-NX2,2025-12-17,Amazon,1,5199,NX2-2510-4
VR887658,C101081,VA-EB-PL2,2025-12-17,Flipkart,1,3499,PL2-2510-3
VR890849,C109460,VA-NB-ARC,2025-12-17,Amazon,2,2468,ARC-2511-3
VR891693,C108849,VA-EB-PL2,2025-12-17,vireo.in,1,2974,PL2-2510-1
VR892568,C102970,VA-SP-MINI,2025-12-17,vireo.in,1,2499,MINI-2510-4
VR893808,C109288,VA-EB-PL2,2025-12-17,Amazon,1,3499,PL2-2510-2
VR894093,C105483,VA-SW-FIT,2025-12-17,vireo.in,1,1999,FIT-2509-2
VR894394,C106457,VA-NB-ARC,2025-12-17,Amazon,1,1299,ARC-2509-2
VR894504,C106663,VA-SP-MINI,2025-12-17,vireo.in,1,2499,MINI-2509-1
VR898721,C102375,VA-EB-PL2,2025-12-17,Amazon,1,2799,PL2-2511-2
VR899193,C105717,VA-EB-AIR,2025-12-17,vireo.in,1,1529,AIR-2511-1
VR900126,C101675,VA-EB-PL2,2025-12-17,vireo.in,1,3499,PL2-2509-3
VR903196,C107699,VA-SP-MINI,2025-12-17,vireo.in,1,2374,MINI-2511-2
VR904133,C108213,VA-SW-NX2,2025-12-17,Flipkart,2,12998,NX2-2510-2
VR905597,C109290,VA-HP-ST3,2025-12-17,vireo.in,1,6299,ST3-2511-4
VR906054,C100128,VA-EB-AIR,2025-12-17,vireo.in,1,1799,AIR-2509-2
VR908046,C102314,VA-EB-PL2,2025-12-17,vireo.in,1,3149,PL2-2510-4
VR908269,C109478,VA-EB-PL2,2025-12-17,vireo.in,1,3499,PL2-2510-4
VR909431,C101655,VA-SP-MINI,2025-12-17,vireo.in,1,2499,MINI-2510-3
VR909770,C106962,VA-EB-PL2,2025-12-17,vireo.in,1,3324,PL2-2511-2
VR909865,C107910,VA-SP-ORB,2025-12-17,vireo.in,1,5099,ORB-2511-4
VR880581,C102976,VA-SP-ORB,2025-12-18,vireo.in,1,5099,ORB-2510-2
VR881196,C106770,VA-EB-PL2,2025-12-18,Amazon,1,3499,PL2-2509-1
VR882053,C106377,VA-SW-NX1,2025-12-18,vireo.in,1,4999,NX1-2511-1
VR884605,C107934,VA-SP-MINI,2025-12-18,vireo.in,1,2374,MINI-2510-1
VR885412,C100123,VA-EB-PL1,2025-12-18,vireo.in,1,1999,PL1-2511-2
VR886137,C105208,VA-EB-PL2,2025-12-18,Flipkart,1,2974,PL2-2511-2
VR887379,C105192,VA-HP-ST3,2025-12-18,Flipkart,1,6299,ST3-2510-1
VR888907,C107939,VA-SW-NX2,2025-12-18,Amazon,1,6499,NX2-2509-4
VR888915,C104827,VA-EB-PL2,2025-12-18,vireo.in,1,3499,PL2-2510-3
VR888998,C109239,VA-EB-PL1,2025-12-18,Amazon,1,2374,PL1-2509-4
VR889173,C100571,VA-EB-PL2,2025-12-18,Amazon,1,3499,PL2-2511-3
VR889570,C103099,VA-SP-MINI,2025-12-18,vireo.in,2,4998,MINI-2509-3
VR890424,C102743,VA-NB-ARC,2025-12-18,Flipkart,1,1299,ARC-2509-2
VR891192,C106924,VA-EB-AIR,2025-12-18,vireo.in,1,1799,AIR-2509-2
VR891806,C105433,VA-EB-PL2,2025-12-18,Flipkart,1,3499,PL2-2511-1
VR892050,C102137,VA-EB-PL2,2025-12-18,Flipkart,1,3149,PL2-2511-1
VR892092,C102264,VA-EB-PL2,2025-12-18,Amazon,1,3499,PL2-2509-4
VR892818,C108602,VA-EB-PL1,2025-12-18,Amazon,1,2124,PL1-2509-4
VR893769,C100343,VA-EB-PL2,2025-12-18,Flipkart,2,6648,PL2-2510-1
VR893886,C103358,VA-EB-PL1,2025-12-18,vireo.in,1,2124,PL1-2510-4
VR895241,C105830,VA-SW-NX2,2025-12-18,Amazon,1,5524,NX2-2511-4
VR895880,C102136,VA-EB-AIR,2025-12-18,vireo.in,1,1529,AIR-2509-4
VR897044,C100288,VA-SW-NX2,2025-12-18,vireo.in,1,5849,NX2-2509-4
VR898598,C109423,VA-NB-ARC,2025-12-18,vireo.in,1,1299,ARC-2510-4
VR900833,C107505,VA-EB-AIR,2025-12-18,vireo.in,1,1799,AIR-2511-1
VR901696,C106257,VA-EB-PL1,2025-12-18,Flipkart,1,2124,PL1-2509-1
VR908678,C104747,VA-EB-PL1,2025-12-18,vireo.in,1,2124,PL1-2509-4
VR909716,C105232,VA-EB-AIR,2025-12-18,Amazon,1,1799,AIR-2511-1
VR880089,C108557,VA-SW-FIT,2025-12-19,vireo.in,1,1999,FIT-2511-4
VR882104,C101561,VA-SW-NX2,2025-12-19,vireo.in,2,11048,NX2-2510-4
VR883167,C101568,VA-HP-ST3,2025-12-19,Flipkart,1,6999,ST3-2511-2
VR884764,C106488,VA-EB-PL2,2025-12-19,Amazon,2,6998,PL2-2511-4
VR887223,C107329,VA-SW-NX2,2025-12-19,vireo.in,1,6499,NX2-2511-4
VR887507,C101463,VA-HP-ST2,2025-12-19,vireo.in,1,4499,ST2-2511-2
VR888178,C100058,VA-SW-FIT,2025-12-19,Amazon,1,1999,FIT-2509-3
VR888714,C102208,VA-EB-PL2,2025-12-19,vireo.in,1,3499,PL2-2509-2
VR889386,C102773,VA-HP-ST3,2025-12-19,Flipkart,1,6299,ST3-2511-2
VR890562,C108724,VA-EB-PL2,2025-12-19,Amazon,1,3499,PL2-2509-3
VR891151,C107933,VA-NB-ARC,2025-12-19,vireo.in,1,1039,ARC-2511-3
VR891760,C108214,VA-EB-AIR,2025-12-19,Amazon,1,1799,AIR-2511-3
VR892122,C106379,VA-EB-PL2,2025-12-19,vireo.in,1,3499,PL2-2510-2
VR893834,C101284,VA-EB-PL2,2025-12-19,vireo.in,1,3499,PL2-2509-2
VR894242,C102992,VA-EB-PL2,2025-12-19,Flipkart,2,6998,PL2-2511-2
VR895763,C101304,VA-EB-PL2,2025-12-19,vireo.in,1,3149,PL2-2510-1
VR896987,C100484,VA-EB-PL2,2025-12-19,vireo.in,1,3499,PL2-2509-3
VR898321,C104627,VA-SW-NX2,2025-12-19,Amazon,1,5524,NX2-2511-1
VR899743,C104191,VA-SW-FIT,2025-12-19,Amazon,1,1999,FIT-2510-2
VR902589,C101981,VA-NB-ARC,2025-12-19,Amazon,1,1299,ARC-2509-2
VR902718,C104527,VA-EB-PL1,2025-12-19,Flipkart,1,1999,PL1-2511-3
VR902829,C107902,VA-EB-PL1,2025-12-19,Amazon,1,2499,PL1-2509-2
VR903886,C108930,VA-HP-ST3,2025-12-19,vireo.in,1,5949,ST3-2510-4
VR904248,C101567,VA-SP-MINI,2025-12-19,vireo.in,1,2374,MINI-2510-2
VR906252,C105582,VA-EB-AIR,2025-12-19,vireo.in,1,1799,AIR-2509-3
VR906748,C101525,VA-SW-NX2,2025-12-19,vireo.in,1,6499,NX2-2510-3
VR908711,C103664,VA-EB-PL2,2025-12-19,vireo.in,1,3499,PL2-2510-3
VR909020,C109230,VA-EB-PL1,2025-12-19,Flipkart,1,2499,PL1-2511-2
VR909649,C102428,VA-EB-PL2,2025-12-19,Flipkart,1,2799,PL2-2510-4
VR909982,C106146,VA-EB-PL2,2025-12-19,Amazon,1,3499,PL2-2511-3
VR881088,C102002,VA-SW-NX2,2025-12-20,vireo.in,2,12998,NX2-2509-2
VR882149,C100190,VA-AC-CASE,2025-12-20,vireo.in,1,1039,CASE-2511-4
VR882443,C103000,VA-HP-ST3,2025-12-20,vireo.in,1,5949,ST3-2509-3
VR882957,C105818,VA-EB-PL2,2025-12-20,vireo.in,1,3499,PL2-2510-2
VR885697,C104753,VA-SW-FIT,2025-12-20,vireo.in,1,1599,FIT-2511-4
VR888960,C102205,VA-EB-AIR,2025-12-20,vireo.in,1,1619,AIR-2510-1
VR894551,C105993,VA-EB-PL2,2025-12-20,Flipkart,1,3499,PL2-2509-4
VR894828,C100016,VA-HP-ST2,2025-12-20,Amazon,1,4999,ST2-2509-2
VR897050,C108035,VA-EB-PL2,2025-12-20,vireo.in,1,3499,PL2-2511-2
VR897184,C104409,VA-EB-PL2,2025-12-20,vireo.in,1,2974,PL2-2509-4
VR898440,C100580,VA-EB-PL2,2025-12-20,Amazon,1,3149,PL2-2511-2
VR898845,C106812,VA-EB-PL2,2025-12-20,vireo.in,1,2799,PL2-2510-2
VR898915,C108263,VA-EB-PL2,2025-12-20,vireo.in,1,3324,PL2-2510-3
VR898999,C108221,VA-EB-PL2,2025-12-20,vireo.in,1,2974,PL2-2510-2
VR899771,C107643,VA-SW-NX2,2025-12-20,Amazon,1,5849,NX2-2511-2
VR900109,C100718,VA-SW-FIT,2025-12-20,Flipkart,1,1799,FIT-2510-2
VR903375,C105847,VA-AC-CH65,2025-12-20,vireo.in,1,1499,CH65-2511-4
VR904995,C101270,VA-EB-PL2,2025-12-20,vireo.in,1,3499,PL2-2510-3
VR908912,C102662,VA-EB-PL2,2025-12-20,vireo.in,1,3499,PL2-2511-1
VR880269,C104611,VA-SW-FIT,2025-12-21,vireo.in,1,1599,FIT-2510-2
VR880747,C101639,VA-EB-PL2,2025-12-21,Amazon,1,3324,PL2-2509-4
VR881724,C109156,VA-EB-PL1,2025-12-21,vireo.in,2,4998,PL1-2510-4
VR881762,C100372,VA-EB-PL1,2025-12-21,Flipkart,1,1999,PL1-2509-4
VR881843,C108669,VA-EB-PL1,2025-12-21,vireo.in,1,2499,PL1-2509-2
VR884086,C104846,VA-EB-PL2,2025-12-21,vireo.in,1,3499,PL2-2509-1
VR886180,C101796,VA-SW-NX2,2025-12-21,vireo.in,1,6499,NX2-2510-2
VR888740,C107288,VA-EB-PL2,2025-12-21,vireo.in,1,3324,PL2-2510-1
VR889463,C108433,VA-EB-PL1,2025-12-21,vireo.in,1,2499,PL1-2510-3
VR890442,C106349,VA-SP-MINI,2025-12-21,vireo.in,1,1999,MINI-2510-2
VR890810,C105852,VA-SW-NX2,2025-12-21,Amazon,1,6499,NX2-2509-1
VR891923,C102119,VA-SW-FIT,2025-12-21,Amazon,2,3998,FIT-2510-4
VR892354,C104474,VA-EB-PL2,2025-12-21,vireo.in,1,3499,PL2-2510-4
VR893879,C106792,VA-SW-NX1,2025-12-21,vireo.in,1,4999,NX1-2511-1
VR896244,C102717,VA-SW-NX2,2025-12-21,vireo.in,1,5199,NX2-2510-2
VR896985,C107290,VA-SW-NX2,2025-12-21,Flipkart,1,5524,NX2-2509-1
VR897273,C103143,VA-HP-ST2,2025-12-21,Amazon,1,4999,ST2-2509-3
VR897496,C100933,VA-EB-AIR,2025-12-21,vireo.in,1,1529,AIR-2510-4
VR897922,C100915,VA-EB-PL2,2025-12-21,vireo.in,1,2799,PL2-2509-2
VR898611,C101540,VA-EB-PL2,2025-12-21,vireo.in,1,3149,PL2-2509-1
VR899510,C105013,VA-SP-MINI,2025-12-21,vireo.in,1,2499,MINI-2511-4
VR899565,C105014,VA-EB-PL2,2025-12-21,vireo.in,1,3149,PL2-2510-3
VR899585,C105706,VA-SP-MINI,2025-12-21,vireo.in,1,2124,MINI-2511-2
VR900314,C109077,VA-EB-PL1,2025-12-21,vireo.in,1,2499,PL1-2510-3
VR901455,C100109,VA-EB-PL2,2025-12-21,Amazon,1,3499,PL2-2511-4
VR901922,C103971,VA-AC-CASE,2025-12-21,Flipkart,1,1039,CASE-2510-1
VR902099,C106562,VA-EB-PL2,2025-12-21,vireo.in,1,3149,PL2-2510-1
VR904726,C104151,VA-EB-PL2,2025-12-21,vireo.in,1,2974,PL2-2510-1
VR905652,C101609,VA-EB-PL2,2025-12-21,Amazon,1,2974,PL2-2509-4
VR906398,C106419,VA-EB-PL2,2025-12-21,Flipkart,1,2799,PL2-2510-1
VR907134,C105819,VA-EB-PL2,2025-12-21,Flipkart,1,3499,PL2-2509-2
VR907733,C107371,VA-SP-MINI,2025-12-21,vireo.in,1,2374,MINI-2509-3
VR908511,C100709,VA-EB-PL2,2025-12-21,Flipkart,1,3499,PL2-2511-1
VR909507,C105177,VA-NB-ARC,2025-12-21,Amazon,1,1039,ARC-2511-1
VR909818,C103263,VA-AC-CASE,2025-12-21,Amazon,1,1234,CASE-2511-2
VR882945,C103300,VA-EB-PL1,2025-12-22,vireo.in,2,4248,PL1-2511-2
VR883488,C105801,VA-EB-PL2,2025-12-22,vireo.in,1,3149,PL2-2511-4
VR887786,C106555,VA-EB-PL2,2025-12-22,Amazon,1,3499,PL2-2510-2
VR889240,C106474,VA-SW-NX2,2025-12-22,Amazon,1,6499,NX2-2509-1
VR894018,C102162,VA-EB-PL2,2025-12-22,vireo.in,1,2974,PL2-2510-3
VR896054,C101926,VA-SW-NX2,2025-12-22,vireo.in,1,5524,NX2-2511-2
VR899201,C107526,VA-EB-PL2,2025-12-22,vireo.in,1,3499,PL2-2511-1
VR900530,C102861,VA-AC-CH65,2025-12-22,vireo.in,1,1199,CH65-2510-1
VR901218,C104064,VA-EB-AIR,2025-12-22,vireo.in,1,1619,AIR-2509-3
VR901837,C100398,VA-SW-NX2,2025-12-22,Flipkart,1,5849,NX2-2509-3
VR903841,C108412,VA-EB-PL2,2025-12-22,Flipkart,1,3499,PL2-2509-1
VR905983,C106273,VA-EB-PL2,2025-12-22,Amazon,1,3499,PL2-2511-2
VR907055,C101714,VA-EB-PL2,2025-12-22,Amazon,2,6298,PL2-2510-3
VR907441,C103753,VA-SP-ORB,2025-12-22,Amazon,1,5999,ORB-2509-4
VR909743,C106506,VA-EB-PL2,2025-12-22,Amazon,1,2799,PL2-2510-1
VR880736,C102588,VA-HP-ST3,2025-12-23,vireo.in,1,6999,ST3-2509-2
VR881397,C104524,VA-NB-ARC,2025-12-23,Amazon,1,1104,ARC-2511-1
VR881467,C102182,VA-EB-PL2,2025-12-23,vireo.in,1,3499,PL2-2509-3
VR883964,C107442,VA-NB-ARC,2025-12-23,Flipkart,1,1169,ARC-2511-1
VR884365,C107418,VA-NB-ARC,2025-12-23,vireo.in,1,1039,ARC-2511-1
VR884656,C103078,VA-EB-PL2,2025-12-23,Amazon,1,3499,PL2-2511-2
VR886951,C107710,VA-EB-PL2,2025-12-23,vireo.in,1,3499,PL2-2511-3
VR887079,C107923,VA-HP-ST2,2025-12-23,Flipkart,1,4249,ST2-2511-2
VR891440,C107650,VA-EB-PL2,2025-12-23,vireo.in,1,3499,PL2-2510-4
VR892304,C102036,VA-NB-ARC,2025-12-23,vireo.in,1,1039,ARC-2509-4
VR893149,C106911,VA-SP-ORB,2025-12-23,vireo.in,1,5399,ORB-2511-4
VR894862,C105124,VA-SP-MINI,2025-12-23,vireo.in,2,4248,MINI-2511-4
VR895092,C106834,VA-HP-ST2,2025-12-23,Amazon,1,4249,ST2-2511-2
VR897607,C106368,VA-EB-PL2,2025-12-23,Amazon,1,3324,PL2-2509-2
VR898569,C102734,VA-SW-NX1,2025-12-23,vireo.in,2,9998,NX1-2510-1
VR899029,C101912,VA-SW-NX2,2025-12-23,vireo.in,1,6174,NX2-2509-4
VR899306,C107800,VA-EB-PL2,2025-12-23,Flipkart,2,6298,PL2-2511-4
VR900167,C100067,VA-EB-PL2,2025-12-23,vireo.in,1,3499,PL2-2509-4
VR901032,C105775,VA-SW-NX2,2025-12-23,vireo.in,1,6499,NX2-2510-4
VR901896,C103482,VA-EB-PL2,2025-12-23,Amazon,1,3499,PL2-2511-2
VR902023,C102849,VA-EB-PL2,2025-12-23,vireo.in,1,3149,PL2-2510-4
VR904360,C105615,VA-AC-CASE,2025-12-23,Amazon,1,1299,CASE-2511-1
VR904489,C104131,VA-EB-AIR,2025-12-23,Flipkart,1,1439,AIR-2509-3
VR908122,C102663,VA-EB-PL2,2025-12-23,Amazon,1,3149,PL2-2511-2
VR883139,C106919,VA-EB-PL2,2025-12-24,Flipkart,1,2974,PL2-2509-3
VR883684,C100956,VA-AC-CH65,2025-12-24,Amazon,1,1274,CH65-2510-4
VR883993,C105609,VA-SP-MINI,2025-12-24,Amazon,1,2499,MINI-2511-4
VR885587,C101276,VA-SW-NX2,2025-12-24,Amazon,1,5849,NX2-2509-2
VR886050,C107665,VA-SP-MINI,2025-12-24,Amazon,1,2499,MINI-2511-1
VR887434,C102269,VA-EB-PL2,2025-12-24,Flipkart,1,2799,PL2-2510-1
VR887577,C103082,VA-EB-PL2,2025-12-24,vireo.in,1,3499,PL2-2509-4
VR888039,C104120,VA-EB-PL2,2025-12-24,Amazon,1,2799,PL2-2509-2
VR888768,C107023,VA-SW-NX2,2025-12-24,Amazon,1,6499,NX2-2511-4
VR889655,C108450,VA-EB-PL2,2025-12-24,Amazon,1,3149,PL2-2510-4
VR890393,C107436,VA-EB-PL2,2025-12-24,Amazon,1,3499,PL2-2511-1
VR890453,C103927,VA-EB-PL2,2025-12-24,vireo.in,1,2799,PL2-2511-3
VR890805,C108224,VA-EB-PL1,2025-12-24,vireo.in,1,2499,PL1-2511-3
VR891780,C102460,VA-SW-NX2,2025-12-24,vireo.in,1,5849,NX2-2511-1
VR892677,C102065,VA-EB-PL2,2025-12-24,vireo.in,1,3499,PL2-2510-1
VR893198,C108970,VA-NB-ARC,2025-12-24,vireo.in,1,1299,ARC-2510-3
VR893797,C102057,VA-EB-PL2,2025-12-24,vireo.in,1,2799,PL2-2510-1
VR897104,C105949,VA-SP-MINI,2025-12-24,vireo.in,1,2499,MINI-2510-1
VR897678,C104007,VA-EB-PL2,2025-12-24,vireo.in,1,2974,PL2-2511-4
VR898134,C104368,VA-EB-PL2,2025-12-24,vireo.in,1,2799,PL2-2511-3
VR900288,C105652,VA-SW-FIT,2025-12-24,Amazon,1,1799,FIT-2510-4
VR900401,C104555,VA-EB-PL2,2025-12-24,Amazon,1,2974,PL2-2510-2
VR900617,C103453,VA-SW-NX2,2025-12-24,vireo.in,1,5524,NX2-2510-3
VR901411,C108539,VA-EB-PL2,2025-12-24,vireo.in,1,3149,PL2-2509-4
VR906055,C107032,VA-EB-PL2,2025-12-24,vireo.in,1,3499,PL2-2510-3
VR906626,C108004,VA-HP-ST2,2025-12-24,vireo.in,1,4749,ST2-2509-1
VR907196,C101164,VA-EB-PL1,2025-12-24,vireo.in,1,1999,PL1-2509-4
VR907208,C108594,VA-EB-PL2,2025-12-24,vireo.in,1,3499,PL2-2509-4
VR907270,C106393,VA-EB-AIR,2025-12-24,vireo.in,1,1709,AIR-2511-4
VR908402,C100492,VA-HP-ST3,2025-12-24,Amazon,2,11198,ST3-2509-2
VR908650,C104521,VA-HP-ST2,2025-12-24,vireo.in,1,4999,ST2-2510-3
VR880890,C102604,VA-EB-PL2,2025-12-25,vireo.in,1,3499,PL2-2511-2
VR882178,C100849,VA-SP-MINI,2025-12-25,vireo.in,1,2499,MINI-2510-4
VR882336,C107119,VA-EB-AIR,2025-12-25,Amazon,1,1799,AIR-2509-3
VR883648,C107959,VA-EB-PL2,2025-12-25,Flipkart,1,3149,PL2-2510-2
VR884255,C108189,VA-EB-AIR,2025-12-25,Amazon,1,1799,AIR-2511-1
VR886196,C109014,VA-EB-PL2,2025-12-25,Amazon,1,3324,PL2-2511-3
VR887201,C107682,VA-EB-PL2,2025-12-25,Amazon,1,2974,PL2-2510-2
VR888042,C106788,VA-AC-CH65,2025-12-25,Amazon,1,1499,CH65-2511-1
VR888688,C108964,VA-SW-NX1,2025-12-25,vireo.in,1,3999,NX1-2511-3
VR889147,C109257,VA-SW-NX2,2025-12-25,vireo.in,1,5524,NX2-2509-3
VR889333,C107967,VA-EB-PL2,2025-12-25,vireo.in,1,2974,PL2-2510-3
VR891815,C103693,VA-SP-ORB,2025-12-25,Amazon,1,5999,ORB-2511-1
VR892017,C108461,VA-AC-CASE,2025-12-25,vireo.in,1,1104,CASE-2510-2
VR892514,C100976,VA-SP-ORB,2025-12-25,vireo.in,1,5399,ORB-2511-3
VR892563,C104050,VA-SW-NX2,2025-12-25,vireo.in,1,5524,NX2-2511-3
VR894466,C100970,VA-EB-PL1,2025-12-25,Amazon,1,2499,PL1-2509-1
VR895263,C107627,VA-EB-PL2,2025-12-25,vireo.in,1,3149,PL2-2510-4
VR895281,C108428,VA-SP-MINI,2025-12-25,vireo.in,1,2499,MINI-2509-1
VR898298,C108483,VA-EB-PL2,2025-12-25,vireo.in,1,3499,PL2-2511-1
VR899089,C101890,VA-EB-PL2,2025-12-25,vireo.in,1,3499,PL2-2510-3
VR899693,C102925,VA-EB-PL2,2025-12-25,vireo.in,1,2974,PL2-2510-1
VR900472,C106531,VA-EB-PL2,2025-12-25,Amazon,1,3499,PL2-2510-3
VR902041,C107272,VA-SW-NX2,2025-12-25,Amazon,1,6499,NX2-2510-2
VR902958,C104946,VA-SW-NX2,2025-12-25,Amazon,1,5524,NX2-2511-4
VR905027,C107364,VA-EB-PL2,2025-12-25,vireo.in,1,3499,PL2-2511-4
VR907303,C101320,VA-SW-NX2,2025-12-25,vireo.in,2,11698,NX2-2510-4
VR907918,C105635,VA-HP-ST3,2025-12-25,vireo.in,1,6999,ST3-2511-4
VR908058,C101279,VA-EB-PL2,2025-12-25,Amazon,1,3499,PL2-2510-2
VR909831,C100346,VA-EB-PL2,2025-12-25,vireo.in,1,3499,PL2-2510-3
VR883588,C103559,VA-SP-MINI,2025-12-26,vireo.in,1,2499,MINI-2512-2
VR887503,C101922,VA-HP-ST2,2025-12-26,vireo.in,1,4499,ST2-2510-3
VR887597,C108043,VA-EB-PL2,2025-12-26,vireo.in,1,3499,PL2-2510-1
VR887810,C102707,VA-AC-CH65,2025-12-26,vireo.in,1,1199,CH65-2512-3
VR888783,C105963,VA-AC-CASE,2025-12-26,Flipkart,1,1299,CASE-2511-3
VR889132,C106791,VA-EB-PL2,2025-12-26,Amazon,1,2974,PL2-2510-3
VR889154,C107735,VA-AC-CBL,2025-12-26,Amazon,2,678,CBL-2509-2
VR890486,C108847,VA-HP-ST3,2025-12-26,vireo.in,1,5599,ST3-2510-1
VR892084,C108301,VA-NB-ARC,2025-12-26,vireo.in,1,1299,ARC-2509-4
VR893721,C104041,VA-SW-NX2,2025-12-26,vireo.in,1,5524,NX2-2511-4
VR894671,C106046,VA-HP-ST3,2025-12-26,vireo.in,1,6649,ST3-2509-1
VR895088,C104226,VA-EB-PL1,2025-12-26,vireo.in,1,2374,PL1-2509-3
VR896284,C103541,VA-SW-NX2,2025-12-26,vireo.in,2,12348,NX2-2509-1
VR897198,C102234,VA-EB-PL1,2025-12-26,vireo.in,1,2124,PL1-2509-1
VR898491,C104464,VA-EB-AIR,2025-12-26,vireo.in,2,3598,AIR-2509-3
VR903067,C109226,VA-EB-PL1,2025-12-26,Flipkart,2,4998,PL1-2509-4
VR903429,C106665,VA-EB-PL2,2025-12-26,vireo.in,1,3499,PL2-2511-2
VR904040,C107958,VA-HP-ST3,2025-12-26,vireo.in,1,6999,ST3-2511-2
VR904661,C101746,VA-SW-NX2,2025-12-26,vireo.in,1,6499,NX2-2510-4
VR904679,C105232,VA-EB-PL2,2025-12-26,vireo.in,1,3149,PL2-2510-2
VR906412,C100335,VA-EB-PL2,2025-12-26,Amazon,1,3499,PL2-2510-2
VR907584,C109085,VA-EB-PL2,2025-12-26,vireo.in,1,3149,PL2-2511-2
VR908226,C105368,VA-SW-NX2,2025-12-26,vireo.in,1,6499,NX2-2509-2
VR909161,C106591,VA-SW-NX1,2025-12-26,vireo.in,1,3999,NX1-2512-4
VR909378,C106281,VA-AC-CASE,2025-12-26,vireo.in,1,1299,CASE-2510-3
VR881903,C103371,VA-EB-PL2,2025-12-27,vireo.in,1,3149,PL2-2510-4
VR882623,C105658,VA-HP-ST2,2025-12-27,Amazon,1,4999,ST2-2511-4
VR882724,C106455,VA-EB-AIR,2025-12-27,Amazon,1,1799,AIR-2511-4
VR884486,C109414,VA-EB-PL1,2025-12-27,Flipkart,1,2499,PL1-2510-3
VR885019,C109305,VA-AC-CH65,2025-12-27,vireo.in,1,1274,CH65-2511-1
VR886221,C106527,VA-EB-PL2,2025-12-27,Amazon,1,2799,PL2-2511-1
VR886911,C102032,VA-SW-NX2,2025-12-27,vireo.in,1,5849,NX2-2511-2
VR887059,C107732,VA-EB-PL2,2025-12-27,Amazon,1,3499,PL2-2509-4
VR888846,C102283,VA-EB-AIR,2025-12-27,vireo.in,1,1529,AIR-2511-1
VR888882,C108973,VA-EB-PL2,2025-12-27,vireo.in,1,3499,PL2-2512-2
VR890288,C104060,VA-EB-PL2,2025-12-27,Flipkart,2,6998,PL2-2512-1
VR890662,C101140,VA-HP-ST3,2025-12-27,vireo.in,1,6999,ST3-2511-2
VR891283,C103564,VA-AC-CASE,2025-12-27,vireo.in,1,1299,CASE-2510-1
VR893642,C106783,VA-EB-PL2,2025-12-27,Amazon,1,2974,PL2-2509-4
VR894851,C100002,VA-SP-ORB,2025-12-27,Amazon,1,5999,ORB-2511-2
VR895817,C103829,VA-HP-ST3,2025-12-27,Amazon,1,5949,ST3-2509-4
VR899621,C108846,VA-EB-PL2,2025-12-27,vireo.in,1,2974,PL2-2511-1
VR899868,C105698,VA-EB-PL2,2025-12-27,vireo.in,1,2974,PL2-2509-4
VR900798,C106054,VA-EB-PL2,2025-12-27,vireo.in,1,2974,PL2-2509-4
VR903004,C102200,VA-NB-ARC,2025-12-27,vireo.in,1,1299,ARC-2510-2
VR904970,C108606,VA-EB-PL2,2025-12-27,vireo.in,1,3499,PL2-2509-2
VR907872,C104644,VA-SW-NX2,2025-12-27,Amazon,1,6499,NX2-2509-2
VR909386,C103236,VA-EB-PL2,2025-12-27,Amazon,1,3499,PL2-2509-2
VR909905,C100323,VA-EB-PL2,2025-12-27,Amazon,1,3499,PL2-2511-4
VR881708,C105236,VA-HP-ST3,2025-12-28,Amazon,1,5599,ST3-2510-3
VR883586,C105641,VA-EB-PL2,2025-12-28,Amazon,1,3499,PL2-2509-2
VR883783,C104694,VA-EB-PL2,2025-12-28,Flipkart,1,3324,PL2-2511-1
VR884468,C104228,VA-EB-PL2,2025-12-28,Flipkart,1,2974,PL2-2511-2
VR885379,C104979,VA-SW-FIT,2025-12-28,Amazon,1,1799,FIT-2510-1
VR886089,C108181,VA-HP-ST2,2025-12-28,Amazon,1,4749,ST2-2512-1
VR886201,C109018,VA-SP-ORB,2025-12-28,Amazon,1,4799,ORB-2509-2
VR887345,C104925,VA-EB-PL2,2025-12-28,Amazon,1,3499,PL2-2511-1
VR888410,C101522,VA-EB-PL2,2025-12-28,vireo.in,1,2799,PL2-2510-1
VR888449,C108160,VA-EB-PL2,2025-12-28,Flipkart,1,3499,PL2-2509-4
VR888692,C105441,VA-AC-CH65,2025-12-28,vireo.in,1,1499,CH65-2510-2
VR889716,C100633,VA-SP-MINI,2025-12-28,vireo.in,1,2499,MINI-2510-3
VR891771,C104851,VA-AC-CH65,2025-12-28,Amazon,1,1499,CH65-2512-3
VR893576,C100843,VA-SW-NX2,2025-12-28,vireo.in,1,5524,NX2-2509-4
VR894175,C108499,VA-EB-PL2,2025-12-28,vireo.in,1,3499,PL2-2509-1
VR894770,C103550,VA-SW-NX2,2025-12-28,Amazon,1,5199,NX2-2512-3
VR897506,C105115,VA-EB-PL2,2025-12-28,Amazon,1,3499,PL2-2511-3
VR899867,C103701,VA-SW-FIT,2025-12-28,vireo.in,1,1899,FIT-2511-2
VR900238,C104015,VA-HP-ST3,2025-12-28,vireo.in,1,6299,ST3-2509-2
VR903204,C103220,VA-EB-PL2,2025-12-28,Flipkart,1,3499,PL2-2510-3
VR903872,C106806,VA-SP-ORB,2025-12-28,Amazon,1,5999,ORB-2511-4
VR904837,C106511,VA-SP-ORB,2025-12-28,vireo.in,1,4799,ORB-2511-3
VR905847,C107054,VA-AC-CH65,2025-12-28,vireo.in,2,2698,CH65-2509-1
VR907658,C106845,VA-EB-PL2,2025-12-28,vireo.in,1,2799,PL2-2511-3
VR909137,C104841,VA-EB-AIR,2025-12-28,vireo.in,1,1799,AIR-2511-4
VR909387,C101007,VA-EB-PL2,2025-12-28,vireo.in,1,3499,PL2-2509-4
VR882298,C105294,VA-EB-PL1,2025-12-29,vireo.in,1,2499,PL1-2510-3
VR882380,C107810,VA-EB-PL2,2025-12-29,vireo.in,1,3499,PL2-2511-2
VR882955,C102091,VA-SW-NX2,2025-12-29,vireo.in,1,6499,NX2-2509-1
VR883989,C108307,VA-EB-PL2,2025-12-29,vireo.in,1,3499,PL2-2509-1
VR887253,C103955,VA-SW-NX2,2025-12-29,Flipkart,1,5199,NX2-2510-4
VR887814,C106965,VA-EB-AIR,2025-12-29,Amazon,1,1799,AIR-2509-2
VR887862,C109124,VA-EB-PL1,2025-12-29,Amazon,1,2124,PL1-2510-4
VR888786,C105851,VA-EB-PL2,2025-12-29,Amazon,1,3149,PL2-2510-2
VR888788,C107694,VA-SP-MINI,2025-12-29,vireo.in,1,2124,MINI-2510-4
VR889965,C103692,VA-HP-ST3,2025-12-29,Amazon,1,6999,ST3-2510-3
VR891136,C107528,VA-HP-ST3,2025-12-29,vireo.in,1,5949,ST3-2511-1
VR891282,C105299,VA-HP-ST2,2025-12-29,Amazon,1,4999,ST2-2509-3
VR892217,C100296,VA-SP-MINI,2025-12-29,vireo.in,1,2499,MINI-2512-3
VR892587,C109156,VA-SP-ORB,2025-12-29,vireo.in,1,5999,ORB-2509-4
VR896359,C107666,VA-EB-PL2,2025-12-29,Amazon,1,3149,PL2-2509-4
VR896487,C102008,VA-EB-PL2,2025-12-29,vireo.in,1,3499,PL2-2511-2
VR896822,C102660,VA-HP-ST2,2025-12-29,vireo.in,1,4999,ST2-2510-3
VR898682,C101327,VA-EB-PL2,2025-12-29,vireo.in,1,2974,PL2-2511-1
VR901174,C109285,VA-EB-PL2,2025-12-29,vireo.in,1,3499,PL2-2509-4
VR901454,C101549,VA-EB-PL2,2025-12-29,Flipkart,1,3149,PL2-2511-4
VR902707,C100351,VA-EB-PL2,2025-12-29,Amazon,1,3499,PL2-2511-4
VR904387,C102686,VA-EB-PL2,2025-12-29,vireo.in,1,3499,PL2-2510-1
VR904882,C108710,VA-SP-MINI,2025-12-29,vireo.in,1,1999,MINI-2510-4
VR906516,C105778,VA-SP-MINI,2025-12-29,Amazon,1,2499,MINI-2510-4
VR908085,C108052,VA-EB-PL2,2025-12-29,vireo.in,1,3149,PL2-2511-3
VR908207,C107431,VA-EB-PL2,2025-12-29,vireo.in,1,3499,PL2-2509-1
VR881759,C105927,VA-SW-NX2,2025-12-30,Flipkart,2,11048,NX2-2510-4
VR881863,C108834,VA-SP-MINI,2025-12-30,vireo.in,1,2249,MINI-2510-4
VR882808,C102971,VA-SW-NX1,2025-12-30,vireo.in,1,4499,NX1-2511-1
VR885290,C100953,VA-EB-PL1,2025-12-30,vireo.in,1,2499,PL1-2511-3
VR885389,C103063,VA-SP-ORB,2025-12-30,vireo.in,1,5099,ORB-2511-2
VR887060,C106274,VA-EB-AIR,2025-12-30,vireo.in,1,1709,AIR-2510-3
VR887348,C105052,VA-SP-ORB,2025-12-30,vireo.in,1,4799,ORB-2511-4
VR888506,C105468,VA-EB-PL2,2025-12-30,Amazon,1,3324,PL2-2510-4
VR890137,C105741,VA-EB-PL1,2025-12-30,Flipkart,1,2499,PL1-2509-1
VR893359,C109095,VA-HP-ST3,2025-12-30,Amazon,1,6649,ST3-2510-2
VR894026,C105969,VA-SP-MINI,2025-12-30,vireo.in,1,2124,MINI-2510-1
VR895640,C106399,VA-AC-CASE,2025-12-30,vireo.in,1,1299,CASE-2512-3
VR896972,C104047,VA-AC-CASE,2025-12-30,Amazon,1,1234,CASE-2510-3
VR898000,C104711,VA-EB-PL2,2025-12-30,Flipkart,1,3499,PL2-2512-3
VR898481,C109382,VA-SP-MINI,2025-12-30,Flipkart,1,2124,MINI-2511-1
VR898820,C109284,VA-SW-NX1,2025-12-30,vireo.in,1,4999,NX1-2510-3
VR900161,C104527,VA-SP-ORB,2025-12-30,vireo.in,1,4799,ORB-2510-2
VR900454,C106704,VA-EB-PL1,2025-12-30,Amazon,1,2374,PL1-2512-4
VR903614,C107801,VA-EB-PL2,2025-12-30,vireo.in,1,3149,PL2-2510-1
VR903645,C102250,VA-EB-PL2,2025-12-30,vireo.in,1,3149,PL2-2511-4
VR903687,C100932,VA-EB-PL2,2025-12-30,vireo.in,1,3499,PL2-2512-4
VR905468,C107368,VA-SW-NX2,2025-12-30,Amazon,1,5524,NX2-2510-2
VR906040,C102296,VA-EB-PL2,2025-12-30,vireo.in,1,3499,PL2-2510-4
VR906219,C103544,VA-EB-PL2,2025-12-30,vireo.in,1,3499,PL2-2510-1
VR906462,C106903,VA-EB-AIR,2025-12-30,vireo.in,2,3598,AIR-2511-4
VR908590,C101388,VA-EB-PL2,2025-12-30,vireo.in,1,3499,PL2-2510-3
VR881520,C102197,VA-EB-PL2,2025-12-31,vireo.in,1,3149,PL2-2511-1
VR882296,C101869,VA-SP-MINI,2025-12-31,Amazon,1,1999,MINI-2511-3
VR882402,C107227,VA-EB-PL2,2025-12-31,vireo.in,1,3499,PL2-2509-3
VR882875,C103007,VA-EB-PL2,2025-12-31,Flipkart,1,3499,PL2-2512-2
VR883397,C107575,VA-EB-PL2,2025-12-31,vireo.in,1,3324,PL2-2510-3
VR885097,C107489,VA-SW-FIT,2025-12-31,vireo.in,1,1799,FIT-2510-3
VR885236,C102632,VA-HP-ST3,2025-12-31,vireo.in,1,6649,ST3-2511-4
VR885551,C105530,VA-EB-PL2,2025-12-31,Amazon,1,3149,PL2-2511-1
VR885687,C105116,VA-NB-ARC,2025-12-31,vireo.in,1,1234,ARC-2510-3
VR885923,C106183,VA-EB-PL1,2025-12-31,vireo.in,1,1999,PL1-2509-1
VR890476,C100918,VA-EB-PL1,2025-12-31,vireo.in,1,2499,PL1-2512-1
VR890624,C105933,VA-SW-NX1,2025-12-31,Amazon,1,4999,NX1-2510-1
VR890655,C103210,VA-SW-NX2,2025-12-31,vireo.in,1,5524,NX2-2509-1
VR891279,C101606,VA-EB-PL1,2025-12-31,vireo.in,1,2499,PL1-2511-1
VR893487,C107033,VA-EB-PL2,2025-12-31,vireo.in,1,3149,PL2-2511-3
VR893616,C107736,VA-NB-ARC,2025-12-31,Flipkart,1,1299,ARC-2511-3
VR894096,C102937,VA-NB-ARC,2025-12-31,Amazon,1,1234,ARC-2511-3
VR894493,C106219,VA-AC-CASE,2025-12-31,Amazon,1,1039,CASE-2511-4
VR895882,C108661,VA-EB-AIR,2025-12-31,vireo.in,1,1529,AIR-2512-2
VR896320,C108284,VA-EB-PL2,2025-12-31,Amazon,1,3324,PL2-2509-4
VR897938,C104976,VA-HP-ST2,2025-12-31,Flipkart,1,4249,ST2-2510-4
VR898083,C101759,VA-EB-AIR,2025-12-31,vireo.in,1,1799,AIR-2512-2
VR899093,C103731,VA-HP-ST3,2025-12-31,Amazon,1,6999,ST3-2510-3
VR901918,C108268,VA-EB-PL2,2025-12-31,Amazon,1,3499,PL2-2510-1
VR903156,C101661,VA-HP-ST3,2025-12-31,vireo.in,1,5599,ST3-2509-4
VR903206,C108755,VA-AC-CASE,2025-12-31,vireo.in,1,1039,CASE-2511-2
VR903385,C105478,VA-EB-PL2,2025-12-31,vireo.in,1,3499,PL2-2510-4
VR903533,C102586,VA-SP-ORB,2025-12-31,vireo.in,1,5699,ORB-2510-3
VR905002,C106470,VA-EB-AIR,2025-12-31,vireo.in,1,1709,AIR-2511-4
VR906254,C101861,VA-AC-CASE,2025-12-31,vireo.in,1,1299,CASE-2511-3
VR907047,C102204,VA-EB-PL2,2025-12-31,vireo.in,1,2799,PL2-2511-1
VR907841,C107386,VA-EB-PL2,2025-12-31,Amazon,1,3149,PL2-2511-1
VR908098,C105494,VA-EB-PL1,2025-12-31,Amazon,1,2499,PL1-2511-2
VR908310,C109050,VA-SP-ORB,2025-12-31,vireo.in,1,5099,ORB-2510-4
VR909458,C106092,VA-SW-NX2,2025-12-31,vireo.in,1,6499,NX2-2511-3
VR909501,C103288,VA-EB-PL2,2025-12-31,vireo.in,1,3324,PL2-2512-2
VR882962,C101799,VA-SW-NX2,2026-01-01,vireo.in,1,6499,NX2-2510-1
VR886914,C104780,VA-HP-ST3,2026-01-01,vireo.in,1,6999,ST3-2512-4
VR888367,C100634,VA-EB-AIR,2026-01-01,vireo.in,1,1799,AIR-2511-1
VR888411,C101704,VA-EB-AIR,2026-01-01,vireo.in,1,1619,AIR-2512-3
VR888822,C109003,VA-SP-MINI,2026-01-01,vireo.in,1,2249,MINI-2510-4
VR889947,C108299,VA-SP-MINI,2026-01-01,vireo.in,1,2249,MINI-2509-2
VR890792,C108498,VA-EB-PL2,2026-01-01,vireo.in,1,3499,PL2-2512-1
VR892270,C108430,VA-EB-PL2,2026-01-01,Flipkart,1,3499,PL2-2511-1
VR894232,C106352,VA-EB-PL1,2026-01-01,Amazon,1,1999,PL1-2510-1
VR896263,C105426,VA-SW-FIT,2026-01-01,Amazon,1,1599,FIT-2510-1
VR897202,C101054,VA-EB-PL2,2026-01-01,Amazon,1,3324,PL2-2509-1
VR897989,C103069,VA-EB-PL1,2026-01-01,Amazon,1,2374,PL1-2512-2
VR901288,C106081,VA-EB-PL1,2026-01-01,Flipkart,1,2499,PL1-2509-1
VR901400,C101093,VA-EB-PL2,2026-01-01,Amazon,1,3149,PL2-2509-3
VR903823,C105234,VA-EB-PL2,2026-01-01,vireo.in,1,3499,PL2-2510-4
VR904300,C106858,VA-SW-NX1,2026-01-01,Flipkart,1,4499,NX1-2512-1
VR904527,C100674,VA-EB-PL2,2026-01-01,vireo.in,1,3499,PL2-2511-3
VR904767,C106992,VA-EB-PL2,2026-01-01,vireo.in,1,2799,PL2-2511-4
VR904862,C104823,VA-SP-ORB,2026-01-01,Amazon,1,5099,ORB-2510-3
VR904927,C108923,VA-SP-MINI,2026-01-01,vireo.in,1,2499,MINI-2512-1
VR905647,C105108,VA-SP-ORB,2026-01-01,vireo.in,1,5099,ORB-2511-3
VR906264,C107873,VA-EB-PL2,2026-01-01,vireo.in,2,6998,PL2-2509-4
VR908191,C103320,VA-EB-PL2,2026-01-01,Amazon,1,3499,PL2-2510-4
VR881554,C103537,VA-HP-ST2,2026-01-02,Amazon,1,4999,ST2-2511-1
VR882664,C107956,VA-EB-PL2,2026-01-02,vireo.in,1,3149,PL2-2509-2
VR883768,C106238,VA-SW-NX2,2026-01-02,Amazon,1,6174,NX2-2512-4
VR887770,C100240,VA-SP-MINI,2026-01-02,Flipkart,1,2499,MINI-2509-3
VR887940,C100214,VA-EB-AIR,2026-01-02,Amazon,1,1799,AIR-2511-1
VR888335,C106073,VA-EB-AIR,2026-01-02,vireo.in,1,1619,AIR-2509-4
VR889115,C107161,VA-EB-PL1,2026-01-02,vireo.in,1,1999,PL1-2510-2
VR889263,C107911,VA-HP-ST3,2026-01-02,vireo.in,1,5949,ST3-2511-2
VR890148,C104969,VA-EB-PL1,2026-01-02,Amazon,1,2374,PL1-2509-1
VR892761,C104378,VA-EB-AIR,2026-01-02,vireo.in,1,1709,AIR-2510-3
VR893931,C108956,VA-EB-PL2,2026-01-02,vireo.in,1,3499,PL2-2511-4
VR895207,C108018,VA-EB-PL2,2026-01-02,vireo.in,2,6998,PL2-2510-4
VR896635,C109442,VA-EB-PL2,2026-01-02,Flipkart,1,3499,PL2-2512-1
VR896678,C108876,VA-HP-ST2,2026-01-02,Amazon,1,4999,ST2-2511-2
VR897574,C108859,VA-HP-ST3,2026-01-02,Amazon,1,6299,ST3-2512-1
VR897861,C100221,VA-EB-PL2,2026-01-02,vireo.in,1,3324,PL2-2512-3
VR899369,C105306,VA-HP-ST2,2026-01-02,Amazon,1,4249,ST2-2509-1
VR899893,C101256,VA-SP-MINI,2026-01-02,vireo.in,1,2374,MINI-2511-1
VR900351,C106722,VA-EB-PL2,2026-01-02,vireo.in,1,2799,PL2-2512-4
VR901284,C106699,VA-SP-MINI,2026-01-02,vireo.in,1,2124,MINI-2511-2
VR901744,C101314,VA-AC-CBL,2026-01-02,Flipkart,1,319,CBL-2510-3
VR901967,C106803,VA-SP-MINI,2026-01-02,vireo.in,1,2499,MINI-2510-4
VR904456,C108196,VA-AC-CASE,2026-01-02,Amazon,1,1234,CASE-2509-2
VR904673,C103076,VA-AC-CASE,2026-01-02,vireo.in,1,1104,CASE-2509-3
VR904682,C108410,VA-SW-FIT,2026-01-02,vireo.in,1,1999,FIT-2510-3
VR905206,C103446,VA-SP-MINI,2026-01-02,vireo.in,1,2374,MINI-2512-1
VR906595,C103422,VA-EB-PL1,2026-01-02,vireo.in,1,2499,PL1-2510-1
VR907024,C104923,VA-EB-AIR,2026-01-02,Amazon,1,1799,AIR-2511-1
VR907102,C104140,VA-HP-ST3,2026-01-02,Amazon,1,5599,ST3-2510-3
VR909165,C105736,VA-EB-AIR,2026-01-02,Flipkart,1,1799,AIR-2512-4
VR909644,C108492,VA-SP-MINI,2026-01-02,Amazon,2,4748,MINI-2511-4
VR909793,C108190,VA-NB-ARC,2026-01-02,vireo.in,1,1104,ARC-2511-4
VR880067,C103559,VA-SW-NX2,2026-01-03,vireo.in,1,5199,NX2-2510-3
VR880202,C101325,VA-HP-ST2,2026-01-03,vireo.in,1,4999,ST2-2509-1
VR880286,C104956,VA-SP-ORB,2026-01-03,vireo.in,1,4799,ORB-2509-4
VR881086,C101007,VA-EB-PL2,2026-01-03,Flipkart,2,6998,PL2-2511-3
VR883472,C104211,VA-SP-ORB,2026-01-03,Flipkart,1,5399,ORB-2512-3
VR884518,C109118,VA-EB-PL2,2026-01-03,vireo.in,1,3324,PL2-2512-2
VR884962,C103907,VA-AC-CASE,2026-01-03,vireo.in,1,1299,CASE-2510-1
VR888208,C107928,VA-EB-PL2,2026-01-03,Amazon,1,3499,PL2-2509-3
VR889395,C103413,VA-EB-PL2,2026-01-03,vireo.in,1,3499,PL2-2509-1
VR889710,C108276,VA-EB-PL2,2026-01-03,vireo.in,1,3499,PL2-2511-4
VR889744,C101396,VA-EB-PL2,2026-01-03,vireo.in,1,3324,PL2-2511-4
VR890132,C103510,VA-EB-PL2,2026-01-03,Amazon,1,2974,PL2-2511-1
VR890443,C102028,VA-EB-AIR,2026-01-03,Amazon,1,1799,AIR-2512-3
VR890862,C103256,VA-SP-MINI,2026-01-03,vireo.in,1,2124,MINI-2510-3
VR892660,C107346,VA-EB-PL2,2026-01-03,vireo.in,1,3499,PL2-2509-2
VR893792,C108994,VA-EB-PL2,2026-01-03,Amazon,1,3499,PL2-2509-1
VR895072,C102270,VA-EB-PL2,2026-01-03,vireo.in,1,3499,PL2-2509-1
VR895099,C101490,VA-EB-PL2,2026-01-03,Amazon,1,3324,PL2-2512-4
VR895877,C100146,VA-SP-MINI,2026-01-03,vireo.in,1,2499,MINI-2512-3
VR896820,C100913,VA-EB-PL2,2026-01-03,vireo.in,1,2974,PL2-2510-2
VR898974,C101490,VA-EB-PL2,2026-01-03,vireo.in,1,3324,PL2-2510-1
VR902761,C107437,VA-SW-FIT,2026-01-03,Amazon,1,1999,FIT-2512-1
VR902867,C103917,VA-EB-PL2,2026-01-03,Amazon,1,3499,PL2-2509-2
VR904147,C109058,VA-EB-PL2,2026-01-03,Flipkart,1,3499,PL2-2511-1
VR904474,C104486,VA-EB-PL2,2026-01-03,Flipkart,1,3499,PL2-2511-4
VR905072,C106008,VA-SW-NX1,2026-01-03,vireo.in,1,4999,NX1-2510-4
VR906793,C103027,VA-EB-PL2,2026-01-03,vireo.in,1,2799,PL2-2512-2
VR907218,C102711,VA-SW-FIT,2026-01-03,Amazon,1,1999,FIT-2511-2
VR908389,C107946,VA-EB-PL1,2026-01-03,vireo.in,1,2124,PL1-2512-2
VR880963,C109459,VA-EB-PL2,2026-01-04,vireo.in,2,6998,PL2-2511-2
VR881422,C101919,VA-EB-PL2,2026-01-04,vireo.in,1,3499,PL2-2509-2
VR885904,C108981,VA-EB-PL2,2026-01-04,vireo.in,1,3149,PL2-2510-3
VR886121,C107011,VA-HP-ST3,2026-01-04,Amazon,2,12598,ST3-2509-2
VR887087,C108088,VA-EB-PL2,2026-01-04,Amazon,1,3499,PL2-2509-4
VR888122,C108495,VA-EB-PL2,2026-01-04,vireo.in,1,2974,PL2-2510-3
VR888494,C101327,VA-EB-PL2,2026-01-04,Flipkart,1,3499,PL2-2512-3
VR890699,C100315,VA-EB-PL2,2026-01-04,Amazon,1,2974,PL2-2511-3
VR890790,C104798,VA-HP-ST2,2026-01-04,Amazon,1,4999,ST2-2511-1
VR892484,C108506,VA-SP-MINI,2026-01-04,vireo.in,1,2499,MINI-2509-2
VR895740,C109004,VA-EB-PL2,2026-01-04,vireo.in,1,3149,PL2-2510-4
VR896122,C108937,VA-EB-AIR,2026-01-04,vireo.in,1,1799,AIR-2510-3
VR897332,C108980,VA-EB-PL2,2026-01-04,vireo.in,1,3149,PL2-2509-1
VR897343,C107165,VA-HP-ST3,2026-01-04,vireo.in,1,6299,ST3-2510-3
VR899681,C101409,VA-EB-PL2,2026-01-04,Amazon,1,3324,PL2-2509-1
VR900195,C100573,VA-SP-MINI,2026-01-04,Flipkart,1,2499,MINI-2511-3
VR900932,C101941,VA-EB-PL1,2026-01-04,vireo.in,1,2499,PL1-2511-4
VR901965,C108669,VA-EB-AIR,2026-01-04,vireo.in,2,3598,AIR-2509-4
VR902238,C102346,VA-SP-MINI,2026-01-04,vireo.in,1,1999,MINI-2512-3
VR880447,C108264,VA-AC-CASE,2026-01-05,vireo.in,1,1299,CASE-2512-2
VR880975,C100223,VA-EB-PL2,2026-01-05,Amazon,1,2799,PL2-2510-1
VR882571,C101845,VA-EB-PL2,2026-01-05,vireo.in,1,3324,PL2-2512-4
VR882658,C107791,VA-SP-ORB,2026-01-05,Flipkart,1,5999,ORB-2511-4
VR883126,C102637,VA-SP-MINI,2026-01-05,vireo.in,1,1999,MINI-2511-4
VR883362,C104230,VA-HP-ST3,2026-01-05,Amazon,1,6999,ST3-2509-1
VR884718,C101691,VA-EB-PL2,2026-01-05,vireo.in,1,3324,PL2-2510-1
VR884839,C104068,VA-EB-PL2,2026-01-05,vireo.in,1,3499,PL2-2510-3
VR885325,C108852,VA-EB-PL2,2026-01-05,Amazon,1,2974,PL2-2509-3
VR885791,C106659,VA-SP-ORB,2026-01-05,vireo.in,1,5099,ORB-2511-4
VR886013,C103527,VA-EB-PL2,2026-01-05,vireo.in,1,3499,PL2-2510-3
VR886515,C107381,VA-EB-PL2,2026-01-05,vireo.in,1,3324,PL2-2509-4
VR892379,C104508,VA-NB-ARC,2026-01-05,vireo.in,1,1299,ARC-2510-2
VR894434,C101723,VA-SP-ORB,2026-01-05,vireo.in,1,5999,ORB-2511-1
VR895707,C102844,VA-EB-PL2,2026-01-05,vireo.in,1,3149,PL2-2510-4
VR897075,C101826,VA-EB-PL2,2026-01-05,vireo.in,1,3499,PL2-2511-2
VR898796,C102627,VA-EB-PL2,2026-01-05,Flipkart,1,3499,PL2-2512-2
VR899345,C108063,VA-EB-PL2,2026-01-05,vireo.in,1,2799,PL2-2510-2
VR899374,C108138,VA-SP-ORB,2026-01-05,Flipkart,1,5999,ORB-2511-3
VR899403,C101023,VA-HP-ST2,2026-01-05,Amazon,1,4999,ST2-2510-3
VR900645,C108890,VA-HP-ST3,2026-01-05,Flipkart,1,5949,ST3-2510-4
VR900706,C101225,VA-EB-PL2,2026-01-05,vireo.in,2,6298,PL2-2511-4
VR901667,C105692,VA-EB-PL2,2026-01-05,Amazon,1,2974,PL2-2511-2
VR901715,C104862,VA-SP-ORB,2026-01-05,Amazon,1,5999,ORB-2509-4
VR901950,C105770,VA-EB-PL2,2026-01-05,Amazon,1,2799,PL2-2510-2
VR902388,C102101,VA-EB-PL1,2026-01-05,Amazon,1,1999,PL1-2511-4
VR903505,C101411,VA-EB-PL1,2026-01-05,vireo.in,1,2249,PL1-2511-2
VR904002,C105770,VA-EB-PL2,2026-01-05,Amazon,1,3499,PL2-2511-2
VR906525,C104026,VA-NB-ARC,2026-01-05,vireo.in,1,1234,ARC-2510-1
VR908002,C107411,VA-EB-PL1,2026-01-05,vireo.in,1,2374,PL1-2510-1
VR909167,C102354,VA-EB-AIR,2026-01-05,Flipkart,1,1799,AIR-2512-4
VR880661,C107494,VA-EB-PL2,2026-01-06,vireo.in,1,3149,PL2-2509-1
VR881445,C105536,VA-EB-PL2,2026-01-06,Amazon,1,3499,PL2-2512-1
VR881446,C104775,VA-HP-ST3,2026-01-06,vireo.in,2,13998,ST3-2512-3
VR881895,C107901,VA-EB-PL2,2026-01-06,vireo.in,1,3324,PL2-2510-2
VR882121,C105434,VA-SW-FIT,2026-01-06,vireo.in,1,1799,FIT-2511-1
VR883786,C102348,VA-EB-PL2,2026-01-06,Flipkart,1,3149,PL2-2509-4
VR884567,C109014,VA-EB-PL2,2026-01-06,Amazon,1,3499,PL2-2510-3
VR886016,C109415,VA-NB-ARC,2026-01-06,vireo.in,1,1104,ARC-2511-2
VR886069,C105393,VA-SW-FIT,2026-01-06,Amazon,2,3598,FIT-2511-1
VR886185,C104119,VA-EB-PL2,2026-01-06,Amazon,2,6648,PL2-2512-4
VR886546,C103122,VA-EB-PL2,2026-01-06,vireo.in,1,3499,PL2-2511-3
VR889528,C101313,VA-SW-NX2,2026-01-06,Amazon,1,6499,NX2-2512-2
VR890744,C108476,VA-EB-PL2,2026-01-06,Flipkart,1,3499,PL2-2511-1
VR892276,C105570,VA-EB-PL2,2026-01-06,vireo.in,1,3499,PL2-2512-3
VR892869,C103293,VA-SP-MINI,2026-01-06,vireo.in,1,2124,MINI-2512-3
VR894422,C104161,VA-SP-MINI,2026-01-06,Amazon,1,2499,MINI-2512-2
VR895605,C101127,VA-EB-AIR,2026-01-06,vireo.in,1,1799,AIR-2510-3
VR896795,C101103,VA-SP-MINI,2026-01-06,vireo.in,1,1999,MINI-2510-2
VR896867,C103996,VA-HP-ST3,2026-01-06,Amazon,1,6999,ST3-2509-2
VR897617,C101700,VA-EB-AIR,2026-01-06,vireo.in,1,1709,AIR-2510-3
VR899689,C107379,VA-AC-CASE,2026-01-06,vireo.in,1,1299,CASE-2510-4
VR899957,C106977,VA-SW-NX2,2026-01-06,vireo.in,1,5524,NX2-2510-2
VR901220,C102857,VA-EB-PL2,2026-01-06,Amazon,1,2799,PL2-2510-4
VR901675,C104346,VA-EB-PL2,2026-01-06,vireo.in,1,3149,PL2-2512-2
VR902637,C102508,VA-HP-ST3,2026-01-06,vireo.in,1,6999,ST3-2509-1
VR903425,C100406,VA-EB-AIR,2026-01-06,Amazon,1,1619,AIR-2511-4
VR904867,C105698,VA-EB-PL2,2026-01-06,vireo.in,1,3149,PL2-2511-3
VR905243,C107349,VA-EB-PL2,2026-01-06,Flipkart,1,3499,PL2-2511-3
VR905750,C108039,VA-EB-AIR,2026-01-06,vireo.in,1,1619,AIR-2509-3
VR907385,C106845,VA-EB-PL2,2026-01-06,Amazon,1,2799,PL2-2509-1
VR908663,C106136,VA-EB-PL2,2026-01-06,Flipkart,1,3499,PL2-2511-2
VR909639,C100548,VA-EB-PL2,2026-01-06,Flipkart,1,3499,PL2-2511-4
VR880117,C106829,VA-AC-CASE,2026-01-07,vireo.in,1,1234,CASE-2512-1
VR880784,C105851,VA-EB-PL2,2026-01-07,vireo.in,1,3149,PL2-2510-3
VR881822,C105840,VA-SP-MINI,2026-01-07,Flipkart,1,1999,MINI-2512-3
VR882333,C106833,VA-EB-PL2,2026-01-07,Amazon,1,3149,PL2-2510-3
VR884616,C101218,VA-EB-AIR,2026-01-07,Amazon,1,1529,AIR-2511-4
VR884676,C104457,VA-EB-PL2,2026-01-07,vireo.in,1,3499,PL2-2510-3
VR884848,C104701,VA-HP-ST3,2026-01-07,vireo.in,1,5599,ST3-2511-2
VR885370,C104105,VA-HP-ST3,2026-01-07,Amazon,1,5599,ST3-2512-4
VR885616,C107909,VA-SW-FIT,2026-01-07,Amazon,1,1999,FIT-2511-4
VR885817,C100896,VA-SW-NX1,2026-01-07,Amazon,1,4999,NX1-2511-2
VR885930,C105581,VA-EB-AIR,2026-01-07,Flipkart,1,1619,AIR-2510-1
VR886444,C100814,VA-EB-AIR,2026-01-07,Amazon,1,1799,AIR-2510-1
VR888071,C105193,VA-EB-PL1,2026-01-07,vireo.in,1,2124,PL1-2509-4
VR888641,C100452,VA-EB-PL2,2026-01-07,vireo.in,1,3499,PL2-2510-3
VR889343,C107969,VA-EB-PL1,2026-01-07,vireo.in,1,2124,PL1-2512-1
VR893408,C104588,VA-EB-AIR,2026-01-07,vireo.in,1,1619,AIR-2510-4
VR895079,C103298,VA-EB-PL1,2026-01-07,vireo.in,1,2499,PL1-2509-3
VR895624,C104756,VA-SW-NX2,2026-01-07,Flipkart,1,6499,NX2-2512-2
VR896159,C105880,VA-EB-PL1,2026-01-07,Flipkart,1,2499,PL1-2510-4
VR897546,C106493,VA-EB-PL1,2026-01-07,vireo.in,2,4498,PL1-2512-1
VR900443,C104810,VA-EB-PL1,2026-01-07,Flipkart,1,2124,PL1-2510-1
VR901209,C104452,VA-HP-ST2,2026-01-07,Flipkart,1,4249,ST2-2510-4
VR902422,C101465,VA-EB-AIR,2026-01-07,Amazon,1,1799,AIR-2511-3
VR904097,C107695,VA-EB-PL2,2026-01-07,Flipkart,1,3149,PL2-2510-4
VR904170,C100099,VA-SP-MINI,2026-01-07,vireo.in,1,2249,MINI-2510-1
VR905184,C109159,VA-SW-FIT,2026-01-07,Amazon,1,1599,FIT-2510-3
VR906503,C104656,VA-SW-NX2,2026-01-07,vireo.in,1,5524,NX2-2511-3
VR907180,C108685,VA-EB-PL1,2026-01-07,vireo.in,1,2499,PL1-2510-3
VR907344,C107898,VA-AC-CASE,2026-01-07,Flipkart,1,1299,CASE-2511-2
VR907368,C103571,VA-EB-AIR,2026-01-07,vireo.in,2,3598,AIR-2511-3
VR907974,C108691,VA-EB-PL2,2026-01-07,Flipkart,1,3324,PL2-2510-4
VR908528,C107836,VA-SW-FIT,2026-01-07,Flipkart,1,1699,FIT-2509-2
VR880216,C101235,VA-EB-PL2,2026-01-08,vireo.in,1,3499,PL2-2511-1
VR880358,C102069,VA-HP-ST3,2026-01-08,vireo.in,1,6649,ST3-2510-1
VR880455,C100082,VA-NB-ARC,2026-01-08,vireo.in,1,1104,ARC-2512-3
VR881237,C101999,VA-SW-NX2,2026-01-08,Amazon,1,6499,NX2-2510-2
VR883150,C102446,VA-HP-ST2,2026-01-08,Flipkart,1,3999,ST2-2512-2
VR883872,C101444,VA-SW-NX1,2026-01-08,vireo.in,1,4999,NX1-2510-2
VR885157,C102757,VA-EB-PL2,2026-01-08,Flipkart,1,2974,PL2-2511-4
VR885353,C101146,VA-EB-PL2,2026-01-08,Amazon,1,2799,PL2-2512-2
VR885518,C106998,VA-SP-MINI,2026-01-08,Amazon,2,3998,MINI-2511-4
VR886576,C103504,VA-SW-FIT,2026-01-08,vireo.in,1,1999,FIT-2511-2
VR887666,C103820,VA-EB-PL2,2026-01-08,vireo.in,1,2799,PL2-2511-4
VR893478,C100117,VA-SW-FIT,2026-01-08,vireo.in,2,3798,FIT-2509-4
VR895493,C103733,VA-EB-AIR,2026-01-08,Flipkart,1,1709,AIR-2512-3
VR896192,C108044,VA-SW-NX2,2026-01-08,vireo.in,1,5524,NX2-2512-3
VR898334,C100419,VA-HP-ST3,2026-01-08,vireo.in,2,13998,ST3-2509-3
VR898783,C102715,VA-HP-ST3,2026-01-08,Amazon,1,6299,ST3-2511-2
VR900094,C104509,VA-SW-NX1,2026-01-08,vireo.in,1,4999,NX1-2509-2
VR900827,C101943,VA-EB-PL2,2026-01-08,vireo.in,1,2974,PL2-2510-4
VR902435,C102682,VA-EB-PL2,2026-01-08,vireo.in,2,6998,PL2-2512-1
VR903771,C108039,VA-EB-PL2,2026-01-08,vireo.in,1,3499,PL2-2510-4
VR904442,C101860,VA-EB-PL1,2026-01-08,vireo.in,1,2499,PL1-2511-1
VR905475,C103879,VA-EB-PL2,2026-01-08,Flipkart,1,3324,PL2-2512-4
VR905906,C102123,VA-EB-PL1,2026-01-08,Flipkart,1,2499,PL1-2511-4
VR906215,C108221,VA-EB-PL1,2026-01-08,vireo.in,1,1999,PL1-2511-1
VR906286,C106967,VA-HP-ST3,2026-01-08,vireo.in,1,5599,ST3-2511-3
VR907157,C103870,VA-EB-PL1,2026-01-08,Amazon,1,2374,PL1-2512-4
VR907457,C107037,VA-SP-ORB,2026-01-08,Amazon,1,5699,ORB-2511-3
VR909280,C107010,VA-EB-PL2,2026-01-08,vireo.in,1,3324,PL2-2510-2
VR909360,C101149,VA-NB-ARC,2026-01-08,Amazon,2,2338,ARC-2510-1
VR880014,C104910,VA-EB-PL2,2026-01-09,vireo.in,1,3499,PL2-2511-2
VR881096,C105889,VA-HP-ST3,2026-01-09,vireo.in,1,5599,ST3-2511-3
VR882546,C109278,VA-EB-AIR,2026-01-09,Amazon,1,1619,AIR-2510-1
VR882591,C108892,VA-EB-PL2,2026-01-09,Amazon,1,2799,PL2-2510-2
VR882617,C103218,VA-EB-PL1,2026-01-09,vireo.in,1,1999,PL1-2512-2
VR885808,C100943,VA-EB-PL2,2026-01-09,vireo.in,1,3499,PL2-2512-1
VR886269,C107610,VA-EB-PL2,2026-01-09,vireo.in,1,3499,PL2-2511-4
VR887683,C109197,VA-EB-PL2,2026-01-09,vireo.in,1,2974,PL2-2512-2
VR889358,C104697,VA-EB-PL1,2026-01-09,Amazon,1,2499,PL1-2509-1
VR890259,C102427,VA-SW-NX2,2026-01-09,Flipkart,1,5524,NX2-2510-2
VR890682,C105767,VA-SW-NX2,2026-01-09,Amazon,1,5199,NX2-2511-1
VR891205,C108767,VA-SP-MINI,2026-01-09,Flipkart,1,2499,MINI-2512-1
VR891247,C102115,VA-HP-ST2,2026-01-09,vireo.in,1,4749,ST2-2512-3
VR891379,C109451,VA-HP-ST2,2026-01-09,Flipkart,1,4499,ST2-2512-1
VR892589,C103123,VA-EB-PL2,2026-01-09,Amazon,1,3324,PL2-2511-1
VR893407,C101437,VA-HP-ST3,2026-01-09,vireo.in,1,5599,ST3-2511-4
VR893417,C108997,VA-EB-PL2,2026-01-09,Flipkart,1,3324,PL2-2510-1
VR893592,C106033,VA-EB-AIR,2026-01-09,Flipkart,1,1799,AIR-2511-1
VR893966,C105370,VA-SW-NX2,2026-01-09,Amazon,1,6499,NX2-2512-2
VR896184,C107309,VA-SP-MINI,2026-01-09,vireo.in,1,1999,MINI-2510-3
VR896892,C102038,VA-EB-PL2,2026-01-09,Amazon,1,3499,PL2-2510-2
VR898897,C100737,VA-EB-AIR,2026-01-09,Flipkart,1,1799,AIR-2512-3
VR900266,C106949,VA-AC-CBL,2026-01-09,vireo.in,1,319,CBL-2512-3
VR900868,C107868,VA-EB-PL2,2026-01-09,Amazon,1,3149,PL2-2511-2
VR901824,C103653,VA-HP-ST3,2026-01-09,vireo.in,1,5949,ST3-2509-2
VR901869,C104502,VA-AC-CASE,2026-01-09,vireo.in,1,1039,CASE-2511-3
VR902525,C103926,VA-EB-PL2,2026-01-09,vireo.in,1,3324,PL2-2510-3
VR903784,C105523,VA-EB-PL2,2026-01-09,vireo.in,1,2799,PL2-2512-3
VR904321,C105517,VA-EB-PL2,2026-01-09,vireo.in,1,3149,PL2-2509-2
VR905209,C109148,VA-EB-PL2,2026-01-09,vireo.in,1,3149,PL2-2510-4
VR905236,C102519,VA-SP-MINI,2026-01-09,vireo.in,2,4998,MINI-2510-3
VR905584,C105611,VA-NB-ARC,2026-01-09,vireo.in,1,1234,ARC-2512-3
VR906653,C104427,VA-EB-PL2,2026-01-09,Amazon,1,2799,PL2-2512-1
VR907173,C106041,VA-EB-PL2,2026-01-09,vireo.in,2,6298,PL2-2511-3
VR907748,C105271,VA-EB-PL1,2026-01-09,vireo.in,1,2249,PL1-2511-1
VR908494,C106256,VA-NB-ARC,2026-01-09,Amazon,1,1299,ARC-2511-3
VR908865,C108510,VA-EB-PL2,2026-01-09,vireo.in,1,3499,PL2-2510-2
VR909790,C107909,VA-EB-AIR,2026-01-09,vireo.in,1,1439,AIR-2510-3
VR880253,C103307,VA-HP-ST3,2026-01-10,Amazon,2,13298,ST3-2510-3
VR880534,C107052,VA-SP-MINI,2026-01-10,Amazon,1,2124,MINI-2512-1
VR880753,C105870,VA-EB-PL2,2026-01-10,Amazon,1,3149,PL2-2512-2
VR883419,C102609,VA-SW-FIT,2026-01-10,vireo.in,1,1599,FIT-2512-2
VR884010,C105280,VA-SP-ORB,2026-01-10,Amazon,1,5999,ORB-2510-2
VR884219,C104424,VA-SW-NX1,2026-01-10,vireo.in,1,3999,NX1-2511-4
VR885042,C106305,VA-EB-PL1,2026-01-10,vireo.in,1,2124,PL1-2511-3
VR885159,C105823,VA-SW-NX2,2026-01-10,vireo.in,2,10398,NX2-2509-2
VR886090,C105399,VA-EB-PL2,2026-01-10,Amazon,1,3499,PL2-2511-1
VR886640,C100781,VA-SP-ORB,2026-01-10,vireo.in,1,5999,ORB-2509-3
VR888056,C107316,VA-EB-PL2,2026-01-10,Flipkart,1,2974,PL2-2512-3
VR888712,C105470,VA-EB-PL2,2026-01-10,vireo.in,1,3149,PL2-2510-4
VR889225,C106239,VA-SW-NX2,2026-01-10,Amazon,1,5524,NX2-2511-1
VR889908,C103962,VA-EB-PL2,2026-01-10,vireo.in,1,3149,PL2-2511-1
VR891723,C105981,VA-EB-PL2,2026-01-10,Flipkart,1,2974,PL2-2511-1
VR892414,C101155,VA-AC-CH65,2026-01-10,Amazon,1,1349,CH65-2511-4
VR894815,C101795,VA-EB-AIR,2026-01-10,vireo.in,1,1529,AIR-2511-3
VR897179,C104953,VA-EB-PL2,2026-01-10,Amazon,1,3499,PL2-2510-3
VR899458,C101874,VA-EB-PL2,2026-01-10,Amazon,1,3499,PL2-2512-1
VR901198,C103279,VA-EB-PL2,2026-01-10,vireo.in,1,3499,PL2-2510-2
VR901953,C109253,VA-EB-PL2,2026-01-10,vireo.in,1,3324,PL2-2511-1
VR902309,C105969,VA-EB-PL1,2026-01-10,Amazon,1,2249,PL1-2512-4
VR902799,C109444,VA-EB-AIR,2026-01-10,vireo.in,1,1529,AIR-2510-2
VR906239,C104461,VA-AC-CASE,2026-01-10,Amazon,1,1299,CASE-2509-1
VR907581,C107511,VA-EB-PL1,2026-01-10,Amazon,1,2499,PL1-2510-2
VR907695,C103810,VA-SW-NX2,2026-01-10,vireo.in,1,6499,NX2-2510-3
VR880723,C106119,VA-SP-MINI,2026-01-11,vireo.in,1,2499,MINI-2510-4
VR882185,C106436,VA-EB-PL2,2026-01-11,vireo.in,1,3149,PL2-2509-2
VR883972,C107345,VA-EB-AIR,2026-01-11,Flipkart,1,1439,AIR-2511-2
VR884559,C108670,VA-EB-PL2,2026-01-11,vireo.in,1,3324,PL2-2512-3
VR885016,C101428,VA-EB-PL2,2026-01-11,vireo.in,1,3499,PL2-2511-3
VR885467,C100719,VA-EB-AIR,2026-01-11,vireo.in,1,1619,AIR-2512-2
VR890528,C101952,VA-SW-FIT,2026-01-11,vireo.in,1,1999,FIT-2510-2
VR892872,C105580,VA-EB-PL2,2026-01-11,Flipkart,1,3499,PL2-2510-1
VR893314,C105245,VA-EB-PL2,2026-01-11,vireo.in,1,2799,PL2-2511-3
VR893705,C105306,VA-AC-CH65,2026-01-11,vireo.in,1,1499,CH65-2512-2
VR894802,C106899,VA-SW-NX2,2026-01-11,vireo.in,2,12998,NX2-2512-1
VR894970,C109075,VA-EB-PL2,2026-01-11,Flipkart,1,2799,PL2-2512-4
VR895479,C101311,VA-EB-PL2,2026-01-11,vireo.in,1,3499,PL2-2512-3
VR898026,C103588,VA-SW-FIT,2026-01-11,Amazon,1,1899,FIT-2512-2
VR898147,C105844,VA-EB-PL1,2026-01-11,vireo.in,1,2499,PL1-2511-3
VR899002,C107640,VA-EB-PL2,2026-01-11,vireo.in,1,3324,PL2-2509-4
VR899103,C108692,VA-EB-PL2,2026-01-11,Flipkart,1,3324,PL2-2510-2
VR899140,C102130,VA-EB-PL2,2026-01-11,vireo.in,2,6998,PL2-2510-4
VR899173,C109059,VA-EB-PL2,2026-01-11,Flipkart,1,2974,PL2-2511-2
VR899444,C106317,VA-AC-CH65,2026-01-11,vireo.in,1,1274,CH65-2510-2
VR899830,C107095,VA-HP-ST3,2026-01-11,Amazon,1,6649,ST3-2511-2
VR902527,C103490,VA-SP-ORB,2026-01-11,vireo.in,1,5999,ORB-2512-3
VR903910,C102319,VA-EB-PL2,2026-01-11,Flipkart,1,3149,PL2-2510-1
VR904080,C105609,VA-EB-PL2,2026-01-11,vireo.in,2,6648,PL2-2511-3
VR904943,C102475,VA-EB-PL2,2026-01-11,Amazon,1,2974,PL2-2510-4
VR906554,C104834,VA-SP-MINI,2026-01-11,vireo.in,1,2499,MINI-2509-1
VR906884,C103808,VA-EB-PL2,2026-01-11,vireo.in,1,3499,PL2-2511-3
VR908831,C106796,VA-EB-AIR,2026-01-11,Amazon,2,3598,AIR-2511-2
VR880355,C101318,VA-SW-NX2,2026-01-12,vireo.in,1,6499,NX2-2512-3
VR880968,C100604,VA-SW-NX1,2026-01-12,Amazon,1,4249,NX1-2512-2
VR882585,C106804,VA-EB-PL1,2026-01-12,vireo.in,1,2499,PL1-2512-1
VR883489,C103844,VA-EB-PL2,2026-01-12,vireo.in,1,3499,PL2-2510-2
VR883604,C104308,VA-EB-PL2,2026-01-12,vireo.in,1,3324,PL2-2511-4
VR883666,C101698,VA-EB-PL2,2026-01-12,Amazon,1,2799,PL2-2510-1
VR884451,C107808,VA-HP-ST3,2026-01-12,Flipkart,1,6999,ST3-2510-4
VR884820,C107599,VA-HP-ST3,2026-01-12,vireo.in,1,6999,ST3-2512-4
VR886169,C100565,VA-EB-PL1,2026-01-12,Amazon,1,1999,PL1-2510-1
VR888734,C107158,VA-SP-MINI,2026-01-12,vireo.in,1,2499,MINI-2509-1
VR889077,C100636,VA-EB-PL2,2026-01-12,Flipkart,1,3149,PL2-2510-4
VR890104,C104822,VA-EB-PL2,2026-01-12,vireo.in,1,3499,PL2-2511-2
VR890642,C105317,VA-SW-FIT,2026-01-12,vireo.in,1,1599,FIT-2510-1
VR891620,C108550,VA-EB-PL2,2026-01-12,vireo.in,1,3499,PL2-2509-4
VR891762,C100409,VA-AC-CH65,2026-01-12,vireo.in,2,2998,CH65-2512-2
VR891942,C105937,VA-NB-ARC,2026-01-12,vireo.in,1,1104,ARC-2511-2
VR892527,C100854,VA-EB-PL1,2026-01-12,vireo.in,1,2499,PL1-2512-3
VR892866,C109409,VA-EB-PL2,2026-01-12,Amazon,1,3324,PL2-2510-3
VR893136,C109183,VA-HP-ST3,2026-01-12,Flipkart,1,6299,ST3-2510-1
VR893318,C104681,VA-AC-CH65,2026-01-12,Flipkart,1,1274,CH65-2512-3
VR893761,C108223,VA-EB-PL2,2026-01-12,Amazon,1,2974,PL2-2509-2
VR894292,C103076,VA-SW-NX2,2026-01-12,Flipkart,1,6499,NX2-2510-4
VR894567,C106832,VA-EB-PL1,2026-01-12,vireo.in,1,2374,PL1-2511-3
VR895274,C108904,VA-EB-PL2,2026-01-12,vireo.in,1,3499,PL2-2511-3
VR895652,C106231,VA-EB-PL2,2026-01-12,vireo.in,2,6648,PL2-2511-1
VR900552,C100963,VA-SW-NX1,2026-01-12,Amazon,1,4999,NX1-2512-1
VR901844,C101737,VA-EB-PL2,2026-01-12,Flipkart,1,2799,PL2-2510-1
VR907298,C109276,VA-SW-NX2,2026-01-12,vireo.in,1,6499,NX2-2510-2
VR908985,C107320,VA-HP-ST2,2026-01-12,vireo.in,1,4749,ST2-2510-3
VR880478,C103067,VA-EB-PL2,2026-01-13,Flipkart,1,2799,PL2-2511-3
VR883818,C108362,VA-NB-ARC,2026-01-13,vireo.in,1,1234,ARC-2510-4
VR884677,C102802,VA-AC-CASE,2026-01-13,Amazon,1,1299,CASE-2509-1
VR885534,C108387,VA-EB-PL2,2026-01-13,vireo.in,1,2974,PL2-2510-3
VR888070,C106945,VA-EB-AIR,2026-01-13,vireo.in,1,1799,AIR-2511-4
VR888615,C107275,VA-SW-NX1,2026-01-13,Flipkart,1,4249,NX1-2511-1
VR889685,C109183,VA-EB-AIR,2026-01-13,Amazon,1,1439,AIR-2510-2
VR890548,C103830,VA-EB-PL2,2026-01-13,vireo.in,1,3499,PL2-2510-4
VR890741,C102471,VA-SW-NX2,2026-01-13,vireo.in,1,6499,NX2-2511-3
VR891221,C106012,VA-EB-PL2,2026-01-13,vireo.in,1,3149,PL2-2510-2
VR894622,C100991,VA-SW-NX2,2026-01-13,vireo.in,1,5849,NX2-2510-1
VR894964,C103045,VA-SW-NX1,2026-01-13,vireo.in,1,3999,NX1-2511-4
VR896671,C109006,VA-SW-FIT,2026-01-13,vireo.in,1,1999,FIT-2512-4
VR898492,C102594,VA-EB-PL2,2026-01-13,vireo.in,1,2974,PL2-2510-2
VR898603,C100385,VA-EB-PL2,2026-01-13,vireo.in,1,3499,PL2-2510-3
VR898638,C108090,VA-EB-PL2,2026-01-13,Flipkart,1,2974,PL2-2511-1
VR899433,C109159,VA-EB-PL2,2026-01-13,Amazon,2,6998,PL2-2512-4
VR899588,C103854,VA-SW-FIT,2026-01-13,Amazon,1,1799,FIT-2511-1
VR900148,C103969,VA-SW-NX2,2026-01-13,Amazon,1,6499,NX2-2510-1
VR901067,C109026,VA-EB-PL2,2026-01-13,vireo.in,1,3149,PL2-2511-1
VR901638,C100028,VA-SW-FIT,2026-01-13,Amazon,1,1699,FIT-2510-1
VR901754,C102673,VA-AC-CBL,2026-01-13,vireo.in,1,379,CBL-2510-2
VR904994,C102911,VA-EB-AIR,2026-01-13,vireo.in,1,1799,AIR-2510-4
VR905604,C105745,VA-EB-PL2,2026-01-13,vireo.in,1,3149,PL2-2512-2
VR907946,C105616,VA-SW-NX2,2026-01-13,vireo.in,2,12348,NX2-2510-1
VR908732,C102926,VA-SW-FIT,2026-01-13,vireo.in,1,1699,FIT-2511-4
VR909453,C102429,VA-SP-MINI,2026-01-13,vireo.in,1,2374,MINI-2512-1
VR909774,C103212,VA-EB-PL2,2026-01-13,Amazon,1,2799,PL2-2512-2
VR880744,C106980,VA-EB-PL2,2026-01-14,vireo.in,1,2799,PL2-2510-4
VR880941,C102953,VA-HP-ST2,2026-01-14,vireo.in,1,4999,ST2-2512-1
VR884007,C106668,VA-EB-PL2,2026-01-14,vireo.in,1,3149,PL2-2511-3
VR885367,C103381,VA-EB-PL2,2026-01-14,vireo.in,1,3324,PL2-2509-3
VR887109,C108888,VA-SP-MINI,2026-01-14,vireo.in,1,2499,MINI-2510-1
VR887743,C106141,VA-EB-PL2,2026-01-14,Flipkart,1,3499,PL2-2509-2
VR889005,C102190,VA-SW-NX1,2026-01-14,Amazon,1,3999,NX1-2512-1
VR890294,C101199,VA-EB-PL1,2026-01-14,vireo.in,1,2499,PL1-2511-2
VR893313,C106394,VA-EB-PL2,2026-01-14,vireo.in,1,2974,PL2-2510-3
VR894060,C105601,VA-EB-PL2,2026-01-14,Amazon,1,3324,PL2-2510-3
VR895147,C108288,VA-AC-CASE,2026-01-14,Amazon,1,1104,CASE-2512-4
VR895212,C107867,VA-AC-CASE,2026-01-14,Amazon,1,1039,CASE-2512-3
VR896097,C105311,VA-EB-PL2,2026-01-14,vireo.in,1,2799,PL2-2510-1
VR896210,C101639,VA-AC-CASE,2026-01-14,vireo.in,1,1234,CASE-2512-1
VR897086,C106340,VA-EB-PL2,2026-01-14,Flipkart,1,3324,PL2-2509-1
VR897735,C102307,VA-EB-AIR,2026-01-14,Amazon,1,1529,AIR-2512-3
VR898648,C100456,VA-EB-AIR,2026-01-14,Amazon,1,1619,AIR-2511-1
VR898900,C104030,VA-EB-PL2,2026-01-14,vireo.in,1,2974,PL2-2510-3
VR901595,C103942,VA-SW-NX2,2026-01-14,vireo.in,1,6499,NX2-2512-2
VR903073,C109324,VA-SP-MINI,2026-01-14,Amazon,1,2499,MINI-2512-3
VR903168,C106234,VA-EB-PL1,2026-01-14,vireo.in,1,2499,PL1-2512-1
VR903216,C108915,VA-SW-NX1,2026-01-14,Amazon,1,4749,NX1-2512-3
VR905581,C104664,VA-EB-PL1,2026-01-14,vireo.in,1,2249,PL1-2510-1
VR905708,C100522,VA-EB-PL1,2026-01-14,Amazon,1,2499,PL1-2511-4
VR907425,C102610,VA-EB-AIR,2026-01-14,vireo.in,1,1439,AIR-2510-3
VR907540,C107047,VA-SW-NX1,2026-01-14,vireo.in,1,3999,NX1-2511-1
VR907875,C102075,VA-EB-AIR,2026-01-14,vireo.in,1,1439,AIR-2510-3
VR908261,C105059,VA-EB-PL2,2026-01-14,Flipkart,1,2974,PL2-2512-4
VR908487,C106698,VA-EB-PL2,2026-01-14,vireo.in,1,3499,PL2-2509-4
VR909074,C105892,VA-EB-PL2,2026-01-14,vireo.in,1,2799,PL2-2511-4
VR880434,C106978,VA-EB-PL2,2026-01-15,vireo.in,1,3324,PL2-2511-4
VR880694,C108283,VA-EB-PL2,2026-01-15,Amazon,1,3499,PL2-2512-4
VR880853,C103125,VA-EB-PL2,2026-01-15,vireo.in,1,3324,PL2-2512-3
VR881533,C104759,VA-EB-PL2,2026-01-15,vireo.in,1,3499,PL2-2510-1
VR882308,C105750,VA-EB-PL2,2026-01-15,Amazon,1,3499,PL2-2511-1
VR882392,C100765,VA-AC-CH65,2026-01-15,Amazon,1,1349,CH65-2511-2
VR882689,C104022,VA-EB-AIR,2026-01-15,vireo.in,1,1799,AIR-2510-2
VR883244,C105807,VA-SW-FIT,2026-01-15,Amazon,1,1999,FIT-2512-4
VR883865,C108914,VA-NB-ARC,2026-01-15,vireo.in,1,1039,ARC-2510-3
VR884533,C105488,VA-EB-PL2,2026-01-15,vireo.in,1,3149,PL2-2511-4
VR884730,C109210,VA-EB-PL2,2026-01-15,vireo.in,1,3499,PL2-2509-2
VR885641,C102842,VA-AC-CASE,2026-01-15,Amazon,1,1234,CASE-2510-3
VR886730,C104887,VA-EB-PL2,2026-01-15,vireo.in,1,3499,PL2-2511-2
VR888458,C101878,VA-EB-PL2,2026-01-15,Flipkart,1,3499,PL2-2510-2
VR889777,C108818,VA-HP-ST3,2026-01-15,Amazon,1,5949,ST3-2512-4
VR891498,C100380,VA-EB-PL2,2026-01-15,Amazon,1,3499,PL2-2510-1
VR892595,C106701,VA-EB-PL2,2026-01-15,vireo.in,1,2799,PL2-2511-4
VR895309,C102862,VA-EB-PL2,2026-01-15,Amazon,1,2799,PL2-2511-3
VR895444,C107657,VA-EB-PL2,2026-01-15,vireo.in,1,3499,PL2-2511-4
VR898242,C101817,VA-EB-PL2,2026-01-15,vireo.in,1,2974,PL2-2510-2
VR899030,C102046,VA-SW-NX2,2026-01-15,Amazon,1,5524,NX2-2510-2
VR899676,C107781,VA-EB-PL1,2026-01-15,Flipkart,1,1999,PL1-2509-2
VR899769,C108258,VA-EB-PL2,2026-01-15,Amazon,1,3499,PL2-2510-3
VR900125,C100154,VA-SW-FIT,2026-01-15,vireo.in,1,1999,FIT-2512-2
VR900849,C101982,VA-EB-PL2,2026-01-15,vireo.in,1,3499,PL2-2511-2
VR900884,C103529,VA-EB-PL2,2026-01-15,Amazon,1,3149,PL2-2510-1
VR901665,C105166,VA-AC-CASE,2026-01-15,Flipkart,1,1234,CASE-2511-2
VR903470,C101087,VA-EB-PL2,2026-01-15,Amazon,1,2974,PL2-2510-1
VR903586,C103980,VA-EB-PL2,2026-01-15,Flipkart,1,3499,PL2-2510-4
VR904752,C108191,VA-EB-PL2,2026-01-15,vireo.in,1,3499,PL2-2510-4
VR905039,C105568,VA-SW-FIT,2026-01-15,vireo.in,1,1799,FIT-2510-1
VR905596,C108801,VA-SW-NX2,2026-01-15,vireo.in,1,5524,NX2-2512-2
VR906037,C106075,VA-SP-MINI,2026-01-15,vireo.in,2,4248,MINI-2511-2
VR906146,C104505,VA-EB-PL1,2026-01-15,vireo.in,1,2499,PL1-2510-3
VR907777,C101697,VA-SW-NX2,2026-01-15,Amazon,1,5849,NX2-2510-4
VR908240,C103737,VA-EB-PL2,2026-01-15,Amazon,1,3324,PL2-2512-1
VR908306,C106331,VA-NB-ARC,2026-01-15,Flipkart,1,1299,ARC-2511-1
VR908909,C106513,VA-SW-NX1,2026-01-15,Amazon,1,4999,NX1-2511-1
VR882034,C107442,VA-HP-ST3,2026-01-16,vireo.in,1,6999,ST3-2511-4
VR882587,C109292,VA-EB-AIR,2026-01-16,vireo.in,2,3598,AIR-2511-3
VR882755,C105185,VA-EB-PL2,2026-01-16,vireo.in,1,3499,PL2-2510-2
VR884077,C103404,VA-EB-AIR,2026-01-16,vireo.in,1,1799,AIR-2511-3
VR885360,C106766,VA-EB-PL2,2026-01-16,Amazon,1,3149,PL2-2512-1
VR885428,C103544,VA-EB-PL2,2026-01-16,Flipkart,1,2974,PL2-2511-2
VR886818,C104861,VA-SP-MINI,2026-01-16,vireo.in,1,1999,MINI-2511-4
VR887715,C107103,VA-EB-PL2,2026-01-16,Flipkart,1,3149,PL2-2512-1
VR887863,C101121,VA-EB-PL2,2026-01-16,vireo.in,1,3499,PL2-2511-1
VR889256,C103174,VA-EB-PL2,2026-01-16,vireo.in,1,2799,PL2-2512-4
VR889516,C107354,VA-EB-PL1,2026-01-16,vireo.in,1,2124,PL1-2511-1
VR890062,C104135,VA-SP-MINI,2026-01-16,vireo.in,1,2124,MINI-2511-1
VR890614,C105095,VA-SW-FIT,2026-01-16,vireo.in,1,1999,FIT-2512-1
VR891525,C102279,VA-EB-AIR,2026-01-16,Flipkart,1,1439,AIR-2512-2
VR893368,C106121,VA-HP-ST2,2026-01-16,vireo.in,1,4249,ST2-2511-4
VR893375,C101898,VA-SP-MINI,2026-01-16,Flipkart,1,2124,MINI-2511-3
VR894592,C105392,VA-HP-ST3,2026-01-16,vireo.in,1,5599,ST3-2510-3
VR897081,C105707,VA-SW-NX2,2026-01-16,Amazon,1,6499,NX2-2510-4
VR897716,C105062,VA-EB-PL2,2026-01-16,vireo.in,1,3324,PL2-2512-4
VR898171,C106793,VA-EB-PL2,2026-01-16,Amazon,1,3499,PL2-2511-3
VR899529,C109231,VA-SW-NX1,2026-01-16,Flipkart,1,4999,NX1-2510-3
VR900544,C104544,VA-AC-CBL,2026-01-16,vireo.in,1,379,CBL-2511-1
VR900979,C106674,VA-SP-MINI,2026-01-16,vireo.in,1,2124,MINI-2510-4
VR901847,C109326,VA-SW-NX2,2026-01-16,Flipkart,1,5524,NX2-2510-3
VR902152,C108673,VA-SP-MINI,2026-01-16,Flipkart,1,2374,MINI-2511-3
VR902217,C101702,VA-EB-PL2,2026-01-16,vireo.in,1,3324,PL2-2510-1
VR902536,C107246,VA-HP-ST3,2026-01-16,Amazon,1,6999,ST3-2512-2
VR903674,C108873,VA-HP-ST3,2026-01-16,vireo.in,1,6999,ST3-2511-1
VR905455,C105878,VA-SW-NX1,2026-01-16,vireo.in,1,4999,NX1-2511-4
VR905587,C104493,VA-HP-ST3,2026-01-16,vireo.in,1,6299,ST3-2510-2
VR908252,C101035,VA-SW-NX2,2026-01-16,vireo.in,1,6499,NX2-2512-1
VR908996,C108390,VA-SP-ORB,2026-01-16,vireo.in,1,5399,ORB-2510-1
VR910005,C103230,VA-EB-PL1,2026-01-16,vireo.in,1,2499,PL1-2510-2
VR880124,C102117,VA-EB-PL2,2026-01-17,vireo.in,1,2974,PL2-2510-1
VR880466,C105713,VA-SW-NX2,2026-01-17,Amazon,1,6499,NX2-2512-1
VR881182,C106916,VA-EB-PL1,2026-01-17,vireo.in,1,1999,PL1-2510-2
VR883932,C100900,VA-EB-PL2,2026-01-17,Flipkart,1,3499,PL2-2512-4
VR884160,C107362,VA-SP-ORB,2026-01-17,Flipkart,1,5999,ORB-2512-1
VR885160,C101065,VA-EB-PL1,2026-01-17,vireo.in,1,1999,PL1-2510-1
VR885827,C103130,VA-HP-ST3,2026-01-17,vireo.in,1,6999,ST3-2511-3
VR886142,C103912,VA-EB-PL2,2026-01-17,vireo.in,1,2974,PL2-2512-2
VR890912,C108515,VA-SW-FIT,2026-01-17,Flipkart,1,1999,FIT-2511-4
VR893347,C102013,VA-EB-PL2,2026-01-17,vireo.in,1,2799,PL2-2512-4
VR895293,C101768,VA-HP-ST2,2026-01-17,vireo.in,1,3999,ST2-2510-1
VR897240,C105611,VA-HP-ST3,2026-01-17,Flipkart,1,5949,ST3-2509-2
VR897470,C105371,VA-SW-FIT,2026-01-17,vireo.in,1,1799,FIT-2512-3
VR897746,C101549,VA-EB-PL2,2026-01-17,vireo.in,1,3149,PL2-2510-3
VR898123,C108701,VA-SP-MINI,2026-01-17,vireo.in,1,2499,MINI-2511-2
VR898217,C106622,VA-EB-PL2,2026-01-17,vireo.in,1,2799,PL2-2512-3
VR899615,C107331,VA-EB-PL2,2026-01-17,Amazon,1,3499,PL2-2512-3
VR900465,C107517,VA-EB-PL2,2026-01-17,Amazon,1,3499,PL2-2510-2
VR900608,C109214,VA-EB-PL2,2026-01-17,Amazon,1,3499,PL2-2511-3
VR901711,C103042,VA-EB-PL2,2026-01-17,vireo.in,1,3499,PL2-2512-4
VR902428,C106361,VA-SW-NX2,2026-01-17,vireo.in,2,11048,NX2-2511-2
VR904901,C108363,VA-EB-PL2,2026-01-17,vireo.in,1,3149,PL2-2511-3
VR908264,C105733,VA-EB-PL1,2026-01-17,vireo.in,1,1999,PL1-2510-4
VR880012,C107107,VA-EB-PL2,2026-01-18,Amazon,1,2974,PL2-2512-3
VR880748,C102283,VA-SP-MINI,2026-01-18,Amazon,1,2374,MINI-2511-3
VR880752,C100813,VA-AC-CASE,2026-01-18,Amazon,1,1299,CASE-2510-2
VR882164,C101452,VA-EB-PL2,2026-01-18,vireo.in,1,2799,PL2-2510-4
VR883494,C106784,VA-EB-PL2,2026-01-18,Amazon,1,3149,PL2-2512-3
VR883599,C103166,VA-EB-PL1,2026-01-18,Flipkart,1,1999,PL1-2509-2
VR886161,C109393,VA-HP-ST3,2026-01-18,Amazon,1,5599,ST3-2512-2
VR886436,C101413,VA-AC-CBL,2026-01-18,vireo.in,1,399,CBL-2510-1
VR886579,C100658,VA-SP-MINI,2026-01-18,vireo.in,1,1999,MINI-2510-1
VR889063,C104526,VA-EB-PL2,2026-01-18,vireo.in,1,3499,PL2-2511-3
VR889631,C102866,VA-EB-PL2,2026-01-18,vireo.in,1,2974,PL2-2511-4
VR891438,C104631,VA-EB-PL1,2026-01-18,vireo.in,1,1999,PL1-2509-3
VR892263,C102823,VA-HP-ST3,2026-01-18,vireo.in,1,5599,ST3-2510-1
VR894042,C102759,VA-EB-AIR,2026-01-18,vireo.in,1,1799,AIR-2511-1
VR900553,C105642,VA-SW-NX2,2026-01-18,Flipkart,1,5849,NX2-2511-3
VR900855,C105612,VA-SW-NX1,2026-01-18,vireo.in,1,4999,NX1-2510-2
VR901907,C101830,VA-SW-NX1,2026-01-18,vireo.in,1,4999,NX1-2511-3
VR902860,C102064,VA-EB-PL2,2026-01-18,Flipkart,1,3324,PL2-2512-3
VR905870,C102962,VA-EB-AIR,2026-01-18,Amazon,1,1799,AIR-2512-2
VR906164,C109325,VA-EB-PL2,2026-01-18,vireo.in,1,3324,PL2-2511-2
VR908298,C109176,VA-EB-PL2,2026-01-18,vireo.in,1,3149,PL2-2512-2
VR909141,C102618,VA-EB-PL2,2026-01-18,Flipkart,1,3499,PL2-2512-4
VR881416,C103228,VA-EB-PL2,2026-01-19,Amazon,1,3499,PL2-2512-4
VR883697,C104483,VA-NB-ARC,2026-01-19,Amazon,1,1039,ARC-2511-4
VR885126,C105605,VA-SP-ORB,2026-01-19,Amazon,1,4799,ORB-2512-3
VR885798,C108701,VA-SP-ORB,2026-01-19,Amazon,1,5999,ORB-2510-4
VR886890,C104817,VA-EB-AIR,2026-01-19,vireo.in,1,1439,AIR-2510-4
VR888889,C103360,VA-HP-ST3,2026-01-19,vireo.in,1,6999,ST3-2511-3
VR890120,C100235,VA-SW-FIT,2026-01-19,vireo.in,1,1999,FIT-2510-1
VR895258,C102001,VA-SW-FIT,2026-01-19,vireo.in,2,3198,FIT-2511-1
VR895861,C100147,VA-SW-NX2,2026-01-19,vireo.in,2,10398,NX2-2510-2
VR898400,C105617,VA-HP-ST3,2026-01-19,vireo.in,1,6649,ST3-2512-1
VR899288,C106840,VA-EB-PL2,2026-01-19,vireo.in,1,3499,PL2-2512-1
VR900742,C100780,VA-EB-PL2,2026-01-19,Amazon,1,2974,PL2-2512-1
VR901185,C101903,VA-EB-PL2,2026-01-19,vireo.in,1,3324,PL2-2512-3
VR903018,C106935,VA-EB-PL1,2026-01-19,vireo.in,1,2499,PL1-2510-1
VR904142,C108223,VA-EB-AIR,2026-01-19,vireo.in,1,1799,AIR-2510-3
VR905343,C101009,VA-EB-AIR,2026-01-19,Flipkart,1,1799,AIR-2510-1
VR907592,C102911,VA-SW-FIT,2026-01-19,Amazon,1,1599,FIT-2512-3
VR908009,C101379,VA-EB-PL2,2026-01-19,Amazon,1,3499,PL2-2510-4
VR909300,C108074,VA-EB-PL2,2026-01-19,Amazon,1,2974,PL2-2511-2
VR883063,C107215,VA-EB-AIR,2026-01-20,vireo.in,1,1619,AIR-2511-2
VR883866,C102260,VA-SP-ORB,2026-01-20,vireo.in,1,5099,ORB-2512-2
VR885267,C109053,VA-EB-PL2,2026-01-20,vireo.in,1,3499,PL2-2510-2
VR885803,C100861,VA-SP-MINI,2026-01-20,vireo.in,1,2499,MINI-2510-3
VR886434,C100404,VA-NB-ARC,2026-01-20,vireo.in,1,1234,ARC-2512-1
VR886838,C108422,VA-SW-NX2,2026-01-20,Amazon,1,6174,NX2-2512-2
VR886917,C100608,VA-EB-PL2,2026-01-20,Flipkart,2,6998,PL2-2511-3
VR888813,C109240,VA-SW-NX2,2026-01-20,Amazon,1,5524,NX2-2510-1
VR893024,C101414,VA-EB-PL2,2026-01-20,vireo.in,1,3324,PL2-2511-3
VR893434,C105636,VA-SW-NX2,2026-01-20,vireo.in,1,6499,NX2-2510-4
VR893467,C108034,VA-EB-AIR,2026-01-20,vireo.in,1,1799,AIR-2512-1
VR899555,C101981,VA-EB-PL2,2026-01-20,Amazon,1,2799,PL2-2510-1
VR899716,C108215,VA-EB-AIR,2026-01-20,Amazon,1,1529,AIR-2510-4
VR901243,C107925,VA-EB-PL1,2026-01-20,Amazon,1,2499,PL1-2512-1
VR902006,C103411,VA-EB-PL2,2026-01-20,Amazon,1,3499,PL2-2512-3
VR903050,C108340,VA-EB-PL2,2026-01-20,vireo.in,1,3499,PL2-2510-1
VR903639,C100961,VA-EB-PL2,2026-01-20,Amazon,1,3324,PL2-2510-4
VR904733,C103715,VA-SW-NX2,2026-01-20,Amazon,1,6499,NX2-2511-2
VR905107,C104980,VA-SP-MINI,2026-01-20,Flipkart,1,2374,MINI-2512-4
VR905619,C100152,VA-SW-NX2,2026-01-20,Flipkart,1,5199,NX2-2511-1
VR905883,C103693,VA-HP-ST2,2026-01-20,Amazon,1,4499,ST2-2512-1
VR907991,C104926,VA-EB-PL2,2026-01-20,Flipkart,1,3324,PL2-2510-4
VR907992,C108254,VA-SP-MINI,2026-01-20,vireo.in,1,2249,MINI-2511-4
VR909700,C105041,VA-AC-CASE,2026-01-20,Amazon,1,1234,CASE-2512-4
VR880049,C108091,VA-EB-PL1,2026-01-21,Flipkart,2,4498,PL1-2511-3
VR881046,C101448,VA-EB-PL2,2026-01-21,vireo.in,1,3149,PL2-2511-3
VR884535,C107314,VA-HP-ST3,2026-01-21,Amazon,1,6649,ST3-2510-1
VR884603,C102650,VA-SP-MINI,2026-01-21,vireo.in,1,2499,MINI-2511-4
VR885083,C104486,VA-EB-PL2,2026-01-21,vireo.in,1,3499,PL2-2512-4
VR886223,C108961,VA-SW-NX2,2026-01-21,vireo.in,1,6499,NX2-2512-1
VR886390,C100873,VA-EB-PL2,2026-01-21,vireo.in,1,3499,PL2-2510-4
VR886906,C107234,VA-EB-PL2,2026-01-21,Flipkart,1,3324,PL2-2510-3
VR887838,C101156,VA-EB-PL2,2026-01-21,vireo.in,1,2974,PL2-2512-3
VR888446,C105449,VA-SW-NX2,2026-01-21,Amazon,1,5199,NX2-2512-3
VR888715,C107543,VA-SW-NX1,2026-01-21,Flipkart,1,4999,NX1-2511-2
VR890096,C105045,VA-EB-PL2,2026-01-21,Flipkart,1,2799,PL2-2511-4
VR893317,C100385,VA-EB-AIR,2026-01-21,Flipkart,1,1709,AIR-2512-3
VR894209,C101260,VA-HP-ST3,2026-01-21,vireo.in,1,5949,ST3-2510-3
VR894307,C107014,VA-SW-FIT,2026-01-21,Flipkart,1,1999,FIT-2511-4
VR894360,C100176,VA-SP-MINI,2026-01-21,Flipkart,1,2124,MINI-2511-4
VR896228,C106281,VA-EB-PL2,2026-01-21,vireo.in,1,3499,PL2-2512-3
VR896761,C105440,VA-EB-PL2,2026-01-21,Flipkart,1,3499,PL2-2511-3
VR897111,C100064,VA-SW-FIT,2026-01-21,Flipkart,1,1999,FIT-2511-4
VR898048,C105434,VA-EB-PL2,2026-01-21,vireo.in,1,3149,PL2-2510-3
VR898137,C108423,VA-EB-PL2,2026-01-21,Amazon,1,2974,PL2-2512-2
VR899680,C101887,VA-EB-PL1,2026-01-21,vireo.in,1,2249,PL1-2512-1
VR900708,C103235,VA-EB-PL2,2026-01-21,vireo.in,1,3324,PL2-2511-4
VR903561,C104461,VA-SW-NX2,2026-01-21,Amazon,1,5199,NX2-2512-1
VR906046,C107693,VA-EB-PL2,2026-01-21,vireo.in,1,2799,PL2-2510-1
VR906843,C102160,VA-SW-NX2,2026-01-21,vireo.in,1,5524,NX2-2510-3
VR907522,C100262,VA-AC-CH65,2026-01-21,Flipkart,2,2548,CH65-2510-2
VR907713,C106028,VA-SP-ORB,2026-01-21,Flipkart,1,4799,ORB-2512-3
VR907873,C106070,VA-SW-FIT,2026-01-21,vireo.in,1,1599,FIT-2510-4
VR907965,C105592,VA-HP-ST3,2026-01-21,Amazon,1,6649,ST3-2510-2
VR908562,C100742,VA-SP-MINI,2026-01-21,vireo.in,1,2499,MINI-2510-1
VR908997,C100149,VA-SP-ORB,2026-01-21,vireo.in,1,5999,ORB-2512-1
VR909631,C102529,VA-EB-PL1,2026-01-21,vireo.in,1,2499,PL1-2512-1
VR909755,C109415,VA-SW-NX2,2026-01-21,Flipkart,1,5524,NX2-2511-2
VR909991,C108627,VA-SW-NX2,2026-01-21,vireo.in,1,6499,NX2-2510-3
VR881117,C102486,VA-EB-PL1,2026-01-22,Amazon,1,2499,PL1-2511-3
VR882042,C103711,VA-SW-NX1,2026-01-22,Flipkart,1,4249,NX1-2512-4
VR882885,C102807,VA-EB-PL2,2026-01-22,Amazon,1,2799,PL2-2510-3
VR883010,C108286,VA-SP-ORB,2026-01-22,Amazon,1,5099,ORB-2510-4
VR886116,C105990,VA-SW-NX2,2026-01-22,Flipkart,2,10398,NX2-2512-4
VR887844,C104874,VA-HP-ST3,2026-01-22,vireo.in,1,6999,ST3-2512-1
VR888555,C109284,VA-SW-NX1,2026-01-22,vireo.in,1,4499,NX1-2511-1
VR890373,C100634,VA-SP-MINI,2026-01-22,vireo.in,2,4998,MINI-2510-4
VR891043,C103894,VA-EB-AIR,2026-01-22,Amazon,1,1619,AIR-2512-4
VR891046,C100957,VA-EB-PL2,2026-01-22,vireo.in,1,3149,PL2-2512-4
VR891301,C104486,VA-EB-PL2,2026-01-22,Flipkart,1,3149,PL2-2511-2
VR892995,C105684,VA-HP-ST3,2026-01-22,vireo.in,1,6999,ST3-2511-1
VR893038,C107788,VA-EB-AIR,2026-01-22,Amazon,1,1799,AIR-2510-2
VR894376,C102159,VA-HP-ST3,2026-01-22,vireo.in,1,6649,ST3-2510-2
VR894537,C103506,VA-HP-ST3,2026-01-22,Flipkart,1,6649,ST3-2512-1
VR895711,C106167,VA-EB-PL2,2026-01-22,vireo.in,1,3499,PL2-2512-4
VR896306,C104418,VA-EB-PL1,2026-01-22,vireo.in,1,2374,PL1-2511-2
VR897969,C101604,VA-SP-MINI,2026-01-22,Flipkart,1,2374,MINI-2511-3
VR898119,C102914,VA-EB-PL2,2026-01-22,vireo.in,1,3324,PL2-2511-1
VR899660,C103828,VA-SP-ORB,2026-01-22,Amazon,1,5999,ORB-2512-4
VR899985,C108774,VA-SW-FIT,2026-01-22,Amazon,1,1599,FIT-2511-1
VR900311,C102409,VA-AC-CASE,2026-01-22,Amazon,1,1299,CASE-2511-4
VR901197,C106990,VA-SP-ORB,2026-01-22,vireo.in,1,5099,ORB-2512-2
VR901305,C106984,VA-SP-MINI,2026-01-22,Amazon,1,2499,MINI-2512-1
VR902018,C100789,VA-AC-CASE,2026-01-22,Flipkart,1,1299,CASE-2510-4
VR906075,C109337,VA-NB-ARC,2026-01-22,vireo.in,1,1299,ARC-2510-3
VR907587,C105053,VA-AC-CH65,2026-01-22,vireo.in,1,1274,CH65-2511-2
VR908068,C107637,VA-SP-MINI,2026-01-22,vireo.in,1,2499,MINI-2512-2
VR883809,C107381,VA-HP-ST3,2026-01-23,vireo.in,1,6649,ST3-2510-4
VR884503,C100528,VA-EB-PL2,2026-01-23,Flipkart,1,2974,PL2-2511-2
VR884766,C108954,VA-SW-NX2,2026-01-23,Amazon,1,6499,NX2-2510-1
VR884847,C101924,VA-NB-ARC,2026-01-23,vireo.in,2,2598,ARC-2512-4
VR886125,C108250,VA-EB-PL2,2026-01-23,Flipkart,2,5598,PL2-2512-4
VR886401,C101391,VA-SW-FIT,2026-01-23,vireo.in,1,1999,FIT-2511-1
VR888405,C100283,VA-SP-MINI,2026-01-23,vireo.in,1,2249,MINI-2511-3
VR889502,C109396,VA-EB-PL2,2026-01-23,Amazon,1,3499,PL2-2512-4
VR889763,C108432,VA-EB-PL2,2026-01-23,vireo.in,1,3499,PL2-2511-4
VR889914,C100250,VA-HP-ST3,2026-01-23,Amazon,1,6999,ST3-2510-4
VR890218,C102415,VA-SW-FIT,2026-01-23,vireo.in,1,1999,FIT-2510-3
VR894143,C106920,VA-AC-CH65,2026-01-23,vireo.in,2,2998,CH65-2510-2
VR895321,C108285,VA-HP-ST3,2026-01-23,vireo.in,2,11898,ST3-2512-2
VR895826,C109123,VA-SP-MINI,2026-01-23,vireo.in,1,2374,MINI-2512-1
VR895992,C108119,VA-EB-PL2,2026-01-23,Amazon,1,3324,PL2-2510-4
VR898940,C103417,VA-SW-NX2,2026-01-23,vireo.in,1,5199,NX2-2510-2
VR899638,C108952,VA-EB-PL2,2026-01-23,Amazon,1,3499,PL2-2601-4
VR901036,C108405,VA-SW-NX2,2026-01-23,vireo.in,1,6499,NX2-2511-2
VR901043,C108934,VA-EB-AIR,2026-01-23,Amazon,2,3418,AIR-2511-2
VR902477,C107577,VA-SW-NX1,2026-01-23,vireo.in,1,4749,NX1-2512-1
VR903869,C106327,VA-EB-PL2,2026-01-23,vireo.in,1,2974,PL2-2512-4
VR904522,C108069,VA-SP-MINI,2026-01-23,Amazon,1,2249,MINI-2511-3
VR907716,C102987,VA-EB-PL2,2026-01-23,vireo.in,1,2799,PL2-2512-2
VR908235,C100847,VA-EB-PL2,2026-01-23,Amazon,1,3499,PL2-2511-3
VR909551,C107270,VA-EB-PL2,2026-01-23,vireo.in,1,3499,PL2-2510-1
VR880315,C105452,VA-EB-PL2,2026-01-24,vireo.in,2,5598,PL2-2510-2
VR881025,C101902,VA-EB-AIR,2026-01-24,vireo.in,1,1709,AIR-2512-3
VR881029,C103765,VA-EB-AIR,2026-01-24,vireo.in,1,1709,AIR-2512-4
VR881517,C103939,VA-EB-PL2,2026-01-24,Amazon,1,3149,PL2-2512-1
VR883503,C104300,VA-EB-PL1,2026-01-24,vireo.in,1,2499,PL1-2511-1
VR885168,C103883,VA-AC-CASE,2026-01-24,Amazon,1,1169,CASE-2511-1
VR887553,C100642,VA-EB-PL1,2026-01-24,Flipkart,1,2499,PL1-2511-3
VR888069,C105416,VA-SP-MINI,2026-01-24,vireo.in,1,2499,MINI-2512-3
VR892299,C100378,VA-SW-NX2,2026-01-24,vireo.in,1,6174,NX2-2511-3
VR895576,C102205,VA-EB-PL2,2026-01-24,Amazon,1,3324,PL2-2601-3
VR896245,C107769,VA-AC-CH65,2026-01-24,vireo.in,1,1499,CH65-2510-2
VR896611,C100357,VA-EB-PL2,2026-01-24,vireo.in,1,2974,PL2-2511-2
VR899970,C109371,VA-EB-PL2,2026-01-24,Amazon,1,3499,PL2-2511-2
VR901106,C105645,VA-EB-PL2,2026-01-24,vireo.in,1,3499,PL2-2512-4
VR901611,C104034,VA-EB-AIR,2026-01-24,Amazon,1,1439,AIR-2510-3
VR902411,C106500,VA-HP-ST2,2026-01-24,vireo.in,1,4999,ST2-2512-3
VR903356,C107460,VA-EB-PL2,2026-01-24,vireo.in,1,2974,PL2-2510-2
VR903752,C101348,VA-SW-NX2,2026-01-24,vireo.in,1,5524,NX2-2511-2
VR906529,C105887,VA-AC-CASE,2026-01-24,Amazon,1,1104,CASE-2511-1
VR907150,C101806,VA-EB-PL1,2026-01-24,Amazon,2,4748,PL1-2511-1
VR907221,C102692,VA-EB-PL2,2026-01-24,Amazon,1,2974,PL2-2510-2
VR909113,C104087,VA-EB-PL2,2026-01-24,vireo.in,1,3499,PL2-2510-1
VR880777,C100396,VA-EB-PL2,2026-01-25,vireo.in,1,2799,PL2-2511-1
VR881654,C102625,VA-SW-NX2,2026-01-25,Amazon,1,6499,NX2-2510-4
VR882839,C103882,VA-SP-ORB,2026-01-25,Amazon,1,5099,ORB-2511-3
VR883477,C101405,VA-EB-PL1,2026-01-25,vireo.in,1,2374,PL1-2510-1
VR885018,C106794,VA-AC-CBL,2026-01-25,Flipkart,1,399,CBL-2601-3
VR885123,C104236,VA-AC-CASE,2026-01-25,vireo.in,1,1299,CASE-2511-2
VR886384,C107726,VA-SP-MINI,2026-01-25,Amazon,1,2249,MINI-2510-4
VR886799,C103598,VA-EB-PL2,2026-01-25,vireo.in,1,3324,PL2-2510-2
VR888191,C102034,VA-SW-FIT,2026-01-25,Flipkart,1,1799,FIT-2511-4
VR889408,C100337,VA-EB-PL1,2026-01-25,Amazon,1,1999,PL1-2511-4
VR890638,C105135,VA-EB-PL2,2026-01-25,vireo.in,1,2799,PL2-2512-2
VR891217,C101723,VA-HP-ST3,2026-01-25,Amazon,1,6999,ST3-2601-1
VR891700,C106851,VA-EB-PL1,2026-01-25,vireo.in,1,2249,PL1-2511-4
VR892349,C104538,VA-EB-PL1,2026-01-25,Amazon,1,1999,PL1-2512-4
VR894410,C101465,VA-AC-CBL,2026-01-25,vireo.in,1,399,CBL-2510-4
VR895787,C101729,VA-SW-NX2,2026-01-25,Amazon,1,6499,NX2-2511-3
VR897780,C106609,VA-EB-PL2,2026-01-25,vireo.in,1,2974,PL2-2510-3
VR899397,C107634,VA-HP-ST3,2026-01-25,vireo.in,1,6299,ST3-2511-3
VR900614,C103539,VA-EB-PL1,2026-01-25,vireo.in,1,2499,PL1-2512-2
VR901616,C105023,VA-SW-FIT,2026-01-25,vireo.in,2,3398,FIT-2512-4
VR902171,C107956,VA-SW-NX2,2026-01-25,vireo.in,1,5524,NX2-2512-2
VR905158,C104816,VA-EB-PL2,2026-01-25,Amazon,1,3499,PL2-2511-3
VR907289,C100027,VA-EB-PL2,2026-01-25,vireo.in,1,3149,PL2-2510-2
VR907432,C105018,VA-EB-PL2,2026-01-25,vireo.in,1,3499,PL2-2510-2
VR908127,C108487,VA-EB-PL2,2026-01-25,Flipkart,1,3149,PL2-2512-4
VR909456,C103472,VA-SP-MINI,2026-01-25,Amazon,1,2249,MINI-2511-2
VR909762,C105179,VA-EB-PL2,2026-01-25,Amazon,2,6998,PL2-2510-3
VR883091,C103240,VA-SW-NX2,2026-01-26,vireo.in,1,6499,NX2-2512-2
VR883486,C102284,VA-EB-PL2,2026-01-26,vireo.in,1,3499,PL2-2510-2
VR884798,C100778,VA-SW-NX2,2026-01-26,vireo.in,1,6499,NX2-2512-1
VR886967,C104424,VA-EB-PL1,2026-01-26,Amazon,1,2499,PL1-2512-2
VR888247,C104483,VA-SW-NX2,2026-01-26,vireo.in,2,12348,NX2-2511-4
VR893404,C100109,VA-SP-MINI,2026-01-26,vireo.in,1,2499,MINI-2510-3
VR893624,C102099,VA-HP-ST3,2026-01-26,Flipkart,1,6299,ST3-2511-4
VR894558,C100309,VA-EB-PL2,2026-01-26,Amazon,1,2799,PL2-2510-3
VR894672,C108684,VA-SW-FIT,2026-01-26,Flipkart,1,1999,FIT-2511-2
VR895875,C107650,VA-HP-ST3,2026-01-26,Amazon,1,5949,ST3-2512-3
VR897498,C109222,VA-HP-ST3,2026-01-26,vireo.in,1,6999,ST3-2510-1
VR898789,C101335,VA-EB-AIR,2026-01-26,Flipkart,1,1799,AIR-2512-1
VR901825,C108423,VA-EB-PL2,2026-01-26,vireo.in,1,3499,PL2-2510-3
VR904934,C102564,VA-EB-PL2,2026-01-26,vireo.in,1,3499,PL2-2512-2
VR904988,C103240,VA-EB-PL2,2026-01-26,vireo.in,1,2799,PL2-2512-4
VR905127,C107248,VA-SW-NX1,2026-01-26,Flipkart,1,4749,NX1-2511-1
VR906501,C105619,VA-EB-PL2,2026-01-26,vireo.in,1,2974,PL2-2511-1
VR906530,C103957,VA-AC-CH65,2026-01-26,vireo.in,1,1499,CH65-2511-4
VR908819,C102033,VA-EB-PL2,2026-01-26,vireo.in,1,3499,PL2-2510-3
VR881165,C105106,VA-EB-PL2,2026-01-27,vireo.in,1,3324,PL2-2510-2
VR882667,C106666,VA-EB-PL2,2026-01-27,vireo.in,1,3149,PL2-2510-3
VR882708,C100445,VA-EB-PL2,2026-01-27,vireo.in,2,6998,PL2-2511-4
VR882789,C107000,VA-EB-PL2,2026-01-27,vireo.in,1,2799,PL2-2512-2
VR883440,C105650,VA-SW-NX2,2026-01-27,Amazon,1,6174,NX2-2512-2
VR884672,C106972,VA-EB-PL2,2026-01-27,Flipkart,1,3499,PL2-2511-4
VR884829,C108662,VA-EB-PL2,2026-01-27,vireo.in,1,3499,PL2-2512-4
VR886480,C108109,VA-AC-CASE,2026-01-27,Amazon,1,1299,CASE-2512-3
VR886520,C102159,VA-EB-PL2,2026-01-27,vireo.in,1,3324,PL2-2510-2
VR886741,C106646,VA-EB-PL2,2026-01-27,Amazon,1,3499,PL2-2512-1
VR886823,C100591,VA-EB-PL2,2026-01-27,vireo.in,1,2799,PL2-2511-2
VR886870,C103892,VA-EB-PL2,2026-01-27,vireo.in,1,3324,PL2-2511-4
VR893483,C107196,VA-EB-PL2,2026-01-27,vireo.in,1,3324,PL2-2511-4
VR894754,C102877,VA-EB-PL2,2026-01-27,Amazon,1,2799,PL2-2512-4
VR894777,C105294,VA-SP-ORB,2026-01-27,vireo.in,1,5999,ORB-2512-4
VR894949,C107093,VA-EB-PL2,2026-01-27,vireo.in,1,2974,PL2-2511-1
VR897342,C108734,VA-SW-NX1,2026-01-27,vireo.in,1,3999,NX1-2510-4
VR897474,C108787,VA-SP-ORB,2026-01-27,vireo.in,1,5999,ORB-2511-2
VR897802,C104844,VA-EB-PL1,2026-01-27,vireo.in,1,1999,PL1-2601-2
VR898692,C101707,VA-HP-ST3,2026-01-27,Flipkart,1,5599,ST3-2511-1
VR898821,C103954,VA-EB-PL2,2026-01-27,vireo.in,1,3499,PL2-2511-2
VR898982,C109497,VA-SW-FIT,2026-01-27,vireo.in,1,1699,FIT-2512-1
VR899004,C105095,VA-EB-PL2,2026-01-27,Amazon,1,2974,PL2-2511-1
VR900247,C106491,VA-NB-ARC,2026-01-27,Flipkart,1,1039,ARC-2511-2
VR902354,C107037,VA-EB-PL1,2026-01-27,vireo.in,1,1999,PL1-2512-1
VR903210,C104842,VA-HP-ST2,2026-01-27,vireo.in,1,3999,ST2-2510-1
VR905144,C102168,VA-SP-MINI,2026-01-27,Amazon,1,2499,MINI-2511-1
VR908520,C100912,VA-EB-PL2,2026-01-27,vireo.in,1,2799,PL2-2510-4
VR880382,C106923,VA-EB-PL2,2026-01-28,Amazon,1,3324,PL2-2510-2
VR884700,C107536,VA-EB-AIR,2026-01-28,vireo.in,1,1529,AIR-2511-2
VR885231,C106366,VA-EB-PL2,2026-01-28,Amazon,1,2799,PL2-2511-3
VR886183,C105781,VA-HP-ST2,2026-01-28,vireo.in,1,4999,ST2-2510-1
VR886736,C109142,VA-EB-PL2,2026-01-28,Amazon,1,2974,PL2-2511-4
VR888281,C103049,VA-SP-MINI,2026-01-28,Flipkart,1,2124,MINI-2510-1
VR888689,C104887,VA-SW-NX2,2026-01-28,Amazon,1,6499,NX2-2512-3
VR891763,C105394,VA-EB-PL2,2026-01-28,Amazon,1,3499,PL2-2512-4
VR892931,C107626,VA-EB-PL2,2026-01-28,Amazon,1,3499,PL2-2510-4
VR893942,C108290,VA-EB-PL1,2026-01-28,vireo.in,1,2499,PL1-2511-3
VR895910,C103655,VA-EB-PL1,2026-01-28,vireo.in,1,2499,PL1-2601-3
VR898685,C107258,VA-SW-NX2,2026-01-28,vireo.in,1,5199,NX2-2512-4
VR900072,C103021,VA-SW-NX2,2026-01-28,Amazon,1,6174,NX2-2511-4
VR901894,C103597,VA-SW-NX1,2026-01-28,Amazon,2,8998,NX1-2510-4
VR904821,C103552,VA-EB-PL2,2026-01-28,Amazon,1,3499,PL2-2601-3
VR906088,C101258,VA-EB-PL2,2026-01-28,vireo.in,1,3324,PL2-2512-3
VR906207,C108951,VA-EB-AIR,2026-01-28,vireo.in,1,1439,AIR-2510-2
VR908180,C108293,VA-SW-NX2,2026-01-28,Amazon,1,5524,NX2-2512-3
VR909828,C106678,VA-SW-NX2,2026-01-28,vireo.in,1,5849,NX2-2512-4
VR881674,C104659,VA-EB-PL2,2026-01-29,Amazon,1,2974,PL2-2511-1
VR883131,C107976,VA-EB-PL1,2026-01-29,vireo.in,2,4998,PL1-2510-4
VR883387,C100868,VA-EB-PL1,2026-01-29,vireo.in,1,2499,PL1-2512-2
VR883633,C105309,VA-EB-PL2,2026-01-29,vireo.in,1,3149,PL2-2511-1
VR884175,C105933,VA-EB-PL2,2026-01-29,vireo.in,1,3499,PL2-2512-2
VR886581,C106177,VA-NB-ARC,2026-01-29,Amazon,1,1104,ARC-2511-1
VR889443,C104759,VA-EB-PL2,2026-01-29,Flipkart,1,3499,PL2-2510-4
VR890634,C102923,VA-EB-PL2,2026-01-29,vireo.in,1,2974,PL2-2601-1
VR891111,C105330,VA-EB-PL2,2026-01-29,Amazon,1,3324,PL2-2510-3
VR892655,C101666,VA-SW-NX1,2026-01-29,vireo.in,1,3999,NX1-2510-2
VR897347,C107660,VA-EB-PL2,2026-01-29,Amazon,1,2974,PL2-2512-1
VR897431,C104574,VA-NB-ARC,2026-01-29,vireo.in,1,1299,ARC-2511-4
VR897998,C106859,VA-HP-ST3,2026-01-29,vireo.in,1,6649,ST3-2510-4
VR899558,C101835,VA-EB-PL2,2026-01-29,vireo.in,1,3499,PL2-2512-2
VR900409,C108968,VA-EB-PL2,2026-01-29,vireo.in,1,2799,PL2-2511-1
VR900495,C106570,VA-EB-AIR,2026-01-29,Amazon,2,3598,AIR-2511-3
VR901114,C101189,VA-AC-CASE,2026-01-29,Amazon,1,1104,CASE-2512-1
VR902397,C104900,VA-SW-NX1,2026-01-29,vireo.in,1,4749,NX1-2510-1
VR905629,C100690,VA-EB-AIR,2026-01-29,Amazon,1,1439,AIR-2511-1
VR906312,C101889,VA-SP-ORB,2026-01-29,vireo.in,1,5699,ORB-2512-3
VR906669,C101462,VA-SW-NX2,2026-01-29,vireo.in,1,5199,NX2-2601-2
VR907855,C100619,VA-SW-FIT,2026-01-29,vireo.in,1,1999,FIT-2510-1
VR909091,C106705,VA-SW-FIT,2026-01-29,Amazon,1,1999,FIT-2511-2
VR883519,C107534,VA-SW-NX2,2026-01-30,Amazon,1,5849,NX2-2510-1
VR883660,C107100,VA-HP-ST3,2026-01-30,vireo.in,1,6299,ST3-2510-4
VR883692,C107884,VA-EB-AIR,2026-01-30,Flipkart,1,1439,AIR-2510-4
VR884911,C108666,VA-EB-PL1,2026-01-30,vireo.in,1,2499,PL1-2511-1
VR885802,C102621,VA-EB-PL2,2026-01-30,vireo.in,1,3324,PL2-2512-3
VR887916,C102404,VA-EB-PL2,2026-01-30,Amazon,1,3499,PL2-2512-2
VR888605,C103701,VA-SP-MINI,2026-01-30,vireo.in,1,2499,MINI-2512-4
VR888834,C102299,VA-HP-ST3,2026-01-30,vireo.in,1,6999,ST3-2510-3
VR889678,C107250,VA-EB-AIR,2026-01-30,vireo.in,1,1529,AIR-2510-4
VR891441,C105902,VA-EB-PL1,2026-01-30,vireo.in,1,2499,PL1-2512-3
VR892125,C100575,VA-SP-ORB,2026-01-30,vireo.in,1,5099,ORB-2601-4
VR892610,C105562,VA-EB-PL2,2026-01-30,Flipkart,1,3149,PL2-2511-4
VR892685,C103766,VA-HP-ST2,2026-01-30,vireo.in,1,4999,ST2-2512-2
VR893279,C102545,VA-SW-NX2,2026-01-30,Amazon,1,5849,NX2-2512-3
VR893299,C103934,VA-SP-MINI,2026-01-30,Amazon,1,2249,MINI-2601-1
VR893323,C108065,VA-EB-PL2,2026-01-30,Amazon,1,3499,PL2-2512-3
VR893674,C100078,VA-SP-MINI,2026-01-30,Flipkart,1,1999,MINI-2512-2
VR895238,C106022,VA-EB-PL2,2026-01-30,vireo.in,1,3499,PL2-2512-2
VR895659,C108114,VA-EB-PL2,2026-01-30,Amazon,1,2974,PL2-2512-2
VR897763,C108927,VA-AC-CASE,2026-01-30,vireo.in,1,1039,CASE-2601-2
VR898029,C108739,VA-EB-AIR,2026-01-30,vireo.in,1,1439,AIR-2512-4
VR899704,C105026,VA-AC-CASE,2026-01-30,Amazon,1,1299,CASE-2510-1
VR901523,C108076,VA-HP-ST3,2026-01-30,vireo.in,1,5949,ST3-2511-3
VR901650,C100315,VA-EB-AIR,2026-01-30,vireo.in,1,1439,AIR-2511-1
VR901672,C105626,VA-SW-FIT,2026-01-30,Amazon,1,1599,FIT-2510-2
VR905644,C107096,VA-SW-NX1,2026-01-30,vireo.in,1,4999,NX1-2512-1
VR905981,C101140,VA-EB-PL2,2026-01-30,Flipkart,1,3324,PL2-2601-3
VR906436,C103761,VA-HP-ST2,2026-01-30,Amazon,1,4999,ST2-2512-4
VR906738,C100712,VA-HP-ST3,2026-01-30,Amazon,1,6999,ST3-2512-2
VR907276,C100842,VA-EB-PL2,2026-01-30,vireo.in,1,3499,PL2-2510-2
VR907309,C101286,VA-SW-FIT,2026-01-30,vireo.in,1,1999,FIT-2511-1
VR908161,C103478,VA-HP-ST3,2026-01-30,vireo.in,1,6999,ST3-2512-4
VR908934,C106070,VA-SP-ORB,2026-01-30,Amazon,1,5999,ORB-2511-1
VR909286,C107057,VA-EB-PL2,2026-01-30,vireo.in,1,2799,PL2-2511-3
VR909870,C104245,VA-SW-NX2,2026-01-30,Amazon,1,6499,NX2-2511-3
VR880487,C106013,VA-EB-PL2,2026-01-31,vireo.in,1,3149,PL2-2510-4
VR884137,C109422,VA-EB-PL2,2026-01-31,Amazon,2,5598,PL2-2510-4
VR885577,C102463,VA-EB-PL2,2026-01-31,vireo.in,1,3149,PL2-2601-1
VR886559,C102089,VA-EB-PL2,2026-01-31,vireo.in,1,2799,PL2-2511-4
VR887351,C104547,VA-EB-PL2,2026-01-31,Flipkart,1,3499,PL2-2512-3
VR887392,C107263,VA-EB-PL1,2026-01-31,vireo.in,1,2499,PL1-2511-1
VR889185,C102111,VA-EB-PL2,2026-01-31,vireo.in,1,2799,PL2-2511-3
VR889787,C103375,VA-EB-PL2,2026-01-31,vireo.in,1,3149,PL2-2511-4
VR891299,C107445,VA-EB-PL2,2026-01-31,Flipkart,1,3149,PL2-2511-2
VR893519,C103656,VA-EB-PL2,2026-01-31,vireo.in,1,3149,PL2-2511-4
VR894413,C104061,VA-EB-PL1,2026-01-31,vireo.in,1,1999,PL1-2601-4
VR896000,C108662,VA-EB-AIR,2026-01-31,Amazon,1,1799,AIR-2510-1
VR897378,C106687,VA-SW-NX2,2026-01-31,Amazon,1,6499,NX2-2601-4
VR901295,C101024,VA-EB-PL2,2026-01-31,vireo.in,1,3149,PL2-2511-2
VR902276,C103650,VA-EB-PL2,2026-01-31,vireo.in,1,3499,PL2-2511-2
VR905111,C101463,VA-EB-PL2,2026-01-31,Amazon,1,2974,PL2-2510-3
VR880128,C106677,VA-EB-PL1,2026-02-01,vireo.in,1,2499,PL1-2511-1
VR881246,C100098,VA-EB-PL2,2026-02-01,Amazon,1,2974,PL2-2512-1
VR883287,C104977,VA-SW-FIT,2026-02-01,vireo.in,1,1699,FIT-2512-4
VR884909,C106785,VA-EB-PL2,2026-02-01,Flipkart,1,2799,PL2-2510-4
VR885255,C103616,VA-EB-AIR,2026-02-01,vireo.in,1,1799,AIR-2510-1
VR885856,C103772,VA-SP-MINI,2026-02-01,Flipkart,1,2249,MINI-2601-3
VR886008,C106565,VA-AC-CH65,2026-02-01,Amazon,1,1499,CH65-2511-3
VR886613,C105072,VA-EB-PL2,2026-02-01,Amazon,1,3499,PL2-2512-2
VR887099,C109070,VA-SW-FIT,2026-02-01,vireo.in,1,1999,FIT-2510-2
VR887724,C104953,VA-SW-NX2,2026-02-01,Amazon,1,5199,NX2-2511-2
VR888326,C104823,VA-EB-PL2,2026-02-01,vireo.in,2,6298,PL2-2511-2
VR889446,C104863,VA-EB-PL2,2026-02-01,vireo.in,1,3499,PL2-2511-3
VR890911,C109319,VA-EB-PL2,2026-02-01,Flipkart,1,3324,PL2-2510-1
VR891462,C101274,VA-HP-ST2,2026-02-01,vireo.in,1,4999,ST2-2512-2
VR893350,C108374,VA-SW-NX2,2026-02-01,Amazon,1,6499,NX2-2510-4
VR893677,C108759,VA-EB-PL2,2026-02-01,vireo.in,1,2799,PL2-2511-1
VR893897,C100180,VA-SW-NX1,2026-02-01,vireo.in,1,4499,NX1-2510-2
VR895441,C102396,VA-EB-PL2,2026-02-01,Amazon,1,3499,PL2-2512-3
VR895751,C100807,VA-AC-CBL,2026-02-01,vireo.in,1,319,CBL-2511-1
VR895983,C100965,VA-EB-PL1,2026-02-01,vireo.in,1,2374,PL1-2510-1
VR896072,C108822,VA-EB-PL2,2026-02-01,Flipkart,1,2974,PL2-2511-1
VR897306,C105767,VA-EB-PL2,2026-02-01,vireo.in,1,3149,PL2-2512-1
VR897994,C106493,VA-EB-PL2,2026-02-01,vireo.in,1,3499,PL2-2511-2
VR898422,C105230,VA-EB-PL2,2026-02-01,Amazon,1,2974,PL2-2511-2
VR898634,C102242,VA-NB-ARC,2026-02-01,vireo.in,1,1299,ARC-2511-2
VR899737,C105278,VA-SP-ORB,2026-02-01,Amazon,1,5999,ORB-2511-4
VR901188,C109231,VA-EB-PL2,2026-02-01,vireo.in,1,2799,PL2-2510-3
VR902953,C104555,VA-AC-CH65,2026-02-01,Flipkart,1,1499,CH65-2511-1
VR908138,C101214,VA-SW-NX2,2026-02-01,vireo.in,1,6174,NX2-2510-2
VR880727,C109429,VA-HP-ST2,2026-02-02,vireo.in,1,4999,ST2-2512-3
VR881059,C105817,VA-EB-PL2,2026-02-02,Amazon,1,3499,PL2-2512-3
VR883505,C104100,VA-SW-NX1,2026-02-02,vireo.in,1,3999,NX1-2510-3
VR884793,C101817,VA-EB-PL2,2026-02-02,vireo.in,1,3499,PL2-2512-4
VR885210,C108614,VA-EB-AIR,2026-02-02,Amazon,1,1439,AIR-2511-1
VR885284,C103779,VA-AC-CASE,2026-02-02,vireo.in,1,1234,CASE-2510-2
VR887327,C106454,VA-EB-PL2,2026-02-02,vireo.in,1,3324,PL2-2512-4
VR888586,C108484,VA-EB-PL2,2026-02-02,Amazon,2,5598,PL2-2601-2
VR889018,C106361,VA-SP-MINI,2026-02-02,vireo.in,2,4498,MINI-2511-3
VR890456,C108854,VA-HP-ST2,2026-02-02,vireo.in,1,4499,ST2-2510-1
VR892093,C102402,VA-AC-CASE,2026-02-02,Amazon,1,1104,CASE-2510-2
VR893857,C108789,VA-SW-NX2,2026-02-02,vireo.in,1,6499,NX2-2512-1
VR893861,C100101,VA-HP-ST3,2026-02-02,Amazon,1,6999,ST3-2511-4
VR896295,C103269,VA-AC-CH65,2026-02-02,vireo.in,1,1499,CH65-2512-4
VR896854,C109147,VA-EB-AIR,2026-02-02,Amazon,1,1619,AIR-2512-2
VR897371,C104946,VA-SP-MINI,2026-02-02,Amazon,1,2499,MINI-2512-1
VR897889,C100868,VA-HP-ST3,2026-02-02,Amazon,1,6999,ST3-2512-4
VR898394,C108116,VA-HP-ST3,2026-02-02,vireo.in,1,6999,ST3-2511-4
VR900003,C106940,VA-SP-ORB,2026-02-02,vireo.in,1,5999,ORB-2512-4
VR901081,C108016,VA-EB-AIR,2026-02-02,vireo.in,1,1709,AIR-2511-2
VR901152,C100616,VA-EB-PL2,2026-02-02,Amazon,1,2974,PL2-2512-3
VR901221,C105705,VA-EB-PL2,2026-02-02,vireo.in,1,3499,PL2-2510-3
VR901997,C106156,VA-EB-PL2,2026-02-02,vireo.in,1,3499,PL2-2512-1
VR903521,C109014,VA-EB-PL2,2026-02-02,Amazon,1,3499,PL2-2510-1
VR903829,C101621,VA-EB-AIR,2026-02-02,vireo.in,1,1619,AIR-2511-2
VR905355,C106099,VA-AC-CASE,2026-02-02,Amazon,1,1299,CASE-2512-2
VR905391,C100398,VA-EB-PL2,2026-02-02,Amazon,1,3149,PL2-2511-2
VR905995,C103823,VA-SP-ORB,2026-02-02,vireo.in,1,5999,ORB-2511-1
VR907719,C100859,VA-SW-NX2,2026-02-02,vireo.in,1,6499,NX2-2510-2
VR908898,C103438,VA-EB-PL1,2026-02-02,Amazon,1,2124,PL1-2512-2
VR909034,C105214,VA-HP-ST3,2026-02-02,Amazon,1,6999,ST3-2512-2
VR881111,C104345,VA-HP-ST3,2026-02-03,vireo.in,2,11198,ST3-2511-4
VR881595,C104581,VA-EB-PL1,2026-02-03,Amazon,1,1999,PL1-2510-1
VR884099,C108425,VA-EB-PL2,2026-02-03,vireo.in,1,3499,PL2-2512-3
VR884428,C100019,VA-EB-PL2,2026-02-03,Amazon,1,2799,PL2-2512-3
VR885913,C109489,VA-EB-PL2,2026-02-03,Amazon,1,3324,PL2-2511-1
VR886303,C107890,VA-SP-ORB,2026-02-03,vireo.in,1,5999,ORB-2601-1
VR886397,C101637,VA-EB-PL2,2026-02-03,vireo.in,1,2974,PL2-2511-3
VR887248,C107058,VA-EB-PL1,2026-02-03,vireo.in,1,2499,PL1-2511-3
VR887274,C102940,VA-NB-ARC,2026-02-03,vireo.in,1,1299,ARC-2512-4
VR888079,C104656,VA-SP-MINI,2026-02-03,Amazon,1,2499,MINI-2512-1
VR888413,C108155,VA-HP-ST2,2026-02-03,vireo.in,1,4499,ST2-2510-4
VR888618,C104635,VA-SW-FIT,2026-02-03,Amazon,1,1899,FIT-2601-3
VR890769,C102105,VA-AC-CASE,2026-02-03,Amazon,1,1169,CASE-2511-4
VR891821,C101943,VA-SP-MINI,2026-02-03,vireo.in,1,1999,MINI-2512-1
VR892277,C108680,VA-SW-NX2,2026-02-03,vireo.in,1,5849,NX2-2512-3
VR892810,C101124,VA-EB-PL1,2026-02-03,vireo.in,2,4998,PL1-2512-2
VR892910,C107756,VA-EB-PL2,2026-02-03,vireo.in,1,3324,PL2-2512-4
VR895954,C103640,VA-EB-PL2,2026-02-03,Amazon,1,2974,PL2-2601-3
VR899162,C108722,VA-EB-PL2,2026-02-03,Amazon,1,3499,PL2-2512-1
VR899328,C108113,VA-SP-MINI,2026-02-03,vireo.in,1,2499,MINI-2511-1
VR900814,C104641,VA-EB-PL2,2026-02-03,Flipkart,1,3499,PL2-2511-4
VR901578,C102301,VA-EB-PL1,2026-02-03,vireo.in,1,2499,PL1-2512-1
VR903917,C103740,VA-SP-MINI,2026-02-03,vireo.in,1,2374,MINI-2512-2
VR904457,C100970,VA-EB-PL2,2026-02-03,Amazon,1,3324,PL2-2510-1
VR908862,C109224,VA-NB-ARC,2026-02-03,vireo.in,1,1169,ARC-2512-2
VR908964,C109203,VA-EB-PL2,2026-02-03,Flipkart,1,2974,PL2-2512-1
VR909218,C105909,VA-NB-ARC,2026-02-03,vireo.in,1,1169,ARC-2510-3
VR881845,C106519,VA-SW-NX2,2026-02-04,Amazon,1,6174,NX2-2511-3
VR882119,C108113,VA-EB-PL1,2026-02-04,vireo.in,1,2499,PL1-2512-2
VR883538,C107576,VA-EB-PL1,2026-02-04,Flipkart,1,2499,PL1-2601-4
VR883794,C101670,VA-EB-PL1,2026-02-04,vireo.in,1,2499,PL1-2510-3
VR884100,C105900,VA-EB-PL2,2026-02-04,Flipkart,1,2974,PL2-2512-3
VR884304,C100510,VA-EB-PL1,2026-02-04,vireo.in,1,1999,PL1-2511-2
VR884851,C100598,VA-EB-PL2,2026-02-04,vireo.in,2,6998,PL2-2512-2
VR886113,C104108,VA-EB-PL1,2026-02-04,Amazon,1,1999,PL1-2511-2
VR889679,C100947,VA-SW-NX2,2026-02-04,vireo.in,1,6174,NX2-2512-4
VR890278,C105348,VA-EB-PL1,2026-02-04,vireo.in,1,2499,PL1-2601-3
VR891631,C102650,VA-EB-PL2,2026-02-04,vireo.in,1,2799,PL2-2512-1
VR891656,C104493,VA-SW-NX1,2026-02-04,vireo.in,2,9998,NX1-2511-2
VR891971,C106293,VA-EB-PL1,2026-02-04,Amazon,1,2499,PL1-2512-4
VR892031,C105038,VA-EB-PL2,2026-02-04,vireo.in,1,2799,PL2-2512-1
VR893732,C100745,VA-EB-PL1,2026-02-04,Flipkart,1,2124,PL1-2511-4
VR896746,C101283,VA-EB-AIR,2026-02-04,vireo.in,1,1709,AIR-2601-3
VR898338,C100275,VA-EB-PL2,2026-02-04,Flipkart,1,3499,PL2-2511-1
VR898572,C103743,VA-SP-MINI,2026-02-04,vireo.in,1,2124,MINI-2512-2
VR898770,C108354,VA-EB-PL2,2026-02-04,vireo.in,1,3499,PL2-2511-1
VR899076,C106202,VA-HP-ST3,2026-02-04,vireo.in,1,6999,ST3-2511-1
VR899187,C107718,VA-EB-AIR,2026-02-04,Flipkart,1,1619,AIR-2512-2
VR900948,C108486,VA-EB-PL1,2026-02-04,Amazon,1,2499,PL1-2601-3
VR903173,C106073,VA-EB-AIR,2026-02-04,Amazon,1,1439,AIR-2512-3
VR904922,C101172,VA-EB-PL2,2026-02-04,vireo.in,1,3499,PL2-2601-1
VR904982,C108150,VA-AC-CASE,2026-02-04,vireo.in,1,1299,CASE-2510-1
VR905884,C106068,VA-EB-PL2,2026-02-04,vireo.in,1,2799,PL2-2511-3
VR906045,C101299,VA-NB-ARC,2026-02-04,Amazon,2,2598,ARC-2511-2
VR906459,C103767,VA-SP-MINI,2026-02-04,Amazon,1,2374,MINI-2511-4
VR907646,C106533,VA-SP-ORB,2026-02-04,vireo.in,1,5099,ORB-2511-4
VR909057,C101472,VA-EB-AIR,2026-02-04,Amazon,1,1619,AIR-2511-3
VR909210,C105115,VA-EB-PL2,2026-02-04,vireo.in,1,3499,PL2-2512-3
VR880855,C104811,VA-SW-NX2,2026-02-05,Flipkart,1,6174,NX2-2601-3
VR881390,C108494,VA-SW-NX2,2026-02-05,vireo.in,1,5849,NX2-2601-2
VR883620,C100322,VA-SP-MINI,2026-02-05,vireo.in,1,1999,MINI-2601-2
VR885594,C101144,VA-SP-MINI,2026-02-05,vireo.in,2,4498,MINI-2511-1
VR886060,C103685,VA-EB-AIR,2026-02-05,Amazon,1,1799,AIR-2510-1
VR886439,C101612,VA-EB-PL1,2026-02-05,vireo.in,1,2499,PL1-2512-2
VR887084,C108433,VA-SW-FIT,2026-02-05,vireo.in,2,3198,FIT-2512-3
VR887215,C102686,VA-SP-ORB,2026-02-05,Flipkart,1,5099,ORB-2510-2
VR887906,C102676,VA-EB-PL1,2026-02-05,vireo.in,1,2374,PL1-2511-3
VR888626,C105940,VA-EB-PL1,2026-02-05,Flipkart,1,2499,PL1-2510-3
VR889037,C101677,VA-SP-MINI,2026-02-05,Amazon,1,2124,MINI-2511-1
VR889506,C106199,VA-HP-ST2,2026-02-05,Flipkart,1,4999,ST2-2512-2
VR889699,C107671,VA-EB-PL2,2026-02-05,vireo.in,1,3499,PL2-2510-2
VR890748,C102814,VA-EB-PL1,2026-02-05,Amazon,1,2374,PL1-2511-1
VR890859,C100515,VA-EB-PL2,2026-02-05,Amazon,1,3499,PL2-2511-4
VR893046,C107210,VA-EB-PL2,2026-02-05,vireo.in,1,2799,PL2-2512-1
VR896624,C109477,VA-EB-PL2,2026-02-05,Amazon,1,3499,PL2-2510-2
VR897259,C104254,VA-EB-PL2,2026-02-05,Flipkart,1,3499,PL2-2511-2
VR897833,C109375,VA-SW-NX1,2026-02-05,vireo.in,1,4999,NX1-2512-3
VR897944,C108264,VA-SW-FIT,2026-02-05,vireo.in,1,1699,FIT-2512-1
VR898690,C101389,VA-EB-PL2,2026-02-05,vireo.in,2,6298,PL2-2511-2
VR899208,C105389,VA-EB-AIR,2026-02-05,Amazon,1,1799,AIR-2512-1
VR899703,C108609,VA-EB-PL1,2026-02-05,Flipkart,1,2499,PL1-2512-1
VR901992,C103055,VA-SW-NX2,2026-02-05,vireo.in,2,10398,NX2-2512-1
VR902416,C107917,VA-HP-ST2,2026-02-05,Amazon,1,4999,ST2-2511-1
VR903239,C104310,VA-EB-PL2,2026-02-05,vireo.in,1,2974,PL2-2512-3
VR903542,C100018,VA-EB-PL2,2026-02-05,vireo.in,1,2974,PL2-2512-4
VR904405,C101354,VA-EB-PL2,2026-02-05,vireo.in,2,6998,PL2-2511-1
VR906249,C104967,VA-SP-MINI,2026-02-05,vireo.in,1,2124,MINI-2510-1
VR906941,C103397,VA-EB-PL2,2026-02-05,vireo.in,1,2799,PL2-2512-4
VR906942,C104513,VA-EB-PL2,2026-02-05,vireo.in,1,3499,PL2-2510-2
VR908095,C104234,VA-EB-AIR,2026-02-05,vireo.in,1,1799,AIR-2510-4
VR908980,C100631,VA-SW-FIT,2026-02-05,Flipkart,1,1899,FIT-2601-4
VR880576,C106270,VA-EB-PL2,2026-02-06,vireo.in,2,5948,PL2-2511-2
VR881336,C103047,VA-EB-PL1,2026-02-06,Flipkart,1,2374,PL1-2512-2
VR881598,C100305,VA-SW-NX2,2026-02-06,vireo.in,1,5849,NX2-2512-4
VR881624,C109386,VA-HP-ST2,2026-02-06,Amazon,1,4999,ST2-2512-2
VR881655,C100131,VA-EB-PL2,2026-02-06,vireo.in,2,6998,PL2-2601-3
VR881983,C105162,VA-EB-PL2,2026-02-06,Amazon,1,3499,PL2-2510-1
VR883273,C102061,VA-EB-AIR,2026-02-06,Amazon,1,1529,AIR-2512-2
VR886140,C108006,VA-SW-FIT,2026-02-06,vireo.in,1,1599,FIT-2512-3
VR890576,C107319,VA-HP-ST3,2026-02-06,Amazon,1,5949,ST3-2510-4
VR892807,C103611,VA-EB-PL2,2026-02-06,vireo.in,1,3499,PL2-2511-3
VR894257,C106100,VA-EB-PL2,2026-02-06,Amazon,1,3499,PL2-2511-2
VR895137,C106849,VA-SP-MINI,2026-02-06,Flipkart,1,2124,MINI-2601-3
VR895422,C106951,VA-SP-MINI,2026-02-06,vireo.in,1,2499,MINI-2512-2
VR896311,C105693,VA-EB-PL2,2026-02-06,vireo.in,1,2974,PL2-2512-1
VR896817,C107122,VA-SW-NX2,2026-02-06,Amazon,1,6499,NX2-2512-3
VR898072,C101766,VA-SP-MINI,2026-02-06,vireo.in,2,4248,MINI-2511-4
VR900513,C105429,VA-SP-MINI,2026-02-06,vireo.in,1,2249,MINI-2511-3
VR901132,C100229,VA-SW-NX2,2026-02-06,vireo.in,1,5849,NX2-2511-1
VR901756,C108376,VA-EB-PL2,2026-02-06,Amazon,1,3499,PL2-2601-3
VR904050,C103198,VA-EB-PL2,2026-02-06,vireo.in,1,3149,PL2-2511-3
VR907318,C105662,VA-HP-ST2,2026-02-06,vireo.in,1,4999,ST2-2512-4
VR908160,C100423,VA-NB-ARC,2026-02-06,vireo.in,1,1299,ARC-2511-3
VR909275,C104832,VA-EB-AIR,2026-02-06,vireo.in,1,1799,AIR-2512-1
VR909880,C103931,VA-SW-NX2,2026-02-06,vireo.in,2,10398,NX2-2512-3
VR881375,C104910,VA-SW-FIT,2026-02-07,Amazon,1,1999,FIT-2512-3
VR881978,C107859,VA-SW-NX2,2026-02-07,vireo.in,1,6499,NX2-2512-1
VR882233,C102667,VA-HP-ST3,2026-02-07,vireo.in,1,6299,ST3-2512-1
VR889689,C105257,VA-EB-PL1,2026-02-07,vireo.in,1,2374,PL1-2512-1
VR889840,C104177,VA-EB-PL2,2026-02-07,Amazon,1,3149,PL2-2512-3
VR892280,C104145,VA-EB-PL2,2026-02-07,vireo.in,1,3324,PL2-2510-1
VR894258,C101454,VA-SP-MINI,2026-02-07,Flipkart,1,1999,MINI-2511-3
VR894332,C103078,VA-EB-PL1,2026-02-07,Amazon,1,2499,PL1-2511-3
VR894762,C107815,VA-EB-PL2,2026-02-07,Flipkart,1,3149,PL2-2601-3
VR895014,C106113,VA-HP-ST2,2026-02-07,vireo.in,1,4999,ST2-2512-4
VR896928,C100235,VA-EB-PL1,2026-02-07,vireo.in,1,2249,PL1-2512-4
VR897811,C102635,VA-EB-PL2,2026-02-07,vireo.in,1,3499,PL2-2512-3
VR898664,C100152,VA-EB-PL2,2026-02-07,vireo.in,1,3324,PL2-2512-3
VR899284,C104837,VA-SP-MINI,2026-02-07,Flipkart,1,1999,MINI-2601-3
VR900335,C106078,VA-EB-PL2,2026-02-07,Flipkart,1,3149,PL2-2510-2
VR904770,C105908,VA-EB-PL2,2026-02-07,Flipkart,1,3499,PL2-2601-1
VR905312,C104984,VA-SW-FIT,2026-02-07,Amazon,1,1999,FIT-2601-4
VR907519,C103562,VA-SW-NX2,2026-02-07,vireo.in,1,6499,NX2-2511-4
VR908186,C104664,VA-SW-NX2,2026-02-07,Amazon,1,6499,NX2-2511-2
VR908892,C106394,VA-EB-PL2,2026-02-07,vireo.in,1,2799,PL2-2601-4
VR909151,C108810,VA-HP-ST3,2026-02-07,vireo.in,1,6999,ST3-2511-3
VR909435,C102662,VA-HP-ST3,2026-02-07,vireo.in,1,6649,ST3-2601-4
VR880154,C104697,VA-EB-PL1,2026-02-08,vireo.in,1,2499,PL1-2511-3
VR881171,C107181,VA-SW-FIT,2026-02-08,vireo.in,1,1599,FIT-2512-3
VR881886,C103517,VA-SP-MINI,2026-02-08,Amazon,1,2499,MINI-2601-3
VR882342,C101065,VA-EB-PL1,2026-02-08,Amazon,1,2499,PL1-2511-4
VR883543,C105253,VA-SW-NX2,2026-02-08,Amazon,2,12998,NX2-2601-4
VR883820,C102138,VA-AC-CBL,2026-02-08,vireo.in,1,339,CBL-2511-4
VR885406,C103300,VA-EB-AIR,2026-02-08,vireo.in,1,1619,AIR-2512-4
VR887022,C100456,VA-HP-ST3,2026-02-08,vireo.in,1,5949,ST3-2511-1
VR888263,C108039,VA-AC-CASE,2026-02-08,Amazon,1,1169,CASE-2511-2
VR888282,C100501,VA-EB-PL1,2026-02-08,vireo.in,1,2499,PL1-2512-1
VR891704,C107022,VA-EB-PL2,2026-02-08,Amazon,1,3499,PL2-2511-2
VR892089,C103437,VA-SP-MINI,2026-02-08,Amazon,1,2374,MINI-2512-4
VR893986,C101234,VA-SP-MINI,2026-02-08,vireo.in,1,2374,MINI-2512-2
VR896708,C102657,VA-EB-AIR,2026-02-08,vireo.in,1,1799,AIR-2511-3
VR896944,C100194,VA-EB-PL2,2026-02-08,vireo.in,1,3324,PL2-2510-1
VR897219,C105495,VA-EB-PL1,2026-02-08,vireo.in,2,4998,PL1-2511-2
VR899377,C103005,VA-EB-PL2,2026-02-08,vireo.in,1,3149,PL2-2511-2
VR899931,C101867,VA-EB-PL1,2026-02-08,vireo.in,1,2374,PL1-2601-4
VR901843,C102542,VA-HP-ST3,2026-02-08,vireo.in,1,5599,ST3-2601-4
VR902522,C101726,VA-SW-NX2,2026-02-08,Flipkart,1,6499,NX2-2511-3
VR902957,C105759,VA-EB-PL1,2026-02-08,vireo.in,1,2499,PL1-2601-4
VR903000,C103118,VA-HP-ST3,2026-02-08,vireo.in,1,6999,ST3-2601-3
VR905763,C107724,VA-SW-NX1,2026-02-08,Amazon,1,4249,NX1-2511-4
VR906872,C103838,VA-EB-PL1,2026-02-08,Amazon,1,2499,PL1-2512-2
VR906951,C100399,VA-EB-PL2,2026-02-08,vireo.in,1,3149,PL2-2601-2
VR907152,C104652,VA-EB-PL1,2026-02-08,vireo.in,1,1999,PL1-2512-4
VR880397,C102071,VA-EB-PL2,2026-02-09,vireo.in,1,2799,PL2-2512-3
VR880484,C101936,VA-SW-NX2,2026-02-09,vireo.in,1,5524,NX2-2510-1
VR883844,C100336,VA-EB-PL2,2026-02-09,Amazon,2,6648,PL2-2510-3
VR884688,C106051,VA-HP-ST3,2026-02-09,vireo.in,1,6299,ST3-2601-3
VR884826,C103643,VA-SW-NX2,2026-02-09,Amazon,1,5524,NX2-2511-1
VR886979,C109258,VA-SW-FIT,2026-02-09,Amazon,1,1799,FIT-2510-1
VR887356,C100418,VA-EB-PL2,2026-02-09,vireo.in,1,3499,PL2-2511-3
VR888801,C106606,VA-EB-PL1,2026-02-09,vireo.in,1,2499,PL1-2510-2
VR890178,C101226,VA-EB-PL2,2026-02-09,Amazon,1,3149,PL2-2510-3
VR890865,C107538,VA-EB-PL2,2026-02-09,vireo.in,1,3149,PL2-2512-2
VR890948,C102559,VA-SP-ORB,2026-02-09,Amazon,1,5699,ORB-2512-3
VR892905,C104373,VA-EB-PL2,2026-02-09,vireo.in,1,3499,PL2-2601-3
VR893935,C104995,VA-EB-PL1,2026-02-09,vireo.in,1,2249,PL1-2510-4
VR894831,C104742,VA-HP-ST3,2026-02-09,Amazon,1,6299,ST3-2601-3
VR895158,C103517,VA-EB-PL2,2026-02-09,Amazon,2,5598,PL2-2512-3
VR895843,C101156,VA-SP-ORB,2026-02-09,vireo.in,1,5399,ORB-2512-4
VR897053,C103673,VA-SW-NX2,2026-02-09,Amazon,1,6499,NX2-2512-2
VR897645,C109118,VA-EB-PL1,2026-02-09,vireo.in,1,2499,PL1-2510-1
VR898610,C100698,VA-SW-NX2,2026-02-09,vireo.in,1,6499,NX2-2512-4
VR899701,C104562,VA-EB-PL2,2026-02-09,vireo.in,1,3499,PL2-2512-1
VR900250,C101021,VA-EB-PL2,2026-02-09,vireo.in,1,3149,PL2-2511-4
VR900524,C106425,VA-SP-MINI,2026-02-09,vireo.in,1,2249,MINI-2511-2
VR901138,C102839,VA-SW-NX2,2026-02-09,Amazon,1,6499,NX2-2601-1
VR902074,C101789,VA-EB-PL2,2026-02-09,Amazon,1,3324,PL2-2511-4
VR902672,C103876,VA-HP-ST3,2026-02-09,vireo.in,1,6999,ST3-2512-1
VR903491,C104707,VA-EB-PL2,2026-02-09,Flipkart,1,2974,PL2-2511-4
VR906261,C105437,VA-SW-FIT,2026-02-09,Flipkart,1,1999,FIT-2512-1
VR908626,C106022,VA-NB-ARC,2026-02-09,vireo.in,1,1299,ARC-2511-3
VR909583,C104920,VA-EB-PL2,2026-02-09,vireo.in,2,6998,PL2-2601-1
VR880190,C106103,VA-EB-PL2,2026-02-10,Flipkart,1,3499,PL2-2511-4
VR880984,C107713,VA-AC-CASE,2026-02-10,vireo.in,1,1234,CASE-2601-1
VR881452,C100175,VA-AC-CASE,2026-02-10,Amazon,1,1234,CASE-2510-4
VR882533,C104185,VA-EB-PL2,2026-02-10,Amazon,1,3499,PL2-2512-2
VR885000,C101081,VA-EB-PL1,2026-02-10,vireo.in,1,1999,PL1-2512-3
VR885859,C102137,VA-EB-PL2,2026-02-10,vireo.in,1,3149,PL2-2511-2
VR886084,C101715,VA-SW-NX2,2026-02-10,Amazon,1,5199,NX2-2512-3
VR886189,C103047,VA-EB-PL2,2026-02-10,vireo.in,1,3324,PL2-2511-2
VR886391,C106978,VA-AC-CASE,2026-02-10,vireo.in,1,1299,CASE-2512-1
VR886595,C108297,VA-EB-PL2,2026-02-10,Amazon,1,3499,PL2-2511-3
VR887583,C108726,VA-EB-PL2,2026-02-10,vireo.in,1,3324,PL2-2512-4
VR890204,C104602,VA-EB-PL2,2026-02-10,Amazon,1,3499,PL2-2511-2
VR890432,C108940,VA-SP-ORB,2026-02-10,Amazon,1,5999,ORB-2511-3
VR892871,C102242,VA-EB-PL2,2026-02-10,vireo.in,1,3149,PL2-2511-4
VR893394,C102316,VA-AC-CH65,2026-02-10,Amazon,2,2698,CH65-2511-2
VR896423,C105247,VA-SW-NX2,2026-02-10,Flipkart,1,5524,NX2-2512-3
VR896538,C104500,VA-EB-PL2,2026-02-10,vireo.in,1,2974,PL2-2510-4
VR898353,C105428,VA-EB-PL2,2026-02-10,Flipkart,1,3324,PL2-2510-2
VR900208,C100653,VA-EB-PL2,2026-02-10,vireo.in,1,3324,PL2-2512-3
VR901024,C102437,VA-EB-PL1,2026-02-10,vireo.in,1,2499,PL1-2510-3
VR901420,C104598,VA-EB-PL2,2026-02-10,vireo.in,1,2799,PL2-2601-2
VR902134,C106778,VA-SW-NX2,2026-02-10,vireo.in,1,6499,NX2-2510-4
VR903509,C105015,VA-AC-CASE,2026-02-10,vireo.in,1,1299,CASE-2511-4
VR904842,C100675,VA-EB-PL2,2026-02-10,vireo.in,1,3324,PL2-2511-2
VR905540,C105415,VA-HP-ST3,2026-02-10,vireo.in,1,5949,ST3-2511-3
VR905920,C103535,VA-SW-NX1,2026-02-10,Flipkart,1,4999,NX1-2512-4
VR908708,C105349,VA-SW-NX2,2026-02-10,Amazon,1,6499,NX2-2511-2
VR909299,C101703,VA-SW-FIT,2026-02-10,Flipkart,1,1599,FIT-2511-4
VR909638,C103209,VA-EB-PL1,2026-02-10,vireo.in,1,2249,PL1-2601-3
VR880273,C102858,VA-EB-AIR,2026-02-11,Amazon,1,1799,AIR-2512-3
VR881238,C103648,VA-EB-PL2,2026-02-11,Amazon,1,3324,PL2-2511-3
VR881448,C103676,VA-SW-FIT,2026-02-11,vireo.in,1,1699,FIT-2601-3
VR881657,C108933,VA-SW-FIT,2026-02-11,vireo.in,1,1599,FIT-2511-4
VR883651,C104322,VA-EB-PL1,2026-02-11,vireo.in,1,1999,PL1-2601-1
VR883748,C105154,VA-EB-PL1,2026-02-11,vireo.in,1,2499,PL1-2601-2
VR884344,C107610,VA-EB-AIR,2026-02-11,Amazon,1,1799,AIR-2511-1
VR886127,C102008,VA-EB-PL2,2026-02-11,vireo.in,1,3499,PL2-2601-3
VR886689,C102809,VA-SW-NX2,2026-02-11,vireo.in,1,5524,NX2-2511-3
VR890239,C102678,VA-EB-PL2,2026-02-11,Flipkart,1,3149,PL2-2601-2
VR890282,C107420,VA-EB-PL1,2026-02-11,vireo.in,2,3998,PL1-2512-3
VR892278,C105917,VA-SP-ORB,2026-02-11,Amazon,1,4799,ORB-2511-3
VR892536,C108515,VA-EB-PL2,2026-02-11,vireo.in,1,3324,PL2-2511-2
VR895436,C106431,VA-SP-MINI,2026-02-11,vireo.in,1,2249,MINI-2601-2
VR896451,C107280,VA-SW-NX2,2026-02-11,vireo.in,1,5524,NX2-2512-1
VR896521,C103928,VA-EB-PL2,2026-02-11,vireo.in,1,2799,PL2-2511-3
VR897283,C104221,VA-AC-CH65,2026-02-11,Flipkart,1,1274,CH65-2511-3
VR899420,C101484,VA-SP-MINI,2026-02-11,Flipkart,1,2374,MINI-2512-4
VR899525,C103071,VA-EB-PL1,2026-02-11,vireo.in,1,2499,PL1-2512-1
VR900319,C104769,VA-EB-PL2,2026-02-11,vireo.in,1,3324,PL2-2512-3
VR901018,C106588,VA-EB-PL1,2026-02-11,vireo.in,1,2249,PL1-2512-2
VR902756,C102718,VA-SW-NX2,2026-02-11,vireo.in,2,11698,NX2-2511-2
VR903081,C102630,VA-EB-PL1,2026-02-11,Flipkart,1,2499,PL1-2511-3
VR905504,C104812,VA-EB-AIR,2026-02-11,vireo.in,1,1529,AIR-2512-3
VR905769,C106532,VA-EB-PL1,2026-02-11,vireo.in,1,2499,PL1-2601-1
VR906782,C103244,VA-AC-CH65,2026-02-11,Amazon,2,2998,CH65-2511-4
VR907932,C104079,VA-SW-NX2,2026-02-11,vireo.in,1,5524,NX2-2511-1
VR908935,C104422,VA-EB-PL2,2026-02-11,vireo.in,1,2799,PL2-2512-3
VR880377,C104876,VA-EB-PL2,2026-02-12,Amazon,1,3499,PL2-2511-1
VR883286,C101571,VA-SW-NX1,2026-02-12,vireo.in,1,4999,NX1-2512-4
VR884178,C107758,VA-EB-PL2,2026-02-12,vireo.in,1,2974,PL2-2512-4
VR885838,C103378,VA-EB-PL2,2026-02-12,vireo.in,1,2974,PL2-2511-1
VR887420,C108356,VA-EB-PL2,2026-02-12,vireo.in,1,3499,PL2-2511-1
VR887735,C101630,VA-HP-ST2,2026-02-12,vireo.in,1,4499,ST2-2511-1
VR887773,C108423,VA-SP-MINI,2026-02-12,vireo.in,1,2249,MINI-2512-1
VR889472,C100722,VA-AC-CASE,2026-02-12,Amazon,1,1299,CASE-2512-1
VR889580,C102761,VA-SP-MINI,2026-02-12,Amazon,1,2374,MINI-2512-4
VR892902,C102239,VA-SW-NX2,2026-02-12,Amazon,1,5524,NX2-2511-3
VR893903,C109473,VA-EB-PL1,2026-02-12,vireo.in,1,2374,PL1-2512-1
VR894346,C105838,VA-AC-CBL,2026-02-12,vireo.in,1,339,CBL-2511-3
VR894604,C102324,VA-EB-PL1,2026-02-12,Amazon,1,1999,PL1-2511-2
VR895298,C101285,VA-SW-NX2,2026-02-12,vireo.in,1,6499,NX2-2512-1
VR897120,C105284,VA-EB-AIR,2026-02-12,vireo.in,1,1799,AIR-2511-3
VR897551,C101030,VA-EB-PL1,2026-02-12,Amazon,1,2499,PL1-2511-1
VR898064,C107926,VA-EB-AIR,2026-02-12,vireo.in,1,1439,AIR-2512-3
VR899924,C103835,VA-EB-PL2,2026-02-12,Amazon,1,2974,PL2-2512-4
VR900097,C107814,VA-SW-NX2,2026-02-12,vireo.in,1,6499,NX2-2511-2
VR900778,C106091,VA-SP-ORB,2026-02-12,vireo.in,1,5999,ORB-2512-4
VR901475,C101842,VA-EB-PL2,2026-02-12,Flipkart,1,3499,PL2-2511-1
VR902156,C103534,VA-EB-AIR,2026-02-12,vireo.in,1,1709,AIR-2511-2
VR903440,C106418,VA-SW-NX1,2026-02-12,Amazon,1,4999,NX1-2511-2
VR903694,C109358,VA-AC-CASE,2026-02-12,vireo.in,1,1299,CASE-2601-1
VR905190,C104466,VA-EB-PL2,2026-02-12,vireo.in,1,3499,PL2-2510-1
VR906439,C102531,VA-SP-ORB,2026-02-12,Flipkart,2,10798,ORB-2601-1
VR909517,C102057,VA-EB-PL2,2026-02-12,Amazon,1,2974,PL2-2601-1
VR880444,C101452,VA-EB-PL2,2026-02-13,vireo.in,1,3499,PL2-2601-4
VR882115,C104593,VA-EB-PL2,2026-02-13,Amazon,1,3499,PL2-2511-2
VR882462,C102489,VA-SW-NX1,2026-02-13,vireo.in,1,3999,NX1-2512-2
VR883665,C109401,VA-EB-PL1,2026-02-13,Amazon,1,2374,PL1-2511-2
VR883961,C102935,VA-EB-PL2,2026-02-13,vireo.in,1,3499,PL2-2601-1
VR885129,C106744,VA-NB-ARC,2026-02-13,Flipkart,2,2598,ARC-2512-3
VR886751,C101801,VA-EB-PL2,2026-02-13,Amazon,1,2974,PL2-2511-4
VR886956,C105209,VA-EB-PL2,2026-02-13,vireo.in,1,3499,PL2-2512-1
VR887075,C109371,VA-EB-PL2,2026-02-13,Amazon,1,3499,PL2-2512-1
VR888401,C108498,VA-EB-PL2,2026-02-13,Amazon,1,2799,PL2-2511-4
VR888798,C104090,VA-EB-AIR,2026-02-13,Flipkart,1,1709,AIR-2512-4
VR889344,C103086,VA-SW-FIT,2026-02-13,vireo.in,1,1699,FIT-2601-1
VR889602,C109285,VA-SW-NX2,2026-02-13,Amazon,1,6499,NX2-2511-1
VR890798,C100808,VA-EB-PL2,2026-02-13,Flipkart,1,3499,PL2-2601-2
VR895318,C103731,VA-EB-PL2,2026-02-13,vireo.in,1,3499,PL2-2512-3
VR895438,C105010,VA-EB-PL1,2026-02-13,Amazon,1,2249,PL1-2511-4
VR896138,C106319,VA-SW-FIT,2026-02-13,Amazon,1,1599,FIT-2511-3
VR896479,C104326,VA-EB-PL2,2026-02-13,vireo.in,1,3499,PL2-2512-2
VR899214,C102943,VA-SW-NX2,2026-02-13,Amazon,1,6499,NX2-2511-4
VR903880,C104089,VA-EB-PL1,2026-02-13,vireo.in,1,2124,PL1-2511-2
VR904036,C101043,VA-EB-PL2,2026-02-13,vireo.in,1,2974,PL2-2512-4
VR904390,C104997,VA-EB-PL1,2026-02-13,vireo.in,1,1999,PL1-2511-4
VR904946,C108884,VA-SP-MINI,2026-02-13,vireo.in,1,2374,MINI-2511-4
VR906548,C109077,VA-EB-PL2,2026-02-13,Amazon,1,3499,PL2-2510-3
VR906556,C100661,VA-EB-PL2,2026-02-13,Amazon,1,2799,PL2-2601-2
VR908120,C105596,VA-SW-FIT,2026-02-13,Flipkart,1,1799,FIT-2511-4
VR909808,C106587,VA-HP-ST3,2026-02-13,vireo.in,1,6299,ST3-2510-4
VR909864,C101237,VA-EB-PL2,2026-02-13,Flipkart,2,6998,PL2-2601-4
VR880580,C106784,VA-NB-ARC,2026-02-14,vireo.in,1,1299,ARC-2511-2
VR880705,C108395,VA-SP-MINI,2026-02-14,vireo.in,1,1999,MINI-2512-2
VR881679,C108910,VA-EB-PL2,2026-02-14,vireo.in,1,3324,PL2-2512-1
VR882334,C105302,VA-SP-ORB,2026-02-14,vireo.in,1,5999,ORB-2511-2
VR882862,C103160,VA-HP-ST3,2026-02-14,vireo.in,1,6999,ST3-2511-3
VR884811,C107652,VA-EB-PL2,2026-02-14,vireo.in,1,3499,PL2-2512-4
VR886374,C107328,VA-EB-PL1,2026-02-14,vireo.in,2,4998,PL1-2511-4
VR886679,C106610,VA-EB-PL2,2026-02-14,vireo.in,1,3499,PL2-2512-2
VR887106,C104171,VA-SP-ORB,2026-02-14,vireo.in,1,5699,ORB-2511-4
VR887382,C104668,VA-EB-PL2,2026-02-14,vireo.in,1,3324,PL2-2512-1
VR889098,C108921,VA-SP-MINI,2026-02-14,Flipkart,1,1999,MINI-2512-4
VR889325,C104562,VA-HP-ST3,2026-02-14,Flipkart,1,6999,ST3-2512-4
VR891152,C106405,VA-EB-AIR,2026-02-14,vireo.in,1,1439,AIR-2601-2
VR891395,C102047,VA-EB-PL2,2026-02-14,Flipkart,1,3149,PL2-2601-4
VR891758,C105560,VA-EB-AIR,2026-02-14,Amazon,1,1619,AIR-2512-2
VR897016,C107861,VA-EB-PL1,2026-02-14,Amazon,2,4248,PL1-2511-2
VR898088,C105719,VA-EB-PL2,2026-02-14,Amazon,1,2974,PL2-2601-4
VR898284,C100436,VA-EB-PL2,2026-02-14,Flipkart,1,3499,PL2-2512-4
VR899040,C107078,VA-SW-FIT,2026-02-14,vireo.in,1,1999,FIT-2511-2
VR899136,C103494,VA-EB-AIR,2026-02-14,Flipkart,1,1799,AIR-2510-2
VR900111,C106318,VA-SP-ORB,2026-02-14,Amazon,2,9598,ORB-2601-1
VR900895,C107543,VA-EB-AIR,2026-02-14,vireo.in,1,1709,AIR-2511-1
VR900902,C105024,VA-SW-NX2,2026-02-14,Amazon,1,6499,NX2-2512-4
VR902258,C108585,VA-EB-PL1,2026-02-14,Flipkart,1,1999,PL1-2511-1
VR902328,C101130,VA-EB-PL2,2026-02-14,vireo.in,2,5948,PL2-2511-1
VR902613,C103170,VA-EB-PL2,2026-02-14,vireo.in,1,2974,PL2-2601-4
VR903815,C109419,VA-HP-ST3,2026-02-14,vireo.in,1,5949,ST3-2512-3
VR905337,C100025,VA-SW-NX2,2026-02-14,vireo.in,1,5849,NX2-2512-4
VR905458,C105764,VA-EB-PL2,2026-02-14,vireo.in,1,2799,PL2-2511-3
VR906269,C108172,VA-SP-ORB,2026-02-14,vireo.in,1,5099,ORB-2511-4
VR907781,C105630,VA-SW-NX2,2026-02-14,vireo.in,1,6499,NX2-2512-1
VR880159,C102908,VA-HP-ST3,2026-02-15,Amazon,1,6999,ST3-2511-4
VR880905,C101028,VA-EB-PL1,2026-02-15,vireo.in,1,1999,PL1-2511-3
VR880993,C100549,VA-SP-MINI,2026-02-15,vireo.in,1,2499,MINI-2510-4
VR881383,C106298,VA-SP-MINI,2026-02-15,Amazon,1,2499,MINI-2512-1
VR882612,C104162,VA-EB-PL2,2026-02-15,Amazon,1,3499,PL2-2512-3
VR883630,C103836,VA-EB-PL2,2026-02-15,vireo.in,1,2799,PL2-2512-1
VR883721,C104487,VA-SW-NX1,2026-02-15,vireo.in,1,4999,NX1-2511-3
VR886272,C103151,VA-EB-PL2,2026-02-15,Amazon,1,3324,PL2-2511-2
VR886683,C103708,VA-EB-PL2,2026-02-15,Flipkart,1,3149,PL2-2512-3
VR887522,C105447,VA-SP-ORB,2026-02-15,Amazon,1,5999,ORB-2511-1
VR887847,C102883,VA-EB-AIR,2026-02-15,Flipkart,1,1799,AIR-2511-1
VR889703,C101992,VA-SW-NX2,2026-02-15,Amazon,1,5199,NX2-2511-2
VR892911,C102378,VA-EB-PL2,2026-02-15,vireo.in,1,2799,PL2-2512-3
VR895046,C104819,VA-AC-CBL,2026-02-15,vireo.in,1,379,CBL-2601-4
VR895108,C106538,VA-NB-ARC,2026-02-15,Amazon,1,1299,ARC-2601-2
VR896472,C103231,VA-EB-PL1,2026-02-15,vireo.in,1,2374,PL1-2601-2
VR896846,C102313,VA-EB-PL2,2026-02-15,Amazon,1,3499,PL2-2512-1
VR899159,C101412,VA-EB-AIR,2026-02-15,vireo.in,1,1619,AIR-2510-3
VR900053,C102222,VA-HP-ST2,2026-02-15,vireo.in,1,3999,ST2-2512-1
VR900340,C108505,VA-SW-NX2,2026-02-15,vireo.in,1,6499,NX2-2511-1
VR902949,C102146,VA-EB-AIR,2026-02-15,vireo.in,2,3058,AIR-2512-2
VR903127,C102701,VA-EB-PL2,2026-02-15,vireo.in,2,5948,PL2-2512-4
VR903318,C108395,VA-SP-ORB,2026-02-15,Amazon,1,5099,ORB-2511-2
VR905149,C106252,VA-EB-PL2,2026-02-15,vireo.in,1,2799,PL2-2512-2
VR906563,C101316,VA-SW-FIT,2026-02-15,Flipkart,1,1999,FIT-2601-1
VR906938,C106904,VA-EB-PL1,2026-02-15,vireo.in,1,1999,PL1-2601-4
VR907353,C107645,VA-EB-PL2,2026-02-15,vireo.in,1,3324,PL2-2601-3
VR907564,C104023,VA-EB-PL1,2026-02-15,Amazon,1,1999,PL1-2511-2
VR909900,C105472,VA-HP-ST2,2026-02-15,Flipkart,1,4749,ST2-2601-1
VR882293,C101431,VA-EB-PL2,2026-02-16,Flipkart,1,3149,PL2-2601-1
VR883453,C102321,VA-HP-ST2,2026-02-16,Amazon,1,4499,ST2-2511-1
VR883878,C104811,VA-EB-PL1,2026-02-16,Amazon,1,2374,PL1-2601-1
VR884306,C103717,VA-EB-PL2,2026-02-16,Amazon,1,3499,PL2-2601-4
VR884627,C105143,VA-EB-PL1,2026-02-16,vireo.in,1,2499,PL1-2512-1
VR887551,C101190,VA-EB-PL2,2026-02-16,Amazon,1,2974,PL2-2511-4
VR888328,C108602,VA-EB-PL2,2026-02-16,Amazon,1,3499,PL2-2512-1
VR889182,C102438,VA-SP-MINI,2026-02-16,vireo.in,1,2249,MINI-2511-2
VR889362,C106517,VA-EB-AIR,2026-02-16,Amazon,1,1619,AIR-2601-4
VR889431,C108524,VA-HP-ST3,2026-02-16,vireo.in,1,6999,ST3-2601-1
VR890733,C108856,VA-EB-PL2,2026-02-16,Amazon,1,2974,PL2-2601-4
VR891355,C101064,VA-EB-PL1,2026-02-16,vireo.in,1,1999,PL1-2511-1
VR892149,C105141,VA-EB-PL2,2026-02-16,vireo.in,1,3149,PL2-2510-1
VR893422,C106427,VA-SW-NX2,2026-02-16,Flipkart,1,6174,NX2-2512-4
VR894240,C108844,VA-EB-PL2,2026-02-16,vireo.in,1,3499,PL2-2601-4
VR894812,C102506,VA-EB-AIR,2026-02-16,Amazon,1,1799,AIR-2512-1
VR899483,C105336,VA-SW-FIT,2026-02-16,Amazon,1,1899,FIT-2601-1
VR899930,C102240,VA-SP-MINI,2026-02-16,vireo.in,1,2499,MINI-2511-3
VR900052,C106661,VA-AC-CBL,2026-02-16,vireo.in,1,359,CBL-2512-1
VR900154,C107817,VA-EB-PL2,2026-02-16,vireo.in,1,2799,PL2-2512-4
VR900961,C103945,VA-EB-PL2,2026-02-16,vireo.in,1,2974,PL2-2511-3
VR902837,C108654,VA-EB-PL2,2026-02-16,Amazon,1,2799,PL2-2511-2
VR909419,C100913,VA-SW-FIT,2026-02-16,vireo.in,1,1999,FIT-2512-3
VR882358,C108737,VA-EB-PL2,2026-02-17,Amazon,1,2799,PL2-2511-4
VR882649,C101785,VA-SP-ORB,2026-02-17,vireo.in,1,5099,ORB-2511-3
VR883012,C104932,VA-SW-NX2,2026-02-17,vireo.in,1,6174,NX2-2511-1
VR884183,C108436,VA-SW-NX1,2026-02-17,Flipkart,1,4999,NX1-2511-4
VR884287,C101406,VA-EB-AIR,2026-02-17,vireo.in,1,1799,AIR-2511-4
VR884623,C101235,VA-EB-PL1,2026-02-17,vireo.in,1,2499,PL1-2512-4
VR884876,C103569,VA-SW-NX2,2026-02-17,vireo.in,1,6174,NX2-2601-2
VR887168,C107310,VA-HP-ST3,2026-02-17,vireo.in,1,6649,ST3-2601-4
VR887482,C100593,VA-SP-ORB,2026-02-17,vireo.in,1,5999,ORB-2511-4
VR888051,C103863,VA-EB-PL2,2026-02-17,Amazon,1,3324,PL2-2601-4
VR888397,C104354,VA-SW-FIT,2026-02-17,Amazon,1,1799,FIT-2512-2
VR890351,C107067,VA-EB-PL2,2026-02-17,vireo.in,1,3499,PL2-2512-1
VR890568,C102304,VA-EB-PL2,2026-02-17,Amazon,1,3499,PL2-2512-1
VR890770,C108741,VA-SW-NX2,2026-02-17,vireo.in,1,5849,NX2-2511-2
VR891828,C103005,VA-SW-NX2,2026-02-17,vireo.in,1,6174,NX2-2601-2
VR893973,C106878,VA-EB-PL1,2026-02-17,vireo.in,1,2499,PL1-2511-2
VR894568,C103145,VA-EB-PL2,2026-02-17,vireo.in,1,3324,PL2-2512-2
VR894883,C101496,VA-AC-CH65,2026-02-17,vireo.in,1,1424,CH65-2601-2
VR897282,C109340,VA-HP-ST3,2026-02-17,Amazon,1,6999,ST3-2511-2
VR897840,C106643,VA-EB-PL1,2026-02-17,vireo.in,1,2499,PL1-2511-4
VR899015,C106881,VA-SW-FIT,2026-02-17,Amazon,1,1799,FIT-2512-2
VR899628,C101431,VA-EB-PL2,2026-02-17,Amazon,1,2974,PL2-2512-2
VR901249,C104226,VA-EB-PL2,2026-02-17,vireo.in,1,2799,PL2-2511-3
VR901594,C100737,VA-EB-PL2,2026-02-17,Amazon,1,2974,PL2-2511-1
VR904284,C104221,VA-EB-PL2,2026-02-17,vireo.in,1,3499,PL2-2512-3
VR905651,C104491,VA-EB-PL2,2026-02-17,vireo.in,1,3149,PL2-2510-1
VR906858,C103774,VA-EB-PL2,2026-02-17,vireo.in,1,3499,PL2-2601-2
VR906897,C103408,VA-EB-AIR,2026-02-17,vireo.in,1,1709,AIR-2512-3
VR880000,C108113,VA-EB-PL2,2026-02-18,Flipkart,1,3499,PL2-2512-4
VR880911,C101329,VA-EB-PL2,2026-02-18,Amazon,1,2974,PL2-2601-3
VR882440,C103862,VA-AC-CASE,2026-02-18,vireo.in,1,1169,CASE-2601-3
VR882517,C108353,VA-SW-FIT,2026-02-18,vireo.in,1,1799,FIT-2512-1
VR882637,C103575,VA-EB-PL2,2026-02-18,vireo.in,1,2799,PL2-2512-1
VR882801,C104651,VA-SW-NX2,2026-02-18,vireo.in,1,5524,NX2-2511-3
VR882854,C104315,VA-EB-PL2,2026-02-18,vireo.in,1,3149,PL2-2601-2
VR883328,C106059,VA-EB-AIR,2026-02-18,Flipkart,2,2878,AIR-2511-1
VR884778,C106168,VA-SP-MINI,2026-02-18,vireo.in,1,2499,MINI-2511-4
VR885836,C103002,VA-SP-MINI,2026-02-18,vireo.in,1,2249,MINI-2511-2
VR885950,C105302,VA-EB-PL2,2026-02-18,Flipkart,2,6998,PL2-2601-1
VR886188,C109043,VA-EB-PL2,2026-02-18,vireo.in,1,2799,PL2-2601-2
VR886984,C100067,VA-SP-MINI,2026-02-18,Amazon,1,2499,MINI-2511-3
VR889621,C102364,VA-EB-PL2,2026-02-18,Amazon,1,3499,PL2-2601-2
VR892478,C103896,VA-EB-PL2,2026-02-18,Amazon,1,3499,PL2-2512-2
VR894172,C103323,VA-EB-PL2,2026-02-18,vireo.in,1,3149,PL2-2512-2
VR895177,C102973,VA-EB-PL2,2026-02-18,Amazon,1,3499,PL2-2511-1
VR895809,C105065,VA-EB-PL2,2026-02-18,vireo.in,1,2974,PL2-2512-2
VR895980,C109463,VA-EB-PL1,2026-02-18,vireo.in,1,2374,PL1-2512-1
VR896717,C101529,VA-EB-AIR,2026-02-18,Flipkart,1,1619,AIR-2601-3
VR899507,C100889,VA-SW-FIT,2026-02-18,Flipkart,1,1999,FIT-2512-3
VR899756,C101262,VA-EB-PL2,2026-02-18,vireo.in,1,3149,PL2-2512-1
VR900926,C104486,VA-EB-AIR,2026-02-18,vireo.in,1,1709,AIR-2601-4
VR901835,C107745,VA-HP-ST3,2026-02-18,vireo.in,1,6999,ST3-2511-2
VR902420,C105521,VA-EB-PL2,2026-02-18,vireo.in,1,2974,PL2-2601-4
VR904153,C108443,VA-EB-PL2,2026-02-18,Amazon,1,3499,PL2-2601-2
VR905753,C103032,VA-SP-ORB,2026-02-18,vireo.in,1,5999,ORB-2601-4
VR906499,C103681,VA-EB-PL1,2026-02-18,Amazon,1,2124,PL1-2601-1
VR906646,C101798,VA-SW-NX2,2026-02-18,Flipkart,1,6174,NX2-2512-4
VR908219,C108383,VA-EB-PL2,2026-02-18,vireo.in,1,3499,PL2-2601-2
VR909349,C104836,VA-EB-PL1,2026-02-18,Amazon,1,2499,PL1-2511-1
VR909756,C103347,VA-EB-PL2,2026-02-18,Amazon,1,2799,PL2-2601-3
VR880642,C103751,VA-EB-PL2,2026-02-19,Flipkart,1,3499,PL2-2511-1
VR880698,C109307,VA-EB-PL1,2026-02-19,vireo.in,1,2124,PL1-2601-2
VR881309,C106611,VA-EB-PL2,2026-02-19,vireo.in,1,2974,PL2-2511-2
VR882933,C100004,VA-EB-PL2,2026-02-19,Amazon,1,3499,PL2-2512-1
VR884528,C102845,VA-EB-PL2,2026-02-19,vireo.in,1,3499,PL2-2601-2
VR885728,C108275,VA-EB-PL2,2026-02-19,Amazon,1,3149,PL2-2601-3
VR885826,C100881,VA-EB-AIR,2026-02-19,Amazon,1,1799,AIR-2512-1
VR888159,C109461,VA-AC-CH65,2026-02-19,vireo.in,1,1499,CH65-2601-4
VR888324,C104103,VA-EB-PL2,2026-02-19,vireo.in,1,3499,PL2-2601-4
VR888551,C102396,VA-EB-PL2,2026-02-19,Amazon,1,3499,PL2-2511-4
VR889789,C103293,VA-EB-PL1,2026-02-19,Amazon,2,4248,PL1-2512-1
VR896367,C105047,VA-EB-PL2,2026-02-19,Flipkart,1,3499,PL2-2511-3
VR896798,C100783,VA-SP-ORB,2026-02-19,vireo.in,1,5999,ORB-2512-4
VR898696,C106292,VA-SW-NX1,2026-02-19,Amazon,1,4749,NX1-2512-4
VR900221,C100576,VA-SP-MINI,2026-02-19,Amazon,1,2499,MINI-2512-4
VR903471,C106165,VA-EB-PL2,2026-02-19,Amazon,1,3149,PL2-2511-3
VR904860,C103925,VA-SP-MINI,2026-02-19,vireo.in,1,1999,MINI-2511-1
VR908072,C101523,VA-EB-PL2,2026-02-19,vireo.in,1,3499,PL2-2601-2
VR908539,C106519,VA-EB-PL1,2026-02-19,vireo.in,1,2499,PL1-2512-4
VR908634,C105317,VA-EB-PL2,2026-02-19,Flipkart,1,3499,PL2-2512-4
VR880368,C106060,VA-EB-PL2,2026-02-20,vireo.in,1,2974,PL2-2601-3
VR881722,C107281,VA-EB-PL2,2026-02-20,Amazon,1,3324,PL2-2512-4
VR882670,C107337,VA-SW-NX2,2026-02-20,vireo.in,1,5524,NX2-2511-1
VR883172,C102794,VA-EB-PL2,2026-02-20,vireo.in,1,2799,PL2-2511-4
VR885757,C100449,VA-EB-PL2,2026-02-20,Amazon,1,3499,PL2-2512-1
VR886829,C104540,VA-HP-ST3,2026-02-20,vireo.in,1,6999,ST3-2601-4
VR887396,C109467,VA-EB-AIR,2026-02-20,vireo.in,1,1619,AIR-2601-4
VR888778,C105752,VA-SP-ORB,2026-02-20,Amazon,1,5699,ORB-2601-3
VR888957,C101408,VA-EB-PL2,2026-02-20,vireo.in,1,3149,PL2-2512-2
VR889328,C106902,VA-EB-PL1,2026-02-20,Amazon,1,2499,PL1-2512-4
VR889673,C108875,VA-EB-PL2,2026-02-20,vireo.in,1,2799,PL2-2511-4
VR889817,C105841,VA-EB-PL1,2026-02-20,Flipkart,1,2374,PL1-2511-4
VR890413,C101015,VA-SW-FIT,2026-02-20,Amazon,1,1999,FIT-2512-2
VR891308,C102854,VA-EB-AIR,2026-02-20,vireo.in,1,1439,AIR-2511-4
VR891457,C107472,VA-EB-PL1,2026-02-20,vireo.in,1,2374,PL1-2511-2
VR892065,C105878,VA-EB-PL2,2026-02-20,vireo.in,1,3499,PL2-2601-4
VR892131,C104342,VA-SW-NX1,2026-02-20,Amazon,1,4499,NX1-2511-3
VR892231,C101083,VA-EB-PL1,2026-02-20,Amazon,1,2499,PL1-2511-3
VR893223,C102924,VA-AC-CASE,2026-02-20,vireo.in,1,1039,CASE-2511-3
VR893356,C108614,VA-AC-CH65,2026-02-20,Flipkart,2,2998,CH65-2512-3
VR894079,C106517,VA-HP-ST3,2026-02-20,vireo.in,1,6999,ST3-2601-1
VR894283,C101664,VA-SW-NX2,2026-02-20,Amazon,1,5524,NX2-2601-2
VR895506,C101068,VA-SP-ORB,2026-02-20,Amazon,1,5999,ORB-2511-1
VR896434,C107979,VA-SW-NX2,2026-02-20,Amazon,1,5199,NX2-2601-1
VR896931,C106036,VA-EB-PL2,2026-02-20,Amazon,1,3499,PL2-2512-1
VR898158,C108856,VA-SW-NX1,2026-02-20,vireo.in,1,3999,NX1-2511-1
VR898614,C106751,VA-EB-PL2,2026-02-20,vireo.in,1,2974,PL2-2511-4
VR900680,C102730,VA-EB-PL2,2026-02-20,vireo.in,1,3149,PL2-2601-1
VR904471,C106153,VA-EB-AIR,2026-02-20,vireo.in,1,1439,AIR-2511-4
VR906069,C104267,VA-SW-NX2,2026-02-20,Amazon,1,5199,NX2-2511-3
VR906355,C104072,VA-EB-PL1,2026-02-20,Flipkart,1,2124,PL1-2601-3
VR907883,C108988,VA-SP-ORB,2026-02-20,Flipkart,2,11998,ORB-2512-1
VR909686,C104714,VA-EB-PL2,2026-02-20,Amazon,2,6998,PL2-2512-4
VR880806,C104462,VA-EB-AIR,2026-02-21,Amazon,1,1529,AIR-2511-3
VR880970,C100506,VA-EB-AIR,2026-02-21,Amazon,1,1709,AIR-2511-4
VR883997,C102483,VA-EB-PL1,2026-02-21,Flipkart,1,2499,PL1-2511-1
VR886414,C103183,VA-SW-FIT,2026-02-21,Amazon,1,1699,FIT-2511-1
VR886941,C101966,VA-EB-PL2,2026-02-21,vireo.in,1,2974,PL2-2601-3
VR888990,C107617,VA-SP-MINI,2026-02-21,vireo.in,1,1999,MINI-2511-1
VR889088,C102179,VA-SP-ORB,2026-02-21,vireo.in,1,5999,ORB-2511-3
VR891005,C108198,VA-AC-CASE,2026-02-21,vireo.in,1,1299,CASE-2601-4
VR891096,C104985,VA-EB-PL2,2026-02-21,Flipkart,1,3499,PL2-2511-1
VR893032,C105530,VA-EB-AIR,2026-02-21,vireo.in,2,3598,AIR-2601-2
VR893567,C107820,VA-EB-PL2,2026-02-21,Amazon,1,3499,PL2-2601-4
VR896455,C100723,VA-HP-ST2,2026-02-21,vireo.in,1,4999,ST2-2511-4
VR897878,C108127,VA-EB-PL2,2026-02-21,vireo.in,1,3499,PL2-2601-3
VR898423,C102587,VA-EB-PL1,2026-02-21,Amazon,1,1999,PL1-2511-3
VR898923,C108534,VA-EB-PL2,2026-02-21,Amazon,1,3499,PL2-2511-1
VR900143,C103111,VA-SW-FIT,2026-02-21,vireo.in,1,1599,FIT-2512-3
VR901112,C107763,VA-SW-NX2,2026-02-21,Amazon,1,6499,NX2-2602-3
VR901399,C106692,VA-HP-ST3,2026-02-21,vireo.in,1,5599,ST3-2511-2
VR901630,C100366,VA-EB-PL1,2026-02-21,Amazon,1,2499,PL1-2512-2
VR901881,C103982,VA-SW-NX2,2026-02-21,vireo.in,1,5849,NX2-2601-3
VR902244,C106183,VA-SW-NX2,2026-02-21,Amazon,1,6499,NX2-2511-4
VR903528,C102224,VA-EB-PL2,2026-02-21,vireo.in,1,3499,PL2-2512-2
VR904780,C105506,VA-SP-MINI,2026-02-21,Flipkart,1,2124,MINI-2601-1
VR905089,C100877,VA-EB-PL2,2026-02-21,vireo.in,1,3149,PL2-2601-1
VR905968,C100890,VA-NB-ARC,2026-02-21,vireo.in,1,1299,ARC-2601-1
VR906986,C106644,VA-SP-ORB,2026-02-21,vireo.in,1,5699,ORB-2511-2
VR907434,C103379,VA-EB-AIR,2026-02-21,Amazon,1,1799,AIR-2601-3
VR908914,C103926,VA-SP-MINI,2026-02-21,vireo.in,1,2499,MINI-2511-1
VR909263,C107321,VA-SP-ORB,2026-02-21,vireo.in,1,5399,ORB-2512-4
VR880032,C105162,VA-EB-PL2,2026-02-22,Amazon,1,2974,PL2-2601-1
VR880385,C106412,VA-EB-PL2,2026-02-22,vireo.in,1,2974,PL2-2511-3
VR880418,C102186,VA-SP-MINI,2026-02-22,vireo.in,1,2249,MINI-2511-2
VR880938,C103855,VA-EB-PL2,2026-02-22,Flipkart,1,3324,PL2-2512-1
VR882314,C103882,VA-SP-MINI,2026-02-22,vireo.in,1,2124,MINI-2511-1
VR883432,C105044,VA-EB-PL2,2026-02-22,vireo.in,2,6998,PL2-2602-4
VR885275,C100155,VA-EB-PL2,2026-02-22,Amazon,1,3499,PL2-2512-3
VR887479,C100966,VA-AC-CASE,2026-02-22,vireo.in,1,1234,CASE-2511-4
VR887711,C104979,VA-NB-ARC,2026-02-22,Flipkart,1,1169,ARC-2512-4
VR887809,C107214,VA-EB-PL2,2026-02-22,Amazon,1,3149,PL2-2602-4
VR888475,C106097,VA-EB-PL2,2026-02-22,vireo.in,1,3499,PL2-2512-4
VR888501,C102322,VA-EB-PL2,2026-02-22,vireo.in,1,3149,PL2-2601-1
VR889209,C101249,VA-EB-PL1,2026-02-22,vireo.in,1,1999,PL1-2511-3
VR889265,C105972,VA-EB-PL1,2026-02-22,vireo.in,1,2499,PL1-2601-4
VR889338,C100574,VA-EB-PL2,2026-02-22,vireo.in,1,3324,PL2-2602-2
VR889616,C103746,VA-HP-ST3,2026-02-22,vireo.in,1,6999,ST3-2512-4
VR892417,C102423,VA-EB-PL2,2026-02-22,Flipkart,1,3324,PL2-2511-4
VR892616,C105121,VA-SP-MINI,2026-02-22,Amazon,1,2499,MINI-2512-4
VR893382,C107392,VA-EB-PL2,2026-02-22,vireo.in,1,3499,PL2-2512-1
VR895797,C107470,VA-EB-PL2,2026-02-22,Flipkart,1,3499,PL2-2601-2
VR896502,C106972,VA-EB-PL2,2026-02-22,vireo.in,1,3324,PL2-2511-2
VR898960,C100660,VA-EB-PL2,2026-02-22,vireo.in,1,3499,PL2-2512-1
VR900368,C102216,VA-SP-ORB,2026-02-22,vireo.in,1,5999,ORB-2511-3
VR902779,C104114,VA-EB-PL2,2026-02-22,vireo.in,1,2799,PL2-2512-4
VR903721,C101920,VA-EB-PL2,2026-02-22,vireo.in,1,2974,PL2-2512-2
VR904583,C101185,VA-EB-PL2,2026-02-22,Amazon,1,3324,PL2-2511-2
VR904658,C104287,VA-EB-PL2,2026-02-22,Amazon,2,6298,PL2-2512-4
VR904863,C109283,VA-EB-PL1,2026-02-22,Amazon,1,2374,PL1-2511-3
VR907048,C107825,VA-EB-AIR,2026-02-22,Amazon,1,1709,AIR-2601-1
VR909534,C102218,VA-HP-ST3,2026-02-22,vireo.in,1,6999,ST3-2601-2
VR881470,C102912,VA-EB-PL2,2026-02-23,Amazon,1,3149,PL2-2511-2
VR883031,C105346,VA-EB-PL2,2026-02-23,Flipkart,1,2799,PL2-2511-1
VR883479,C103814,VA-SW-NX1,2026-02-23,Flipkart,1,3999,NX1-2512-2
VR884254,C101401,VA-EB-PL1,2026-02-23,vireo.in,1,2499,PL1-2601-4
VR884662,C103624,VA-EB-PL2,2026-02-23,Amazon,1,3149,PL2-2511-3
VR886250,C107548,VA-EB-PL2,2026-02-23,vireo.in,1,3499,PL2-2512-1
VR886786,C101981,VA-EB-PL2,2026-02-23,vireo.in,1,3499,PL2-2601-3
VR887733,C109282,VA-SP-ORB,2026-02-23,Amazon,1,5399,ORB-2601-3
VR889537,C102894,VA-EB-AIR,2026-02-23,vireo.in,1,1709,AIR-2512-4
VR889880,C104914,VA-EB-PL2,2026-02-23,vireo.in,1,3499,PL2-2512-3
VR890566,C105887,VA-EB-PL2,2026-02-23,vireo.in,2,5598,PL2-2511-3
VR892210,C104913,VA-EB-AIR,2026-02-23,vireo.in,2,2878,AIR-2601-2
VR894008,C109394,VA-EB-PL2,2026-02-23,vireo.in,1,3499,PL2-2602-1
VR895234,C101465,VA-EB-PL2,2026-02-23,vireo.in,1,3149,PL2-2601-4
VR896444,C105137,VA-EB-PL1,2026-02-23,vireo.in,1,2499,PL1-2512-4
VR897724,C105468,VA-AC-CH65,2026-02-23,vireo.in,1,1349,CH65-2601-4
VR898081,C105841,VA-EB-PL2,2026-02-23,vireo.in,1,3499,PL2-2601-4
VR899740,C105442,VA-HP-ST3,2026-02-23,vireo.in,1,5599,ST3-2512-1
VR902606,C108007,VA-EB-PL2,2026-02-23,Amazon,1,3499,PL2-2601-2
VR904845,C105099,VA-EB-AIR,2026-02-23,vireo.in,2,3058,AIR-2512-2
VR906316,C108124,VA-AC-CBL,2026-02-23,vireo.in,1,319,CBL-2512-2
VR907334,C103258,VA-EB-PL1,2026-02-23,vireo.in,1,2124,PL1-2511-2
VR908665,C101188,VA-EB-PL2,2026-02-23,Amazon,1,2974,PL2-2512-3
VR909040,C101205,VA-EB-PL2,2026-02-23,vireo.in,1,2799,PL2-2601-1
VR880006,C100578,VA-EB-PL2,2026-02-24,Amazon,1,2799,PL2-2512-1
VR882211,C103651,VA-SW-FIT,2026-02-24,Flipkart,1,1999,FIT-2601-1
VR882473,C101740,VA-EB-PL1,2026-02-24,vireo.in,1,2249,PL1-2512-3
VR882733,C103614,VA-EB-PL2,2026-02-24,vireo.in,1,3499,PL2-2601-4
VR883893,C108565,VA-AC-CASE,2026-02-24,Amazon,1,1104,CASE-2601-2
VR886298,C105900,VA-SW-NX2,2026-02-24,vireo.in,2,12998,NX2-2601-1
VR887383,C107693,VA-EB-PL2,2026-02-24,vireo.in,1,3324,PL2-2511-4
VR888745,C105670,VA-SW-FIT,2026-02-24,vireo.in,1,1899,FIT-2511-3
VR889295,C108951,VA-EB-AIR,2026-02-24,vireo.in,1,1709,AIR-2512-1
VR891918,C100761,VA-SW-NX2,2026-02-24,Amazon,1,6499,NX2-2512-1
VR893737,C107099,VA-EB-PL1,2026-02-24,Amazon,1,2374,PL1-2511-1
VR893830,C104870,VA-AC-CBL,2026-02-24,vireo.in,1,399,CBL-2601-1
VR894578,C105378,VA-HP-ST3,2026-02-24,vireo.in,1,6999,ST3-2511-4
VR895062,C104629,VA-EB-PL2,2026-02-24,vireo.in,1,3324,PL2-2601-2
VR896109,C109305,VA-AC-CASE,2026-02-24,vireo.in,1,1299,CASE-2511-1
VR896666,C102719,VA-SW-NX2,2026-02-24,vireo.in,2,12348,NX2-2511-3
VR896705,C109304,VA-SP-ORB,2026-02-24,vireo.in,1,4799,ORB-2512-3
VR899484,C104479,VA-HP-ST3,2026-02-24,vireo.in,1,6999,ST3-2512-2
VR901576,C100203,VA-EB-PL2,2026-02-24,vireo.in,1,3499,PL2-2512-1
VR901866,C105276,VA-EB-PL2,2026-02-24,vireo.in,1,2974,PL2-2512-3
VR903115,C103461,VA-EB-AIR,2026-02-24,vireo.in,1,1799,AIR-2601-3
VR905580,C108758,VA-EB-PL2,2026-02-24,Flipkart,2,6998,PL2-2601-3
VR905786,C105103,VA-SP-ORB,2026-02-24,Amazon,1,5999,ORB-2511-2
VR906167,C104055,VA-SW-NX2,2026-02-24,vireo.in,1,5849,NX2-2511-1
VR906388,C106843,VA-EB-PL2,2026-02-24,vireo.in,1,2799,PL2-2511-3
VR906487,C103769,VA-HP-ST2,2026-02-24,vireo.in,1,4749,ST2-2512-4
VR907848,C102134,VA-SW-FIT,2026-02-24,Amazon,1,1999,FIT-2601-1
VR908848,C105602,VA-AC-CASE,2026-02-24,vireo.in,1,1299,CASE-2601-1
VR909811,C107520,VA-EB-PL2,2026-02-24,Amazon,1,2799,PL2-2601-1
VR881899,C106407,VA-HP-ST3,2026-02-25,Amazon,1,6999,ST3-2601-1
VR883449,C103179,VA-EB-PL2,2026-02-25,vireo.in,1,2799,PL2-2512-4
VR885474,C109390,VA-EB-PL2,2026-02-25,vireo.in,1,3499,PL2-2511-2
VR886022,C101558,VA-EB-PL2,2026-02-25,Flipkart,1,2799,PL2-2512-2
VR888516,C104587,VA-EB-PL2,2026-02-25,Amazon,1,3499,PL2-2511-4
VR888987,C109401,VA-SP-MINI,2026-02-25,vireo.in,1,1999,MINI-2601-1
VR889348,C107633,VA-NB-ARC,2026-02-25,Amazon,1,1299,ARC-2512-3
VR889418,C105753,VA-EB-PL1,2026-02-25,vireo.in,1,2499,PL1-2601-3
VR891145,C103394,VA-EB-PL2,2026-02-25,vireo.in,1,2799,PL2-2511-2
VR891486,C106669,VA-SP-MINI,2026-02-25,vireo.in,1,1999,MINI-2511-4
VR892988,C100691,VA-EB-PL2,2026-02-25,Amazon,1,3499,PL2-2602-3
VR895867,C106337,VA-EB-PL2,2026-02-25,Flipkart,1,3149,PL2-2512-4
VR896686,C101280,VA-SW-FIT,2026-02-25,Amazon,1,1799,FIT-2512-3
VR897126,C104531,VA-SW-FIT,2026-02-25,Amazon,1,1999,FIT-2601-4
VR899149,C107409,VA-EB-PL2,2026-02-25,vireo.in,1,3149,PL2-2601-2
VR902473,C107045,VA-EB-PL2,2026-02-25,Amazon,1,2974,PL2-2512-4
VR902655,C109171,VA-EB-PL2,2026-02-25,vireo.in,2,5948,PL2-2511-1
VR904463,C108987,VA-EB-AIR,2026-02-25,vireo.in,1,1709,AIR-2512-4
VR904556,C104614,VA-HP-ST3,2026-02-25,Amazon,1,6999,ST3-2602-4
VR904930,C104594,VA-HP-ST3,2026-02-25,Amazon,1,6299,ST3-2511-3
VR908164,C102902,VA-SW-NX2,2026-02-25,vireo.in,1,5524,NX2-2602-3
VR908556,C109217,VA-SW-FIT,2026-02-25,Amazon,1,1999,FIT-2512-2
VR908568,C104434,VA-HP-ST3,2026-02-25,vireo.in,1,6999,ST3-2512-1
VR883074,C108746,VA-SW-NX2,2026-02-26,Amazon,1,5524,NX2-2601-1
VR883289,C106881,VA-EB-AIR,2026-02-26,vireo.in,1,1439,AIR-2601-3
VR883810,C106859,VA-SP-MINI,2026-02-26,vireo.in,1,2499,MINI-2512-2
VR885436,C101030,VA-EB-PL2,2026-02-26,vireo.in,1,3499,PL2-2512-2
VR885717,C103065,VA-EB-PL2,2026-02-26,Amazon,1,2799,PL2-2511-3
VR885723,C104084,VA-SW-NX2,2026-02-26,Amazon,2,12998,NX2-2512-2
VR886596,C105333,VA-EB-PL2,2026-02-26,vireo.in,1,3499,PL2-2511-3
VR887402,C102131,VA-HP-ST2,2026-02-26,vireo.in,1,4249,ST2-2512-4
VR889509,C104984,VA-SP-MINI,2026-02-26,vireo.in,1,2499,MINI-2602-2
VR891365,C100650,VA-SW-FIT,2026-02-26,Flipkart,1,1599,FIT-2601-3
VR892840,C100275,VA-SP-MINI,2026-02-26,vireo.in,1,2374,MINI-2601-2
VR895008,C101536,VA-AC-CASE,2026-02-26,Flipkart,1,1299,CASE-2511-1
VR895451,C107083,VA-EB-AIR,2026-02-26,vireo.in,1,1439,AIR-2511-2
VR896383,C108347,VA-EB-PL2,2026-02-26,vireo.in,1,3324,PL2-2601-2
VR897453,C104579,VA-AC-CASE,2026-02-26,vireo.in,1,1039,CASE-2512-2
VR898227,C107665,VA-SW-FIT,2026-02-26,Amazon,1,1999,FIT-2512-1
VR902108,C104626,VA-EB-PL2,2026-02-26,vireo.in,1,2974,PL2-2511-1
VR902504,C106584,VA-EB-PL2,2026-02-26,vireo.in,1,3499,PL2-2511-3
VR902515,C107908,VA-EB-PL1,2026-02-26,Amazon,1,1999,PL1-2601-1
VR903177,C107376,VA-EB-PL2,2026-02-26,Amazon,1,2799,PL2-2601-2
VR905470,C105227,VA-EB-AIR,2026-02-26,vireo.in,2,3418,AIR-2601-2
VR908967,C109020,VA-EB-PL2,2026-02-26,Amazon,1,3324,PL2-2601-2
VR880197,C100833,VA-EB-PL2,2026-02-27,Amazon,1,3149,PL2-2601-3
VR880591,C100939,VA-SW-NX2,2026-02-27,Amazon,2,12998,NX2-2511-3
VR882757,C103200,VA-HP-ST3,2026-02-27,Flipkart,1,5599,ST3-2511-3
VR884554,C107474,VA-SP-ORB,2026-02-27,vireo.in,1,5999,ORB-2512-2
VR884634,C102987,VA-SW-NX2,2026-02-27,vireo.in,1,5199,NX2-2601-4
VR885113,C105146,VA-EB-PL2,2026-02-27,Amazon,1,2799,PL2-2511-2
VR885568,C105702,VA-AC-CBL,2026-02-27,Amazon,1,379,CBL-2512-1
VR889370,C100277,VA-EB-PL2,2026-02-27,Amazon,2,6648,PL2-2601-1
VR891549,C109397,VA-EB-PL2,2026-02-27,vireo.in,1,3149,PL2-2511-4
VR892135,C100131,VA-AC-CASE,2026-02-27,vireo.in,1,1169,CASE-2601-1
VR894520,C101166,VA-EB-PL2,2026-02-27,Flipkart,1,3324,PL2-2601-3
VR895769,C107327,VA-EB-AIR,2026-02-27,Amazon,1,1529,AIR-2601-1
VR899886,C104799,VA-EB-PL1,2026-02-27,Flipkart,1,2499,PL1-2512-4
VR903269,C105976,VA-EB-PL2,2026-02-27,vireo.in,1,2974,PL2-2512-2
VR903839,C106167,VA-EB-PL2,2026-02-27,Amazon,1,3324,PL2-2601-2
VR903999,C100370,VA-EB-PL2,2026-02-27,Amazon,1,3499,PL2-2511-2
VR904163,C101324,VA-AC-CASE,2026-02-27,Flipkart,1,1299,CASE-2512-2
VR905782,C102567,VA-EB-PL2,2026-02-27,vireo.in,1,2974,PL2-2601-3
VR907336,C104734,VA-EB-PL1,2026-02-27,vireo.in,1,2499,PL1-2511-4
VR909008,C100176,VA-EB-PL1,2026-02-27,vireo.in,1,1999,PL1-2512-1
VR909454,C106665,VA-EB-PL2,2026-02-27,Amazon,1,2974,PL2-2512-2
VR909519,C102150,VA-EB-PL2,2026-02-27,Amazon,1,3499,PL2-2512-3
VR909653,C108161,VA-SP-ORB,2026-02-27,Flipkart,1,5999,ORB-2601-1
VR881136,C102401,VA-EB-PL1,2026-02-28,vireo.in,1,2374,PL1-2601-1
VR881403,C103134,VA-EB-PL2,2026-02-28,vireo.in,2,6648,PL2-2601-2
VR881712,C104366,VA-AC-CBL,2026-02-28,Amazon,2,678,CBL-2511-1
VR881786,C105748,VA-EB-AIR,2026-02-28,vireo.in,1,1799,AIR-2511-3
VR883434,C104040,VA-HP-ST2,2026-02-28,vireo.in,2,9998,ST2-2602-1
VR884071,C105935,VA-SP-MINI,2026-02-28,Flipkart,1,2249,MINI-2512-3
VR884575,C102971,VA-SP-MINI,2026-02-28,vireo.in,1,2124,MINI-2511-2
VR885029,C101581,VA-EB-PL2,2026-02-28,vireo.in,1,3499,PL2-2601-3
VR886592,C100495,VA-SP-ORB,2026-02-28,Amazon,1,5999,ORB-2512-1
VR886643,C108693,VA-HP-ST3,2026-02-28,vireo.in,1,6999,ST3-2601-4
VR887025,C101948,VA-EB-PL2,2026-02-28,vireo.in,1,3499,PL2-2511-4
VR887120,C105245,VA-EB-PL2,2026-02-28,vireo.in,1,2974,PL2-2512-1
VR887613,C100240,VA-EB-AIR,2026-02-28,Amazon,2,3418,AIR-2601-3
VR887748,C101076,VA-EB-PL1,2026-02-28,vireo.in,1,1999,PL1-2511-3
VR888325,C103431,VA-EB-PL1,2026-02-28,Amazon,1,2499,PL1-2601-4
VR891708,C102850,VA-HP-ST3,2026-02-28,Amazon,1,5949,ST3-2511-1
VR893065,C104047,VA-SW-NX2,2026-02-28,Flipkart,1,6499,NX2-2512-1
VR893636,C104421,VA-EB-AIR,2026-02-28,vireo.in,2,3418,AIR-2601-4
VR893939,C106527,VA-SW-NX2,2026-02-28,vireo.in,1,6499,NX2-2601-4
VR896551,C100304,VA-EB-PL2,2026-02-28,Flipkart,1,2974,PL2-2601-2
VR898725,C106227,VA-EB-PL2,2026-02-28,vireo.in,1,3499,PL2-2512-4
VR899746,C108552,VA-EB-PL2,2026-02-28,Amazon,1,3499,PL2-2601-1
VR899911,C104714,VA-EB-PL2,2026-02-28,vireo.in,1,3149,PL2-2512-4
VR902909,C105266,VA-EB-PL2,2026-02-28,vireo.in,1,3499,PL2-2602-4
VR903417,C108553,VA-EB-PL2,2026-02-28,vireo.in,1,3499,PL2-2511-4
VR904366,C105386,VA-EB-PL2,2026-02-28,vireo.in,1,3499,PL2-2601-2
VR906422,C109150,VA-EB-PL2,2026-02-28,vireo.in,1,3324,PL2-2511-4
VR908202,C104184,VA-EB-PL2,2026-02-28,vireo.in,1,3499,PL2-2601-4
VR908746,C107027,VA-HP-ST3,2026-02-28,vireo.in,1,6999,ST3-2601-1
VR909066,C100135,VA-HP-ST2,2026-02-28,vireo.in,1,4999,ST2-2602-1
VR880195,C108485,VA-SP-ORB,2026-03-01,vireo.in,1,5999,ORB-2601-1
VR882052,C106398,VA-SW-NX2,2026-03-01,Flipkart,1,5524,NX2-2512-4
VR883079,C102089,VA-EB-PL2,2026-03-01,Amazon,1,3499,PL2-2602-3
VR883288,C100193,VA-EB-PL2,2026-03-01,Amazon,1,3499,PL2-2512-2
VR890831,C103740,VA-EB-AIR,2026-03-01,vireo.in,1,1799,AIR-2602-2
VR890967,C101497,VA-NB-ARC,2026-03-01,vireo.in,1,1299,ARC-2602-4
VR891566,C102470,VA-EB-AIR,2026-03-01,vireo.in,1,1799,AIR-2511-1
VR892397,C109032,VA-SP-MINI,2026-03-01,Amazon,1,1999,MINI-2601-2
VR892876,C108235,VA-EB-PL2,2026-03-01,vireo.in,1,3499,PL2-2512-4
VR893117,C101472,VA-EB-PL1,2026-03-01,Amazon,1,2374,PL1-2602-2
VR893992,C103127,VA-NB-ARC,2026-03-01,vireo.in,1,1234,ARC-2511-3
VR894599,C101482,VA-EB-PL2,2026-03-01,vireo.in,2,6998,PL2-2601-1
VR895193,C107578,VA-EB-PL2,2026-03-01,vireo.in,1,3149,PL2-2601-3
VR897525,C104494,VA-AC-CASE,2026-03-01,vireo.in,1,1039,CASE-2512-1
VR899624,C101457,VA-SW-NX2,2026-03-01,vireo.in,1,6499,NX2-2512-3
VR900685,C106851,VA-EB-PL1,2026-03-01,Amazon,1,2499,PL1-2601-1
VR903327,C100929,VA-NB-ARC,2026-03-01,Flipkart,1,1299,ARC-2512-1
VR907568,C108610,VA-SW-NX2,2026-03-01,vireo.in,1,6499,NX2-2512-2
VR908876,C103919,VA-EB-PL2,2026-03-01,vireo.in,1,3499,PL2-2511-3
VR908991,C108400,VA-EB-PL1,2026-03-01,Amazon,1,2249,PL1-2512-3
VR880896,C100299,VA-AC-CH65,2026-03-02,Flipkart,1,1274,CH65-2602-1
VR881981,C102887,VA-NB-ARC,2026-03-02,vireo.in,1,1299,ARC-2602-4
VR882220,C108201,VA-EB-PL2,2026-03-02,vireo.in,1,3499,PL2-2512-2
VR884322,C101899,VA-EB-PL2,2026-03-02,Flipkart,1,3149,PL2-2601-4
VR886036,C106084,VA-SW-NX2,2026-03-02,Amazon,1,6499,NX2-2512-4
VR886182,C102604,VA-EB-AIR,2026-03-02,Amazon,1,1709,AIR-2511-2
VR886936,C109006,VA-AC-CH65,2026-03-02,vireo.in,1,1199,CH65-2511-2
VR889589,C107084,VA-AC-CASE,2026-03-02,vireo.in,1,1169,CASE-2512-4
VR889611,C103379,VA-EB-PL2,2026-03-02,vireo.in,1,2974,PL2-2601-1
VR892249,C105821,VA-SW-NX1,2026-03-02,Flipkart,1,4499,NX1-2511-4
VR892495,C107809,VA-NB-ARC,2026-03-02,Amazon,1,1299,ARC-2512-1
VR892692,C109389,VA-EB-PL1,2026-03-02,vireo.in,1,2374,PL1-2601-4
VR893360,C109018,VA-EB-PL2,2026-03-02,vireo.in,1,2799,PL2-2512-4
VR894714,C107874,VA-EB-PL2,2026-03-02,Flipkart,1,3324,PL2-2512-4
VR895681,C109176,VA-EB-PL2,2026-03-02,vireo.in,1,3499,PL2-2601-4
VR896161,C102436,VA-EB-PL2,2026-03-02,vireo.in,2,5948,PL2-2512-4
VR896903,C108101,VA-NB-ARC,2026-03-02,Amazon,2,2338,ARC-2512-4
VR897484,C100513,VA-EB-AIR,2026-03-02,Amazon,1,1799,AIR-2512-4
VR897493,C100979,VA-SW-FIT,2026-03-02,Amazon,1,1699,FIT-2512-4
VR897691,C101375,VA-EB-PL1,2026-03-02,Amazon,1,2499,PL1-2512-1
VR899231,C102039,VA-SP-MINI,2026-03-02,vireo.in,1,2249,MINI-2512-1
VR899623,C100887,VA-EB-PL2,2026-03-02,Amazon,1,2974,PL2-2601-3
VR900485,C102296,VA-EB-PL2,2026-03-02,vireo.in,1,2799,PL2-2512-3
VR900607,C107939,VA-SW-NX2,2026-03-02,vireo.in,1,5849,NX2-2511-4
VR901889,C107665,VA-EB-PL1,2026-03-02,vireo.in,2,4998,PL1-2512-2
VR902555,C101984,VA-SW-NX2,2026-03-02,Amazon,1,5849,NX2-2512-3
VR902567,C103032,VA-SW-NX1,2026-03-02,Flipkart,1,4999,NX1-2511-2
VR905817,C104168,VA-HP-ST3,2026-03-02,vireo.in,1,6649,ST3-2602-4
VR906356,C107326,VA-EB-PL1,2026-03-02,Amazon,1,2499,PL1-2601-4
VR907642,C107026,VA-EB-PL2,2026-03-02,vireo.in,1,3499,PL2-2512-3
VR880947,C109372,VA-EB-PL1,2026-03-03,Amazon,1,2499,PL1-2511-4
VR880960,C100975,VA-HP-ST3,2026-03-03,vireo.in,1,5599,ST3-2512-3
VR881586,C102175,VA-EB-PL2,2026-03-03,vireo.in,1,2974,PL2-2601-2
VR882559,C105902,VA-SP-MINI,2026-03-03,vireo.in,1,1999,MINI-2601-1
VR883011,C103988,VA-EB-PL2,2026-03-03,vireo.in,1,3499,PL2-2601-4
VR883028,C103850,VA-HP-ST3,2026-03-03,Amazon,1,6999,ST3-2602-4
VR883046,C103435,VA-SP-ORB,2026-03-03,Flipkart,1,5999,ORB-2512-1
VR886163,C101057,VA-EB-PL2,2026-03-03,vireo.in,1,3324,PL2-2601-4
VR890517,C108834,VA-NB-ARC,2026-03-03,vireo.in,1,1039,ARC-2601-2
VR894083,C108033,VA-EB-PL1,2026-03-03,Flipkart,1,2249,PL1-2512-3
VR897556,C105136,VA-SP-MINI,2026-03-03,vireo.in,1,2124,MINI-2601-2
VR897564,C101117,VA-EB-PL2,2026-03-03,vireo.in,1,3324,PL2-2511-3
VR898274,C106016,VA-SP-MINI,2026-03-03,vireo.in,1,2249,MINI-2601-3
VR898582,C108035,VA-SW-NX2,2026-03-03,Amazon,1,6499,NX2-2601-1
VR900912,C100388,VA-EB-PL2,2026-03-03,vireo.in,1,3149,PL2-2601-1
VR901561,C109495,VA-EB-PL2,2026-03-03,vireo.in,1,3149,PL2-2512-2
VR902616,C107193,VA-EB-PL2,2026-03-03,Amazon,1,3149,PL2-2512-4
VR902630,C102917,VA-EB-PL2,2026-03-03,vireo.in,1,3324,PL2-2511-3
VR903755,C105195,VA-EB-PL2,2026-03-03,Amazon,1,3499,PL2-2601-3
VR904385,C103838,VA-EB-PL2,2026-03-03,vireo.in,1,2799,PL2-2511-2
VR905129,C108803,VA-AC-CASE,2026-03-03,Amazon,1,1169,CASE-2602-3
VR906470,C106550,VA-SW-NX2,2026-03-03,vireo.in,1,5849,NX2-2601-3
VR906808,C109214,VA-SW-FIT,2026-03-03,Amazon,1,1999,FIT-2512-3
VR907044,C100173,VA-EB-PL2,2026-03-03,vireo.in,1,3499,PL2-2512-2
VR909117,C100598,VA-EB-PL2,2026-03-03,vireo.in,1,3499,PL2-2601-1
VR881908,C103995,VA-EB-PL1,2026-03-04,Flipkart,1,2249,PL1-2602-4
VR882646,C101103,VA-EB-PL2,2026-03-04,Flipkart,1,3499,PL2-2511-1
VR882987,C104429,VA-EB-PL2,2026-03-04,Amazon,1,2799,PL2-2512-2
VR885080,C104460,VA-EB-PL2,2026-03-04,vireo.in,1,3499,PL2-2601-1
VR885737,C106157,VA-EB-PL2,2026-03-04,vireo.in,1,3499,PL2-2512-2
VR886916,C107785,VA-SW-NX2,2026-03-04,Amazon,1,6174,NX2-2512-2
VR887081,C107516,VA-EB-PL2,2026-03-04,Amazon,1,2974,PL2-2601-1
VR888261,C103831,VA-EB-PL2,2026-03-04,vireo.in,1,2974,PL2-2601-2
VR891515,C104670,VA-EB-PL2,2026-03-04,vireo.in,1,2799,PL2-2512-3
VR892194,C105716,VA-EB-PL1,2026-03-04,Amazon,1,1999,PL1-2601-3
VR893150,C105330,VA-EB-PL2,2026-03-04,Flipkart,1,2799,PL2-2601-4
VR893776,C107139,VA-EB-PL2,2026-03-04,vireo.in,1,3499,PL2-2511-2
VR894473,C104508,VA-AC-CH65,2026-03-04,Flipkart,1,1499,CH65-2602-4
VR895449,C108214,VA-EB-PL2,2026-03-04,Amazon,1,2974,PL2-2602-3
VR897520,C101788,VA-EB-PL2,2026-03-04,vireo.in,2,5948,PL2-2512-2
VR897778,C108346,VA-EB-PL2,2026-03-04,vireo.in,1,3499,PL2-2601-1
VR898182,C106721,VA-SP-MINI,2026-03-04,vireo.in,1,2249,MINI-2511-2
VR899296,C104598,VA-EB-PL2,2026-03-04,vireo.in,1,3324,PL2-2511-4
VR900015,C105596,VA-SW-NX2,2026-03-04,Flipkart,1,6499,NX2-2601-3
VR900128,C107053,VA-EB-PL1,2026-03-04,Amazon,1,2499,PL1-2512-1
VR900395,C103423,VA-SP-MINI,2026-03-04,Flipkart,1,2249,MINI-2512-4
VR901635,C102774,VA-EB-PL2,2026-03-04,vireo.in,1,3149,PL2-2511-4
VR902010,C101387,VA-SW-NX2,2026-03-04,vireo.in,1,5849,NX2-2602-3
VR902066,C102735,VA-EB-PL2,2026-03-04,Flipkart,1,3499,PL2-2511-3
VR902305,C101352,VA-EB-PL2,2026-03-04,vireo.in,1,2799,PL2-2512-2
VR902359,C104273,VA-HP-ST3,2026-03-04,vireo.in,1,6999,ST3-2512-4
VR904227,C100524,VA-EB-PL2,2026-03-04,Amazon,2,5598,PL2-2512-2
VR905737,C102242,VA-HP-ST2,2026-03-04,Amazon,1,4749,ST2-2601-4
VR906227,C102182,VA-SW-NX1,2026-03-04,vireo.in,1,4499,NX1-2512-4
VR906465,C101510,VA-SP-ORB,2026-03-04,Flipkart,2,11998,ORB-2512-2
VR906852,C106545,VA-EB-PL2,2026-03-04,Amazon,1,3499,PL2-2511-3
VR907244,C106689,VA-EB-PL2,2026-03-04,Flipkart,1,2974,PL2-2601-3
VR880307,C106779,VA-EB-PL2,2026-03-05,Amazon,1,2974,PL2-2602-4
VR880900,C104751,VA-EB-PL2,2026-03-05,Amazon,1,3499,PL2-2511-3
VR882978,C105830,VA-EB-PL1,2026-03-05,vireo.in,1,2499,PL1-2511-2
VR883423,C109076,VA-SP-ORB,2026-03-05,vireo.in,1,5999,ORB-2511-3
VR884574,C101246,VA-SW-FIT,2026-03-05,vireo.in,1,1999,FIT-2602-3
VR886632,C101232,VA-SW-FIT,2026-03-05,vireo.in,1,1599,FIT-2601-1
VR887410,C101546,VA-SP-ORB,2026-03-05,Amazon,1,5999,ORB-2512-4
VR888005,C107461,VA-SW-FIT,2026-03-05,vireo.in,1,1999,FIT-2601-3
VR889852,C100131,VA-HP-ST3,2026-03-05,Flipkart,1,6999,ST3-2601-2
VR891146,C100785,VA-EB-PL2,2026-03-05,vireo.in,1,2974,PL2-2601-4
VR891809,C106916,VA-EB-PL2,2026-03-05,Amazon,1,3149,PL2-2601-3
VR892710,C100331,VA-HP-ST3,2026-03-05,Amazon,1,5599,ST3-2601-4
VR892906,C100592,VA-SW-NX2,2026-03-05,Amazon,1,5199,NX2-2602-2
VR893327,C106171,VA-SW-NX2,2026-03-05,Amazon,1,6499,NX2-2601-4
VR893420,C102423,VA-HP-ST2,2026-03-05,Amazon,1,3999,ST2-2602-1
VR894198,C108925,VA-EB-PL2,2026-03-05,Amazon,1,3499,PL2-2512-3
VR896002,C106755,VA-EB-PL2,2026-03-05,vireo.in,1,3499,PL2-2602-2
VR896037,C103426,VA-EB-PL2,2026-03-05,vireo.in,1,3149,PL2-2511-4
VR898694,C104978,VA-EB-AIR,2026-03-05,Flipkart,1,1799,AIR-2512-2
VR899350,C106035,VA-AC-CASE,2026-03-05,vireo.in,1,1299,CASE-2512-4
VR900429,C105084,VA-SP-ORB,2026-03-05,vireo.in,1,5699,ORB-2602-2
VR901003,C108686,VA-EB-PL2,2026-03-05,Amazon,1,3149,PL2-2601-4
VR901348,C106983,VA-EB-PL2,2026-03-05,vireo.in,1,3499,PL2-2602-2
VR901705,C105200,VA-SP-ORB,2026-03-05,Flipkart,1,4799,ORB-2512-1
VR901771,C108543,VA-EB-PL2,2026-03-05,Amazon,1,3149,PL2-2512-1
VR904055,C107603,VA-SP-ORB,2026-03-05,vireo.in,1,5999,ORB-2602-3
VR904354,C108852,VA-EB-PL1,2026-03-05,Amazon,1,2374,PL1-2602-3
VR905745,C105848,VA-NB-ARC,2026-03-05,vireo.in,1,1299,ARC-2512-4
VR908118,C104254,VA-EB-PL2,2026-03-05,vireo.in,1,3499,PL2-2512-4
VR908392,C106528,VA-SW-NX2,2026-03-05,Amazon,1,6174,NX2-2602-2
VR909390,C104886,VA-EB-PL2,2026-03-05,vireo.in,1,2799,PL2-2511-4
VR909410,C107322,VA-HP-ST3,2026-03-05,vireo.in,1,5599,ST3-2512-1
VR909761,C102962,VA-SW-NX2,2026-03-05,vireo.in,1,5524,NX2-2512-3
VR909855,C101645,VA-EB-PL2,2026-03-05,Amazon,1,3499,PL2-2602-4
VR881514,C107206,VA-SP-ORB,2026-03-06,Amazon,1,5999,ORB-2511-1
VR882434,C109467,VA-EB-PL1,2026-03-06,vireo.in,1,2499,PL1-2512-4
VR884269,C106842,VA-SW-FIT,2026-03-06,vireo.in,1,1999,FIT-2512-3
VR884500,C104372,VA-SP-MINI,2026-03-06,Flipkart,1,2374,MINI-2512-2
VR884871,C105630,VA-SP-MINI,2026-03-06,Amazon,1,2249,MINI-2512-4
VR886218,C105997,VA-SW-NX2,2026-03-06,vireo.in,1,6174,NX2-2511-3
VR887875,C105657,VA-EB-PL2,2026-03-06,Amazon,1,3499,PL2-2601-2
VR888550,C107668,VA-SW-FIT,2026-03-06,Flipkart,1,1599,FIT-2512-1
VR890264,C105184,VA-EB-PL1,2026-03-06,Amazon,1,2249,PL1-2601-4
VR891368,C105290,VA-AC-CASE,2026-03-06,vireo.in,1,1169,CASE-2602-4
VR891629,C106134,VA-EB-PL2,2026-03-06,vireo.in,1,2799,PL2-2511-4
VR892146,C101316,VA-AC-CASE,2026-03-06,Amazon,2,2078,CASE-2601-3
VR892290,C109124,VA-EB-PL2,2026-03-06,vireo.in,1,3499,PL2-2512-4
VR893773,C104854,VA-HP-ST3,2026-03-06,vireo.in,1,6999,ST3-2511-3
VR894223,C106983,VA-EB-PL2,2026-03-06,vireo.in,1,3324,PL2-2512-3
VR894571,C108073,VA-EB-PL2,2026-03-06,vireo.in,1,3499,PL2-2602-2
VR895361,C103725,VA-EB-PL2,2026-03-06,vireo.in,1,3499,PL2-2601-3
VR895492,C102134,VA-EB-AIR,2026-03-06,vireo.in,1,1619,AIR-2512-3
VR896595,C105456,VA-EB-AIR,2026-03-06,Amazon,1,1799,AIR-2511-3
VR897937,C104849,VA-NB-ARC,2026-03-06,Amazon,1,1039,ARC-2511-2
VR898126,C106609,VA-EB-PL1,2026-03-06,vireo.in,1,2124,PL1-2511-4
VR899490,C101671,VA-EB-AIR,2026-03-06,vireo.in,1,1709,AIR-2512-1
VR899683,C104903,VA-HP-ST3,2026-03-06,Amazon,1,5599,ST3-2602-1
VR901509,C100029,VA-EB-AIR,2026-03-06,Amazon,1,1439,AIR-2512-1
VR902274,C103694,VA-AC-CH65,2026-03-06,Flipkart,1,1199,CH65-2601-4
VR905692,C108814,VA-EB-PL2,2026-03-06,vireo.in,1,3499,PL2-2511-2
VR906414,C108806,VA-EB-AIR,2026-03-06,vireo.in,1,1709,AIR-2512-2
VR906506,C104206,VA-EB-PL2,2026-03-06,Flipkart,1,2799,PL2-2601-2
VR908826,C107060,VA-SP-MINI,2026-03-06,Amazon,1,2499,MINI-2601-3
VR909322,C108909,VA-EB-AIR,2026-03-06,Amazon,1,1439,AIR-2601-2
VR881038,C108498,VA-HP-ST3,2026-03-07,vireo.in,1,6999,ST3-2511-2
VR882880,C108000,VA-EB-PL2,2026-03-07,vireo.in,1,3499,PL2-2511-1
VR885316,C104807,VA-EB-PL2,2026-03-07,Amazon,1,2799,PL2-2601-3
VR887947,C109021,VA-EB-PL2,2026-03-07,vireo.in,1,3499,PL2-2602-2
VR889126,C109140,VA-AC-CBL,2026-03-07,vireo.in,1,359,CBL-2601-4
VR889583,C100453,VA-EB-PL2,2026-03-07,vireo.in,1,3499,PL2-2512-3
VR889638,C102269,VA-EB-PL2,2026-03-07,vireo.in,1,3499,PL2-2511-4
VR889827,C107110,VA-HP-ST3,2026-03-07,Flipkart,2,13998,ST3-2601-1
VR889901,C101066,VA-SW-NX2,2026-03-07,vireo.in,1,6499,NX2-2601-3
VR890628,C107171,VA-EB-PL2,2026-03-07,Amazon,1,2974,PL2-2601-2
VR893874,C103370,VA-SW-NX1,2026-03-07,vireo.in,1,4749,NX1-2601-3
VR895694,C109323,VA-EB-PL2,2026-03-07,vireo.in,1,3499,PL2-2512-2
VR896591,C100628,VA-AC-CASE,2026-03-07,Amazon,1,1234,CASE-2511-3
VR896968,C101037,VA-EB-PL2,2026-03-07,vireo.in,1,3499,PL2-2601-1
VR900557,C103063,VA-EB-PL2,2026-03-07,Amazon,1,3149,PL2-2601-3
VR900750,C107151,VA-SP-ORB,2026-03-07,Amazon,1,5399,ORB-2601-3
VR901002,C104537,VA-EB-PL2,2026-03-07,vireo.in,1,2974,PL2-2512-4
VR903792,C106210,VA-SW-NX2,2026-03-07,vireo.in,1,6174,NX2-2512-3
VR905290,C104666,VA-NB-ARC,2026-03-07,vireo.in,1,1104,ARC-2512-3
VR905365,C103005,VA-EB-AIR,2026-03-07,vireo.in,1,1619,AIR-2601-3
VR907629,C101295,VA-EB-PL2,2026-03-07,Amazon,1,3324,PL2-2602-1
VR908195,C107453,VA-AC-CASE,2026-03-07,vireo.in,1,1299,CASE-2602-1
VR909217,C108377,VA-SW-NX2,2026-03-07,vireo.in,1,5524,NX2-2601-4
VR909768,C104145,VA-EB-PL2,2026-03-07,vireo.in,1,3499,PL2-2511-2
VR882106,C101574,VA-EB-AIR,2026-03-08,vireo.in,1,1439,AIR-2601-2
VR883263,C101402,VA-EB-PL1,2026-03-08,Amazon,1,1999,PL1-2601-4
VR883437,C104491,VA-EB-PL1,2026-03-08,vireo.in,1,2124,PL1-2512-3
VR885669,C105375,VA-EB-PL2,2026-03-08,Amazon,1,3499,PL2-2511-1
VR886344,C105807,VA-EB-PL1,2026-03-08,Amazon,1,2499,PL1-2511-3
VR889377,C100972,VA-EB-PL2,2026-03-08,Amazon,1,3499,PL2-2512-2
VR889977,C107815,VA-EB-PL2,2026-03-08,Flipkart,1,3499,PL2-2511-3
VR894106,C101525,VA-SW-FIT,2026-03-08,vireo.in,1,1999,FIT-2512-3
VR895474,C105280,VA-EB-PL2,2026-03-08,Amazon,1,3499,PL2-2602-3
VR896911,C107205,VA-EB-PL2,2026-03-08,vireo.in,1,3499,PL2-2512-1
VR898691,C108312,VA-EB-PL2,2026-03-08,vireo.in,1,3499,PL2-2601-1
VR899488,C108770,VA-SP-MINI,2026-03-08,vireo.in,1,2499,MINI-2601-4
VR900001,C102467,VA-EB-PL2,2026-03-08,Amazon,1,3499,PL2-2601-2
VR900797,C101064,VA-EB-PL2,2026-03-08,Amazon,1,3499,PL2-2601-2
VR901255,C103913,VA-EB-AIR,2026-03-08,vireo.in,1,1709,AIR-2601-4
VR905711,C108255,VA-EB-PL2,2026-03-08,Flipkart,1,3499,PL2-2601-1
VR905913,C100595,VA-EB-PL2,2026-03-08,Flipkart,1,3324,PL2-2512-2
VR906056,C107113,VA-EB-PL1,2026-03-08,vireo.in,1,2499,PL1-2512-4
VR906560,C108265,VA-EB-PL1,2026-03-08,vireo.in,1,2499,PL1-2511-1
VR907377,C100980,VA-HP-ST2,2026-03-08,vireo.in,1,3999,ST2-2602-4
VR908811,C106881,VA-SP-MINI,2026-03-08,Flipkart,1,2499,MINI-2512-2
VR880275,C100079,VA-EB-PL2,2026-03-09,vireo.in,1,3324,PL2-2511-1
VR882446,C107117,VA-EB-PL2,2026-03-09,Flipkart,1,3499,PL2-2602-1
VR884786,C103043,VA-SP-MINI,2026-03-09,vireo.in,2,4748,MINI-2602-2
VR885011,C100452,VA-EB-PL2,2026-03-09,Amazon,1,3149,PL2-2512-2
VR886276,C104478,VA-EB-PL2,2026-03-09,Amazon,1,3499,PL2-2511-1
VR888161,C105653,VA-SP-MINI,2026-03-09,vireo.in,1,2374,MINI-2601-2
VR888747,C102827,VA-AC-CASE,2026-03-09,Amazon,1,1039,CASE-2512-4
VR889503,C103502,VA-EB-PL2,2026-03-09,vireo.in,1,3499,PL2-2512-4
VR889836,C101088,VA-SW-NX2,2026-03-09,Amazon,1,5524,NX2-2512-1
VR891385,C106710,VA-EB-PL2,2026-03-09,Amazon,1,3499,PL2-2511-3
VR891819,C109213,VA-SW-NX2,2026-03-09,Flipkart,1,5849,NX2-2512-3
VR891975,C105457,VA-EB-AIR,2026-03-09,vireo.in,1,1619,AIR-2512-4
VR893166,C105511,VA-EB-AIR,2026-03-09,vireo.in,1,1799,AIR-2511-4
VR894192,C104700,VA-HP-ST2,2026-03-09,vireo.in,2,7998,ST2-2601-2
VR894595,C107512,VA-EB-AIR,2026-03-09,vireo.in,1,1709,AIR-2512-3
VR894641,C105743,VA-SW-NX2,2026-03-09,vireo.in,1,5849,NX2-2512-3
VR896075,C103547,VA-SW-FIT,2026-03-09,Amazon,1,1999,FIT-2512-3
VR896870,C108550,VA-EB-PL2,2026-03-09,vireo.in,1,3499,PL2-2601-1
VR899612,C106194,VA-SW-FIT,2026-03-09,Amazon,1,1699,FIT-2601-4
VR900325,C103493,VA-EB-AIR,2026-03-09,vireo.in,1,1529,AIR-2601-3
VR900736,C107030,VA-SP-MINI,2026-03-09,Amazon,1,2124,MINI-2601-1
VR901819,C106982,VA-NB-ARC,2026-03-09,vireo.in,1,1104,ARC-2511-4
VR902013,C109104,VA-AC-CBL,2026-03-09,vireo.in,1,339,CBL-2512-4
VR902257,C105839,VA-EB-PL2,2026-03-09,vireo.in,1,2974,PL2-2511-3
VR904184,C104091,VA-SW-NX2,2026-03-09,Flipkart,1,5849,NX2-2511-3
VR905695,C103649,VA-SP-ORB,2026-03-09,vireo.in,1,5999,ORB-2512-4
VR906157,C108989,VA-NB-ARC,2026-03-09,vireo.in,1,1299,ARC-2511-3
VR907437,C108115,VA-SW-NX1,2026-03-09,Flipkart,1,3999,NX1-2601-1
VR908271,C103266,VA-EB-AIR,2026-03-09,vireo.in,1,1799,AIR-2511-2
VR908617,C104993,VA-SW-NX1,2026-03-09,vireo.in,1,3999,NX1-2601-1
VR909182,C103495,VA-SW-NX2,2026-03-09,vireo.in,1,6499,NX2-2601-3
VR880142,C105297,VA-EB-PL2,2026-03-10,Amazon,1,3499,PL2-2511-4
VR880651,C103166,VA-EB-PL2,2026-03-10,vireo.in,1,2974,PL2-2602-3
VR883384,C100137,VA-EB-AIR,2026-03-10,vireo.in,2,3598,AIR-2511-2
VR883392,C107156,VA-EB-PL2,2026-03-10,vireo.in,1,3499,PL2-2601-1
VR884233,C101887,VA-HP-ST3,2026-03-10,vireo.in,1,6299,ST3-2601-1
VR884903,C109468,VA-SP-ORB,2026-03-10,vireo.in,1,5699,ORB-2511-2
VR886243,C104654,VA-EB-PL1,2026-03-10,Flipkart,1,2499,PL1-2511-2
VR890501,C108838,VA-EB-PL2,2026-03-10,vireo.in,1,2799,PL2-2511-2
VR891691,C106546,VA-EB-AIR,2026-03-10,Flipkart,1,1529,AIR-2512-3
VR892516,C101759,VA-AC-CASE,2026-03-10,vireo.in,1,1299,CASE-2601-4
VR895244,C107818,VA-SW-FIT,2026-03-10,Flipkart,1,1999,FIT-2601-4
VR895500,C109319,VA-HP-ST2,2026-03-10,vireo.in,1,4249,ST2-2512-3
VR897681,C104077,VA-EB-PL2,2026-03-10,vireo.in,1,2974,PL2-2601-2
VR899721,C100300,VA-EB-PL2,2026-03-10,vireo.in,1,3149,PL2-2602-4
VR900782,C105969,VA-EB-AIR,2026-03-10,vireo.in,1,1619,AIR-2602-1
VR900995,C102766,VA-EB-PL2,2026-03-10,vireo.in,1,3499,PL2-2511-1
VR902104,C105836,VA-SW-NX1,2026-03-10,vireo.in,1,4249,NX1-2601-2
VR902315,C104726,VA-SW-NX2,2026-03-10,Amazon,1,5199,NX2-2511-3
VR903596,C102286,VA-EB-PL2,2026-03-10,Amazon,1,3499,PL2-2602-3
VR905080,C103197,VA-EB-PL2,2026-03-10,vireo.in,1,3149,PL2-2602-4
VR905716,C104266,VA-SP-ORB,2026-03-10,Flipkart,1,5699,ORB-2511-3
VR907573,C107055,VA-SW-NX2,2026-03-10,vireo.in,1,6499,NX2-2512-3
VR909106,C101692,VA-EB-PL1,2026-03-10,vireo.in,1,2499,PL1-2601-3
VR909395,C107134,VA-EB-PL2,2026-03-10,Amazon,2,6298,PL2-2512-3
VR881737,C104521,VA-SW-FIT,2026-03-11,Amazon,1,1899,FIT-2512-2
VR887305,C105017,VA-HP-ST3,2026-03-11,vireo.in,1,6299,ST3-2512-3
VR887825,C104502,VA-EB-AIR,2026-03-11,vireo.in,1,1799,AIR-2511-4
VR887922,C102533,VA-EB-PL2,2026-03-11,Amazon,1,3499,PL2-2512-2
VR888444,C107882,VA-SW-FIT,2026-03-11,vireo.in,1,1899,FIT-2512-1
VR888472,C101724,VA-AC-CASE,2026-03-11,vireo.in,1,1234,CASE-2512-3
VR889835,C100057,VA-SW-NX2,2026-03-11,vireo.in,1,6174,NX2-2602-2
VR890033,C103697,VA-EB-PL2,2026-03-11,vireo.in,1,3499,PL2-2602-2
VR891257,C102423,VA-EB-PL2,2026-03-11,vireo.in,1,3149,PL2-2601-1
VR892188,C109197,VA-EB-PL2,2026-03-11,Flipkart,1,2974,PL2-2601-2
VR892519,C105918,VA-EB-PL2,2026-03-11,vireo.in,1,3149,PL2-2512-1
VR893025,C105493,VA-AC-CASE,2026-03-11,Amazon,1,1039,CASE-2602-3
VR896778,C105157,VA-EB-PL2,2026-03-11,vireo.in,1,3324,PL2-2602-4
VR897318,C102126,VA-AC-CASE,2026-03-11,vireo.in,1,1104,CASE-2601-2
VR897434,C104628,VA-SW-FIT,2026-03-11,vireo.in,1,1699,FIT-2512-1
VR898748,C100226,VA-EB-PL2,2026-03-11,vireo.in,1,3499,PL2-2511-4
VR899240,C101755,VA-EB-PL2,2026-03-11,Amazon,1,2974,PL2-2601-3
VR903393,C108112,VA-SW-NX2,2026-03-11,vireo.in,2,12998,NX2-2512-3
VR903973,C100224,VA-SW-NX2,2026-03-11,Amazon,1,5199,NX2-2512-1
VR905198,C108563,VA-SW-NX2,2026-03-11,vireo.in,1,6499,NX2-2511-1
VR909918,C103732,VA-EB-PL2,2026-03-11,Amazon,1,3324,PL2-2602-1
VR880175,C109197,VA-NB-ARC,2026-03-12,vireo.in,1,1039,ARC-2512-1
VR880702,C107658,VA-EB-AIR,2026-03-12,Amazon,1,1439,AIR-2512-4
VR880801,C108520,VA-EB-PL2,2026-03-12,vireo.in,1,3149,PL2-2512-2
VR881376,C106999,VA-EB-PL2,2026-03-12,Flipkart,1,3499,PL2-2512-2
VR884969,C104278,VA-SW-NX2,2026-03-12,Flipkart,1,5199,NX2-2512-1
VR885448,C105698,VA-EB-AIR,2026-03-12,vireo.in,1,1709,AIR-2512-2
VR885545,C100314,VA-EB-PL2,2026-03-12,vireo.in,1,3499,PL2-2511-4
VR885640,C107015,VA-EB-PL2,2026-03-12,Flipkart,1,3499,PL2-2601-3
VR886171,C109424,VA-EB-PL2,2026-03-12,Amazon,1,3499,PL2-2601-2
VR886369,C105833,VA-EB-AIR,2026-03-12,Amazon,2,3598,AIR-2601-3
VR887033,C101259,VA-HP-ST2,2026-03-12,vireo.in,1,4499,ST2-2601-2
VR889024,C107089,VA-EB-PL2,2026-03-12,Amazon,1,3499,PL2-2601-3
VR889556,C109105,VA-EB-PL2,2026-03-12,vireo.in,2,6998,PL2-2512-4
VR891332,C100223,VA-AC-CH65,2026-03-12,Amazon,1,1424,CH65-2512-4
VR892180,C106809,VA-EB-PL2,2026-03-12,Flipkart,2,5598,PL2-2511-2
VR894352,C105874,VA-EB-PL2,2026-03-12,vireo.in,1,2974,PL2-2512-3
VR896689,C109155,VA-EB-PL2,2026-03-12,vireo.in,1,2974,PL2-2512-2
VR897199,C105583,VA-EB-PL2,2026-03-12,vireo.in,1,3149,PL2-2601-4
VR897203,C106402,VA-EB-AIR,2026-03-12,Amazon,1,1799,AIR-2512-2
VR898245,C106713,VA-EB-PL2,2026-03-12,vireo.in,1,3324,PL2-2602-3
VR898524,C101593,VA-EB-PL2,2026-03-12,Flipkart,2,5948,PL2-2601-2
VR900470,C102739,VA-EB-PL2,2026-03-12,vireo.in,1,3324,PL2-2602-2
VR901208,C101989,VA-EB-PL2,2026-03-12,vireo.in,1,2974,PL2-2601-4
VR902544,C108168,VA-AC-CH65,2026-03-12,vireo.in,1,1499,CH65-2601-3
VR902868,C100231,VA-EB-PL2,2026-03-12,vireo.in,2,5598,PL2-2601-3
VR904657,C100956,VA-SP-MINI,2026-03-12,vireo.in,1,2124,MINI-2602-3
VR905659,C105671,VA-HP-ST2,2026-03-12,Amazon,1,4999,ST2-2602-1
VR906076,C107588,VA-SW-NX2,2026-03-12,vireo.in,1,6499,NX2-2601-3
VR907109,C103527,VA-SW-NX2,2026-03-12,vireo.in,1,5199,NX2-2512-2
VR907343,C101242,VA-EB-PL2,2026-03-12,vireo.in,1,3499,PL2-2602-4
VR908373,C100018,VA-HP-ST2,2026-03-12,vireo.in,1,4249,ST2-2601-1
VR908611,C108469,VA-HP-ST3,2026-03-12,Amazon,1,6999,ST3-2512-4
VR882596,C106540,VA-EB-PL2,2026-03-13,vireo.in,1,3499,PL2-2512-4
VR885705,C101441,VA-EB-PL2,2026-03-13,vireo.in,1,3149,PL2-2601-3
VR885769,C103435,VA-SW-NX2,2026-03-13,Amazon,1,6499,NX2-2601-2
VR887107,C102572,VA-EB-AIR,2026-03-13,Amazon,1,1799,AIR-2512-4
VR887891,C104724,VA-EB-PL1,2026-03-13,vireo.in,1,2249,PL1-2512-3
VR889884,C100916,VA-SP-MINI,2026-03-13,vireo.in,1,2374,MINI-2602-2
VR891121,C104838,VA-NB-ARC,2026-03-13,vireo.in,1,1039,ARC-2512-2
VR891864,C101991,VA-EB-PL2,2026-03-13,Amazon,1,2974,PL2-2602-1
VR891956,C105091,VA-EB-PL2,2026-03-13,Flipkart,1,2974,PL2-2512-1
VR892917,C100275,VA-HP-ST3,2026-03-13,Flipkart,1,5599,ST3-2602-4
VR893180,C103901,VA-HP-ST2,2026-03-13,Amazon,1,4499,ST2-2512-1
VR893745,C102475,VA-AC-CASE,2026-03-13,vireo.in,1,1299,CASE-2601-1
VR894168,C103608,VA-EB-PL1,2026-03-13,Flipkart,1,2124,PL1-2601-3
VR895846,C107525,VA-SW-NX1,2026-03-13,Amazon,1,4999,NX1-2601-3
VR898854,C104918,VA-HP-ST3,2026-03-13,Amazon,1,6999,ST3-2601-4
VR900440,C102939,VA-EB-PL2,2026-03-13,vireo.in,1,2974,PL2-2512-3
VR901841,C100110,VA-EB-AIR,2026-03-13,vireo.in,1,1799,AIR-2511-3
VR903427,C107194,VA-SP-ORB,2026-03-13,Flipkart,1,5999,ORB-2602-1
VR904443,C108483,VA-EB-PL2,2026-03-13,Amazon,1,3499,PL2-2512-1
VR905071,C106501,VA-SP-MINI,2026-03-13,Amazon,1,2499,MINI-2601-4
VR905377,C102122,VA-EB-PL2,2026-03-13,vireo.in,2,6998,PL2-2512-4
VR906172,C102398,VA-SP-MINI,2026-03-13,Amazon,1,2124,MINI-2602-2
VR906681,C101091,VA-SW-NX2,2026-03-13,Flipkart,1,6174,NX2-2512-1
VR906991,C108534,VA-HP-ST3,2026-03-13,vireo.in,1,5599,ST3-2511-2
VR907708,C106288,VA-SW-NX1,2026-03-13,Amazon,1,4999,NX1-2601-3
VR908246,C107771,VA-AC-CH65,2026-03-13,Amazon,1,1499,CH65-2512-2
VR909701,C108174,VA-SW-NX2,2026-03-13,vireo.in,1,6499,NX2-2602-3
VR881026,C107777,VA-SW-NX2,2026-03-14,vireo.in,1,6174,NX2-2512-2
VR882636,C106893,VA-EB-PL2,2026-03-14,Amazon,1,3324,PL2-2602-3
VR882833,C109320,VA-SW-NX2,2026-03-14,vireo.in,1,6499,NX2-2602-1
VR884399,C103348,VA-EB-PL2,2026-03-14,vireo.in,1,2799,PL2-2601-1
VR884888,C108599,VA-SP-ORB,2026-03-14,vireo.in,1,5099,ORB-2512-3
VR885088,C106982,VA-SP-ORB,2026-03-14,Amazon,2,10198,ORB-2601-3
VR885459,C107799,VA-EB-AIR,2026-03-14,Amazon,1,1709,AIR-2511-3
VR885771,C103006,VA-EB-PL2,2026-03-14,Flipkart,2,6998,PL2-2512-3
VR886534,C101912,VA-EB-PL2,2026-03-14,vireo.in,1,3149,PL2-2512-1
VR887326,C104291,VA-SP-ORB,2026-03-14,Amazon,1,5099,ORB-2601-3
VR888228,C108435,VA-EB-PL1,2026-03-14,Amazon,1,2374,PL1-2512-1
VR890326,C100529,VA-EB-AIR,2026-03-14,vireo.in,1,1799,AIR-2512-3
VR891288,C100197,VA-SW-FIT,2026-03-14,Amazon,1,1999,FIT-2602-2
VR891506,C109492,VA-SP-MINI,2026-03-14,vireo.in,1,2374,MINI-2512-3
VR891721,C106187,VA-SP-ORB,2026-03-14,vireo.in,1,5999,ORB-2602-3
VR892128,C105574,VA-EB-PL1,2026-03-14,vireo.in,1,2499,PL1-2601-1
VR892450,C106168,VA-HP-ST3,2026-03-14,vireo.in,1,6299,ST3-2601-1
VR893143,C103565,VA-EB-PL2,2026-03-14,vireo.in,1,2799,PL2-2602-1
VR893494,C102658,VA-SW-NX2,2026-03-14,vireo.in,1,5524,NX2-2602-4
VR894803,C108321,VA-EB-PL2,2026-03-14,vireo.in,1,3499,PL2-2602-2
VR896536,C102938,VA-EB-PL1,2026-03-14,vireo.in,1,2249,PL1-2602-2
VR896616,C106291,VA-SP-ORB,2026-03-14,vireo.in,1,4799,ORB-2602-2
VR903482,C102317,VA-EB-PL2,2026-03-14,Flipkart,1,2974,PL2-2602-3
VR903594,C105468,VA-SW-NX2,2026-03-14,Flipkart,1,6499,NX2-2601-1
VR906930,C100272,VA-EB-PL2,2026-03-14,vireo.in,1,3499,PL2-2602-4
VR907639,C100204,VA-EB-AIR,2026-03-14,vireo.in,1,1439,AIR-2601-4
VR908790,C102289,VA-EB-PL2,2026-03-14,vireo.in,1,2974,PL2-2512-4
VR909490,C102797,VA-SP-MINI,2026-03-14,Flipkart,1,1999,MINI-2511-1
VR882851,C108136,VA-NB-ARC,2026-03-15,Amazon,1,1104,ARC-2602-2
VR883053,C104780,VA-EB-PL2,2026-03-15,Amazon,1,3499,PL2-2601-2
VR885090,C107574,VA-SW-NX2,2026-03-15,vireo.in,1,5849,NX2-2512-3
VR887446,C101755,VA-EB-AIR,2026-03-15,vireo.in,1,1439,AIR-2512-3
VR888363,C105251,VA-SW-NX2,2026-03-15,Amazon,1,5524,NX2-2512-3
VR889863,C105747,VA-EB-PL1,2026-03-15,vireo.in,1,2499,PL1-2602-4
VR890140,C107088,VA-EB-PL2,2026-03-15,Amazon,1,3499,PL2-2602-4
VR891112,C107232,VA-EB-PL2,2026-03-15,vireo.in,1,3499,PL2-2601-4
VR892547,C105790,VA-SP-MINI,2026-03-15,Amazon,1,2249,MINI-2601-1
VR892628,C106716,VA-EB-PL2,2026-03-15,Flipkart,1,3499,PL2-2601-2
VR893130,C102147,VA-EB-PL2,2026-03-15,Amazon,1,2974,PL2-2511-2
VR894303,C101572,VA-SP-ORB,2026-03-15,vireo.in,1,4799,ORB-2602-1
VR894737,C107688,VA-EB-PL2,2026-03-15,Amazon,1,3324,PL2-2512-4
VR895732,C104373,VA-EB-AIR,2026-03-15,Flipkart,1,1799,AIR-2602-1
VR896859,C102838,VA-EB-AIR,2026-03-15,Amazon,2,3598,AIR-2602-4
VR898992,C100001,VA-EB-AIR,2026-03-15,vireo.in,1,1799,AIR-2601-2
VR900907,C102275,VA-EB-PL2,2026-03-15,Flipkart,1,3499,PL2-2512-1
VR901137,C109471,VA-EB-PL1,2026-03-15,vireo.in,1,1999,PL1-2601-1
VR902032,C102253,VA-AC-CASE,2026-03-15,vireo.in,1,1299,CASE-2602-4
VR902666,C100681,VA-EB-PL2,2026-03-15,vireo.in,1,3149,PL2-2602-3
VR903244,C101812,VA-EB-PL2,2026-03-15,vireo.in,1,2974,PL2-2601-1
VR905031,C102936,VA-EB-AIR,2026-03-15,Flipkart,2,3418,AIR-2601-2
VR907877,C103009,VA-EB-PL2,2026-03-15,vireo.in,1,3149,PL2-2602-3
VR909140,C101688,VA-EB-PL2,2026-03-15,Amazon,1,3324,PL2-2512-1
VR880184,C104609,VA-SW-NX2,2026-03-16,vireo.in,1,5199,NX2-2602-2
VR880644,C105371,VA-SW-FIT,2026-03-16,vireo.in,1,1999,FIT-2601-2
VR885813,C106721,VA-EB-PL1,2026-03-16,Amazon,1,2124,PL1-2511-3
VR887516,C106791,VA-SP-ORB,2026-03-16,Amazon,1,4799,ORB-2511-2
VR887705,C103720,VA-EB-PL2,2026-03-16,vireo.in,1,3149,PL2-2512-3
VR888620,C104548,VA-SP-MINI,2026-03-16,Flipkart,1,1999,MINI-2601-1
VR892996,C105420,VA-SP-MINI,2026-03-16,vireo.in,1,2249,MINI-2602-2
VR893628,C104714,VA-SP-MINI,2026-03-16,Amazon,1,2124,MINI-2601-2
VR894006,C108774,VA-EB-PL1,2026-03-16,vireo.in,2,4998,PL1-2601-4
VR895407,C109486,VA-SW-NX2,2026-03-16,vireo.in,1,6499,NX2-2601-1
VR895453,C100502,VA-NB-ARC,2026-03-16,Amazon,1,1299,ARC-2511-2
VR895626,C108551,VA-SP-ORB,2026-03-16,vireo.in,1,4799,ORB-2512-3
VR896277,C101442,VA-HP-ST2,2026-03-16,Flipkart,1,4999,ST2-2601-4
VR897276,C102133,VA-EB-PL1,2026-03-16,Flipkart,1,1999,PL1-2602-4
VR897351,C105959,VA-HP-ST3,2026-03-16,vireo.in,1,5949,ST3-2602-4
VR897375,C101245,VA-SW-NX1,2026-03-16,vireo.in,1,4999,NX1-2602-4
VR901122,C105683,VA-EB-PL2,2026-03-16,Flipkart,2,5948,PL2-2511-1
VR902149,C102854,VA-EB-AIR,2026-03-16,vireo.in,1,1799,AIR-2601-3
VR903320,C101871,VA-EB-PL1,2026-03-16,Amazon,1,2499,PL1-2601-3
VR906746,C103388,VA-SP-MINI,2026-03-16,vireo.in,1,2249,MINI-2601-3
VR908028,C108045,VA-SW-FIT,2026-03-16,vireo.in,1,1799,FIT-2512-1
VR908216,C100114,VA-EB-AIR,2026-03-16,vireo.in,1,1709,AIR-2601-4
VR909715,C104276,VA-EB-PL2,2026-03-16,Amazon,1,3149,PL2-2512-2
VR880061,C108409,VA-AC-CASE,2026-03-17,Amazon,1,1039,CASE-2601-1
VR880265,C107613,VA-EB-AIR,2026-03-17,Flipkart,1,1799,AIR-2601-2
VR880673,C101963,VA-EB-PL2,2026-03-17,vireo.in,1,3499,PL2-2601-3
VR883539,C108310,VA-EB-PL1,2026-03-17,vireo.in,1,2499,PL1-2512-3
VR883569,C100209,VA-EB-PL2,2026-03-17,vireo.in,1,3149,PL2-2602-2
VR884963,C105819,VA-SW-NX2,2026-03-17,vireo.in,1,6499,NX2-2602-1
VR885897,C101026,VA-AC-CASE,2026-03-17,Amazon,1,1104,CASE-2601-4
VR887323,C101908,VA-SP-MINI,2026-03-17,Amazon,1,2499,MINI-2602-3
VR888220,C104373,VA-EB-PL2,2026-03-17,Amazon,1,3499,PL2-2512-3
VR891148,C103714,VA-SW-NX2,2026-03-17,vireo.in,1,5849,NX2-2601-4
VR892228,C100319,VA-EB-PL1,2026-03-17,Amazon,1,1999,PL1-2512-2
VR893940,C103541,VA-EB-PL1,2026-03-17,vireo.in,1,2249,PL1-2601-2
VR894597,C101495,VA-EB-PL2,2026-03-17,vireo.in,1,2799,PL2-2601-3
VR896807,C109465,VA-EB-PL2,2026-03-17,Amazon,1,3499,PL2-2512-3
VR897457,C109387,VA-HP-ST2,2026-03-17,vireo.in,1,4999,ST2-2602-3
VR897883,C105535,VA-SP-MINI,2026-03-17,vireo.in,1,2499,MINI-2512-4
VR898402,C100889,VA-EB-PL2,2026-03-17,vireo.in,1,2799,PL2-2512-4
VR898799,C102959,VA-SP-MINI,2026-03-17,Amazon,1,2374,MINI-2512-2
VR904599,C104394,VA-EB-PL2,2026-03-17,vireo.in,1,3324,PL2-2512-2
VR905060,C105660,VA-SW-NX1,2026-03-17,vireo.in,1,4749,NX1-2512-1
VR908549,C104896,VA-EB-PL2,2026-03-17,Amazon,1,2799,PL2-2602-2
VR880873,C101031,VA-EB-PL2,2026-03-18,vireo.in,1,3324,PL2-2512-2
VR883314,C103301,VA-HP-ST3,2026-03-18,Flipkart,1,6649,ST3-2602-4
VR884917,C100982,VA-SP-ORB,2026-03-18,Amazon,1,5699,ORB-2512-3
VR886025,C105474,VA-SP-MINI,2026-03-18,Amazon,1,2499,MINI-2601-3
VR887850,C100215,VA-AC-CBL,2026-03-18,Amazon,1,319,CBL-2602-2
VR888646,C107349,VA-EB-PL2,2026-03-18,vireo.in,1,2799,PL2-2512-4
VR890475,C107373,VA-SW-NX2,2026-03-18,Amazon,1,6174,NX2-2602-2
VR891624,C108029,VA-EB-PL2,2026-03-18,Flipkart,1,2799,PL2-2512-2
VR891853,C104533,VA-SP-MINI,2026-03-18,vireo.in,1,2499,MINI-2601-1
VR894067,C101479,VA-EB-PL2,2026-03-18,Flipkart,1,3499,PL2-2602-3
VR895257,C105702,VA-EB-PL2,2026-03-18,vireo.in,1,2799,PL2-2512-1
VR895695,C102825,VA-EB-PL1,2026-03-18,vireo.in,1,2124,PL1-2602-2
VR896119,C106403,VA-SW-NX2,2026-03-18,vireo.in,2,12348,NX2-2602-3
VR896453,C100281,VA-HP-ST3,2026-03-18,vireo.in,1,6999,ST3-2512-4
VR896962,C108698,VA-AC-CASE,2026-03-18,Amazon,1,1299,CASE-2601-1
VR898169,C100622,VA-EB-AIR,2026-03-18,vireo.in,1,1799,AIR-2602-1
VR898179,C100733,VA-EB-PL1,2026-03-18,vireo.in,1,2249,PL1-2512-2
VR899080,C101882,VA-SW-NX2,2026-03-18,vireo.in,1,6499,NX2-2601-1
VR899908,C107044,VA-EB-PL2,2026-03-18,vireo.in,1,3499,PL2-2601-2
VR900190,C103204,VA-SP-MINI,2026-03-18,vireo.in,1,2249,MINI-2601-1
VR900982,C101571,VA-SW-NX2,2026-03-18,Flipkart,2,12998,NX2-2602-2
VR903677,C100859,VA-HP-ST3,2026-03-18,vireo.in,2,11198,ST3-2601-1
VR904615,C100895,VA-HP-ST2,2026-03-18,vireo.in,1,4999,ST2-2601-1
VR904631,C103276,VA-EB-PL2,2026-03-18,vireo.in,1,3499,PL2-2601-1
VR905820,C105878,VA-SW-NX1,2026-03-18,Amazon,1,4999,NX1-2512-4
VR906831,C103679,VA-EB-AIR,2026-03-18,Amazon,1,1619,AIR-2602-1
VR908302,C107648,VA-HP-ST3,2026-03-18,Amazon,1,6999,ST3-2601-2
VR908927,C103813,VA-EB-PL2,2026-03-18,Amazon,1,3499,PL2-2512-2
VR910052,C106078,VA-AC-CBL,2026-03-18,Amazon,1,379,CBL-2511-3
VR880053,C103309,VA-EB-AIR,2026-03-19,Amazon,1,1439,AIR-2601-2
VR881130,C101706,VA-HP-ST2,2026-03-19,Amazon,1,3999,ST2-2602-4
VR881224,C108422,VA-HP-ST3,2026-03-19,Amazon,1,5599,ST3-2601-3
VR881498,C106229,VA-SW-FIT,2026-03-19,Amazon,1,1599,FIT-2512-4
VR882906,C105602,VA-SP-MINI,2026-03-19,vireo.in,1,2124,MINI-2511-4
VR883184,C103670,VA-EB-PL2,2026-03-19,vireo.in,1,2799,PL2-2512-3
VR884311,C101255,VA-AC-CASE,2026-03-19,Amazon,1,1299,CASE-2602-4
VR886048,C101751,VA-SW-FIT,2026-03-19,vireo.in,1,1699,FIT-2512-1
VR886830,C105048,VA-EB-PL1,2026-03-19,vireo.in,1,2249,PL1-2601-3
VR887867,C104178,VA-HP-ST3,2026-03-19,vireo.in,1,6999,ST3-2602-4
VR888312,C105702,VA-SP-MINI,2026-03-19,Amazon,1,2249,MINI-2602-4
VR891337,C109197,VA-EB-PL1,2026-03-19,Amazon,1,2124,PL1-2601-3
VR892438,C103199,VA-EB-PL2,2026-03-19,Amazon,1,2799,PL2-2601-1
VR898054,C101824,VA-SW-NX2,2026-03-19,vireo.in,1,5199,NX2-2601-4
VR898880,C108453,VA-EB-PL2,2026-03-19,Amazon,2,5948,PL2-2601-3
VR899084,C101354,VA-EB-PL2,2026-03-19,vireo.in,1,3499,PL2-2602-4
VR899355,C104112,VA-EB-PL2,2026-03-19,vireo.in,1,2974,PL2-2601-3
VR900194,C105779,VA-HP-ST2,2026-03-19,Amazon,1,3999,ST2-2512-3
VR900201,C101970,VA-SW-NX2,2026-03-19,vireo.in,1,5199,NX2-2601-2
VR900377,C108763,VA-EB-PL2,2026-03-19,vireo.in,1,3324,PL2-2602-3
VR901009,C108789,VA-EB-PL2,2026-03-19,vireo.in,1,3499,PL2-2602-1
VR901949,C100463,VA-EB-PL2,2026-03-19,vireo.in,1,3324,PL2-2602-4
VR901991,C106294,VA-EB-PL1,2026-03-19,vireo.in,1,2374,PL1-2512-3
VR903704,C108175,VA-AC-CASE,2026-03-19,Amazon,1,1169,CASE-2601-4
VR903953,C105490,VA-EB-PL1,2026-03-19,vireo.in,2,4998,PL1-2602-2
VR904196,C102684,VA-EB-PL2,2026-03-19,vireo.in,1,3499,PL2-2601-4
VR904832,C102811,VA-EB-PL2,2026-03-19,Flipkart,1,3499,PL2-2512-1
VR906182,C106366,VA-NB-ARC,2026-03-19,Amazon,1,1039,ARC-2602-3
VR906303,C105065,VA-AC-CBL,2026-03-19,vireo.in,1,399,CBL-2601-1
VR907651,C104204,VA-SW-NX2,2026-03-19,vireo.in,1,6499,NX2-2601-1
VR907740,C106984,VA-EB-PL2,2026-03-19,Amazon,1,3499,PL2-2602-1
VR909027,C108854,VA-EB-PL2,2026-03-19,vireo.in,1,2974,PL2-2512-3
VR909213,C100882,VA-HP-ST3,2026-03-19,vireo.in,2,11198,ST3-2512-4
VR880584,C106238,VA-EB-AIR,2026-03-20,Amazon,1,1709,AIR-2602-2
VR880597,C100398,VA-SW-FIT,2026-03-20,Amazon,1,1999,FIT-2601-1
VR880791,C106752,VA-EB-PL2,2026-03-20,vireo.in,2,5948,PL2-2602-4
VR882468,C107684,VA-EB-AIR,2026-03-20,Amazon,1,1529,AIR-2602-4
VR883669,C101641,VA-SW-NX2,2026-03-20,vireo.in,1,5524,NX2-2602-1
VR884981,C105756,VA-SW-NX1,2026-03-20,vireo.in,2,8998,NX1-2601-1
VR885264,C101090,VA-EB-PL2,2026-03-20,vireo.in,1,3149,PL2-2601-3
VR886033,C106710,VA-SW-NX1,2026-03-20,vireo.in,1,4249,NX1-2602-4
VR887165,C103272,VA-EB-PL1,2026-03-20,Amazon,1,2499,PL1-2601-4
VR887297,C105063,VA-SP-ORB,2026-03-20,Flipkart,1,5999,ORB-2601-4
VR888757,C105143,VA-SP-MINI,2026-03-20,Amazon,1,2499,MINI-2601-2
VR888787,C106206,VA-EB-PL2,2026-03-20,vireo.in,1,3324,PL2-2602-4
VR889117,C100582,VA-NB-ARC,2026-03-20,vireo.in,1,1299,ARC-2512-2
VR891186,C108035,VA-EB-PL1,2026-03-20,vireo.in,1,2124,PL1-2601-3
VR892100,C104768,VA-EB-PL2,2026-03-20,vireo.in,1,2974,PL2-2601-4
VR893088,C104844,VA-EB-PL2,2026-03-20,vireo.in,1,2974,PL2-2601-1
VR893292,C106889,VA-EB-PL2,2026-03-20,vireo.in,1,2974,PL2-2601-4
VR893693,C100967,VA-SP-MINI,2026-03-20,Amazon,1,1999,MINI-2512-4
VR895742,C104380,VA-EB-PL2,2026-03-20,Amazon,1,3499,PL2-2512-3
VR895777,C109158,VA-EB-PL2,2026-03-20,Amazon,1,3149,PL2-2512-4
VR896250,C101941,VA-SP-MINI,2026-03-20,vireo.in,1,1999,MINI-2511-2
VR901851,C101920,VA-HP-ST3,2026-03-20,vireo.in,1,6999,ST3-2512-4
VR904797,C104978,VA-EB-PL2,2026-03-20,Amazon,2,6998,PL2-2512-4
VR905547,C103059,VA-EB-PL2,2026-03-20,Amazon,1,2799,PL2-2601-2
VR905831,C109364,VA-SP-MINI,2026-03-20,Amazon,1,2499,MINI-2512-2
VR907126,C103333,VA-EB-PL2,2026-03-20,Amazon,1,3499,PL2-2601-1
VR907156,C103536,VA-EB-AIR,2026-03-20,vireo.in,1,1709,AIR-2512-2
VR907687,C107218,VA-EB-PL2,2026-03-20,vireo.in,1,3324,PL2-2512-4
VR908012,C100679,VA-EB-PL2,2026-03-20,vireo.in,1,3324,PL2-2602-2
VR909011,C102068,VA-EB-PL2,2026-03-20,Flipkart,1,3324,PL2-2601-4
VR909912,C108238,VA-EB-PL2,2026-03-20,Flipkart,1,2974,PL2-2602-4
VR881043,C100149,VA-SW-NX1,2026-03-21,vireo.in,1,4499,NX1-2512-2
VR882317,C100707,VA-SP-MINI,2026-03-21,vireo.in,2,4248,MINI-2512-3
VR884815,C106387,VA-SW-NX2,2026-03-21,Flipkart,1,5849,NX2-2512-3
VR885096,C105072,VA-EB-PL2,2026-03-21,Flipkart,1,3499,PL2-2601-2
VR886704,C103454,VA-EB-PL2,2026-03-21,vireo.in,1,3149,PL2-2601-2
VR887358,C102984,VA-EB-PL2,2026-03-21,vireo.in,1,2799,PL2-2602-4
VR888552,C103018,VA-EB-PL2,2026-03-21,vireo.in,1,3499,PL2-2512-2
VR888577,C105568,VA-NB-ARC,2026-03-21,Flipkart,1,1299,ARC-2602-2
VR890394,C107922,VA-EB-PL1,2026-03-21,vireo.in,1,2249,PL1-2512-1
VR890762,C103578,VA-EB-PL2,2026-03-21,Amazon,1,3324,PL2-2512-1
VR891409,C106267,VA-EB-PL1,2026-03-21,Flipkart,1,2499,PL1-2602-2
VR892040,C108568,VA-EB-PL2,2026-03-21,Flipkart,1,2974,PL2-2602-3
VR896465,C105540,VA-EB-PL2,2026-03-21,vireo.in,1,3149,PL2-2512-2
VR898474,C108316,VA-EB-PL2,2026-03-21,Amazon,1,3499,PL2-2602-4
VR900207,C108693,VA-SP-MINI,2026-03-21,Amazon,1,1999,MINI-2601-1
VR900594,C108988,VA-EB-PL1,2026-03-21,vireo.in,1,2124,PL1-2512-2
VR900951,C107276,VA-EB-PL2,2026-03-21,vireo.in,1,3499,PL2-2601-4
VR901378,C101950,VA-EB-PL2,2026-03-21,vireo.in,1,3324,PL2-2601-3
VR902165,C103955,VA-SP-ORB,2026-03-21,vireo.in,1,5999,ORB-2512-1
VR904979,C107541,VA-EB-PL2,2026-03-21,Flipkart,2,6998,PL2-2512-4
VR905101,C103381,VA-HP-ST2,2026-03-21,Flipkart,1,4999,ST2-2601-4
VR905108,C103406,VA-SP-MINI,2026-03-21,Amazon,1,2249,MINI-2602-3
VR909972,C100042,VA-AC-CH65,2026-03-21,vireo.in,1,1499,CH65-2602-1
VR910042,C102021,VA-HP-ST3,2026-03-21,vireo.in,1,6999,ST3-2512-1
VR881663,C107233,VA-AC-CASE,2026-03-22,Amazon,1,1299,CASE-2601-3
VR885307,C105885,VA-EB-PL2,2026-03-22,vireo.in,1,3149,PL2-2512-3
VR885433,C107798,VA-EB-PL2,2026-03-22,Flipkart,1,3149,PL2-2601-1
VR886327,C106943,VA-EB-PL2,2026-03-22,Amazon,2,6298,PL2-2512-3
VR886416,C103615,VA-EB-PL2,2026-03-22,Flipkart,1,3324,PL2-2601-2
VR886757,C100837,VA-HP-ST3,2026-03-22,vireo.in,1,6299,ST3-2603-4
VR886954,C107465,VA-EB-PL1,2026-03-22,vireo.in,1,2499,PL1-2601-3
VR887281,C108046,VA-EB-PL2,2026-03-22,vireo.in,1,2799,PL2-2601-3
VR887317,C108890,VA-EB-PL2,2026-03-22,vireo.in,1,3149,PL2-2512-2
VR889526,C104939,VA-EB-PL2,2026-03-22,Amazon,1,3324,PL2-2512-4
VR890664,C101443,VA-EB-PL2,2026-03-22,vireo.in,1,2799,PL2-2602-4
VR892317,C101654,VA-EB-PL2,2026-03-22,vireo.in,1,3324,PL2-2602-4
VR892422,C103287,VA-EB-PL2,2026-03-22,Amazon,1,2799,PL2-2601-2
VR893717,C102041,VA-SW-NX2,2026-03-22,vireo.in,1,6499,NX2-2512-4
VR893890,C102178,VA-SW-NX2,2026-03-22,Flipkart,1,5849,NX2-2602-2
VR894513,C101585,VA-SW-NX2,2026-03-22,Amazon,1,6174,NX2-2601-3
VR895153,C108411,VA-EB-PL2,2026-03-22,vireo.in,1,3499,PL2-2602-1
VR895174,C104557,VA-EB-PL2,2026-03-22,Amazon,1,2799,PL2-2601-3
VR900013,C106275,VA-EB-PL2,2026-03-22,vireo.in,1,3324,PL2-2512-2
VR900527,C105216,VA-EB-PL2,2026-03-22,vireo.in,1,2799,PL2-2601-2
VR900812,C105861,VA-EB-PL2,2026-03-22,vireo.in,1,3499,PL2-2602-2
VR902934,C104897,VA-EB-AIR,2026-03-22,Amazon,1,1799,AIR-2601-4
VR903152,C104674,VA-EB-AIR,2026-03-22,Amazon,1,1799,AIR-2601-2
VR904513,C100792,VA-EB-PL2,2026-03-22,vireo.in,1,2974,PL2-2602-2
VR905729,C108509,VA-EB-AIR,2026-03-22,vireo.in,1,1709,AIR-2512-1
VR907159,C106723,VA-EB-PL1,2026-03-22,vireo.in,1,2499,PL1-2602-2
VR907438,C107573,VA-NB-ARC,2026-03-22,vireo.in,1,1299,ARC-2512-1
VR907485,C100565,VA-EB-PL2,2026-03-22,Amazon,1,3499,PL2-2601-2
VR880403,C105394,VA-EB-PL2,2026-03-23,vireo.in,1,3149,PL2-2602-3
VR880946,C102659,VA-SW-FIT,2026-03-23,Amazon,1,1899,FIT-2602-3
VR881205,C108863,VA-EB-PL2,2026-03-23,vireo.in,1,2974,PL2-2601-3
VR882378,C104992,VA-EB-PL2,2026-03-23,vireo.in,1,3149,PL2-2601-2
VR883757,C106010,VA-SW-NX2,2026-03-23,Amazon,2,10398,NX2-2602-4
VR884881,C109313,VA-AC-CASE,2026-03-23,Amazon,1,1299,CASE-2512-1
VR886513,C103345,VA-HP-ST3,2026-03-23,vireo.in,1,6649,ST3-2602-2
VR887145,C102173,VA-EB-PL1,2026-03-23,vireo.in,1,2374,PL1-2603-4
VR887532,C106008,VA-SW-NX1,2026-03-23,vireo.in,1,4999,NX1-2601-2
VR888365,C101590,VA-EB-PL1,2026-03-23,Flipkart,1,2499,PL1-2512-4
VR889273,C101476,VA-EB-PL2,2026-03-23,vireo.in,1,3499,PL2-2601-1
VR890451,C100233,VA-SP-MINI,2026-03-23,vireo.in,1,2249,MINI-2601-1
VR892115,C106293,VA-EB-PL2,2026-03-23,vireo.in,1,2974,PL2-2512-3
VR892708,C102542,VA-SW-NX2,2026-03-23,Amazon,1,6499,NX2-2512-3
VR897368,C100247,VA-SW-NX2,2026-03-23,Flipkart,1,6499,NX2-2601-1
VR898251,C107732,VA-AC-CBL,2026-03-23,vireo.in,1,319,CBL-2512-2
VR899596,C108031,VA-EB-PL1,2026-03-23,vireo.in,1,2499,PL1-2601-1
VR900385,C101857,VA-HP-ST3,2026-03-23,vireo.in,1,6649,ST3-2602-2
VR900426,C101691,VA-HP-ST2,2026-03-23,Amazon,1,4499,ST2-2601-3
VR900893,C108518,VA-SW-NX2,2026-03-23,Amazon,1,6174,NX2-2512-2
VR901419,C104377,VA-EB-PL2,2026-03-23,Flipkart,1,3149,PL2-2512-4
VR901955,C106227,VA-SP-MINI,2026-03-23,vireo.in,1,2374,MINI-2512-3
VR902062,C104142,VA-EB-PL2,2026-03-23,Amazon,1,3324,PL2-2602-4
VR902092,C106360,VA-AC-CH65,2026-03-23,Amazon,1,1499,CH65-2602-1
VR902236,C107597,VA-SP-ORB,2026-03-23,Flipkart,1,5399,ORB-2512-3
VR904207,C108194,VA-SW-FIT,2026-03-23,vireo.in,1,1899,FIT-2601-3
VR904963,C105164,VA-SW-NX2,2026-03-23,vireo.in,1,5524,NX2-2602-1
VR906296,C109246,VA-AC-CASE,2026-03-23,vireo.in,1,1169,CASE-2601-2
VR907192,C104817,VA-EB-PL2,2026-03-23,vireo.in,1,3499,PL2-2512-2
VR909486,C100041,VA-EB-PL2,2026-03-23,Flipkart,1,3324,PL2-2512-3
VR880205,C107345,VA-SP-MINI,2026-03-24,vireo.in,2,3998,MINI-2601-1
VR882549,C102305,VA-EB-AIR,2026-03-24,vireo.in,1,1799,AIR-2602-2
VR882836,C100856,VA-EB-PL1,2026-03-24,Amazon,1,2499,PL1-2512-2
VR885421,C103763,VA-EB-PL2,2026-03-24,vireo.in,1,3499,PL2-2512-4
VR885940,C101608,VA-SW-NX2,2026-03-24,vireo.in,1,6499,NX2-2603-1
VR888943,C106510,VA-EB-PL2,2026-03-24,vireo.in,1,3149,PL2-2512-4
VR889356,C100178,VA-EB-PL2,2026-03-24,vireo.in,1,3499,PL2-2512-2
VR890484,C106297,VA-EB-PL2,2026-03-24,vireo.in,1,3499,PL2-2602-2
VR891573,C102237,VA-EB-PL2,2026-03-24,Flipkart,1,3499,PL2-2601-2
VR892070,C108468,VA-EB-AIR,2026-03-24,Flipkart,1,1529,AIR-2601-1
VR892897,C102482,VA-EB-PL2,2026-03-24,vireo.in,1,2799,PL2-2602-3
VR894821,C101843,VA-EB-PL2,2026-03-24,Flipkart,2,6998,PL2-2601-4
VR895683,C102905,VA-SP-MINI,2026-03-24,vireo.in,1,2249,MINI-2512-2
VR897379,C100023,VA-EB-PL2,2026-03-24,vireo.in,1,3499,PL2-2601-2
VR899060,C104173,VA-EB-PL2,2026-03-24,Flipkart,1,3324,PL2-2602-2
VR901532,C109338,VA-SW-NX2,2026-03-24,Flipkart,1,6499,NX2-2601-1
VR902734,C107730,VA-EB-PL2,2026-03-24,vireo.in,1,3499,PL2-2601-4
VR904896,C104813,VA-EB-PL2,2026-03-24,Flipkart,1,3324,PL2-2601-2
VR905028,C105216,VA-SP-MINI,2026-03-24,Amazon,1,2249,MINI-2512-4
VR905914,C100916,VA-HP-ST2,2026-03-24,Flipkart,1,4999,ST2-2602-1
VR906281,C108762,VA-SP-ORB,2026-03-24,vireo.in,1,4799,ORB-2602-3
VR906920,C106211,VA-SW-FIT,2026-03-24,Amazon,1,1999,FIT-2512-1
VR908774,C102155,VA-HP-ST3,2026-03-24,vireo.in,1,5599,ST3-2601-4
VR881305,C108081,VA-EB-AIR,2026-03-25,vireo.in,1,1709,AIR-2512-2
VR881695,C103808,VA-HP-ST3,2026-03-25,vireo.in,1,6999,ST3-2512-3
VR882706,C107258,VA-EB-PL2,2026-03-25,vireo.in,1,3499,PL2-2602-3
VR883111,C105632,VA-SW-NX2,2026-03-25,Flipkart,1,6499,NX2-2602-4
VR883603,C108399,VA-SW-NX1,2026-03-25,vireo.in,1,4749,NX1-2601-1
VR884372,C102486,VA-SW-NX1,2026-03-25,Flipkart,1,4999,NX1-2601-1
VR884448,C103589,VA-SP-MINI,2026-03-25,vireo.in,1,2374,MINI-2603-1
VR886051,C102209,VA-SP-MINI,2026-03-25,Amazon,1,2124,MINI-2601-4
VR887394,C103956,VA-AC-CASE,2026-03-25,Flipkart,1,1299,CASE-2602-2
VR887623,C106600,VA-EB-AIR,2026-03-25,vireo.in,1,1799,AIR-2512-4
VR888273,C100803,VA-EB-PL1,2026-03-25,vireo.in,1,2499,PL1-2512-2
VR888780,C104828,VA-SW-NX1,2026-03-25,vireo.in,1,4749,NX1-2602-2
VR888803,C103784,VA-SW-FIT,2026-03-25,vireo.in,1,1999,FIT-2602-2
VR889389,C101430,VA-EB-PL2,2026-03-25,Amazon,1,3499,PL2-2601-4
VR890312,C108753,VA-EB-PL2,2026-03-25,Amazon,1,3499,PL2-2601-1
VR891140,C103628,VA-SW-NX2,2026-03-25,Amazon,1,6499,NX2-2603-2
VR891563,C108625,VA-SW-NX2,2026-03-25,vireo.in,1,5199,NX2-2602-4
VR892041,C102658,VA-SW-FIT,2026-03-25,vireo.in,2,3598,FIT-2602-3
VR894359,C107569,VA-SW-FIT,2026-03-25,vireo.in,1,1699,FIT-2603-4
VR894420,C108010,VA-SW-NX2,2026-03-25,Amazon,1,5199,NX2-2602-1
VR894813,C104421,VA-EB-PL2,2026-03-25,vireo.in,1,2799,PL2-2512-1
VR895166,C109144,VA-SW-FIT,2026-03-25,vireo.in,1,1999,FIT-2601-1
VR895217,C107008,VA-EB-PL2,2026-03-25,Amazon,1,2799,PL2-2602-2
VR895282,C108282,VA-EB-PL2,2026-03-25,Amazon,1,3499,PL2-2601-1
VR897134,C101152,VA-HP-ST3,2026-03-25,vireo.in,1,6299,ST3-2601-4
VR897251,C102106,VA-EB-PL1,2026-03-25,vireo.in,1,1999,PL1-2603-3
VR897637,C101057,VA-EB-PL2,2026-03-25,Amazon,1,2974,PL2-2602-1
VR898478,C100269,VA-SW-NX2,2026-03-25,Flipkart,1,5199,NX2-2512-1
VR898950,C101033,VA-SW-FIT,2026-03-25,vireo.in,1,1899,FIT-2601-4
VR899451,C106134,VA-EB-PL1,2026-03-25,vireo.in,1,2374,PL1-2602-2
VR899952,C105135,VA-SW-NX1,2026-03-25,Flipkart,2,9998,NX1-2512-1
VR900570,C104302,VA-EB-PL2,2026-03-25,vireo.in,1,3499,PL2-2602-3
VR901090,C106837,VA-EB-PL2,2026-03-25,Flipkart,1,3149,PL2-2601-4
VR901660,C102387,VA-EB-PL2,2026-03-25,Amazon,1,3499,PL2-2512-1
VR901775,C106672,VA-SP-ORB,2026-03-25,vireo.in,1,5999,ORB-2512-3
VR902213,C107779,VA-EB-PL2,2026-03-25,vireo.in,1,3149,PL2-2512-1
VR904668,C107735,VA-HP-ST3,2026-03-25,Amazon,1,5599,ST3-2602-3
VR905550,C104812,VA-HP-ST3,2026-03-25,vireo.in,1,6299,ST3-2601-1
VR907403,C108163,VA-EB-PL2,2026-03-25,vireo.in,1,3499,PL2-2602-4
VR880573,C104702,VA-EB-AIR,2026-03-26,Amazon,1,1799,AIR-2601-3
VR881482,C100531,VA-HP-ST3,2026-03-26,Amazon,2,13998,ST3-2512-2
VR881581,C105709,VA-SP-MINI,2026-03-26,Flipkart,1,2499,MINI-2512-1
VR883733,C109353,VA-AC-CBL,2026-03-26,Amazon,1,319,CBL-2601-4
VR883984,C102960,VA-EB-PL1,2026-03-26,vireo.in,1,2374,PL1-2512-4
VR884860,C107564,VA-SP-ORB,2026-03-26,Amazon,1,5399,ORB-2512-2
VR886674,C107839,VA-SW-NX1,2026-03-26,Amazon,1,4999,NX1-2601-3
VR888117,C106581,VA-SW-NX2,2026-03-26,vireo.in,1,5199,NX2-2602-4
VR888392,C102159,VA-EB-AIR,2026-03-26,Flipkart,1,1799,AIR-2601-4
VR890054,C105554,VA-EB-PL2,2026-03-26,vireo.in,1,3499,PL2-2602-2
VR890399,C100951,VA-EB-AIR,2026-03-26,Amazon,1,1619,AIR-2602-4
VR892432,C104987,VA-SW-NX2,2026-03-26,Flipkart,1,6499,NX2-2601-1
VR893342,C108497,VA-EB-AIR,2026-03-26,vireo.in,1,1439,AIR-2602-2
VR893972,C109309,VA-EB-AIR,2026-03-26,vireo.in,1,1799,AIR-2512-3
VR894927,C108872,VA-EB-PL2,2026-03-26,vireo.in,1,3499,PL2-2602-2
VR896812,C103443,VA-SP-MINI,2026-03-26,Amazon,1,2499,MINI-2602-3
VR898396,C100766,VA-EB-PL2,2026-03-26,vireo.in,1,3499,PL2-2602-2
VR902568,C108930,VA-NB-ARC,2026-03-26,Flipkart,1,1299,ARC-2601-1
VR903254,C100463,VA-SP-ORB,2026-03-26,vireo.in,1,5999,ORB-2601-4
VR903652,C106941,VA-EB-PL2,2026-03-26,vireo.in,1,3324,PL2-2602-4
VR906116,C101561,VA-EB-PL2,2026-03-26,Amazon,1,3499,PL2-2601-3
VR908541,C100973,VA-SP-MINI,2026-03-26,Amazon,1,2499,MINI-2601-1
VR908660,C100292,VA-EB-AIR,2026-03-26,Amazon,1,1799,AIR-2512-1
VR909675,C105093,VA-EB-PL2,2026-03-26,vireo.in,2,6648,PL2-2601-1
VR909945,C105124,VA-SW-NX2,2026-03-26,vireo.in,1,6499,NX2-2601-2
VR880073,C100371,VA-NB-ARC,2026-03-27,Flipkart,1,1234,ARC-2512-2
VR880143,C108753,VA-EB-PL2,2026-03-27,Flipkart,1,3499,PL2-2601-1
VR881356,C105226,VA-SP-MINI,2026-03-27,Amazon,1,2124,MINI-2512-3
VR884395,C104780,VA-SW-FIT,2026-03-27,Amazon,1,1999,FIT-2601-3
VR886665,C100761,VA-SW-FIT,2026-03-27,Amazon,1,1799,FIT-2601-1
VR888176,C104601,VA-HP-ST3,2026-03-27,Amazon,1,6649,ST3-2512-2
VR888197,C108917,VA-EB-PL2,2026-03-27,vireo.in,1,3324,PL2-2602-4
VR890320,C104747,VA-EB-AIR,2026-03-27,vireo.in,1,1709,AIR-2602-3
VR890916,C101824,VA-EB-PL2,2026-03-27,vireo.in,1,2974,PL2-2603-2
VR893272,C108101,VA-EB-PL2,2026-03-27,vireo.in,1,2799,PL2-2601-4
VR896712,C104530,VA-EB-PL1,2026-03-27,Amazon,1,2124,PL1-2602-2
VR901280,C102662,VA-EB-PL2,2026-03-27,Flipkart,1,3324,PL2-2512-4
VR901354,C106572,VA-AC-CASE,2026-03-27,Flipkart,1,1039,CASE-2602-1
VR901385,C104707,VA-SW-NX2,2026-03-27,Flipkart,1,5849,NX2-2512-3
VR902623,C106055,VA-EB-AIR,2026-03-27,Amazon,1,1439,AIR-2601-4
VR902759,C102676,VA-SP-MINI,2026-03-27,vireo.in,1,2499,MINI-2601-3
VR902974,C101300,VA-EB-PL2,2026-03-27,vireo.in,1,3149,PL2-2601-1
VR903335,C108987,VA-HP-ST2,2026-03-27,Flipkart,1,4249,ST2-2602-3
VR904822,C100646,VA-SW-NX1,2026-03-27,Amazon,1,4499,NX1-2602-2
VR905210,C103054,VA-EB-PL2,2026-03-27,vireo.in,1,2799,PL2-2603-1
VR907597,C107286,VA-EB-PL2,2026-03-27,vireo.in,1,3499,PL2-2512-1
VR909183,C104102,VA-EB-AIR,2026-03-27,Amazon,1,1799,AIR-2602-1
VR909969,C103241,VA-EB-PL2,2026-03-27,vireo.in,1,3499,PL2-2602-2
VR881177,C104032,VA-SP-MINI,2026-03-28,Flipkart,1,2499,MINI-2512-1
VR881179,C108806,VA-HP-ST2,2026-03-28,vireo.in,1,3999,ST2-2602-1
VR881852,C103580,VA-EB-PL2,2026-03-28,vireo.in,1,3324,PL2-2602-3
VR882494,C100372,VA-EB-AIR,2026-03-28,vireo.in,1,1529,AIR-2602-2
VR882936,C105545,VA-EB-PL2,2026-03-28,vireo.in,1,3149,PL2-2602-4
VR882971,C105102,VA-NB-ARC,2026-03-28,vireo.in,1,1104,ARC-2512-3
VR883442,C105644,VA-SW-NX2,2026-03-28,Amazon,1,6499,NX2-2601-2
VR886625,C108805,VA-EB-PL2,2026-03-28,vireo.in,1,2974,PL2-2602-1
VR887280,C104392,VA-SP-ORB,2026-03-28,Amazon,1,4799,ORB-2512-2
VR887483,C104874,VA-EB-PL2,2026-03-28,Amazon,1,2799,PL2-2602-2
VR887638,C100025,VA-EB-PL2,2026-03-28,vireo.in,1,3499,PL2-2601-3
VR889529,C103932,VA-EB-PL2,2026-03-28,vireo.in,1,3324,PL2-2601-2
VR891756,C102314,VA-EB-AIR,2026-03-28,vireo.in,1,1799,AIR-2512-2
VR892506,C107828,VA-NB-ARC,2026-03-28,vireo.in,2,2468,ARC-2601-1
VR892701,C106081,VA-EB-PL2,2026-03-28,vireo.in,1,3499,PL2-2512-2
VR894706,C109039,VA-SP-MINI,2026-03-28,Amazon,1,2249,MINI-2602-2
VR895543,C107560,VA-EB-PL2,2026-03-28,vireo.in,1,3499,PL2-2512-2
VR896034,C106113,VA-SW-NX1,2026-03-28,vireo.in,1,4249,NX1-2512-3
VR896752,C103021,VA-EB-PL2,2026-03-28,vireo.in,1,3149,PL2-2512-3
VR897807,C105767,VA-EB-PL2,2026-03-28,Amazon,1,3149,PL2-2512-4
VR898746,C103132,VA-EB-AIR,2026-03-28,vireo.in,1,1529,AIR-2512-1
VR899903,C100679,VA-SP-MINI,2026-03-28,Flipkart,1,2499,MINI-2602-2
VR904029,C109248,VA-EB-PL2,2026-03-28,vireo.in,1,3499,PL2-2512-1
VR904694,C106688,VA-AC-CASE,2026-03-28,vireo.in,1,1169,CASE-2601-1
VR906631,C106653,VA-NB-ARC,2026-03-28,Amazon,1,1104,ARC-2601-2
VR907132,C109256,VA-EB-AIR,2026-03-28,vireo.in,1,1619,AIR-2512-4
VR909377,C105869,VA-EB-PL2,2026-03-28,Amazon,1,3499,PL2-2601-1
VR909668,C109050,VA-SW-FIT,2026-03-28,Flipkart,1,1699,FIT-2512-3
VR909849,C106529,VA-EB-PL2,2026-03-28,vireo.in,1,2974,PL2-2601-2
VR880079,C107486,VA-EB-PL2,2026-03-29,vireo.in,1,2974,PL2-2602-4
VR880087,C101641,VA-EB-PL2,2026-03-29,Amazon,1,2974,PL2-2512-3
VR880837,C104905,VA-SW-FIT,2026-03-29,vireo.in,1,1899,FIT-2602-1
VR881203,C104452,VA-HP-ST3,2026-03-29,Amazon,1,6999,ST3-2602-3
VR881902,C106887,VA-EB-PL2,2026-03-29,Amazon,1,2799,PL2-2601-4
VR882213,C107151,VA-EB-PL2,2026-03-29,Amazon,1,3149,PL2-2601-2
VR883613,C101917,VA-HP-ST3,2026-03-29,Amazon,1,6999,ST3-2512-4
VR884113,C105300,VA-SP-ORB,2026-03-29,vireo.in,1,5399,ORB-2602-3
VR884625,C103293,VA-HP-ST3,2026-03-29,vireo.in,1,6299,ST3-2601-4
VR884703,C101643,VA-EB-PL2,2026-03-29,vireo.in,1,3149,PL2-2601-4
VR887663,C105906,VA-EB-PL2,2026-03-29,vireo.in,1,3499,PL2-2602-3
VR888867,C102788,VA-EB-PL2,2026-03-29,vireo.in,1,2974,PL2-2602-2
VR889307,C103125,VA-EB-PL1,2026-03-29,vireo.in,1,2499,PL1-2512-2
VR890128,C103418,VA-EB-AIR,2026-03-29,Flipkart,1,1439,AIR-2512-2
VR892390,C109117,VA-EB-PL2,2026-03-29,Amazon,1,3499,PL2-2602-1
VR894343,C105928,VA-EB-PL2,2026-03-29,Amazon,2,5948,PL2-2601-3
VR896811,C107820,VA-SW-FIT,2026-03-29,vireo.in,1,1999,FIT-2601-1
VR896865,C105622,VA-SP-MINI,2026-03-29,vireo.in,1,2499,MINI-2601-3
VR897101,C104715,VA-EB-PL2,2026-03-29,vireo.in,1,3499,PL2-2602-4
VR897483,C107925,VA-SP-ORB,2026-03-29,vireo.in,1,4799,ORB-2603-3
VR898571,C103619,VA-SW-NX2,2026-03-29,Amazon,1,5849,NX2-2512-2
VR900043,C103934,VA-EB-PL2,2026-03-29,Amazon,1,2799,PL2-2601-1
VR901356,C104233,VA-EB-PL2,2026-03-29,vireo.in,1,3324,PL2-2601-1
VR901439,C101027,VA-EB-PL2,2026-03-29,vireo.in,1,2799,PL2-2512-3
VR901842,C102614,VA-EB-PL2,2026-03-29,Amazon,1,3499,PL2-2512-1
VR902765,C103988,VA-HP-ST3,2026-03-29,Flipkart,1,6649,ST3-2602-3
VR904519,C105020,VA-SP-ORB,2026-03-29,vireo.in,1,4799,ORB-2512-4
VR905670,C103797,VA-EB-PL2,2026-03-29,vireo.in,2,5598,PL2-2602-4
VR906133,C104470,VA-SW-NX2,2026-03-29,Amazon,1,5199,NX2-2601-4
VR909046,C107605,VA-EB-PL2,2026-03-29,Flipkart,1,3499,PL2-2602-2
VR880552,C102394,VA-SW-NX2,2026-03-30,vireo.in,1,6499,NX2-2512-2
VR880725,C102663,VA-AC-CH65,2026-03-30,vireo.in,1,1499,CH65-2602-4
VR881438,C106613,VA-SP-ORB,2026-03-30,vireo.in,1,5099,ORB-2512-2
VR883114,C103855,VA-EB-AIR,2026-03-30,vireo.in,1,1799,AIR-2601-4
VR885924,C102789,VA-SP-MINI,2026-03-30,vireo.in,1,2499,MINI-2512-2
VR888212,C102082,VA-EB-PL1,2026-03-30,Amazon,1,2499,PL1-2603-4
VR889608,C108996,VA-SW-NX2,2026-03-30,vireo.in,1,6174,NX2-2603-1
VR890146,C104554,VA-SW-NX1,2026-03-30,Amazon,1,3999,NX1-2602-1
VR891734,C104111,VA-EB-PL2,2026-03-30,vireo.in,1,3149,PL2-2512-4
VR894234,C102112,VA-HP-ST2,2026-03-30,vireo.in,1,4999,ST2-2601-3
VR894272,C102243,VA-NB-ARC,2026-03-30,vireo.in,1,1234,ARC-2512-1
VR898436,C105261,VA-EB-PL2,2026-03-30,vireo.in,1,2799,PL2-2601-3
VR898640,C105915,VA-EB-PL1,2026-03-30,vireo.in,1,2499,PL1-2603-2
VR901989,C100908,VA-SW-NX2,2026-03-30,vireo.in,1,6174,NX2-2602-3
VR903176,C103065,VA-HP-ST3,2026-03-30,vireo.in,1,6999,ST3-2601-4
VR904160,C106971,VA-EB-PL2,2026-03-30,vireo.in,1,2974,PL2-2602-2
VR904655,C104073,VA-EB-PL2,2026-03-30,Amazon,1,2974,PL2-2602-4
VR905527,C100382,VA-HP-ST2,2026-03-30,vireo.in,1,3999,ST2-2512-1
VR907744,C102748,VA-SW-NX2,2026-03-30,vireo.in,1,6499,NX2-2602-3
VR908637,C106964,VA-EB-PL2,2026-03-30,vireo.in,1,3324,PL2-2512-2
VR909438,C108719,VA-EB-PL2,2026-03-30,Amazon,1,3499,PL2-2512-1
VR883068,C100142,VA-EB-PL2,2026-03-31,Amazon,1,3324,PL2-2602-4
VR883518,C105951,VA-HP-ST3,2026-03-31,vireo.in,1,6999,ST3-2602-1
VR883884,C105945,VA-NB-ARC,2026-03-31,vireo.in,1,1299,ARC-2601-1
VR884431,C105773,VA-NB-ARC,2026-03-31,vireo.in,1,1104,ARC-2602-4
VR884436,C108119,VA-SW-NX2,2026-03-31,vireo.in,1,5524,NX2-2602-2
VR884461,C106070,VA-HP-ST3,2026-03-31,vireo.in,1,6999,ST3-2602-3
VR887942,C101821,VA-SW-NX2,2026-03-31,Amazon,1,5199,NX2-2602-1
VR890249,C100781,VA-EB-PL2,2026-03-31,vireo.in,1,3499,PL2-2601-3
VR892843,C109394,VA-EB-PL2,2026-03-31,vireo.in,1,3149,PL2-2601-1
VR893061,C101734,VA-EB-PL2,2026-03-31,Flipkart,1,3499,PL2-2602-1
VR894793,C102989,VA-SW-NX2,2026-03-31,Amazon,1,6499,NX2-2512-4
VR895399,C106455,VA-HP-ST3,2026-03-31,Amazon,1,5949,ST3-2512-4
VR895741,C106104,VA-EB-PL2,2026-03-31,vireo.in,1,3149,PL2-2601-4
VR896743,C102884,VA-SW-NX2,2026-03-31,vireo.in,1,6499,NX2-2602-4
VR896922,C107141,VA-SP-ORB,2026-03-31,vireo.in,1,5999,ORB-2512-2
VR897336,C101829,VA-AC-CH65,2026-03-31,Flipkart,1,1499,CH65-2602-3
VR898197,C106007,VA-EB-PL2,2026-03-31,vireo.in,1,3149,PL2-2602-1
VR898846,C101150,VA-EB-PL1,2026-03-31,vireo.in,1,2249,PL1-2601-2
VR902912,C101807,VA-EB-PL2,2026-03-31,vireo.in,1,3499,PL2-2603-4
VR903565,C104364,VA-EB-PL2,2026-03-31,vireo.in,1,3499,PL2-2601-4
VR907623,C100732,VA-EB-PL2,2026-03-31,vireo.in,1,3324,PL2-2603-4
VR908113,C100109,VA-EB-PL1,2026-03-31,Flipkart,1,2499,PL1-2602-4
VR880858,C108441,VA-EB-PL2,2026-04-01,Amazon,1,2974,PL2-2601-1
VR881601,C105804,VA-SP-ORB,2026-04-01,vireo.in,1,5699,ORB-2603-4
VR882471,C104928,VA-EB-PL2,2026-04-01,vireo.in,1,2974,PL2-2602-4
VR884591,C103525,VA-EB-PL2,2026-04-01,vireo.in,1,3324,PL2-2601-1
VR885440,C108329,VA-EB-PL2,2026-04-01,vireo.in,2,6998,PL2-2602-1
VR888582,C101798,VA-AC-CASE,2026-04-01,vireo.in,2,2598,CASE-2603-1
VR889547,C107362,VA-EB-PL2,2026-04-01,vireo.in,1,3499,PL2-2512-3
VR893715,C109038,VA-HP-ST3,2026-04-01,Flipkart,1,5949,ST3-2603-3
VR893718,C100965,VA-NB-ARC,2026-04-01,Amazon,1,1104,ARC-2601-2
VR895651,C101092,VA-EB-PL2,2026-04-01,vireo.in,1,3499,PL2-2601-2
VR896377,C107485,VA-EB-PL2,2026-04-01,Amazon,1,3324,PL2-2602-1
VR896646,C108725,VA-EB-PL1,2026-04-01,vireo.in,1,2499,PL1-2601-3
VR897098,C104277,VA-SP-MINI,2026-04-01,Flipkart,1,1999,MINI-2602-2
VR898427,C108346,VA-SW-FIT,2026-04-01,Amazon,2,3798,FIT-2602-3
VR899654,C103949,VA-EB-PL2,2026-04-01,vireo.in,1,3149,PL2-2602-1
VR903078,C108555,VA-EB-PL2,2026-04-01,Flipkart,1,3324,PL2-2603-3
VR904588,C105560,VA-SP-MINI,2026-04-01,vireo.in,1,2499,MINI-2601-1
VR905915,C107714,VA-SW-FIT,2026-04-01,vireo.in,1,1999,FIT-2512-2
VR906058,C101756,VA-SW-NX1,2026-04-01,Amazon,1,4999,NX1-2602-4
VR907996,C109231,VA-EB-PL2,2026-04-01,Amazon,1,3499,PL2-2601-4
VR908899,C103381,VA-EB-PL2,2026-04-01,Amazon,1,3499,PL2-2601-3
VR908924,C105446,VA-EB-PL2,2026-04-01,vireo.in,1,3499,PL2-2512-2
VR881041,C104427,VA-HP-ST3,2026-04-02,vireo.in,1,6999,ST3-2602-3
VR881868,C103059,VA-SW-NX1,2026-04-02,Amazon,1,4999,NX1-2602-2
VR883490,C108137,VA-EB-PL2,2026-04-02,Amazon,1,2974,PL2-2602-2
VR884388,C104591,VA-SW-FIT,2026-04-02,vireo.in,1,1999,FIT-2603-2
VR885456,C105013,VA-EB-PL2,2026-04-02,vireo.in,1,2974,PL2-2601-3
VR885584,C103824,VA-AC-CASE,2026-04-02,Amazon,1,1299,CASE-2603-2
VR885788,C108705,VA-SP-MINI,2026-04-02,Amazon,1,2249,MINI-2602-3
VR889451,C106719,VA-SP-ORB,2026-04-02,vireo.in,1,5099,ORB-2601-1
VR891936,C108747,VA-SW-NX2,2026-04-02,vireo.in,1,5849,NX2-2601-2
VR891950,C101096,VA-SW-FIT,2026-04-02,Amazon,1,1699,FIT-2602-3
VR892161,C106372,VA-SP-ORB,2026-04-02,vireo.in,1,4799,ORB-2602-4
VR892599,C103120,VA-EB-PL2,2026-04-02,Flipkart,1,2974,PL2-2602-3
VR892719,C108848,VA-SW-NX2,2026-04-02,Amazon,1,5524,NX2-2602-3
VR893122,C105088,VA-EB-PL1,2026-04-02,Flipkart,1,2499,PL1-2512-4
VR893469,C106207,VA-EB-PL2,2026-04-02,vireo.in,1,3149,PL2-2603-1
VR894041,C108730,VA-AC-CASE,2026-04-02,Amazon,1,1299,CASE-2601-3
VR897761,C103240,VA-SW-FIT,2026-04-02,vireo.in,1,1799,FIT-2603-3
VR898601,C103590,VA-EB-AIR,2026-04-02,vireo.in,1,1529,AIR-2602-1
VR899151,C105768,VA-SP-MINI,2026-04-02,vireo.in,1,2499,MINI-2512-2
VR900151,C107243,VA-EB-PL2,2026-04-02,vireo.in,1,3499,PL2-2602-1
VR900640,C106525,VA-EB-PL2,2026-04-02,vireo.in,1,3149,PL2-2602-4
VR900698,C102133,VA-EB-PL2,2026-04-02,Amazon,1,2974,PL2-2512-4
VR901781,C109435,VA-HP-ST2,2026-04-02,vireo.in,1,4249,ST2-2603-4
VR902480,C104946,VA-AC-CH65,2026-04-02,Amazon,1,1499,CH65-2603-4
VR902806,C108746,VA-SW-NX1,2026-04-02,vireo.in,1,4749,NX1-2601-1
VR904414,C108293,VA-NB-ARC,2026-04-02,vireo.in,1,1039,ARC-2512-4
VR904999,C100557,VA-EB-PL1,2026-04-02,vireo.in,1,2249,PL1-2601-4
VR907053,C103974,VA-EB-AIR,2026-04-02,vireo.in,1,1709,AIR-2601-1
VR880266,C102672,VA-EB-PL2,2026-04-03,vireo.in,1,3149,PL2-2602-4
VR883142,C108804,VA-SW-NX1,2026-04-03,Amazon,1,4499,NX1-2602-3
VR883364,C105223,VA-EB-PL1,2026-04-03,Amazon,1,2124,PL1-2512-4
VR883696,C100696,VA-HP-ST3,2026-04-03,vireo.in,1,6999,ST3-2601-2
VR884651,C101911,VA-SW-NX2,2026-04-03,vireo.in,2,12998,NX2-2603-1
VR885027,C108477,VA-HP-ST2,2026-04-03,vireo.in,1,4999,ST2-2601-3
VR886637,C103642,VA-SP-MINI,2026-04-03,Flipkart,1,2249,MINI-2601-3
VR887767,C108804,VA-NB-ARC,2026-04-03,Flipkart,1,1169,ARC-2603-2
VR888703,C101985,VA-SW-FIT,2026-04-03,Amazon,1,1999,FIT-2603-4
VR889107,C104759,VA-EB-PL1,2026-04-03,Amazon,1,2249,PL1-2601-2
VR890190,C101447,VA-NB-ARC,2026-04-03,Amazon,1,1299,ARC-2512-4
VR891921,C109027,VA-EB-PL2,2026-04-03,vireo.in,1,3499,PL2-2602-4
VR892899,C101860,VA-HP-ST3,2026-04-03,vireo.in,1,5949,ST3-2602-3
VR896148,C101213,VA-HP-ST2,2026-04-03,vireo.in,1,4999,ST2-2602-1
VR898594,C102279,VA-EB-PL2,2026-04-03,vireo.in,1,2799,PL2-2512-4
VR899553,C101475,VA-SW-NX2,2026-04-03,Amazon,1,6499,NX2-2602-4
VR900711,C101700,VA-AC-CASE,2026-04-03,vireo.in,1,1234,CASE-2602-3
VR902231,C101223,VA-SP-MINI,2026-04-03,Amazon,1,2499,MINI-2512-3
VR902549,C105846,VA-SW-NX1,2026-04-03,vireo.in,1,4999,NX1-2601-2
VR903683,C106656,VA-EB-AIR,2026-04-03,vireo.in,1,1799,AIR-2602-1
VR907088,C106417,VA-EB-PL2,2026-04-03,vireo.in,1,2799,PL2-2512-1
VR909680,C104219,VA-EB-PL2,2026-04-03,Flipkart,1,3499,PL2-2601-3
VR909709,C103170,VA-NB-ARC,2026-04-03,vireo.in,1,1104,ARC-2603-2
VR881807,C108062,VA-EB-AIR,2026-04-04,Amazon,1,1799,AIR-2603-1
VR881865,C102893,VA-AC-CASE,2026-04-04,vireo.in,1,1234,CASE-2512-3
VR883331,C108799,VA-SW-NX1,2026-04-04,vireo.in,1,4999,NX1-2601-3
VR883601,C109463,VA-AC-CASE,2026-04-04,vireo.in,1,1299,CASE-2512-1
VR885522,C108586,VA-SP-MINI,2026-04-04,vireo.in,1,1999,MINI-2602-1
VR885846,C106823,VA-EB-PL1,2026-04-04,vireo.in,1,2499,PL1-2512-3
VR889887,C101114,VA-EB-AIR,2026-04-04,Amazon,1,1619,AIR-2603-3
VR890385,C102371,VA-EB-PL1,2026-04-04,vireo.in,1,2124,PL1-2512-3
VR892121,C100302,VA-AC-CASE,2026-04-04,vireo.in,1,1039,CASE-2601-2
VR893600,C102981,VA-SP-MINI,2026-04-04,vireo.in,1,1999,MINI-2601-4
VR894580,C102274,VA-SW-FIT,2026-04-04,Amazon,1,1999,FIT-2512-1
VR894826,C105831,VA-EB-PL2,2026-04-04,Flipkart,1,2974,PL2-2512-1
VR896168,C101262,VA-SW-FIT,2026-04-04,vireo.in,1,1799,FIT-2601-1
VR896322,C108799,VA-EB-PL2,2026-04-04,Amazon,1,3149,PL2-2602-3
VR896977,C105784,VA-HP-ST2,2026-04-04,Amazon,1,4249,ST2-2601-2
VR897005,C102276,VA-EB-PL1,2026-04-04,vireo.in,1,1999,PL1-2512-2
VR897045,C105218,VA-EB-PL2,2026-04-04,Flipkart,2,6298,PL2-2603-3
VR897186,C100525,VA-SW-NX2,2026-04-04,vireo.in,1,6174,NX2-2601-1
VR900294,C101430,VA-NB-ARC,2026-04-04,Flipkart,1,1234,ARC-2601-1
VR900564,C101898,VA-SP-ORB,2026-04-04,vireo.in,1,5999,ORB-2602-2
VR901747,C107006,VA-EB-PL2,2026-04-04,vireo.in,1,3499,PL2-2512-1
VR901936,C103238,VA-EB-PL2,2026-04-04,Amazon,1,2974,PL2-2603-3
VR902195,C104425,VA-EB-PL1,2026-04-04,vireo.in,1,2499,PL1-2601-4
VR902954,C105834,VA-SP-MINI,2026-04-04,vireo.in,1,2499,MINI-2602-3
VR903075,C108868,VA-AC-CASE,2026-04-04,vireo.in,1,1234,CASE-2601-2
VR905104,C105943,VA-EB-PL2,2026-04-04,vireo.in,1,3499,PL2-2601-1
VR881294,C103069,VA-EB-PL2,2026-04-05,vireo.in,1,2974,PL2-2603-4
VR882108,C109459,VA-SP-MINI,2026-04-05,vireo.in,1,2499,MINI-2512-4
VR883014,C100777,VA-EB-PL2,2026-04-05,vireo.in,1,3499,PL2-2512-4
VR883901,C103007,VA-SP-ORB,2026-04-05,Amazon,1,4799,ORB-2601-2
VR885707,C103831,VA-EB-PL2,2026-04-05,vireo.in,2,6298,PL2-2512-3
VR885823,C107675,VA-EB-PL2,2026-04-05,Amazon,1,2974,PL2-2601-2
VR887640,C104561,VA-HP-ST3,2026-04-05,Flipkart,1,5599,ST3-2601-4
VR888416,C102565,VA-SP-MINI,2026-04-05,vireo.in,1,2499,MINI-2603-2
VR888805,C109123,VA-SW-FIT,2026-04-05,Amazon,1,1999,FIT-2601-1
VR890895,C106329,VA-EB-PL2,2026-04-05,vireo.in,1,3499,PL2-2603-3
VR892941,C103746,VA-EB-PL1,2026-04-05,vireo.in,1,2499,PL1-2512-2
VR894864,C105198,VA-EB-PL2,2026-04-05,vireo.in,1,2799,PL2-2512-3
VR895631,C102966,VA-HP-ST3,2026-04-05,Flipkart,1,6999,ST3-2601-3
VR899127,C105724,VA-EB-PL2,2026-04-05,vireo.in,1,3499,PL2-2603-3
VR899155,C108611,VA-EB-PL1,2026-04-05,vireo.in,1,2499,PL1-2602-2
VR899158,C106985,VA-SW-NX2,2026-04-05,Flipkart,1,5849,NX2-2512-4
VR899182,C105089,VA-SW-NX2,2026-04-05,Flipkart,2,12998,NX2-2602-4
VR900175,C101482,VA-EB-PL2,2026-04-05,Amazon,1,3499,PL2-2603-2
VR900936,C104104,VA-HP-ST3,2026-04-05,Amazon,1,5949,ST3-2512-4
VR901684,C109147,VA-SP-ORB,2026-04-05,Amazon,1,4799,ORB-2603-1
VR903680,C100987,VA-HP-ST3,2026-04-05,Flipkart,1,6999,ST3-2601-3
VR905331,C101768,VA-EB-PL1,2026-04-05,Amazon,1,1999,PL1-2601-4
VR905669,C105542,VA-SW-NX1,2026-04-05,vireo.in,1,4749,NX1-2603-4
VR906510,C108793,VA-SP-ORB,2026-04-05,Flipkart,1,5099,ORB-2603-1
VR906650,C108879,VA-EB-PL2,2026-04-05,Flipkart,1,3499,PL2-2603-4
VR908419,C101866,VA-HP-ST2,2026-04-05,vireo.in,1,4999,ST2-2602-4
VR908560,C108113,VA-EB-AIR,2026-04-05,vireo.in,1,1799,AIR-2602-2
VR909796,C101809,VA-SW-NX2,2026-04-05,Amazon,1,6499,NX2-2601-2
VR880097,C102428,VA-SW-NX2,2026-04-06,Flipkart,1,5524,NX2-2601-2
VR880193,C109309,VA-SW-FIT,2026-04-06,vireo.in,1,1599,FIT-2602-4
VR880767,C103339,VA-EB-PL2,2026-04-06,Amazon,1,3149,PL2-2602-3
VR881511,C100934,VA-EB-PL2,2026-04-06,vireo.in,1,3324,PL2-2603-1
VR881889,C101336,VA-SW-NX1,2026-04-06,Amazon,1,4499,NX1-2603-4
VR883390,C108735,VA-EB-PL2,2026-04-06,Amazon,1,3499,PL2-2512-1
VR884285,C107587,VA-HP-ST3,2026-04-06,Amazon,1,6299,ST3-2602-1
VR884429,C102946,VA-SW-NX1,2026-04-06,vireo.in,1,4249,NX1-2601-4
VR885453,C104944,VA-EB-PL2,2026-04-06,vireo.in,1,3499,PL2-2601-2
VR887043,C105149,VA-SW-NX1,2026-04-06,Flipkart,1,4999,NX1-2603-3
VR887860,C109321,VA-EB-PL2,2026-04-06,vireo.in,1,3324,PL2-2601-2
VR889197,C105760,VA-HP-ST3,2026-04-06,Amazon,1,6999,ST3-2601-1
VR889549,C102453,VA-SW-NX2,2026-04-06,Amazon,1,5524,NX2-2602-4
VR890342,C100119,VA-SW-NX2,2026-04-06,vireo.in,1,6174,NX2-2602-1
VR891643,C100346,VA-EB-AIR,2026-04-06,vireo.in,1,1799,AIR-2601-3
VR893650,C102701,VA-EB-PL2,2026-04-06,Amazon,2,6998,PL2-2603-1
VR893817,C107787,VA-EB-PL2,2026-04-06,vireo.in,1,3499,PL2-2601-1
VR894267,C100317,VA-AC-CBL,2026-04-06,Flipkart,2,718,CBL-2512-4
VR894289,C107130,VA-EB-PL2,2026-04-06,Flipkart,2,6998,PL2-2603-1
VR895044,C109078,VA-EB-AIR,2026-04-06,vireo.in,1,1799,AIR-2602-4
VR895171,C105452,VA-EB-PL2,2026-04-06,Amazon,1,3499,PL2-2602-2
VR895324,C106591,VA-EB-AIR,2026-04-06,vireo.in,1,1529,AIR-2602-3
VR896225,C107079,VA-EB-PL2,2026-04-06,vireo.in,1,3149,PL2-2512-1
VR899496,C101726,VA-HP-ST2,2026-04-06,Flipkart,1,4249,ST2-2601-3
VR900659,C104338,VA-EB-PL2,2026-04-06,Amazon,1,3499,PL2-2512-4
VR901380,C103456,VA-SP-ORB,2026-04-06,vireo.in,1,4799,ORB-2601-3
VR901398,C102223,VA-EB-PL2,2026-04-06,Amazon,2,5948,PL2-2602-2
VR901999,C106082,VA-EB-PL2,2026-04-06,vireo.in,1,3499,PL2-2601-4
VR902308,C101608,VA-HP-ST3,2026-04-06,vireo.in,1,5599,ST3-2512-2
VR902782,C102963,VA-SP-ORB,2026-04-06,Amazon,1,5699,ORB-2601-2
VR907021,C102794,VA-EB-PL2,2026-04-06,vireo.in,1,3499,PL2-2602-1
VR908810,C108678,VA-EB-PL1,2026-04-06,Amazon,1,2499,PL1-2603-1
VR908879,C108081,VA-SP-ORB,2026-04-06,Flipkart,1,5099,ORB-2512-2
VR909062,C103778,VA-EB-PL2,2026-04-06,vireo.in,2,6998,PL2-2601-3
VR910037,C103230,VA-EB-PL1,2026-04-06,Amazon,2,4998,PL1-2601-3
VR880262,C108767,VA-EB-PL2,2026-04-07,vireo.in,1,2974,PL2-2601-4
VR883593,C108416,VA-HP-ST3,2026-04-07,Amazon,1,5599,ST3-2512-1
VR886148,C103208,VA-EB-PL2,2026-04-07,Amazon,1,2799,PL2-2602-2
VR886174,C107450,VA-AC-CASE,2026-04-07,Flipkart,1,1299,CASE-2601-1
VR886385,C104602,VA-EB-PL2,2026-04-07,vireo.in,1,3149,PL2-2602-2
VR887089,C107518,VA-SW-NX2,2026-04-07,Flipkart,1,6499,NX2-2512-2
VR890225,C104482,VA-EB-PL1,2026-04-07,Flipkart,1,2124,PL1-2601-1
VR890477,C107072,VA-EB-PL2,2026-04-07,vireo.in,1,3324,PL2-2602-3
VR890992,C106855,VA-EB-PL2,2026-04-07,vireo.in,2,6998,PL2-2601-3
VR892630,C105222,VA-SP-ORB,2026-04-07,Amazon,1,5399,ORB-2601-1
VR892908,C100505,VA-EB-PL2,2026-04-07,vireo.in,1,2974,PL2-2601-4
VR895901,C103860,VA-EB-PL2,2026-04-07,vireo.in,1,3499,PL2-2603-2
VR896199,C101955,VA-EB-PL1,2026-04-07,Amazon,1,2124,PL1-2601-4
VR896571,C103088,VA-HP-ST2,2026-04-07,vireo.in,1,4249,ST2-2603-1
VR896998,C103727,VA-SW-NX2,2026-04-07,Amazon,1,5849,NX2-2603-4
VR897346,C106394,VA-SW-NX1,2026-04-07,vireo.in,1,3999,NX1-2512-3
VR897514,C107443,VA-SW-NX2,2026-04-07,Flipkart,1,6499,NX2-2512-3
VR898740,C100631,VA-HP-ST2,2026-04-07,Amazon,1,4749,ST2-2601-3
VR898969,C101946,VA-AC-CASE,2026-04-07,vireo.in,1,1169,CASE-2602-3
VR899592,C101965,VA-HP-ST2,2026-04-07,vireo.in,1,3999,ST2-2603-4
VR900892,C106739,VA-HP-ST2,2026-04-07,Amazon,1,4499,ST2-2602-3
VR901144,C103555,VA-EB-PL2,2026-04-07,vireo.in,1,3499,PL2-2601-3
VR901336,C100541,VA-HP-ST3,2026-04-07,Flipkart,1,6999,ST3-2602-2
VR901701,C102325,VA-HP-ST3,2026-04-07,vireo.in,1,5949,ST3-2601-2
VR901810,C105140,VA-EB-PL2,2026-04-07,vireo.in,1,3499,PL2-2603-1
VR903935,C102208,VA-SW-FIT,2026-04-07,Amazon,1,1699,FIT-2603-4
VR904135,C102222,VA-EB-PL2,2026-04-07,Amazon,1,3149,PL2-2601-3
VR905356,C104198,VA-EB-PL2,2026-04-07,Flipkart,1,3149,PL2-2602-3
VR905374,C103711,VA-EB-PL2,2026-04-07,vireo.in,1,2799,PL2-2601-4
VR906433,C102639,VA-EB-AIR,2026-04-07,vireo.in,1,1799,AIR-2601-4
VR908668,C105058,VA-EB-PL2,2026-04-07,Amazon,2,6998,PL2-2601-3
VR909626,C107726,VA-EB-PL1,2026-04-07,vireo.in,1,2499,PL1-2512-2
VR880024,C106598,VA-EB-PL2,2026-04-08,Amazon,1,3149,PL2-2602-4
VR880913,C107388,VA-EB-PL2,2026-04-08,vireo.in,1,3149,PL2-2601-4
VR881002,C102151,VA-SP-MINI,2026-04-08,Flipkart,1,2499,MINI-2601-3
VR881734,C108381,VA-EB-PL2,2026-04-08,Amazon,1,3324,PL2-2602-2
VR881808,C104058,VA-EB-AIR,2026-04-08,Amazon,1,1799,AIR-2603-3
VR882156,C102684,VA-EB-PL1,2026-04-08,vireo.in,1,2249,PL1-2601-3
VR883583,C107821,VA-EB-PL2,2026-04-08,vireo.in,1,3499,PL2-2601-4
VR884465,C107160,VA-EB-AIR,2026-04-08,Amazon,1,1529,AIR-2603-4
VR884685,C105702,VA-SW-FIT,2026-04-08,Amazon,1,1599,FIT-2512-1
VR886926,C109400,VA-EB-PL2,2026-04-08,vireo.in,1,3324,PL2-2602-3
VR893164,C109191,VA-EB-PL2,2026-04-08,vireo.in,1,3499,PL2-2601-3
VR894489,C106709,VA-SP-MINI,2026-04-08,Amazon,1,2249,MINI-2601-1
VR897755,C101752,VA-AC-CASE,2026-04-08,vireo.in,1,1299,CASE-2603-4
VR899991,C101613,VA-EB-PL2,2026-04-08,Amazon,1,2974,PL2-2602-1
VR900541,C102791,VA-EB-PL2,2026-04-08,vireo.in,1,2974,PL2-2602-3
VR900551,C108525,VA-EB-AIR,2026-04-08,Amazon,1,1799,AIR-2512-3
VR901298,C107083,VA-EB-AIR,2026-04-08,vireo.in,1,1709,AIR-2602-3
VR901864,C104851,VA-EB-PL2,2026-04-08,Amazon,1,2974,PL2-2603-1
VR902295,C102573,VA-SP-MINI,2026-04-08,Flipkart,1,2374,MINI-2601-4
VR902872,C109269,VA-EB-PL2,2026-04-08,vireo.in,1,3149,PL2-2603-1
VR905601,C107364,VA-EB-PL2,2026-04-08,Amazon,1,3499,PL2-2601-2
VR905863,C108066,VA-EB-PL2,2026-04-08,Amazon,2,6998,PL2-2602-1
VR907931,C105158,VA-SW-NX1,2026-04-08,Flipkart,1,4749,NX1-2601-2
VR909259,C109028,VA-HP-ST2,2026-04-08,vireo.in,1,4999,ST2-2603-3
VR880134,C105622,VA-EB-PL2,2026-04-09,vireo.in,1,3324,PL2-2602-4
VR880658,C105135,VA-HP-ST2,2026-04-09,Amazon,1,4749,ST2-2603-1
VR880822,C101599,VA-HP-ST3,2026-04-09,Flipkart,1,6299,ST3-2601-3
VR881966,C106655,VA-SW-FIT,2026-04-09,Amazon,1,1999,FIT-2603-1
VR882909,C109405,VA-EB-PL2,2026-04-09,vireo.in,1,3499,PL2-2602-4
VR882944,C108307,VA-NB-ARC,2026-04-09,Flipkart,1,1169,ARC-2512-4
VR883036,C102181,VA-SP-MINI,2026-04-09,vireo.in,1,2499,MINI-2602-2
VR883193,C107503,VA-EB-PL2,2026-04-09,Flipkart,1,2799,PL2-2601-4
VR883349,C105552,VA-HP-ST3,2026-04-09,vireo.in,1,6649,ST3-2602-1
VR883379,C101537,VA-EB-PL2,2026-04-09,Amazon,1,2974,PL2-2602-1
VR886213,C104683,VA-NB-ARC,2026-04-09,Amazon,1,1039,ARC-2601-4
VR886285,C101093,VA-SP-ORB,2026-04-09,vireo.in,1,5099,ORB-2512-1
VR886602,C106141,VA-EB-PL2,2026-04-09,vireo.in,2,6998,PL2-2601-4
VR890372,C106637,VA-EB-PL2,2026-04-09,Amazon,1,2974,PL2-2601-4
VR893585,C101715,VA-EB-PL2,2026-04-09,vireo.in,1,2799,PL2-2601-3
VR895749,C105623,VA-EB-PL2,2026-04-09,Amazon,1,3499,PL2-2602-4
VR895912,C107933,VA-SP-MINI,2026-04-09,vireo.in,1,2249,MINI-2602-1
VR896622,C102953,VA-SP-MINI,2026-04-09,Amazon,1,1999,MINI-2512-3
VR896692,C107299,VA-EB-PL2,2026-04-09,Amazon,2,5598,PL2-2603-1
VR898210,C107232,VA-HP-ST3,2026-04-09,vireo.in,1,6999,ST3-2601-4
VR898619,C108696,VA-EB-PL2,2026-04-09,Amazon,1,2799,PL2-2602-3
VR898888,C106290,VA-EB-PL2,2026-04-09,Flipkart,1,3324,PL2-2512-1
VR899889,C106370,VA-SW-NX2,2026-04-09,Amazon,1,6499,NX2-2602-2
VR901445,C108721,VA-EB-AIR,2026-04-09,Amazon,1,1529,AIR-2602-3
VR904105,C108929,VA-HP-ST3,2026-04-09,vireo.in,1,6649,ST3-2602-3
VR904528,C101740,VA-EB-PL2,2026-04-09,Amazon,1,3499,PL2-2602-2
VR907374,C101239,VA-SW-NX2,2026-04-09,vireo.in,1,6174,NX2-2601-1
VR907827,C102619,VA-EB-PL2,2026-04-09,Flipkart,1,3324,PL2-2601-3
VR880664,C101951,VA-SW-NX1,2026-04-10,vireo.in,1,4499,NX1-2601-2
VR882274,C101205,VA-EB-PL2,2026-04-10,vireo.in,1,3499,PL2-2601-4
VR882400,C104692,VA-HP-ST2,2026-04-10,vireo.in,1,4999,ST2-2602-3
VR884868,C104912,VA-EB-PL2,2026-04-10,vireo.in,1,3324,PL2-2601-1
VR885338,C107008,VA-AC-CASE,2026-04-10,Amazon,1,1299,CASE-2603-4
VR886772,C103920,VA-HP-ST3,2026-04-10,vireo.in,1,6299,ST3-2512-3
VR888232,C107770,VA-AC-CBL,2026-04-10,Amazon,1,359,CBL-2603-2
VR889164,C101176,VA-HP-ST3,2026-04-10,Amazon,1,5599,ST3-2602-4
VR889448,C100501,VA-EB-PL2,2026-04-10,Amazon,2,5948,PL2-2601-3
VR891803,C107524,VA-SW-NX2,2026-04-10,Amazon,1,6499,NX2-2601-2
VR892133,C101088,VA-EB-PL2,2026-04-10,vireo.in,2,5598,PL2-2603-1
VR892974,C103455,VA-EB-PL2,2026-04-10,vireo.in,1,2799,PL2-2603-1
VR896028,C109278,VA-AC-CASE,2026-04-10,Amazon,1,1299,CASE-2603-3
VR896100,C102409,VA-EB-PL2,2026-04-10,vireo.in,1,3149,PL2-2601-2
VR897665,C108445,VA-SW-NX2,2026-04-10,Amazon,1,5524,NX2-2603-2
VR898661,C108301,VA-SP-MINI,2026-04-10,Amazon,1,2499,MINI-2602-2
VR900611,C104935,VA-EB-PL2,2026-04-10,Flipkart,1,3499,PL2-2603-4
VR901046,C106437,VA-HP-ST2,2026-04-10,vireo.in,1,4999,ST2-2512-2
VR901201,C107936,VA-EB-PL2,2026-04-10,vireo.in,1,3149,PL2-2602-3
VR901320,C101377,VA-EB-PL2,2026-04-10,Amazon,1,3149,PL2-2602-4
VR901541,C102982,VA-SW-NX2,2026-04-10,Flipkart,2,11048,NX2-2512-2
VR902186,C108798,VA-EB-PL2,2026-04-10,Amazon,1,3499,PL2-2602-4
VR902385,C102796,VA-SW-NX1,2026-04-10,Flipkart,1,4749,NX1-2602-4
VR902486,C108975,VA-AC-CASE,2026-04-10,Flipkart,1,1234,CASE-2603-1
VR903706,C103659,VA-EB-PL2,2026-04-10,Amazon,1,3149,PL2-2601-2
VR904087,C105911,VA-HP-ST2,2026-04-10,vireo.in,1,4749,ST2-2601-2
VR904349,C104514,VA-HP-ST3,2026-04-10,Flipkart,1,6999,ST3-2601-2
VR907031,C107900,VA-NB-ARC,2026-04-10,Amazon,1,1299,ARC-2512-1
VR907709,C100475,VA-EB-PL1,2026-04-10,vireo.in,1,1999,PL1-2601-4
VR908630,C108076,VA-SP-MINI,2026-04-10,vireo.in,1,2499,MINI-2601-4
VR909357,C101142,VA-EB-PL2,2026-04-10,vireo.in,1,2974,PL2-2602-2
VR909853,C104850,VA-SW-NX2,2026-04-10,vireo.in,2,12348,NX2-2601-2
VR909862,C104696,VA-EB-PL2,2026-04-10,vireo.in,1,2974,PL2-2603-1
VR880308,C105224,VA-EB-PL2,2026-04-11,Amazon,1,2974,PL2-2601-2
VR881774,C105532,VA-EB-PL2,2026-04-11,Amazon,1,3499,PL2-2602-3
VR882078,C105628,VA-HP-ST2,2026-04-11,Flipkart,1,4249,ST2-2602-2
VR882270,C103618,VA-EB-PL2,2026-04-11,vireo.in,1,3499,PL2-2601-1
VR882522,C101343,VA-AC-CH65,2026-04-11,vireo.in,1,1199,CH65-2601-2
VR884028,C102300,VA-EB-PL1,2026-04-11,Amazon,2,4248,PL1-2602-3
VR884857,C101149,VA-EB-PL1,2026-04-11,vireo.in,1,2499,PL1-2601-4
VR885279,C108212,VA-EB-PL1,2026-04-11,vireo.in,1,2249,PL1-2601-1
VR885919,C102586,VA-EB-AIR,2026-04-11,vireo.in,1,1799,AIR-2603-4
VR888544,C101760,VA-EB-PL2,2026-04-11,vireo.in,1,3324,PL2-2512-4
VR889793,C104250,VA-SW-NX2,2026-04-11,vireo.in,1,5524,NX2-2601-1
VR891680,C108354,VA-EB-PL1,2026-04-11,Amazon,1,2124,PL1-2602-4
VR892520,C107483,VA-EB-PL2,2026-04-11,vireo.in,1,2974,PL2-2601-4
VR894974,C105351,VA-EB-PL1,2026-04-11,Amazon,1,2499,PL1-2601-4
VR896055,C102380,VA-EB-PL2,2026-04-11,Flipkart,1,3499,PL2-2601-2
VR896153,C106505,VA-HP-ST3,2026-04-11,vireo.in,1,6999,ST3-2602-1
VR897647,C101252,VA-EB-PL2,2026-04-11,Amazon,1,3149,PL2-2601-2
VR898162,C106703,VA-EB-PL2,2026-04-11,Amazon,1,3499,PL2-2601-1
VR898191,C101563,VA-EB-PL1,2026-04-11,Flipkart,1,2124,PL1-2601-1
VR900000,C100830,VA-SP-MINI,2026-04-11,vireo.in,1,2374,MINI-2601-2
VR909247,C109380,VA-HP-ST3,2026-04-11,vireo.in,1,6299,ST3-2602-1
VR909555,C103462,VA-EB-PL1,2026-04-11,vireo.in,1,2374,PL1-2601-4
VR882002,C107641,VA-SP-MINI,2026-04-12,Amazon,1,2499,MINI-2601-3
VR882999,C104210,VA-EB-PL2,2026-04-12,Flipkart,1,2974,PL2-2602-3
VR885073,C105301,VA-HP-ST3,2026-04-12,vireo.in,1,6999,ST3-2602-3
VR886667,C104734,VA-EB-PL2,2026-04-12,vireo.in,1,3499,PL2-2602-3
VR888548,C107508,VA-EB-PL2,2026-04-12,Flipkart,1,3499,PL2-2602-2
VR889924,C107586,VA-SP-MINI,2026-04-12,Flipkart,1,2124,MINI-2602-2
VR891058,C105764,VA-SW-FIT,2026-04-12,vireo.in,2,3398,FIT-2603-3
VR892619,C107287,VA-SW-NX2,2026-04-12,vireo.in,1,6174,NX2-2601-4
VR892635,C102130,VA-EB-PL2,2026-04-12,vireo.in,1,3149,PL2-2601-1
VR892653,C108785,VA-EB-PL2,2026-04-12,vireo.in,1,3499,PL2-2601-1
VR893979,C100341,VA-SW-FIT,2026-04-12,vireo.in,1,1599,FIT-2603-2
VR895710,C106515,VA-EB-PL2,2026-04-12,vireo.in,1,3499,PL2-2602-3
VR896410,C103077,VA-EB-PL1,2026-04-12,vireo.in,1,2374,PL1-2601-1
VR899635,C104327,VA-NB-ARC,2026-04-12,vireo.in,1,1104,ARC-2601-3
VR899778,C106301,VA-SW-NX1,2026-04-12,Flipkart,1,4999,NX1-2602-3
VR902064,C108464,VA-EB-PL1,2026-04-12,Amazon,1,2499,PL1-2602-2
VR902285,C103243,VA-EB-PL2,2026-04-12,Amazon,1,3499,PL2-2602-4
VR902975,C105752,VA-AC-CASE,2026-04-12,vireo.in,1,1299,CASE-2601-4
VR906613,C106098,VA-SW-NX1,2026-04-12,vireo.in,1,4499,NX1-2601-2
VR906913,C100591,VA-EB-PL1,2026-04-12,vireo.in,1,2499,PL1-2602-4
VR907034,C102804,VA-EB-PL2,2026-04-12,Amazon,1,3499,PL2-2603-2
VR881007,C103773,VA-SW-NX1,2026-04-13,Amazon,1,4749,NX1-2602-1
VR881555,C102675,VA-EB-PL2,2026-04-13,vireo.in,1,2974,PL2-2512-3
VR882451,C105271,VA-SW-NX2,2026-04-13,Amazon,1,5524,NX2-2601-1
VR883734,C102323,VA-EB-PL2,2026-04-13,Amazon,1,2799,PL2-2601-2
VR885120,C108578,VA-EB-PL2,2026-04-13,vireo.in,1,3324,PL2-2601-4
VR886347,C101034,VA-HP-ST3,2026-04-13,Flipkart,1,5949,ST3-2603-1
VR886955,C106515,VA-EB-PL2,2026-04-13,Amazon,1,3499,PL2-2601-3
VR887370,C106260,VA-EB-PL2,2026-04-13,Flipkart,1,3149,PL2-2603-1
VR887416,C102346,VA-SW-NX2,2026-04-13,vireo.in,1,6174,NX2-2602-1
VR887796,C101923,VA-EB-PL2,2026-04-13,Amazon,1,3499,PL2-2601-3
VR888278,C107415,VA-SW-NX2,2026-04-13,vireo.in,1,6174,NX2-2601-1
VR888979,C106018,VA-EB-PL1,2026-04-13,Amazon,1,2499,PL1-2603-3
VR889481,C104735,VA-EB-PL2,2026-04-13,Flipkart,1,2974,PL2-2603-1
VR889594,C105981,VA-SW-FIT,2026-04-13,vireo.in,1,1799,FIT-2601-3
VR889942,C107837,VA-EB-PL2,2026-04-13,vireo.in,1,3499,PL2-2601-3
VR890520,C102764,VA-SW-NX2,2026-04-13,Amazon,1,5524,NX2-2602-2
VR892962,C108526,VA-NB-ARC,2026-04-13,vireo.in,1,1234,ARC-2603-2
VR894150,C102367,VA-SW-NX1,2026-04-13,vireo.in,1,4999,NX1-2602-2
VR894990,C105633,VA-EB-AIR,2026-04-13,vireo.in,2,2878,AIR-2601-1
VR895457,C101485,VA-SW-NX2,2026-04-13,Amazon,1,6499,NX2-2603-4
VR895540,C106985,VA-SP-ORB,2026-04-13,vireo.in,1,5999,ORB-2603-2
VR896303,C107561,VA-AC-CASE,2026-04-13,vireo.in,2,2598,CASE-2603-1
VR896544,C103398,VA-EB-PL2,2026-04-13,Amazon,1,2799,PL2-2602-3
VR897168,C103429,VA-SP-MINI,2026-04-13,vireo.in,1,1999,MINI-2603-1
VR898565,C101860,VA-HP-ST2,2026-04-13,vireo.in,1,4999,ST2-2603-4
VR899273,C101991,VA-SW-NX2,2026-04-13,vireo.in,1,5524,NX2-2601-3
VR899760,C101244,VA-EB-PL2,2026-04-13,Amazon,1,3499,PL2-2603-2
VR900239,C107179,VA-SW-NX2,2026-04-13,vireo.in,1,6499,NX2-2602-3
VR900914,C106065,VA-SP-MINI,2026-04-13,Amazon,1,1999,MINI-2601-2
VR902751,C108257,VA-SP-MINI,2026-04-13,vireo.in,1,2499,MINI-2601-4
VR903768,C107480,VA-SP-ORB,2026-04-13,Amazon,1,5699,ORB-2512-1
VR905133,C104396,VA-EB-PL2,2026-04-13,vireo.in,1,3324,PL2-2603-4
VR906761,C104435,VA-SW-FIT,2026-04-13,vireo.in,1,1799,FIT-2601-4
VR908938,C106388,VA-SW-NX2,2026-04-13,vireo.in,1,5524,NX2-2603-2
VR880883,C103811,VA-EB-PL1,2026-04-14,vireo.in,1,2499,PL1-2602-1
VR882414,C102301,VA-EB-PL2,2026-04-14,vireo.in,1,3499,PL2-2603-4
VR882910,C104868,VA-EB-AIR,2026-04-14,Amazon,1,1439,AIR-2601-4
VR883099,C106101,VA-SP-MINI,2026-04-14,vireo.in,1,2124,MINI-2603-2
VR883563,C106396,VA-AC-CASE,2026-04-14,Amazon,1,1234,CASE-2602-1
VR884013,C100117,VA-SP-MINI,2026-04-14,vireo.in,1,2499,MINI-2602-4
VR884671,C106447,VA-EB-PL2,2026-04-14,Amazon,1,3324,PL2-2601-4
VR885363,C108237,VA-EB-PL2,2026-04-14,Amazon,1,2974,PL2-2603-3
VR885912,C105331,VA-EB-PL1,2026-04-14,vireo.in,1,2499,PL1-2602-3
VR886985,C101399,VA-EB-AIR,2026-04-14,Flipkart,1,1439,AIR-2602-3
VR887196,C107138,VA-EB-PL2,2026-04-14,Amazon,2,5598,PL2-2602-2
VR889231,C108707,VA-SW-NX1,2026-04-14,vireo.in,1,4749,NX1-2512-4
VR890879,C104674,VA-EB-PL1,2026-04-14,vireo.in,1,2499,PL1-2601-4
VR892318,C105424,VA-EB-PL2,2026-04-14,vireo.in,1,3499,PL2-2603-3
VR892675,C106169,VA-EB-PL2,2026-04-14,vireo.in,1,3499,PL2-2602-3
VR893659,C109212,VA-EB-PL2,2026-04-14,Amazon,1,3324,PL2-2602-4
VR893870,C106526,VA-SW-NX2,2026-04-14,vireo.in,2,10398,NX2-2602-3
VR894856,C103377,VA-AC-CASE,2026-04-14,Amazon,1,1039,CASE-2603-2
VR895663,C104804,VA-SW-NX2,2026-04-14,Flipkart,2,10398,NX2-2603-2
VR896948,C106298,VA-EB-PL2,2026-04-14,Amazon,1,3324,PL2-2602-3
VR897459,C108484,VA-EB-PL2,2026-04-14,Amazon,1,3149,PL2-2601-1
VR897640,C101390,VA-EB-PL2,2026-04-14,Amazon,1,3324,PL2-2601-4
VR902819,C103838,VA-NB-ARC,2026-04-14,Amazon,1,1039,ARC-2601-1
VR905249,C104142,VA-EB-AIR,2026-04-14,Amazon,1,1799,AIR-2603-3
VR906918,C101694,VA-EB-PL1,2026-04-14,Flipkart,1,2124,PL1-2601-3
VR908345,C102825,VA-AC-CASE,2026-04-14,Amazon,1,1299,CASE-2601-3
VR909023,C105244,VA-HP-ST2,2026-04-14,Amazon,2,9498,ST2-2512-1
VR880655,C105727,VA-SP-MINI,2026-04-15,vireo.in,1,2499,MINI-2603-2
VR887983,C101728,VA-EB-PL1,2026-04-15,Flipkart,1,2124,PL1-2512-4
VR888067,C105959,VA-EB-AIR,2026-04-15,Amazon,1,1619,AIR-2602-2
VR889523,C103602,VA-EB-PL2,2026-04-15,Amazon,1,2974,PL2-2602-2
VR890367,C102427,VA-EB-AIR,2026-04-15,Flipkart,1,1799,AIR-2603-4
VR891241,C109147,VA-HP-ST3,2026-04-15,vireo.in,1,6649,ST3-2601-4
VR891970,C104889,VA-EB-PL2,2026-04-15,Amazon,2,6998,PL2-2512-2
VR894280,C103875,VA-EB-PL2,2026-04-15,Flipkart,1,3324,PL2-2602-2
VR895161,C105307,VA-NB-ARC,2026-04-15,vireo.in,1,1299,ARC-2603-2
VR895219,C106862,VA-SP-MINI,2026-04-15,vireo.in,1,2124,MINI-2601-4
VR896736,C103759,VA-EB-PL1,2026-04-15,Amazon,1,2249,PL1-2601-4
VR897451,C100538,VA-HP-ST2,2026-04-15,vireo.in,1,4249,ST2-2603-4
VR898647,C108090,VA-EB-PL2,2026-04-15,vireo.in,1,3499,PL2-2603-4
VR898881,C105593,VA-EB-PL2,2026-04-15,Amazon,1,2799,PL2-2603-4
VR900600,C102613,VA-SP-MINI,2026-04-15,vireo.in,2,4498,MINI-2603-4
VR901506,C105839,VA-HP-ST3,2026-04-15,vireo.in,1,6649,ST3-2603-4
VR902249,C106158,VA-EB-PL1,2026-04-15,Flipkart,1,2499,PL1-2602-2
VR902821,C106303,VA-SW-NX2,2026-04-15,vireo.in,1,5849,NX2-2603-2
VR903068,C101886,VA-EB-AIR,2026-04-15,vireo.in,1,1709,AIR-2602-3
VR904834,C109394,VA-EB-PL2,2026-04-15,Flipkart,1,3149,PL2-2512-3
VR904902,C105092,VA-EB-PL2,2026-04-15,Amazon,1,3149,PL2-2601-1
VR905139,C100509,VA-EB-PL1,2026-04-15,vireo.in,1,2249,PL1-2602-2
VR905260,C103619,VA-SW-NX2,2026-04-15,vireo.in,1,6499,NX2-2601-2
VR906715,C107672,VA-EB-PL2,2026-04-15,Amazon,1,3499,PL2-2601-3
VR908583,C104770,VA-NB-ARC,2026-04-15,vireo.in,1,1039,ARC-2603-4
VR910030,C105790,VA-EB-PL2,2026-04-15,vireo.in,1,3324,PL2-2603-1
VR880022,C104183,VA-EB-PL2,2026-04-16,vireo.in,1,2974,PL2-2601-2
VR881078,C107058,VA-SW-FIT,2026-04-16,Amazon,1,1999,FIT-2512-3
VR881409,C104654,VA-EB-PL2,2026-04-16,vireo.in,1,3499,PL2-2601-4
VR882651,C104083,VA-HP-ST2,2026-04-16,vireo.in,1,4999,ST2-2601-3
VR882676,C105995,VA-EB-PL1,2026-04-16,vireo.in,1,2124,PL1-2602-4
VR884238,C105751,VA-SW-NX2,2026-04-16,Flipkart,1,6499,NX2-2601-2
VR884397,C103447,VA-EB-PL2,2026-04-16,Amazon,1,3499,PL2-2601-4
VR884817,C106244,VA-EB-PL2,2026-04-16,vireo.in,1,3149,PL2-2602-4
VR887422,C105835,VA-EB-PL1,2026-04-16,vireo.in,1,2499,PL1-2602-2
VR887702,C102063,VA-EB-PL2,2026-04-16,vireo.in,1,3324,PL2-2602-3
VR887760,C101102,VA-HP-ST2,2026-04-16,vireo.in,1,4999,ST2-2603-3
VR888018,C108362,VA-EB-PL1,2026-04-16,Amazon,1,2249,PL1-2603-3
VR889543,C107815,VA-EB-AIR,2026-04-16,vireo.in,1,1529,AIR-2601-2
VR889563,C103198,VA-SP-MINI,2026-04-16,vireo.in,1,1999,MINI-2601-4
VR891201,C100806,VA-EB-PL1,2026-04-16,Amazon,1,2499,PL1-2602-1
VR892601,C102251,VA-EB-PL2,2026-04-16,vireo.in,1,2974,PL2-2601-3
VR892673,C100285,VA-SW-FIT,2026-04-16,vireo.in,1,1599,FIT-2601-3
VR892847,C107413,VA-EB-PL2,2026-04-16,vireo.in,1,3499,PL2-2602-4
VR894955,C102873,VA-SW-NX1,2026-04-16,Flipkart,1,3999,NX1-2603-2
VR898249,C100078,VA-HP-ST3,2026-04-16,vireo.in,1,6999,ST3-2602-3
VR899007,C104362,VA-SW-FIT,2026-04-16,Amazon,1,1799,FIT-2602-2
VR900790,C107157,VA-AC-CASE,2026-04-16,Flipkart,1,1299,CASE-2603-2
VR903253,C105857,VA-EB-PL2,2026-04-16,vireo.in,2,6998,PL2-2601-1
VR903747,C108668,VA-EB-PL2,2026-04-16,Amazon,1,3324,PL2-2601-2
VR904504,C109034,VA-SP-MINI,2026-04-16,vireo.in,1,2499,MINI-2603-1
VR904647,C106691,VA-EB-AIR,2026-04-16,Flipkart,1,1709,AIR-2601-1
VR908282,C100339,VA-SP-MINI,2026-04-16,vireo.in,1,1999,MINI-2602-3
VR909805,C109265,VA-EB-PL2,2026-04-16,vireo.in,1,3499,PL2-2602-1
VR880410,C105231,VA-EB-PL2,2026-04-17,Flipkart,1,3149,PL2-2602-2
VR881123,C100159,VA-EB-AIR,2026-04-17,vireo.in,1,1439,AIR-2602-3
VR881213,C108370,VA-EB-PL2,2026-04-17,Flipkart,1,2799,PL2-2603-2
VR881573,C109031,VA-EB-PL2,2026-04-17,vireo.in,1,3149,PL2-2603-2
VR882406,C105548,VA-EB-PL2,2026-04-17,Amazon,1,3499,PL2-2512-1
VR883388,C103327,VA-EB-AIR,2026-04-17,vireo.in,1,1799,AIR-2602-1
VR883469,C104499,VA-EB-PL2,2026-04-17,vireo.in,1,2974,PL2-2601-2
VR884012,C108747,VA-EB-PL2,2026-04-17,Amazon,1,2799,PL2-2602-4
VR884230,C100991,VA-SP-MINI,2026-04-17,vireo.in,1,2249,MINI-2603-3
VR884257,C101355,VA-SP-ORB,2026-04-17,vireo.in,1,5999,ORB-2512-3
VR885965,C102783,VA-EB-PL2,2026-04-17,Amazon,1,3499,PL2-2603-3
VR886712,C109167,VA-SP-MINI,2026-04-17,Amazon,1,2249,MINI-2603-4
VR886813,C104358,VA-EB-PL1,2026-04-17,vireo.in,1,2249,PL1-2601-4
VR887354,C108822,VA-EB-PL1,2026-04-17,Amazon,1,1999,PL1-2601-3
VR887800,C108228,VA-EB-PL2,2026-04-17,Flipkart,1,3499,PL2-2601-1
VR888250,C104044,VA-EB-AIR,2026-04-17,Flipkart,1,1799,AIR-2601-2
VR888267,C106907,VA-EB-AIR,2026-04-17,vireo.in,1,1529,AIR-2603-3
VR889720,C107373,VA-EB-PL2,2026-04-17,Flipkart,1,3499,PL2-2603-4
VR891977,C108315,VA-SP-MINI,2026-04-17,Amazon,1,2499,MINI-2601-4
VR893989,C104352,VA-SW-NX2,2026-04-17,Amazon,1,6499,NX2-2601-3
VR894406,C100527,VA-EB-AIR,2026-04-17,vireo.in,1,1799,AIR-2601-1
VR895067,C103963,VA-EB-PL2,2026-04-17,vireo.in,1,2799,PL2-2603-3
VR895340,C103720,VA-EB-PL2,2026-04-17,vireo.in,1,3149,PL2-2602-4
VR895743,C104719,VA-SW-NX2,2026-04-17,Amazon,2,11048,NX2-2602-4
VR896200,C106183,VA-EB-PL2,2026-04-17,Amazon,1,3499,PL2-2602-1
VR897881,C102172,VA-EB-PL2,2026-04-17,Amazon,1,3149,PL2-2602-2
VR898190,C104627,VA-SW-NX2,2026-04-17,Flipkart,1,5524,NX2-2603-1
VR898192,C105008,VA-EB-PL1,2026-04-17,Amazon,1,2374,PL1-2512-1
VR898236,C104713,VA-EB-PL2,2026-04-17,Amazon,1,2799,PL2-2603-4
VR902022,C106855,VA-SW-FIT,2026-04-17,Amazon,1,1799,FIT-2601-4
VR903435,C107311,VA-EB-PL2,2026-04-17,vireo.in,1,3499,PL2-2603-2
VR904406,C105293,VA-EB-PL1,2026-04-17,vireo.in,1,2124,PL1-2603-1
VR905116,C105551,VA-SP-MINI,2026-04-17,Amazon,1,2249,MINI-2603-1
VR905508,C100151,VA-EB-AIR,2026-04-17,Amazon,1,1619,AIR-2603-4
VR906380,C101782,VA-EB-PL2,2026-04-17,vireo.in,1,3499,PL2-2601-2
VR907107,C100398,VA-EB-PL2,2026-04-17,vireo.in,1,3324,PL2-2603-1
VR883839,C107204,VA-EB-PL1,2026-04-18,vireo.in,1,1999,PL1-2602-4
VR884442,C108021,VA-EB-PL2,2026-04-18,Flipkart,1,3149,PL2-2602-1
VR884723,C101326,VA-HP-ST3,2026-04-18,Amazon,1,6649,ST3-2601-1
VR885684,C102858,VA-AC-CASE,2026-04-18,vireo.in,1,1104,CASE-2603-1
VR885941,C106144,VA-EB-PL2,2026-04-18,vireo.in,1,2974,PL2-2602-4
VR886076,C106265,VA-SP-ORB,2026-04-18,Amazon,1,5999,ORB-2601-2
VR888162,C102797,VA-AC-CH65,2026-04-18,Flipkart,1,1424,CH65-2603-1
VR889555,C101070,VA-EB-PL2,2026-04-18,vireo.in,1,3499,PL2-2603-2
VR892338,C103724,VA-EB-PL2,2026-04-18,Flipkart,1,3324,PL2-2601-3
VR892367,C100724,VA-SP-MINI,2026-04-18,vireo.in,2,4248,MINI-2603-4
VR893251,C105165,VA-SW-FIT,2026-04-18,Amazon,1,1899,FIT-2603-4
VR893750,C108220,VA-SP-ORB,2026-04-18,vireo.in,1,5099,ORB-2603-2
VR894069,C102617,VA-EB-PL2,2026-04-18,vireo.in,1,3324,PL2-2602-4
VR895616,C104366,VA-EB-PL2,2026-04-18,Amazon,1,3324,PL2-2603-3
VR897325,C109158,VA-EB-PL1,2026-04-18,Flipkart,1,2499,PL1-2601-4
VR898892,C102126,VA-SP-MINI,2026-04-18,Amazon,1,2374,MINI-2601-4
VR899662,C100949,VA-EB-PL2,2026-04-18,Amazon,1,2974,PL2-2602-4
VR899877,C107457,VA-EB-PL2,2026-04-18,vireo.in,1,2974,PL2-2602-2
VR900810,C102655,VA-SP-ORB,2026-04-18,vireo.in,1,5099,ORB-2602-3
VR902027,C105721,VA-EB-PL2,2026-04-18,vireo.in,1,3499,PL2-2601-4
VR902234,C104772,VA-EB-PL1,2026-04-18,Amazon,1,2374,PL1-2603-1
VR904201,C101943,VA-EB-PL2,2026-04-18,Amazon,1,3499,PL2-2602-4
VR904539,C101073,VA-EB-AIR,2026-04-18,vireo.in,1,1709,AIR-2603-2
VR906373,C108862,VA-EB-AIR,2026-04-18,vireo.in,1,1619,AIR-2602-1
VR908221,C102774,VA-EB-PL2,2026-04-18,Flipkart,1,3149,PL2-2602-4
VR909187,C102739,VA-EB-PL1,2026-04-18,Amazon,1,2249,PL1-2603-3
VR880116,C108130,VA-HP-ST3,2026-04-19,vireo.in,1,6999,ST3-2602-4
VR880898,C102106,VA-HP-ST2,2026-04-19,Amazon,1,4249,ST2-2603-3
VR882254,C101828,VA-EB-PL1,2026-04-19,vireo.in,2,4248,PL1-2603-3
VR882729,C107244,VA-EB-PL2,2026-04-19,Amazon,1,3324,PL2-2601-1
VR884659,C102495,VA-EB-PL2,2026-04-19,vireo.in,1,3499,PL2-2603-1
VR886156,C102280,VA-HP-ST3,2026-04-19,Amazon,1,6999,ST3-2603-2
VR886215,C105955,VA-EB-PL2,2026-04-19,vireo.in,1,3324,PL2-2603-4
VR886612,C107989,VA-HP-ST2,2026-04-19,Flipkart,1,4999,ST2-2601-1
VR886904,C102864,VA-EB-PL2,2026-04-19,Amazon,2,5598,PL2-2603-3
VR887019,C107216,VA-EB-PL2,2026-04-19,Amazon,1,2974,PL2-2601-2
VR890390,C103714,VA-SW-NX2,2026-04-19,vireo.in,1,6499,NX2-2603-2
VR891599,C109314,VA-EB-AIR,2026-04-19,Amazon,1,1529,AIR-2603-2
VR893086,C105969,VA-SW-NX2,2026-04-19,Amazon,1,6499,NX2-2603-4
VR893976,C107380,VA-SP-ORB,2026-04-19,Amazon,1,5999,ORB-2602-3
VR894426,C106328,VA-EB-PL2,2026-04-19,vireo.in,1,2974,PL2-2601-4
VR894774,C103506,VA-EB-PL2,2026-04-19,vireo.in,1,3499,PL2-2601-4
VR894838,C102035,VA-EB-PL2,2026-04-19,vireo.in,1,2799,PL2-2601-1
VR894967,C109210,VA-EB-AIR,2026-04-19,Flipkart,1,1439,AIR-2602-1
VR895176,C104334,VA-SP-ORB,2026-04-19,Flipkart,1,5399,ORB-2601-3
VR896490,C107790,VA-HP-ST2,2026-04-19,vireo.in,1,4999,ST2-2601-3
VR897532,C104904,VA-SP-ORB,2026-04-19,vireo.in,1,5399,ORB-2601-2
VR898130,C100175,VA-EB-PL2,2026-04-19,vireo.in,1,2799,PL2-2601-3
VR898605,C106743,VA-EB-PL2,2026-04-19,Amazon,1,3499,PL2-2602-1
VR899964,C106234,VA-EB-PL2,2026-04-19,vireo.in,1,2799,PL2-2601-3
VR900137,C109145,VA-EB-PL2,2026-04-19,Amazon,1,2974,PL2-2603-4
VR901034,C100723,VA-EB-PL2,2026-04-19,Amazon,1,2974,PL2-2602-4
VR902047,C101628,VA-EB-PL1,2026-04-19,Amazon,1,2499,PL1-2602-3
VR902361,C101529,VA-SP-MINI,2026-04-19,Amazon,1,2374,MINI-2602-4
VR904617,C109342,VA-EB-PL1,2026-04-19,vireo.in,1,2499,PL1-2602-2
VR904772,C100153,VA-HP-ST2,2026-04-19,Amazon,1,4999,ST2-2602-3
VR905082,C103313,VA-EB-PL2,2026-04-19,Amazon,1,2974,PL2-2602-1
VR905522,C104704,VA-SP-MINI,2026-04-19,Flipkart,1,1999,MINI-2603-2
VR905825,C103859,VA-EB-PL2,2026-04-19,vireo.in,1,2974,PL2-2603-1
VR906870,C107363,VA-EB-PL2,2026-04-19,vireo.in,1,3499,PL2-2603-2
VR907399,C100973,VA-HP-ST3,2026-04-19,Flipkart,2,13298,ST3-2601-4
VR907892,C108397,VA-SW-FIT,2026-04-19,Amazon,1,1699,FIT-2602-4
VR908056,C107513,VA-EB-PL2,2026-04-19,vireo.in,1,3499,PL2-2603-4
VR908755,C100915,VA-EB-PL2,2026-04-19,vireo.in,1,2799,PL2-2602-4
VR909877,C100269,VA-SP-MINI,2026-04-19,vireo.in,1,2374,MINI-2603-4
VR881772,C102394,VA-EB-PL2,2026-04-20,Flipkart,1,3324,PL2-2602-4
VR882545,C108099,VA-SW-FIT,2026-04-20,vireo.in,1,1599,FIT-2602-2
VR882579,C106695,VA-SW-NX2,2026-04-20,Amazon,1,5849,NX2-2602-2
VR884644,C108562,VA-EB-PL2,2026-04-20,Amazon,1,3149,PL2-2601-3
VR884835,C104203,VA-EB-PL1,2026-04-20,vireo.in,1,1999,PL1-2601-3
VR886073,C105952,VA-EB-PL2,2026-04-20,Amazon,2,5948,PL2-2602-1
VR886086,C104889,VA-EB-PL2,2026-04-20,Flipkart,1,3499,PL2-2602-4
VR887065,C100217,VA-EB-PL2,2026-04-20,Amazon,1,2799,PL2-2603-4
VR887130,C107977,VA-EB-PL2,2026-04-20,Amazon,1,3324,PL2-2601-4
VR891477,C105270,VA-EB-PL2,2026-04-20,vireo.in,1,3324,PL2-2601-1
VR891577,C107593,VA-EB-PL1,2026-04-20,vireo.in,1,2499,PL1-2603-4
VR891786,C107634,VA-SW-NX1,2026-04-20,vireo.in,2,8498,NX1-2603-3
VR892021,C108599,VA-SW-FIT,2026-04-20,vireo.in,1,1999,FIT-2601-2
VR893047,C107875,VA-SW-FIT,2026-04-20,vireo.in,1,1799,FIT-2601-3
VR893204,C104593,VA-EB-PL2,2026-04-20,Amazon,1,3499,PL2-2602-2
VR894013,C108169,VA-SW-FIT,2026-04-20,Amazon,1,1799,FIT-2602-4
VR897077,C105257,VA-HP-ST3,2026-04-20,vireo.in,1,5599,ST3-2602-1
VR898301,C103198,VA-SP-MINI,2026-04-20,Flipkart,1,2499,MINI-2601-1
VR900666,C108802,VA-EB-PL2,2026-04-20,vireo.in,1,2974,PL2-2603-3
VR901100,C104465,VA-EB-PL2,2026-04-20,vireo.in,1,2799,PL2-2602-4
VR902760,C106031,VA-NB-ARC,2026-04-20,Flipkart,1,1299,ARC-2602-2
VR902903,C102260,VA-EB-PL2,2026-04-20,Amazon,1,3499,PL2-2602-3
VR905030,C100085,VA-NB-ARC,2026-04-20,Amazon,1,1299,ARC-2601-1
VR905899,C104379,VA-EB-PL2,2026-04-20,Flipkart,1,3499,PL2-2603-3
VR905923,C107712,VA-EB-PL2,2026-04-20,vireo.in,1,2799,PL2-2602-2
VR906256,C104203,VA-HP-ST2,2026-04-20,Amazon,1,4749,ST2-2603-1
VR907085,C107778,VA-AC-CASE,2026-04-20,Amazon,1,1299,CASE-2602-2
VR907240,C101363,VA-SW-NX1,2026-04-20,Amazon,1,4999,NX1-2601-1
VR908863,C108496,VA-EB-PL1,2026-04-20,vireo.in,1,1999,PL1-2603-4
VR909496,C102626,VA-HP-ST3,2026-04-20,Amazon,1,6299,ST3-2602-1
VR909747,C102718,VA-EB-PL2,2026-04-20,vireo.in,1,3499,PL2-2602-2
VR880391,C103144,VA-SP-MINI,2026-04-21,vireo.in,1,2499,MINI-2601-3
VR885204,C106008,VA-SP-MINI,2026-04-21,Flipkart,1,2499,MINI-2603-4
VR885396,C106546,VA-EB-PL1,2026-04-21,Amazon,1,2499,PL1-2603-4
VR888165,C105422,VA-NB-ARC,2026-04-21,vireo.in,1,1234,ARC-2602-1
VR888441,C100938,VA-SW-NX2,2026-04-21,Flipkart,1,6499,NX2-2601-1
VR891062,C107367,VA-HP-ST2,2026-04-21,vireo.in,1,4999,ST2-2602-4
VR891645,C103267,VA-SP-MINI,2026-04-21,vireo.in,1,2499,MINI-2603-1
VR892305,C104084,VA-EB-PL2,2026-04-21,vireo.in,1,3499,PL2-2603-2
VR893461,C100565,VA-EB-PL1,2026-04-21,Amazon,1,2499,PL1-2601-2
VR897043,C106942,VA-EB-AIR,2026-04-21,Flipkart,1,1439,AIR-2602-3
VR898187,C100194,VA-SP-MINI,2026-04-21,Flipkart,1,1999,MINI-2601-1
VR898350,C107690,VA-SW-NX2,2026-04-21,vireo.in,1,5524,NX2-2603-2
VR899497,C106313,VA-EB-PL1,2026-04-21,Flipkart,1,2499,PL1-2603-3
VR901854,C103041,VA-EB-PL2,2026-04-21,vireo.in,1,3324,PL2-2603-4
VR902595,C107250,VA-SW-NX2,2026-04-21,Flipkart,1,6174,NX2-2601-2
VR904339,C104401,VA-SW-NX2,2026-04-21,vireo.in,1,6499,NX2-2603-2
VR905056,C104719,VA-NB-ARC,2026-04-21,Amazon,1,1234,ARC-2601-3
VR905725,C102538,VA-SW-NX2,2026-04-21,vireo.in,1,6499,NX2-2603-3
VR906122,C104254,VA-EB-AIR,2026-04-21,vireo.in,1,1799,AIR-2602-4
VR907688,C102415,VA-HP-ST2,2026-04-21,Flipkart,1,4249,ST2-2602-4
VR908112,C109004,VA-SP-MINI,2026-04-21,Amazon,1,2499,MINI-2601-1
VR908734,C102924,VA-EB-PL2,2026-04-21,vireo.in,1,3324,PL2-2602-4
VR909028,C106482,VA-SW-FIT,2026-04-21,Flipkart,1,1899,FIT-2602-2
VR909758,C101155,VA-EB-PL1,2026-04-21,Flipkart,1,2499,PL1-2602-1
VR880055,C101532,VA-EB-PL2,2026-04-22,Amazon,1,3499,PL2-2602-3
VR880221,C102504,VA-AC-CBL,2026-04-22,Flipkart,1,379,CBL-2601-3
VR880283,C105428,VA-EB-AIR,2026-04-22,Flipkart,1,1619,AIR-2603-4
VR881239,C108713,VA-EB-PL2,2026-04-22,vireo.in,1,3149,PL2-2601-1
VR882421,C108544,VA-EB-PL2,2026-04-22,vireo.in,1,3499,PL2-2603-3
VR882432,C101102,VA-EB-PL2,2026-04-22,Amazon,1,3149,PL2-2603-4
VR883082,C102873,VA-SP-MINI,2026-04-22,Amazon,1,2499,MINI-2601-1
VR883146,C100926,VA-HP-ST3,2026-04-22,Amazon,2,13998,ST3-2601-1
VR892570,C106694,VA-EB-PL1,2026-04-22,vireo.in,1,1999,PL1-2602-3
VR897152,C106067,VA-EB-PL1,2026-04-22,Amazon,1,2124,PL1-2603-1
VR898061,C105611,VA-EB-PL2,2026-04-22,vireo.in,1,2799,PL2-2602-4
VR899125,C104338,VA-HP-ST3,2026-04-22,vireo.in,1,6649,ST3-2601-1
VR900022,C102509,VA-SP-MINI,2026-04-22,vireo.in,1,2124,MINI-2602-2
VR900304,C101750,VA-NB-ARC,2026-04-22,vireo.in,1,1039,ARC-2601-4
VR902228,C105167,VA-EB-PL2,2026-04-22,Amazon,1,3499,PL2-2603-3
VR902436,C106077,VA-EB-PL2,2026-04-22,Flipkart,1,2974,PL2-2602-2
VR903662,C104712,VA-EB-PL2,2026-04-22,Flipkart,1,2799,PL2-2603-2
VR906394,C104300,VA-EB-PL1,2026-04-22,vireo.in,1,2249,PL1-2601-1
VR907067,C106324,VA-AC-CH65,2026-04-22,Amazon,1,1199,CH65-2601-4
VR907815,C100145,VA-EB-AIR,2026-04-22,vireo.in,1,1799,AIR-2604-1
VR909208,C108907,VA-EB-AIR,2026-04-22,vireo.in,1,1529,AIR-2601-1
VR882370,C105663,VA-HP-ST2,2026-04-23,vireo.in,1,3999,ST2-2602-1
VR883415,C103731,VA-EB-PL2,2026-04-23,Amazon,1,2799,PL2-2602-3
VR883862,C100442,VA-EB-PL1,2026-04-23,Amazon,1,1999,PL1-2603-1
VR884594,C100100,VA-SW-NX1,2026-04-23,vireo.in,1,4999,NX1-2603-2
VR886421,C103961,VA-EB-PL2,2026-04-23,Flipkart,1,3499,PL2-2601-1
VR886835,C102572,VA-HP-ST2,2026-04-23,vireo.in,1,4249,ST2-2603-4
VR888672,C103771,VA-EB-PL1,2026-04-23,Flipkart,2,4498,PL1-2604-1
VR888694,C104624,VA-EB-PL2,2026-04-23,Flipkart,1,3324,PL2-2601-4
VR888995,C104667,VA-SW-NX2,2026-04-23,Flipkart,1,6499,NX2-2602-3
VR889006,C100592,VA-EB-PL2,2026-04-23,vireo.in,1,3499,PL2-2601-1
VR890729,C102192,VA-SW-FIT,2026-04-23,vireo.in,1,1899,FIT-2603-4
VR893922,C107452,VA-EB-PL1,2026-04-23,vireo.in,1,2499,PL1-2603-1
VR895325,C105760,VA-EB-PL2,2026-04-23,vireo.in,2,6298,PL2-2603-1
VR895549,C102324,VA-EB-PL2,2026-04-23,Flipkart,1,3324,PL2-2603-2
VR897334,C100108,VA-SW-NX2,2026-04-23,vireo.in,1,6174,NX2-2603-2
VR899839,C105736,VA-SW-NX2,2026-04-23,Amazon,1,6499,NX2-2601-4
VR900455,C106517,VA-EB-PL2,2026-04-23,Flipkart,1,3149,PL2-2602-3
VR900734,C104848,VA-SW-NX2,2026-04-23,vireo.in,1,5199,NX2-2603-1
VR902483,C102348,VA-SW-FIT,2026-04-23,vireo.in,2,3398,FIT-2603-3
VR903296,C105070,VA-SP-ORB,2026-04-23,Flipkart,1,5399,ORB-2602-3
VR903410,C106272,VA-EB-PL2,2026-04-23,vireo.in,2,5598,PL2-2601-3
VR908208,C108993,VA-SW-NX2,2026-04-23,vireo.in,1,6499,NX2-2603-3
VR908497,C105525,VA-EB-AIR,2026-04-23,Flipkart,1,1709,AIR-2604-1
VR909241,C104090,VA-AC-CASE,2026-04-23,vireo.in,1,1299,CASE-2603-4
VR880547,C108408,VA-SP-ORB,2026-04-24,Amazon,1,5999,ORB-2603-3
VR880707,C101689,VA-EB-PL2,2026-04-24,Amazon,1,3499,PL2-2602-1
VR881247,C107584,VA-SW-NX2,2026-04-24,vireo.in,1,6174,NX2-2603-1
VR881476,C108467,VA-SP-ORB,2026-04-24,vireo.in,1,5999,ORB-2601-1
VR881568,C101787,VA-EB-PL2,2026-04-24,Amazon,1,2799,PL2-2601-3
VR883356,C108814,VA-EB-PL2,2026-04-24,Amazon,1,3499,PL2-2601-3
VR883673,C108484,VA-EB-PL1,2026-04-24,vireo.in,2,3998,PL1-2602-2
VR884038,C100388,VA-EB-PL2,2026-04-24,vireo.in,1,3149,PL2-2602-3
VR884401,C101312,VA-EB-PL1,2026-04-24,Amazon,1,2499,PL1-2603-1
VR885488,C103966,VA-SP-MINI,2026-04-24,vireo.in,2,4748,MINI-2603-1
VR885969,C103812,VA-EB-PL2,2026-04-24,Amazon,2,6998,PL2-2601-4
VR886924,C105363,VA-EB-PL2,2026-04-24,vireo.in,1,3499,PL2-2603-4
VR888288,C104008,VA-NB-ARC,2026-04-24,Amazon,2,2078,ARC-2603-1
VR888784,C101518,VA-EB-PL1,2026-04-24,vireo.in,1,2499,PL1-2602-1
VR889618,C108560,VA-SW-NX2,2026-04-24,Amazon,2,12998,NX2-2601-2
VR890325,C107526,VA-SW-NX1,2026-04-24,vireo.in,1,4999,NX1-2603-3
VR890340,C105855,VA-HP-ST3,2026-04-24,Amazon,1,5949,ST3-2602-2
VR890524,C104663,VA-SW-FIT,2026-04-24,vireo.in,1,1599,FIT-2603-1
VR893112,C103452,VA-EB-PL2,2026-04-24,vireo.in,1,3499,PL2-2602-1
VR898136,C101834,VA-AC-CH65,2026-04-24,Flipkart,1,1424,CH65-2602-1
VR898164,C107123,VA-EB-AIR,2026-04-24,Amazon,1,1799,AIR-2602-4
VR898586,C107908,VA-EB-PL2,2026-04-24,Amazon,1,3499,PL2-2602-2
VR900173,C108922,VA-EB-PL2,2026-04-24,vireo.in,1,3499,PL2-2602-2
VR900434,C103462,VA-EB-PL2,2026-04-24,vireo.in,1,3499,PL2-2602-4
VR901581,C109446,VA-EB-PL2,2026-04-24,Flipkart,1,2974,PL2-2601-1
VR902342,C102168,VA-EB-PL1,2026-04-24,vireo.in,1,2499,PL1-2602-1
VR902372,C103909,VA-SP-MINI,2026-04-24,Amazon,1,2499,MINI-2601-1
VR902900,C103430,VA-HP-ST3,2026-04-24,Flipkart,1,6649,ST3-2601-2
VR904008,C101619,VA-HP-ST3,2026-04-24,Amazon,1,5599,ST3-2602-1
VR904085,C104998,VA-EB-PL2,2026-04-24,Flipkart,1,3499,PL2-2602-3
VR905661,C106951,VA-EB-PL1,2026-04-24,vireo.in,1,2249,PL1-2602-4
VR907330,C104047,VA-EB-PL2,2026-04-24,Amazon,1,3149,PL2-2602-2
VR909491,C100201,VA-SP-MINI,2026-04-24,Amazon,1,2499,MINI-2603-4
VR880474,C103058,VA-EB-PL1,2026-04-25,vireo.in,1,2499,PL1-2601-3
VR882051,C108336,VA-SW-NX1,2026-04-25,Amazon,1,4999,NX1-2603-3
VR882467,C107223,VA-AC-CASE,2026-04-25,Amazon,1,1234,CASE-2602-4
VR884437,C104179,VA-EB-PL1,2026-04-25,vireo.in,1,2249,PL1-2601-2
VR885651,C106054,VA-SP-ORB,2026-04-25,vireo.in,1,5999,ORB-2601-4
VR885991,C102088,VA-EB-PL2,2026-04-25,vireo.in,1,3499,PL2-2601-2
VR887792,C107660,VA-EB-PL1,2026-04-25,vireo.in,2,3998,PL1-2603-3
VR889781,C108103,VA-SP-MINI,2026-04-25,vireo.in,1,2499,MINI-2601-1
VR893957,C104129,VA-SP-MINI,2026-04-25,vireo.in,1,2249,MINI-2603-1
VR894157,C101491,VA-AC-CBL,2026-04-25,vireo.in,1,399,CBL-2602-4
VR895654,C108314,VA-NB-ARC,2026-04-25,Amazon,1,1299,ARC-2603-2
VR896331,C102822,VA-AC-CASE,2026-04-25,Amazon,1,1234,CASE-2602-2
VR896771,C104554,VA-EB-AIR,2026-04-25,vireo.in,1,1439,AIR-2601-1
VR897771,C102893,VA-EB-AIR,2026-04-25,vireo.in,1,1799,AIR-2603-1
VR899261,C100121,VA-EB-PL1,2026-04-25,Flipkart,1,2499,PL1-2602-4
VR900254,C107451,VA-SW-FIT,2026-04-25,Amazon,1,1899,FIT-2601-3
VR900792,C106416,VA-EB-PL2,2026-04-25,vireo.in,1,3324,PL2-2601-1
VR902039,C100599,VA-EB-PL2,2026-04-25,Flipkart,1,2799,PL2-2601-2
VR903948,C105350,VA-AC-CASE,2026-04-25,Flipkart,1,1104,CASE-2603-2
VR906053,C101304,VA-HP-ST3,2026-04-25,Amazon,1,6999,ST3-2603-2
VR906565,C108821,VA-HP-ST3,2026-04-25,vireo.in,1,5599,ST3-2601-1
VR909943,C106028,VA-HP-ST3,2026-04-25,Amazon,1,5599,ST3-2603-1
VR882536,C107916,VA-EB-PL2,2026-04-26,Flipkart,1,3149,PL2-2603-2
VR882949,C105608,VA-EB-PL1,2026-04-26,Flipkart,1,2249,PL1-2601-1
VR884731,C106078,VA-EB-PL2,2026-04-26,Flipkart,1,3499,PL2-2602-2
VR885665,C103415,VA-HP-ST3,2026-04-26,Amazon,1,6999,ST3-2601-2
VR886151,C106096,VA-HP-ST3,2026-04-26,vireo.in,1,6649,ST3-2602-3
VR888345,C104528,VA-SW-NX1,2026-04-26,Flipkart,1,4749,NX1-2603-3
VR889027,C104506,VA-EB-PL2,2026-04-26,Amazon,1,2974,PL2-2603-3
VR889701,C101584,VA-EB-PL2,2026-04-26,vireo.in,1,3324,PL2-2602-1
VR891315,C107723,VA-EB-PL2,2026-04-26,vireo.in,1,2799,PL2-2603-1
VR892816,C101759,VA-HP-ST3,2026-04-26,Amazon,1,6299,ST3-2601-1
VR894652,C100815,VA-EB-PL2,2026-04-26,vireo.in,1,3499,PL2-2603-4
VR896441,C108479,VA-EB-PL2,2026-04-26,Amazon,1,3324,PL2-2602-3
VR896997,C101103,VA-SP-MINI,2026-04-26,Flipkart,1,2249,MINI-2601-3
VR900014,C105418,VA-EB-PL1,2026-04-26,Amazon,1,2499,PL1-2603-3
VR901303,C105832,VA-EB-PL2,2026-04-26,vireo.in,1,3324,PL2-2603-2
VR903124,C100908,VA-EB-PL2,2026-04-26,Amazon,1,2799,PL2-2602-4
VR906344,C100013,VA-SP-MINI,2026-04-26,Amazon,1,2124,MINI-2604-2
VR907280,C102242,VA-HP-ST2,2026-04-26,Amazon,1,3999,ST2-2603-1
VR908903,C103117,VA-EB-PL2,2026-04-26,Amazon,1,3149,PL2-2601-3
VR882416,C103448,VA-SP-MINI,2026-04-27,Amazon,1,2124,MINI-2601-1
VR883484,C105292,VA-EB-PL1,2026-04-27,vireo.in,1,2249,PL1-2601-1
VR884035,C107094,VA-EB-PL2,2026-04-27,Amazon,1,2974,PL2-2601-4
VR884181,C107402,VA-SW-NX2,2026-04-27,vireo.in,1,5199,NX2-2604-2
VR887935,C104946,VA-EB-PL1,2026-04-27,vireo.in,1,2499,PL1-2602-2
VR888517,C100350,VA-SW-NX2,2026-04-27,Flipkart,1,6174,NX2-2603-3
VR890834,C106620,VA-EB-PL2,2026-04-27,vireo.in,1,3499,PL2-2603-4
VR891103,C100974,VA-EB-PL2,2026-04-27,vireo.in,1,3499,PL2-2604-4
VR891729,C104322,VA-EB-PL2,2026-04-27,vireo.in,1,3499,PL2-2602-2
VR892362,C100651,VA-AC-CASE,2026-04-27,vireo.in,1,1234,CASE-2601-1
VR895229,C104815,VA-HP-ST3,2026-04-27,vireo.in,1,6299,ST3-2601-1
VR895726,C101967,VA-HP-ST3,2026-04-27,vireo.in,1,6999,ST3-2601-1
VR896711,C100840,VA-EB-PL2,2026-04-27,Amazon,1,2799,PL2-2603-4
VR898053,C100907,VA-EB-PL2,2026-04-27,Amazon,1,3499,PL2-2602-3
VR898289,C101471,VA-EB-PL2,2026-04-27,Amazon,1,2974,PL2-2603-4
VR898701,C106262,VA-SW-FIT,2026-04-27,Amazon,1,1899,FIT-2603-1
VR898777,C108090,VA-EB-PL2,2026-04-27,vireo.in,2,6998,PL2-2602-2
VR900865,C108479,VA-SP-MINI,2026-04-27,vireo.in,1,2374,MINI-2602-1
VR903045,C108665,VA-SW-FIT,2026-04-27,vireo.in,2,3798,FIT-2602-2
VR906177,C102179,VA-NB-ARC,2026-04-27,vireo.in,1,1104,ARC-2601-2
VR882065,C101732,VA-SW-NX1,2026-04-28,vireo.in,1,4249,NX1-2601-2
VR882593,C107827,VA-SP-MINI,2026-04-28,vireo.in,1,2499,MINI-2604-3
VR884469,C104802,VA-EB-PL2,2026-04-28,vireo.in,1,2799,PL2-2603-4
VR885725,C108767,VA-EB-AIR,2026-04-28,vireo.in,1,1799,AIR-2602-3
VR885961,C104848,VA-EB-PL2,2026-04-28,Flipkart,1,3499,PL2-2602-3
VR887527,C102171,VA-EB-PL2,2026-04-28,vireo.in,1,3149,PL2-2603-2
VR888016,C106798,VA-EB-AIR,2026-04-28,vireo.in,1,1529,AIR-2602-3
VR890168,C105617,VA-HP-ST2,2026-04-28,vireo.in,1,4999,ST2-2604-4
VR890963,C105053,VA-EB-AIR,2026-04-28,Amazon,1,1799,AIR-2603-4
VR891539,C106671,VA-EB-PL2,2026-04-28,Amazon,1,3499,PL2-2603-1
VR892838,C102022,VA-EB-PL2,2026-04-28,Amazon,1,3499,PL2-2602-3
VR894213,C105568,VA-EB-PL2,2026-04-28,vireo.in,1,3499,PL2-2601-2
VR894842,C107460,VA-HP-ST2,2026-04-28,vireo.in,1,4499,ST2-2604-4
VR900277,C102372,VA-EB-PL1,2026-04-28,vireo.in,1,2499,PL1-2601-2
VR901840,C109123,VA-EB-PL2,2026-04-28,vireo.in,1,3149,PL2-2603-1
VR904610,C107826,VA-EB-PL2,2026-04-28,Flipkart,1,2974,PL2-2601-3
VR904612,C102552,VA-SW-NX2,2026-04-28,Flipkart,1,6174,NX2-2601-3
VR905310,C101903,VA-EB-PL2,2026-04-28,vireo.in,1,3149,PL2-2601-3
VR905488,C107716,VA-SW-NX1,2026-04-28,Amazon,1,4999,NX1-2602-1
VR907095,C107289,VA-EB-PL2,2026-04-28,Amazon,1,2799,PL2-2601-3
VR907550,C109159,VA-EB-PL2,2026-04-28,Amazon,1,3499,PL2-2603-1
VR881047,C100011,VA-EB-PL1,2026-04-29,vireo.in,1,2499,PL1-2603-3
VR881731,C100667,VA-AC-CASE,2026-04-29,vireo.in,1,1039,CASE-2602-1
VR883181,C104234,VA-SW-NX2,2026-04-29,Flipkart,1,5524,NX2-2601-2
VR883608,C105244,VA-EB-PL1,2026-04-29,Amazon,1,2249,PL1-2601-2
VR884895,C108022,VA-SW-FIT,2026-04-29,vireo.in,1,1999,FIT-2601-3
VR887289,C105705,VA-EB-PL1,2026-04-29,vireo.in,1,1999,PL1-2603-4
VR889850,C107568,VA-HP-ST3,2026-04-29,vireo.in,1,6999,ST3-2603-2
VR891342,C107471,VA-HP-ST3,2026-04-29,Amazon,1,6999,ST3-2603-2
VR894097,C108938,VA-EB-PL2,2026-04-29,vireo.in,1,3499,PL2-2603-2
VR894313,C108588,VA-EB-PL2,2026-04-29,vireo.in,1,3324,PL2-2601-1
VR894323,C101434,VA-EB-PL2,2026-04-29,Amazon,1,2974,PL2-2602-1
VR898819,C109481,VA-EB-AIR,2026-04-29,Flipkart,1,1619,AIR-2601-2
VR899164,C101984,VA-EB-AIR,2026-04-29,vireo.in,2,3058,AIR-2602-1
VR901195,C108768,VA-SW-FIT,2026-04-29,Amazon,1,1999,FIT-2603-4
VR901586,C100439,VA-EB-AIR,2026-04-29,Amazon,1,1439,AIR-2601-2
VR902212,C103167,VA-EB-PL2,2026-04-29,Flipkart,1,3324,PL2-2604-2
VR902684,C104358,VA-EB-PL2,2026-04-29,vireo.in,1,3499,PL2-2601-2
VR903250,C107707,VA-SP-MINI,2026-04-29,Flipkart,1,2499,MINI-2603-1
VR903525,C101648,VA-EB-PL1,2026-04-29,vireo.in,1,2124,PL1-2601-4
VR904064,C108199,VA-SP-ORB,2026-04-29,Amazon,1,5999,ORB-2604-1
VR906034,C102890,VA-HP-ST3,2026-04-29,Amazon,1,6299,ST3-2602-4
VR909425,C108657,VA-EB-PL2,2026-04-29,vireo.in,1,3499,PL2-2603-3
VR880452,C104175,VA-EB-PL2,2026-04-30,Flipkart,1,2974,PL2-2602-4
VR881489,C103615,VA-EB-PL2,2026-04-30,vireo.in,1,2799,PL2-2602-4
VR883284,C102955,VA-HP-ST2,2026-04-30,vireo.in,1,3999,ST2-2602-2
VR884084,C104615,VA-AC-CH65,2026-04-30,Amazon,1,1274,CH65-2602-3
VR884577,C108477,VA-EB-PL1,2026-04-30,vireo.in,1,2249,PL1-2602-4
VR884578,C103757,VA-SW-NX2,2026-04-30,vireo.in,1,6499,NX2-2603-1
VR884758,C104015,VA-SW-FIT,2026-04-30,vireo.in,1,1899,FIT-2603-2
VR885238,C100133,VA-HP-ST3,2026-04-30,vireo.in,1,6299,ST3-2602-2
VR886502,C106571,VA-EB-PL2,2026-04-30,vireo.in,1,3499,PL2-2604-4
VR888513,C107953,VA-HP-ST3,2026-04-30,vireo.in,2,13998,ST3-2602-1
VR889596,C102538,VA-SW-NX2,2026-04-30,Flipkart,1,6499,NX2-2603-2
VR889891,C106511,VA-SP-MINI,2026-04-30,vireo.in,1,2249,MINI-2603-1
VR890987,C101509,VA-EB-PL2,2026-04-30,vireo.in,2,5948,PL2-2602-3
VR892895,C104590,VA-SW-NX2,2026-04-30,vireo.in,1,6174,NX2-2602-2
VR894019,C102833,VA-SW-NX2,2026-04-30,Flipkart,1,6499,NX2-2603-3
VR894117,C106318,VA-EB-AIR,2026-04-30,vireo.in,1,1439,AIR-2601-1
VR895429,C105844,VA-EB-PL2,2026-04-30,vireo.in,1,3499,PL2-2601-3
VR896653,C108950,VA-HP-ST2,2026-04-30,Amazon,1,4999,ST2-2601-4
VR897824,C100053,VA-NB-ARC,2026-04-30,Amazon,1,1299,ARC-2601-4
VR898205,C109091,VA-SW-FIT,2026-04-30,vireo.in,1,1899,FIT-2603-2
VR899366,C109322,VA-EB-PL2,2026-04-30,Flipkart,1,2974,PL2-2602-3
VR900984,C107273,VA-EB-PL2,2026-04-30,Amazon,1,3149,PL2-2601-3
VR901910,C102359,VA-EB-PL2,2026-04-30,vireo.in,1,2974,PL2-2601-4
VR904254,C103841,VA-EB-PL2,2026-04-30,vireo.in,1,3149,PL2-2603-1
VR904755,C101928,VA-EB-PL2,2026-04-30,Amazon,1,2974,PL2-2602-3
VR905004,C100968,VA-HP-ST2,2026-04-30,Amazon,1,4999,ST2-2602-3
VR905219,C105421,VA-EB-AIR,2026-04-30,Amazon,1,1799,AIR-2602-3
VR905223,C106723,VA-SW-NX2,2026-04-30,vireo.in,1,6499,NX2-2603-2
VR905657,C104815,VA-EB-PL2,2026-04-30,vireo.in,1,3499,PL2-2604-3
VR906044,C102376,VA-SP-MINI,2026-04-30,vireo.in,1,1999,MINI-2603-2
VR906376,C102884,VA-EB-PL2,2026-04-30,Flipkart,1,2974,PL2-2603-4
VR906928,C103497,VA-EB-PL2,2026-04-30,vireo.in,1,2974,PL2-2603-3
VR907148,C103137,VA-EB-PL2,2026-04-30,vireo.in,1,3499,PL2-2603-3
VR909504,C109340,VA-SW-NX2,2026-04-30,vireo.in,1,6499,NX2-2602-3
VR880813,C105895,VA-SW-NX2,2026-05-01,Flipkart,1,5199,NX2-2601-1
VR881523,C104117,VA-EB-PL2,2026-05-01,vireo.in,1,3499,PL2-2604-3
VR883580,C106270,VA-EB-PL1,2026-05-01,Amazon,1,2249,PL1-2601-1
VR883959,C104588,VA-EB-PL1,2026-05-01,vireo.in,1,2124,PL1-2603-2
VR884207,C101921,VA-SW-NX2,2026-05-01,vireo.in,1,5849,NX2-2602-3
VR884749,C103889,VA-EB-AIR,2026-05-01,vireo.in,1,1619,AIR-2602-3
VR886873,C108471,VA-EB-PL2,2026-05-01,Amazon,1,3149,PL2-2603-3
VR890837,C107842,VA-AC-CH65,2026-05-01,vireo.in,1,1274,CH65-2602-3
VR892857,C100943,VA-HP-ST3,2026-05-01,vireo.in,1,5599,ST3-2603-1
VR894309,C100528,VA-EB-PL2,2026-05-01,vireo.in,1,2974,PL2-2602-1
VR895017,C108641,VA-EB-PL1,2026-05-01,vireo.in,1,2374,PL1-2602-4
VR895583,C102593,VA-EB-PL1,2026-05-01,Flipkart,1,2499,PL1-2601-1
VR899795,C106747,VA-EB-AIR,2026-05-01,Amazon,1,1709,AIR-2603-2
VR901163,C103343,VA-SP-MINI,2026-05-01,vireo.in,1,2499,MINI-2602-1
VR901480,C106501,VA-SW-NX2,2026-05-01,Amazon,1,5524,NX2-2603-4
VR901717,C100619,VA-SP-MINI,2026-05-01,Amazon,1,1999,MINI-2602-2
VR902079,C106922,VA-EB-PL2,2026-05-01,Amazon,1,3324,PL2-2601-1
VR903355,C102572,VA-HP-ST2,2026-05-01,vireo.in,1,4749,ST2-2603-2
VR904259,C102380,VA-EB-PL2,2026-05-01,Amazon,1,3324,PL2-2603-2
VR905637,C103781,VA-EB-PL2,2026-05-01,Amazon,1,3499,PL2-2603-1
VR905681,C100589,VA-EB-PL2,2026-05-01,Amazon,1,3324,PL2-2603-4
VR906101,C100096,VA-SP-MINI,2026-05-01,vireo.in,1,2374,MINI-2603-1
VR908368,C102846,VA-SP-MINI,2026-05-01,Amazon,1,2124,MINI-2602-2
VR880948,C106692,VA-SW-FIT,2026-05-02,Amazon,1,1899,FIT-2604-2
VR881372,C102533,VA-EB-PL2,2026-05-02,Amazon,1,2799,PL2-2601-2
VR881500,C104464,VA-EB-PL1,2026-05-02,Amazon,1,2124,PL1-2602-1
VR882132,C103815,VA-SW-FIT,2026-05-02,vireo.in,1,1899,FIT-2602-3
VR884446,C106372,VA-SW-NX1,2026-05-02,Amazon,1,4749,NX1-2603-1
VR887450,C103147,VA-EB-PL2,2026-05-02,vireo.in,1,2799,PL2-2604-2
VR888066,C103077,VA-SP-ORB,2026-05-02,vireo.in,1,5999,ORB-2602-1
VR888853,C101228,VA-EB-AIR,2026-05-02,vireo.in,1,1799,AIR-2601-4
VR889317,C103940,VA-EB-PL2,2026-05-02,vireo.in,1,2974,PL2-2601-4
VR890090,C104431,VA-SW-NX2,2026-05-02,vireo.in,1,5199,NX2-2603-3
VR891023,C105991,VA-NB-ARC,2026-05-02,vireo.in,1,1039,ARC-2604-2
VR893191,C105880,VA-SW-FIT,2026-05-02,Amazon,1,1999,FIT-2603-1
VR894416,C107791,VA-EB-PL1,2026-05-02,Amazon,1,2124,PL1-2601-4
VR894557,C101395,VA-SP-ORB,2026-05-02,vireo.in,1,4799,ORB-2602-3
VR897237,C105013,VA-SW-NX1,2026-05-02,Amazon,1,4999,NX1-2601-2
VR897714,C101108,VA-SW-NX2,2026-05-02,Amazon,1,5849,NX2-2602-4
VR898414,C103468,VA-SP-MINI,2026-05-02,vireo.in,1,1999,MINI-2602-4
VR898591,C106007,VA-SP-MINI,2026-05-02,Amazon,1,2374,MINI-2603-2
VR899919,C107183,VA-SW-NX2,2026-05-02,Flipkart,1,5524,NX2-2603-1
VR900596,C107161,VA-EB-PL2,2026-05-02,Amazon,1,3499,PL2-2601-1
VR901394,C107401,VA-SW-NX1,2026-05-02,Flipkart,1,4999,NX1-2604-2
VR901661,C103312,VA-NB-ARC,2026-05-02,vireo.in,1,1299,ARC-2601-1
VR902869,C104087,VA-HP-ST3,2026-05-02,vireo.in,1,6649,ST3-2603-1
VR903633,C107350,VA-NB-ARC,2026-05-02,Amazon,1,1299,ARC-2603-1
VR904333,C104386,VA-EB-PL1,2026-05-02,vireo.in,1,2499,PL1-2601-3
VR904498,C102017,VA-SP-MINI,2026-05-02,Flipkart,1,1999,MINI-2601-3
VR905100,C100777,VA-EB-AIR,2026-05-02,Amazon,1,1619,AIR-2601-3
VR907229,C103340,VA-EB-PL2,2026-05-02,Flipkart,1,3149,PL2-2601-1
VR907900,C102869,VA-EB-PL2,2026-05-02,vireo.in,1,3499,PL2-2602-3
VR907940,C102926,VA-HP-ST3,2026-05-02,vireo.in,1,6649,ST3-2601-4
VR880459,C108055,VA-HP-ST3,2026-05-03,vireo.in,1,6999,ST3-2602-3
VR881187,C108250,VA-EB-PL1,2026-05-03,Amazon,1,2374,PL1-2602-1
VR881210,C103169,VA-EB-PL2,2026-05-03,vireo.in,1,3499,PL2-2602-4
VR881441,C109281,VA-SP-ORB,2026-05-03,Amazon,1,5999,ORB-2601-1
VR884424,C109095,VA-EB-AIR,2026-05-03,vireo.in,1,1619,AIR-2603-2
VR885972,C107151,VA-SP-ORB,2026-05-03,vireo.in,1,5399,ORB-2603-4
VR886771,C104924,VA-HP-ST2,2026-05-03,Amazon,1,4249,ST2-2603-3
VR886876,C100739,VA-NB-ARC,2026-05-03,Amazon,1,1234,ARC-2603-4
VR887198,C104215,VA-EB-PL1,2026-05-03,vireo.in,1,2499,PL1-2603-3
VR887669,C100244,VA-EB-PL2,2026-05-03,Flipkart,1,3324,PL2-2601-4
VR888009,C100734,VA-EB-PL1,2026-05-03,vireo.in,1,2249,PL1-2602-3
VR889488,C107891,VA-EB-PL2,2026-05-03,vireo.in,1,2974,PL2-2604-4
VR891660,C108512,VA-SP-MINI,2026-05-03,vireo.in,2,4998,MINI-2603-2
VR892015,C100843,VA-EB-PL2,2026-05-03,vireo.in,1,3499,PL2-2602-1
VR892273,C104085,VA-SP-ORB,2026-05-03,vireo.in,1,5699,ORB-2604-3
VR893247,C104761,VA-EB-PL1,2026-05-03,Flipkart,1,2499,PL1-2601-3
VR893617,C100158,VA-EB-AIR,2026-05-03,vireo.in,1,1799,AIR-2602-4
VR894692,C104152,VA-EB-PL2,2026-05-03,vireo.in,1,3499,PL2-2601-4
VR895247,C104335,VA-EB-PL2,2026-05-03,vireo.in,1,3149,PL2-2602-4
VR899011,C105863,VA-AC-CBL,2026-05-03,Amazon,1,399,CBL-2601-1
VR899666,C101527,VA-EB-AIR,2026-05-03,Amazon,1,1619,AIR-2604-4
VR901010,C107101,VA-SP-MINI,2026-05-03,Amazon,1,2374,MINI-2602-4
VR901278,C102456,VA-HP-ST2,2026-05-03,vireo.in,1,4999,ST2-2602-3
VR904751,C106205,VA-EB-PL2,2026-05-03,vireo.in,1,3149,PL2-2603-1
VR906667,C104096,VA-EB-PL1,2026-05-03,Amazon,1,2499,PL1-2601-2
VR906818,C108731,VA-EB-PL2,2026-05-03,Flipkart,2,5948,PL2-2601-2
VR908082,C100866,VA-EB-PL2,2026-05-03,vireo.in,1,3499,PL2-2602-4
VR909388,C104346,VA-EB-AIR,2026-05-03,vireo.in,1,1529,AIR-2602-3
VR909509,C100025,VA-NB-ARC,2026-05-03,vireo.in,1,1169,ARC-2603-3
VR881748,C102970,VA-EB-PL2,2026-05-04,vireo.in,1,3499,PL2-2602-1
VR881928,C105109,VA-SW-NX2,2026-05-04,vireo.in,1,6499,NX2-2603-3
VR882696,C105515,VA-SP-ORB,2026-05-04,vireo.in,1,5999,ORB-2603-4
VR882847,C103841,VA-EB-PL2,2026-05-04,vireo.in,1,3499,PL2-2604-4
VR885382,C107656,VA-EB-PL2,2026-05-04,vireo.in,1,3499,PL2-2601-1
VR887413,C108118,VA-EB-PL2,2026-05-04,vireo.in,1,3499,PL2-2603-4
VR889202,C101405,VA-EB-PL2,2026-05-04,vireo.in,1,3149,PL2-2602-1
VR889469,C102485,VA-EB-PL2,2026-05-04,vireo.in,1,2799,PL2-2603-1
VR890817,C100113,VA-SP-MINI,2026-05-04,Amazon,1,2499,MINI-2601-4
VR891349,C107656,VA-EB-AIR,2026-05-04,vireo.in,1,1799,AIR-2604-3
VR891653,C108766,VA-EB-PL2,2026-05-04,Amazon,1,3149,PL2-2604-1
VR891768,C101178,VA-EB-PL2,2026-05-04,vireo.in,1,2799,PL2-2603-4
VR892287,C105193,VA-SP-MINI,2026-05-04,vireo.in,1,2499,MINI-2603-4
VR892392,C107531,VA-SW-NX2,2026-05-04,vireo.in,1,6499,NX2-2602-1
VR893189,C109190,VA-SW-NX1,2026-05-04,Amazon,1,4999,NX1-2603-3
VR894698,C103255,VA-AC-CBL,2026-05-04,vireo.in,1,399,CBL-2604-1
VR894917,C104489,VA-SP-ORB,2026-05-04,Flipkart,1,5999,ORB-2602-1
VR896372,C100497,VA-EB-PL2,2026-05-04,vireo.in,1,3149,PL2-2602-4
VR896749,C102562,VA-HP-ST2,2026-05-04,vireo.in,1,4999,ST2-2601-3
VR899258,C100874,VA-EB-AIR,2026-05-04,vireo.in,1,1439,AIR-2602-4
VR903288,C103384,VA-EB-PL2,2026-05-04,vireo.in,1,2799,PL2-2603-1
VR903780,C103130,VA-EB-PL2,2026-05-04,Amazon,1,3499,PL2-2604-2
VR904210,C100898,VA-EB-PL2,2026-05-04,Amazon,1,3499,PL2-2603-2
VR906340,C100317,VA-SW-NX1,2026-05-04,Amazon,1,4499,NX1-2601-2
VR910025,C105090,VA-NB-ARC,2026-05-04,vireo.in,1,1299,ARC-2603-3
VR881331,C100266,VA-EB-PL2,2026-05-05,vireo.in,1,2799,PL2-2603-2
VR882417,C105461,VA-SW-NX2,2026-05-05,vireo.in,1,6499,NX2-2601-2
VR882485,C101905,VA-EB-PL2,2026-05-05,Amazon,1,2974,PL2-2602-4
VR886788,C105440,VA-SW-NX2,2026-05-05,Flipkart,1,6499,NX2-2604-1
VR888760,C100168,VA-EB-PL1,2026-05-05,Flipkart,1,2124,PL1-2603-2
VR888913,C107070,VA-SP-ORB,2026-05-05,Amazon,1,5999,ORB-2603-4
VR891792,C101122,VA-EB-PL2,2026-05-05,vireo.in,1,3499,PL2-2602-2
VR892139,C101700,VA-EB-PL2,2026-05-05,vireo.in,1,3499,PL2-2601-1
VR894396,C105682,VA-EB-PL2,2026-05-05,vireo.in,1,3499,PL2-2601-4
VR894612,C101162,VA-SW-NX1,2026-05-05,Flipkart,1,4999,NX1-2604-2
VR895878,C102455,VA-EB-AIR,2026-05-05,vireo.in,1,1529,AIR-2603-2
VR896243,C106305,VA-EB-PL2,2026-05-05,Amazon,1,3499,PL2-2602-3
VR897222,C100676,VA-EB-PL2,2026-05-05,vireo.in,2,6298,PL2-2601-1
VR901585,C103405,VA-SW-NX2,2026-05-05,vireo.in,1,6499,NX2-2604-1
VR903275,C100121,VA-EB-PL2,2026-05-05,vireo.in,1,3149,PL2-2603-3
VR904397,C106781,VA-SP-ORB,2026-05-05,vireo.in,1,5399,ORB-2603-2
VR906132,C100120,VA-EB-PL1,2026-05-05,Flipkart,1,2249,PL1-2602-4
VR906279,C108920,VA-EB-PL2,2026-05-05,Flipkart,1,3324,PL2-2602-4
VR907543,C106788,VA-SW-NX2,2026-05-05,Amazon,1,6499,NX2-2603-2
VR908761,C102313,VA-EB-PL2,2026-05-05,vireo.in,1,2799,PL2-2602-1
VR909883,C108358,VA-EB-AIR,2026-05-05,vireo.in,1,1799,AIR-2604-3
VR881909,C102726,VA-NB-ARC,2026-05-06,vireo.in,1,1299,ARC-2603-3
VR882489,C103751,VA-HP-ST3,2026-05-06,vireo.in,1,6999,ST3-2601-4
VR883128,C104688,VA-EB-PL2,2026-05-06,Amazon,1,3149,PL2-2601-2
VR885247,C103372,VA-AC-CASE,2026-05-06,vireo.in,1,1299,CASE-2602-4
VR885332,C103634,VA-EB-PL2,2026-05-06,vireo.in,2,6998,PL2-2602-1
VR885346,C102813,VA-SP-ORB,2026-05-06,vireo.in,1,4799,ORB-2604-1
VR885481,C101938,VA-EB-PL2,2026-05-06,Amazon,1,3149,PL2-2602-1
VR886759,C108994,VA-EB-PL1,2026-05-06,Flipkart,1,2499,PL1-2601-4
VR887588,C107327,VA-HP-ST3,2026-05-06,vireo.in,1,6999,ST3-2602-3
VR888129,C101313,VA-EB-PL1,2026-05-06,vireo.in,1,2499,PL1-2604-1
VR888863,C105628,VA-EB-AIR,2026-05-06,vireo.in,1,1439,AIR-2602-3
VR889331,C108470,VA-SP-MINI,2026-05-06,vireo.in,1,2499,MINI-2604-1
VR891480,C103985,VA-SW-NX2,2026-05-06,Flipkart,1,6499,NX2-2603-4
VR892792,C100347,VA-EB-PL2,2026-05-06,Flipkart,1,3499,PL2-2602-4
VR894619,C104689,VA-EB-PL2,2026-05-06,vireo.in,1,3499,PL2-2603-4
VR896106,C107763,VA-EB-PL1,2026-05-06,vireo.in,1,1999,PL1-2602-4
VR897082,C108982,VA-EB-PL2,2026-05-06,vireo.in,1,3324,PL2-2602-1
VR897116,C108616,VA-EB-PL2,2026-05-06,vireo.in,1,3149,PL2-2601-2
VR898652,C106817,VA-SW-NX2,2026-05-06,vireo.in,1,5524,NX2-2603-1
VR898833,C105451,VA-EB-PL2,2026-05-06,vireo.in,1,3499,PL2-2602-2
VR900559,C104878,VA-EB-PL1,2026-05-06,vireo.in,1,2124,PL1-2604-2
VR903193,C108767,VA-SW-NX2,2026-05-06,vireo.in,1,5849,NX2-2601-2
VR904046,C104861,VA-EB-PL2,2026-05-06,vireo.in,1,3499,PL2-2603-2
VR904371,C102231,VA-AC-CASE,2026-05-06,Amazon,1,1039,CASE-2602-4
VR904524,C105619,VA-EB-PL1,2026-05-06,vireo.in,1,2124,PL1-2604-1
VR904553,C106871,VA-EB-PL2,2026-05-06,Flipkart,1,3499,PL2-2603-3
VR905032,C105189,VA-SP-ORB,2026-05-06,vireo.in,1,5699,ORB-2603-4
VR905699,C108833,VA-SW-FIT,2026-05-06,vireo.in,1,1699,FIT-2602-1
VR908342,C104323,VA-NB-ARC,2026-05-06,Amazon,1,1039,ARC-2601-4
VR908355,C107832,VA-EB-PL2,2026-05-06,vireo.in,1,3324,PL2-2601-4
VR908595,C102901,VA-EB-AIR,2026-05-06,vireo.in,1,1439,AIR-2603-3
VR908939,C108817,VA-EB-AIR,2026-05-06,Amazon,1,1529,AIR-2604-3
VR909962,C101423,VA-HP-ST3,2026-05-06,vireo.in,1,6299,ST3-2603-1
VR881063,C108456,VA-EB-PL2,2026-05-07,Flipkart,1,3324,PL2-2602-2
VR881102,C101347,VA-EB-PL2,2026-05-07,Flipkart,1,3324,PL2-2603-2
VR882608,C100371,VA-EB-AIR,2026-05-07,vireo.in,1,1799,AIR-2602-3
VR883118,C107831,VA-AC-CH65,2026-05-07,Amazon,1,1274,CH65-2602-1
VR883507,C101141,VA-AC-CASE,2026-05-07,vireo.in,1,1169,CASE-2604-1
VR888150,C106050,VA-EB-PL2,2026-05-07,Flipkart,1,2799,PL2-2601-2
VR889123,C104293,VA-EB-PL1,2026-05-07,Amazon,1,2499,PL1-2604-3
VR889289,C105437,VA-SP-MINI,2026-05-07,vireo.in,1,2249,MINI-2601-4
VR890187,C100729,VA-AC-CASE,2026-05-07,vireo.in,1,1299,CASE-2603-2
VR890403,C100718,VA-EB-PL2,2026-05-07,Flipkart,1,3149,PL2-2603-1
VR890828,C104951,VA-HP-ST3,2026-05-07,Amazon,1,6299,ST3-2603-2
VR890898,C105411,VA-EB-PL2,2026-05-07,Flipkart,1,3499,PL2-2601-2
VR892055,C107898,VA-HP-ST2,2026-05-07,vireo.in,1,4999,ST2-2603-1
VR892979,C101031,VA-EB-PL2,2026-05-07,vireo.in,1,2974,PL2-2603-1
VR893002,C100729,VA-SP-ORB,2026-05-07,vireo.in,2,9598,ORB-2601-1
VR893071,C102650,VA-SP-MINI,2026-05-07,vireo.in,1,2124,MINI-2604-1
VR893409,C101605,VA-SW-NX2,2026-05-07,Amazon,1,6499,NX2-2603-3
VR894310,C100454,VA-EB-PL2,2026-05-07,Amazon,1,3499,PL2-2604-4
VR895835,C108291,VA-SP-ORB,2026-05-07,Amazon,1,5099,ORB-2604-1
VR897180,C105898,VA-EB-PL2,2026-05-07,Amazon,1,2799,PL2-2604-4
VR897527,C107957,VA-SW-NX2,2026-05-07,vireo.in,1,5524,NX2-2602-2
VR899526,C103918,VA-EB-PL2,2026-05-07,vireo.in,1,3499,PL2-2603-4
VR901663,C106439,VA-HP-ST2,2026-05-07,Amazon,1,4999,ST2-2602-2
VR902438,C102692,VA-EB-PL2,2026-05-07,Flipkart,1,3499,PL2-2602-2
VR903187,C102409,VA-EB-PL2,2026-05-07,Amazon,1,3324,PL2-2604-2
VR903998,C103616,VA-EB-PL2,2026-05-07,Amazon,1,3499,PL2-2602-2
VR907307,C103695,VA-EB-PL1,2026-05-07,vireo.in,1,2499,PL1-2602-3
VR907413,C108876,VA-AC-CH65,2026-05-07,Amazon,1,1499,CH65-2603-1
VR880826,C102488,VA-SP-MINI,2026-05-08,vireo.in,1,2499,MINI-2602-3
VR881670,C104765,VA-EB-PL2,2026-05-08,vireo.in,2,5948,PL2-2603-1
VR882282,C106814,VA-SW-FIT,2026-05-08,Flipkart,1,1799,FIT-2603-4
VR883276,C104012,VA-EB-PL2,2026-05-08,Amazon,2,6998,PL2-2603-4
VR883873,C100322,VA-SW-NX2,2026-05-08,vireo.in,2,12998,NX2-2603-2
VR884858,C101999,VA-SP-MINI,2026-05-08,Amazon,1,2499,MINI-2603-4
VR886082,C107723,VA-EB-PL1,2026-05-08,vireo.in,1,1999,PL1-2603-4
VR886230,C107714,VA-SW-NX1,2026-05-08,vireo.in,1,4749,NX1-2602-3
VR890829,C108808,VA-SW-FIT,2026-05-08,vireo.in,1,1899,FIT-2603-2
VR891862,C100477,VA-EB-PL2,2026-05-08,Flipkart,1,3499,PL2-2604-3
VR892226,C104330,VA-SP-MINI,2026-05-08,Amazon,1,2499,MINI-2602-1
VR892466,C102440,VA-AC-CH65,2026-05-08,Flipkart,2,2548,CH65-2602-3
VR894797,C102304,VA-EB-PL2,2026-05-08,Flipkart,2,6648,PL2-2604-2
VR894845,C109195,VA-AC-CASE,2026-05-08,Amazon,1,1104,CASE-2604-3
VR896108,C101701,VA-EB-PL2,2026-05-08,vireo.in,1,2799,PL2-2601-3
VR897062,C109268,VA-SW-NX2,2026-05-08,Amazon,1,6499,NX2-2603-3
VR898296,C109327,VA-EB-PL2,2026-05-08,Amazon,1,3499,PL2-2601-3
VR899009,C108576,VA-HP-ST3,2026-05-08,Amazon,1,6999,ST3-2603-1
VR900172,C100313,VA-EB-PL2,2026-05-08,vireo.in,1,3324,PL2-2604-3
VR904439,C104606,VA-EB-PL2,2026-05-08,Amazon,1,3499,PL2-2601-1
VR904887,C104043,VA-EB-PL2,2026-05-08,Flipkart,1,3499,PL2-2603-3
VR906466,C102912,VA-HP-ST3,2026-05-08,Amazon,1,5949,ST3-2603-3
VR906717,C103520,VA-EB-AIR,2026-05-08,Flipkart,1,1799,AIR-2602-2
VR909305,C107603,VA-AC-CASE,2026-05-08,vireo.in,1,1299,CASE-2601-3
VR909404,C108446,VA-SW-FIT,2026-05-08,vireo.in,1,1799,FIT-2602-4
VR881610,C106830,VA-AC-CASE,2026-05-09,vireo.in,1,1299,CASE-2602-3
VR882619,C105379,VA-EB-PL2,2026-05-09,vireo.in,1,3499,PL2-2601-2
VR882735,C104770,VA-HP-ST3,2026-05-09,Flipkart,2,13998,ST3-2603-3
VR883322,C105998,VA-HP-ST3,2026-05-09,Flipkart,1,6999,ST3-2602-4
VR884477,C101635,VA-EB-PL1,2026-05-09,vireo.in,1,2124,PL1-2603-1
VR885667,C108783,VA-EB-PL2,2026-05-09,vireo.in,1,3324,PL2-2602-2
VR887367,C107729,VA-EB-PL2,2026-05-09,vireo.in,1,3149,PL2-2602-1
VR887462,C100597,VA-EB-PL2,2026-05-09,Amazon,1,3499,PL2-2604-2
VR887625,C105797,VA-SW-NX2,2026-05-09,vireo.in,1,5199,NX2-2604-4
VR888621,C106241,VA-HP-ST3,2026-05-09,Amazon,1,6649,ST3-2604-1
VR888964,C102637,VA-SW-NX2,2026-05-09,vireo.in,1,6499,NX2-2601-2
VR889508,C104549,VA-EB-PL2,2026-05-09,Amazon,1,3149,PL2-2602-1
VR890175,C101313,VA-EB-AIR,2026-05-09,vireo.in,1,1619,AIR-2603-3
VR890233,C108023,VA-EB-PL2,2026-05-09,vireo.in,1,3499,PL2-2603-1
VR895995,C108995,VA-EB-PL2,2026-05-09,Flipkart,1,3149,PL2-2601-4
VR897634,C102557,VA-SP-MINI,2026-05-09,Flipkart,1,1999,MINI-2603-3
VR898386,C107825,VA-EB-PL2,2026-05-09,vireo.in,1,2799,PL2-2603-2
VR898763,C103875,VA-EB-PL2,2026-05-09,Amazon,1,3324,PL2-2603-4
VR899137,C108980,VA-EB-PL1,2026-05-09,vireo.in,1,2499,PL1-2602-1
VR900292,C103914,VA-EB-PL1,2026-05-09,Amazon,1,2499,PL1-2602-2
VR901052,C102275,VA-EB-PL2,2026-05-09,vireo.in,1,3499,PL2-2601-4
VR903123,C102886,VA-EB-PL2,2026-05-09,Amazon,2,5948,PL2-2603-1
VR903167,C106674,VA-EB-PL2,2026-05-09,Flipkart,1,3499,PL2-2601-2
VR903184,C101669,VA-SP-MINI,2026-05-09,vireo.in,1,2499,MINI-2601-1
VR903878,C104756,VA-NB-ARC,2026-05-09,vireo.in,1,1039,ARC-2601-2
VR903940,C103075,VA-AC-CASE,2026-05-09,vireo.in,1,1039,CASE-2602-1
VR904745,C107084,VA-SP-MINI,2026-05-09,vireo.in,1,1999,MINI-2602-4
VR904878,C107966,VA-EB-PL2,2026-05-09,vireo.in,1,3149,PL2-2604-3
VR906389,C101222,VA-EB-PL2,2026-05-09,vireo.in,1,3499,PL2-2603-1
VR909031,C106428,VA-EB-PL2,2026-05-09,Flipkart,1,3499,PL2-2604-3
VR909719,C106890,VA-EB-PL2,2026-05-09,Amazon,1,2799,PL2-2602-1
VR880654,C100302,VA-EB-AIR,2026-05-10,vireo.in,1,1529,AIR-2603-4
VR881131,C104689,VA-AC-CASE,2026-05-10,Amazon,1,1299,CASE-2602-4
VR882147,C101209,VA-EB-PL1,2026-05-10,vireo.in,1,2249,PL1-2603-2
VR882794,C107632,VA-SP-MINI,2026-05-10,vireo.in,1,2499,MINI-2601-3
VR883358,C105409,VA-EB-PL2,2026-05-10,vireo.in,1,2799,PL2-2601-2
VR885054,C102754,VA-EB-AIR,2026-05-10,vireo.in,1,1709,AIR-2604-2
VR886030,C107621,VA-SP-ORB,2026-05-10,vireo.in,1,5999,ORB-2604-2
VR886733,C108799,VA-EB-PL2,2026-05-10,Amazon,1,3499,PL2-2603-3
VR886783,C104353,VA-SP-MINI,2026-05-10,vireo.in,1,1999,MINI-2603-3
VR886863,C102854,VA-SW-NX2,2026-05-10,Amazon,1,6499,NX2-2602-3
VR887057,C104485,VA-HP-ST2,2026-05-10,vireo.in,1,4749,ST2-2604-2
VR888654,C105180,VA-EB-PL2,2026-05-10,vireo.in,1,3499,PL2-2604-2
VR888815,C108251,VA-EB-PL2,2026-05-10,Flipkart,1,2974,PL2-2603-3
VR889003,C103621,VA-EB-PL2,2026-05-10,vireo.in,1,3149,PL2-2603-2
VR889232,C105287,VA-EB-PL1,2026-05-10,Amazon,1,2499,PL1-2604-1
VR889661,C103324,VA-SP-MINI,2026-05-10,vireo.in,1,2124,MINI-2602-3
VR892153,C108551,VA-SW-NX1,2026-05-10,vireo.in,1,4499,NX1-2604-1
VR892195,C102010,VA-EB-PL2,2026-05-10,vireo.in,1,3149,PL2-2603-1
VR894131,C104420,VA-SP-MINI,2026-05-10,Flipkart,1,2499,MINI-2602-3
VR895155,C100773,VA-EB-PL1,2026-05-10,Amazon,1,2499,PL1-2602-1
VR897846,C101716,VA-EB-PL2,2026-05-10,vireo.in,1,2974,PL2-2603-3
VR898515,C106248,VA-SP-ORB,2026-05-10,vireo.in,1,4799,ORB-2603-1
VR901725,C106527,VA-EB-PL2,2026-05-10,Amazon,1,3149,PL2-2603-2
VR903971,C101231,VA-EB-PL2,2026-05-10,Flipkart,1,3499,PL2-2602-4
VR904103,C100109,VA-SW-FIT,2026-05-10,vireo.in,1,1699,FIT-2603-4
VR904891,C106299,VA-EB-AIR,2026-05-10,Flipkart,2,3598,AIR-2604-4
VR907092,C101189,VA-EB-PL2,2026-05-10,Amazon,1,2799,PL2-2602-1
VR907443,C103158,VA-AC-CH65,2026-05-10,vireo.in,1,1499,CH65-2602-4
VR908843,C101241,VA-SW-NX1,2026-05-10,vireo.in,2,7998,NX1-2601-1
VR908998,C101492,VA-HP-ST2,2026-05-10,Amazon,1,4249,ST2-2603-2
VR880470,C101915,VA-NB-ARC,2026-05-11,vireo.in,1,1234,ARC-2603-4
VR881861,C101077,VA-EB-PL2,2026-05-11,vireo.in,1,3324,PL2-2601-4
VR882184,C103755,VA-EB-PL2,2026-05-11,Flipkart,1,3499,PL2-2602-4
VR882223,C105826,VA-SP-MINI,2026-05-11,Amazon,1,2499,MINI-2603-4
VR883016,C100640,VA-EB-PL2,2026-05-11,vireo.in,1,3499,PL2-2603-4
VR883338,C107850,VA-EB-PL2,2026-05-11,Amazon,1,2799,PL2-2602-4
VR883761,C100400,VA-HP-ST3,2026-05-11,vireo.in,1,6299,ST3-2604-2
VR884198,C106801,VA-SP-MINI,2026-05-11,vireo.in,1,2124,MINI-2602-3
VR884209,C105968,VA-EB-PL1,2026-05-11,vireo.in,1,2249,PL1-2602-3
VR884547,C104194,VA-SW-NX1,2026-05-11,vireo.in,1,4249,NX1-2602-3
VR885385,C101096,VA-EB-AIR,2026-05-11,vireo.in,1,1529,AIR-2604-4
VR886255,C102128,VA-EB-PL2,2026-05-11,vireo.in,1,3499,PL2-2602-3
VR886899,C107399,VA-SW-NX2,2026-05-11,vireo.in,1,5524,NX2-2603-1
VR887554,C107369,VA-SW-NX2,2026-05-11,Amazon,1,5199,NX2-2601-2
VR887563,C104396,VA-EB-PL1,2026-05-11,Flipkart,1,2499,PL1-2603-4
VR887754,C107994,VA-EB-PL2,2026-05-11,vireo.in,1,3499,PL2-2602-2
VR888289,C108955,VA-EB-PL1,2026-05-11,vireo.in,1,2124,PL1-2604-1
VR889707,C101281,VA-HP-ST3,2026-05-11,Amazon,1,5949,ST3-2603-3
VR889934,C109225,VA-EB-PL2,2026-05-11,vireo.in,1,2799,PL2-2601-2
VR891017,C108336,VA-EB-PL1,2026-05-11,Amazon,1,2374,PL1-2604-2
VR891939,C101661,VA-AC-CASE,2026-05-11,vireo.in,1,1299,CASE-2603-2
VR892240,C108006,VA-EB-PL1,2026-05-11,vireo.in,1,2124,PL1-2604-4
VR894586,C102337,VA-EB-PL2,2026-05-11,vireo.in,1,2799,PL2-2603-1
VR895069,C108779,VA-SP-MINI,2026-05-11,vireo.in,1,2249,MINI-2602-2
VR897775,C109309,VA-SP-MINI,2026-05-11,vireo.in,1,2499,MINI-2603-3
VR903982,C108361,VA-EB-PL2,2026-05-11,Flipkart,1,3149,PL2-2604-2
VR904692,C100555,VA-EB-AIR,2026-05-11,Flipkart,1,1439,AIR-2603-4
VR906313,C107185,VA-EB-PL2,2026-05-11,Flipkart,1,2974,PL2-2603-2
VR906493,C104018,VA-SW-NX2,2026-05-11,vireo.in,1,6499,NX2-2601-3
VR908705,C108378,VA-EB-AIR,2026-05-11,Amazon,1,1439,AIR-2602-3
VR908764,C104019,VA-SP-MINI,2026-05-11,Amazon,1,2499,MINI-2602-3
VR880685,C107296,VA-EB-PL2,2026-05-12,Amazon,1,3149,PL2-2603-4
VR880868,C104930,VA-EB-PL2,2026-05-12,vireo.in,1,3499,PL2-2603-2
VR880875,C101726,VA-SP-ORB,2026-05-12,Amazon,1,5699,ORB-2604-2
VR881755,C105849,VA-EB-PL2,2026-05-12,vireo.in,1,3499,PL2-2604-1
VR882449,C102702,VA-SW-FIT,2026-05-12,vireo.in,1,1599,FIT-2603-4
VR883765,C100574,VA-HP-ST3,2026-05-12,vireo.in,1,6999,ST3-2602-3
VR884553,C101704,VA-AC-CASE,2026-05-12,vireo.in,1,1234,CASE-2604-3
VR884753,C104719,VA-EB-PL2,2026-05-12,Flipkart,1,3499,PL2-2603-4
VR885654,C107698,VA-EB-PL2,2026-05-12,vireo.in,2,6998,PL2-2603-2
VR885973,C106283,VA-EB-PL1,2026-05-12,vireo.in,1,2374,PL1-2604-4
VR885993,C106466,VA-EB-PL2,2026-05-12,vireo.in,1,2974,PL2-2601-1
VR886331,C101343,VA-EB-PL2,2026-05-12,vireo.in,1,3149,PL2-2601-4
VR887214,C104548,VA-EB-PL1,2026-05-12,Amazon,1,2124,PL1-2604-1
VR887536,C105058,VA-SW-NX2,2026-05-12,Flipkart,1,5524,NX2-2602-4
VR888385,C109374,VA-EB-PL2,2026-05-12,vireo.in,2,6998,PL2-2604-1
VR888683,C102847,VA-EB-PL2,2026-05-12,Amazon,1,3499,PL2-2602-1
VR889082,C100136,VA-AC-CASE,2026-05-12,vireo.in,1,1104,CASE-2602-3
VR890641,C100356,VA-SP-ORB,2026-05-12,vireo.in,1,5099,ORB-2604-4
VR890935,C100560,VA-SW-NX2,2026-05-12,Flipkart,2,10398,NX2-2602-2
VR892934,C107567,VA-SP-MINI,2026-05-12,vireo.in,2,4498,MINI-2603-4
VR893193,C108801,VA-AC-CH65,2026-05-12,vireo.in,1,1424,CH65-2602-3
VR893944,C104871,VA-EB-PL2,2026-05-12,vireo.in,1,3499,PL2-2601-3
VR894166,C102877,VA-SP-MINI,2026-05-12,vireo.in,1,2249,MINI-2603-2
VR894561,C108756,VA-EB-PL2,2026-05-12,Flipkart,1,3499,PL2-2602-4
VR895005,C109463,VA-SW-FIT,2026-05-12,vireo.in,1,1699,FIT-2602-1
VR895610,C103316,VA-EB-AIR,2026-05-12,vireo.in,1,1799,AIR-2603-4
VR895628,C104297,VA-HP-ST3,2026-05-12,vireo.in,1,6999,ST3-2603-2
VR896143,C106289,VA-HP-ST3,2026-05-12,vireo.in,1,6299,ST3-2602-4
VR896428,C104725,VA-HP-ST3,2026-05-12,vireo.in,1,6999,ST3-2602-1
VR896662,C101975,VA-EB-PL2,2026-05-12,Flipkart,1,3499,PL2-2601-1
VR897324,C104900,VA-EB-PL1,2026-05-12,vireo.in,1,2499,PL1-2603-2
VR898310,C104836,VA-EB-PL2,2026-05-12,Flipkart,1,3499,PL2-2602-1
VR899055,C103949,VA-EB-PL1,2026-05-12,Amazon,1,2499,PL1-2603-3
VR900268,C103331,VA-SW-FIT,2026-05-12,vireo.in,1,1999,FIT-2602-1
VR900678,C103302,VA-SW-NX2,2026-05-12,vireo.in,1,6499,NX2-2603-4
VR901121,C105670,VA-EB-PL2,2026-05-12,Amazon,1,2799,PL2-2601-3
VR901860,C109322,VA-EB-PL2,2026-05-12,vireo.in,1,3324,PL2-2604-1
VR901895,C108891,VA-HP-ST3,2026-05-12,vireo.in,1,5599,ST3-2603-1
VR904028,C103732,VA-EB-PL1,2026-05-12,Flipkart,1,2499,PL1-2602-4
VR904141,C102939,VA-SP-MINI,2026-05-12,Flipkart,1,2124,MINI-2604-3
VR906026,C100741,VA-EB-AIR,2026-05-12,vireo.in,1,1619,AIR-2602-3
VR907800,C105820,VA-EB-PL2,2026-05-12,vireo.in,1,3499,PL2-2603-4
VR907806,C107894,VA-EB-AIR,2026-05-12,vireo.in,1,1439,AIR-2604-4
VR908024,C107817,VA-HP-ST2,2026-05-12,Amazon,1,4749,ST2-2603-3
VR908178,C100886,VA-EB-PL2,2026-05-12,Amazon,1,3499,PL2-2603-4
VR909838,C106991,VA-HP-ST3,2026-05-12,vireo.in,2,11198,ST3-2602-3
VR880170,C102645,VA-EB-PL1,2026-05-13,vireo.in,1,2124,PL1-2602-3
VR880426,C106522,VA-EB-PL2,2026-05-13,Flipkart,1,3324,PL2-2603-3
VR880594,C109141,VA-HP-ST3,2026-05-13,vireo.in,2,11898,ST3-2604-3
VR881315,C107948,VA-EB-PL1,2026-05-13,vireo.in,1,2249,PL1-2602-4
VR882976,C102166,VA-EB-PL2,2026-05-13,vireo.in,1,3499,PL2-2601-4
VR883250,C102970,VA-SW-NX2,2026-05-13,vireo.in,1,6499,NX2-2603-2
VR883943,C101617,VA-AC-CASE,2026-05-13,vireo.in,1,1299,CASE-2602-2
VR884227,C100782,VA-AC-CASE,2026-05-13,Flipkart,1,1234,CASE-2603-4
VR887359,C103046,VA-EB-AIR,2026-05-13,vireo.in,1,1799,AIR-2602-2
VR888505,C106762,VA-EB-PL2,2026-05-13,vireo.in,1,2799,PL2-2604-1
VR889322,C101570,VA-EB-PL2,2026-05-13,Amazon,1,3149,PL2-2603-1
VR892956,C108476,VA-EB-PL2,2026-05-13,vireo.in,1,2799,PL2-2604-2
VR894911,C105652,VA-EB-PL2,2026-05-13,Amazon,1,2974,PL2-2602-2
VR895266,C107760,VA-EB-PL2,2026-05-13,Flipkart,1,3324,PL2-2602-2
VR895296,C100199,VA-EB-PL1,2026-05-13,vireo.in,1,1999,PL1-2602-4
VR895552,C100537,VA-EB-PL2,2026-05-13,Amazon,1,3499,PL2-2603-1
VR896982,C108353,VA-EB-PL2,2026-05-13,vireo.in,1,2974,PL2-2604-2
VR897038,C108316,VA-EB-PL2,2026-05-13,Flipkart,1,2799,PL2-2602-4
VR898419,C103085,VA-NB-ARC,2026-05-13,vireo.in,1,1299,ARC-2603-1
VR899859,C101270,VA-EB-PL2,2026-05-13,vireo.in,1,3149,PL2-2604-4
VR901164,C108607,VA-EB-PL2,2026-05-13,Amazon,1,3499,PL2-2603-1
VR901884,C108627,VA-EB-PL2,2026-05-13,vireo.in,1,3149,PL2-2602-1
VR902791,C109412,VA-EB-PL2,2026-05-13,Flipkart,2,6998,PL2-2603-3
VR903290,C108121,VA-EB-PL2,2026-05-13,vireo.in,1,3499,PL2-2603-1
VR906168,C107903,VA-EB-PL2,2026-05-13,vireo.in,1,3149,PL2-2602-3
VR908814,C105251,VA-SW-FIT,2026-05-13,vireo.in,1,1999,FIT-2603-3
VR909749,C103352,VA-SW-NX1,2026-05-13,vireo.in,1,4999,NX1-2604-3
VR909952,C106898,VA-SW-NX2,2026-05-13,vireo.in,1,6499,NX2-2603-2
VR881528,C107518,VA-AC-CASE,2026-05-14,Amazon,2,2598,CASE-2602-3
VR881584,C100590,VA-SW-NX2,2026-05-14,vireo.in,1,5524,NX2-2602-1
VR882272,C107777,VA-AC-CASE,2026-05-14,Flipkart,1,1299,CASE-2602-4
VR885767,C101965,VA-EB-PL2,2026-05-14,Amazon,1,2799,PL2-2603-2
VR888630,C100544,VA-EB-PL1,2026-05-14,vireo.in,1,2374,PL1-2601-1
VR889439,C105910,VA-SW-FIT,2026-05-14,Flipkart,1,1599,FIT-2602-1
VR889457,C108861,VA-EB-PL1,2026-05-14,Amazon,1,2499,PL1-2604-3
VR890876,C104436,VA-SW-NX2,2026-05-14,Amazon,1,5524,NX2-2604-3
VR890946,C106548,VA-AC-CH65,2026-05-14,vireo.in,1,1499,CH65-2604-3
VR891568,C105842,VA-EB-PL2,2026-05-14,Amazon,1,3499,PL2-2601-3
VR891621,C108848,VA-EB-PL2,2026-05-14,vireo.in,1,2799,PL2-2603-3
VR892359,C108213,VA-EB-AIR,2026-05-14,vireo.in,1,1799,AIR-2601-2
VR892481,C105147,VA-SW-NX2,2026-05-14,vireo.in,2,11048,NX2-2604-1
VR895923,C105520,VA-EB-PL2,2026-05-14,vireo.in,1,3149,PL2-2603-2
VR896598,C106217,VA-EB-PL2,2026-05-14,vireo.in,1,2974,PL2-2602-3
VR896884,C100192,VA-EB-PL2,2026-05-14,vireo.in,1,3499,PL2-2602-4
VR897225,C107719,VA-EB-PL2,2026-05-14,Amazon,1,2799,PL2-2601-4
VR898347,C106682,VA-EB-PL2,2026-05-14,Amazon,1,3499,PL2-2602-4
VR898542,C106624,VA-AC-CASE,2026-05-14,Amazon,1,1299,CASE-2602-1
VR898981,C102917,VA-EB-PL2,2026-05-14,Amazon,1,2974,PL2-2603-4
VR900316,C107430,VA-SW-FIT,2026-05-14,vireo.in,1,1599,FIT-2601-2
VR900525,C103709,VA-SP-MINI,2026-05-14,vireo.in,1,1999,MINI-2603-3
VR901066,C103266,VA-EB-PL1,2026-05-14,vireo.in,1,1999,PL1-2602-1
VR902266,C107216,VA-EB-PL2,2026-05-14,vireo.in,1,2974,PL2-2603-1
VR905746,C107808,VA-HP-ST3,2026-05-14,vireo.in,1,6999,ST3-2603-4
VR907861,C104816,VA-EB-PL2,2026-05-14,Flipkart,1,3499,PL2-2602-2
VR908074,C104643,VA-EB-PL2,2026-05-14,Amazon,1,3499,PL2-2602-2
VR908144,C103940,VA-EB-PL2,2026-05-14,Amazon,1,3324,PL2-2602-2
VR908463,C109291,VA-SW-FIT,2026-05-14,Amazon,1,1999,FIT-2604-2
VR880825,C103117,VA-EB-PL2,2026-05-15,vireo.in,1,3149,PL2-2604-4
VR881016,C108049,VA-EB-PL2,2026-05-15,Flipkart,1,2799,PL2-2604-4
VR883907,C100199,VA-SP-MINI,2026-05-15,vireo.in,1,1999,MINI-2603-4
VR884665,C103980,VA-EB-PL2,2026-05-15,Amazon,1,3499,PL2-2603-4
VR884965,C107850,VA-EB-PL2,2026-05-15,Amazon,1,3499,PL2-2602-1
VR887123,C100789,VA-EB-PL2,2026-05-15,vireo.in,1,2799,PL2-2603-2
VR888879,C105203,VA-EB-PL2,2026-05-15,vireo.in,1,3499,PL2-2603-3
VR889806,C103278,VA-EB-PL1,2026-05-15,Amazon,2,4498,PL1-2602-3
VR890435,C104110,VA-SP-MINI,2026-05-15,vireo.in,1,2124,MINI-2602-1
VR890941,C106194,VA-EB-AIR,2026-05-15,Amazon,1,1709,AIR-2603-3
VR893020,C103144,VA-SW-NX2,2026-05-15,Amazon,1,6499,NX2-2604-4
VR893242,C100908,VA-EB-PL2,2026-05-15,Amazon,1,2799,PL2-2603-4
VR893244,C105757,VA-EB-PL2,2026-05-15,vireo.in,1,3149,PL2-2602-4
VR893296,C100634,VA-AC-CASE,2026-05-15,vireo.in,1,1234,CASE-2604-1
VR894176,C100355,VA-EB-PL2,2026-05-15,Amazon,1,3499,PL2-2602-2
VR895455,C102564,VA-SP-MINI,2026-05-15,Amazon,1,2124,MINI-2602-1
VR895524,C104243,VA-EB-AIR,2026-05-15,vireo.in,1,1799,AIR-2603-2
VR896140,C104645,VA-SP-ORB,2026-05-15,vireo.in,1,4799,ORB-2604-1
VR898260,C100629,VA-SP-MINI,2026-05-15,vireo.in,1,1999,MINI-2602-3
VR898450,C104856,VA-EB-PL1,2026-05-15,Amazon,1,1999,PL1-2603-1
VR902469,C102541,VA-EB-AIR,2026-05-15,vireo.in,1,1799,AIR-2603-4
VR902833,C108931,VA-HP-ST3,2026-05-15,Amazon,2,11898,ST3-2604-4
VR903544,C103201,VA-SP-MINI,2026-05-15,vireo.in,1,2374,MINI-2601-3
VR904433,C104711,VA-NB-ARC,2026-05-15,Flipkart,1,1299,ARC-2603-4
VR905517,C102448,VA-SP-MINI,2026-05-15,vireo.in,2,3998,MINI-2604-1
VR906701,C107017,VA-EB-PL1,2026-05-15,vireo.in,1,2499,PL1-2603-3
VR906799,C102682,VA-EB-PL2,2026-05-15,vireo.in,1,3499,PL2-2603-2
VR907821,C100665,VA-HP-ST3,2026-05-15,vireo.in,1,6999,ST3-2603-4
VR908945,C108083,VA-EB-PL2,2026-05-15,Flipkart,1,3499,PL2-2603-4
VR908962,C107433,VA-EB-PL2,2026-05-15,vireo.in,1,3499,PL2-2602-3
VR881940,C103855,VA-EB-PL2,2026-05-16,Flipkart,1,2974,PL2-2603-1
VR883448,C101632,VA-SW-FIT,2026-05-16,vireo.in,1,1799,FIT-2604-4
VR885801,C107280,VA-EB-PL2,2026-05-16,vireo.in,1,2799,PL2-2601-2
VR886525,C107529,VA-AC-CASE,2026-05-16,vireo.in,1,1039,CASE-2603-3
VR889341,C109112,VA-EB-PL1,2026-05-16,vireo.in,1,2249,PL1-2603-3
VR889681,C102614,VA-NB-ARC,2026-05-16,Flipkart,1,1299,ARC-2603-3
VR892649,C104550,VA-EB-PL1,2026-05-16,Flipkart,1,2499,PL1-2602-1
VR893353,C100664,VA-SW-NX2,2026-05-16,vireo.in,1,6174,NX2-2603-1
VR893724,C106389,VA-SP-ORB,2026-05-16,Amazon,1,5099,ORB-2604-2
VR893802,C104040,VA-EB-PL2,2026-05-16,vireo.in,1,3149,PL2-2604-1
VR895675,C103829,VA-EB-PL2,2026-05-16,Amazon,1,2974,PL2-2601-2
VR896801,C105027,VA-EB-PL2,2026-05-16,Amazon,1,3324,PL2-2603-4
VR897785,C102193,VA-HP-ST3,2026-05-16,Flipkart,1,6649,ST3-2603-2
VR897903,C101020,VA-SW-NX1,2026-05-16,vireo.in,1,4749,NX1-2602-3
VR898768,C102050,VA-EB-PL2,2026-05-16,vireo.in,1,2974,PL2-2604-4
VR898984,C102825,VA-SW-FIT,2026-05-16,vireo.in,1,1999,FIT-2603-1
VR899827,C107737,VA-SW-FIT,2026-05-16,vireo.in,1,1999,FIT-2603-4
VR900609,C107296,VA-EB-PL1,2026-05-16,vireo.in,1,2499,PL1-2603-1
VR900710,C103401,VA-HP-ST3,2026-05-16,vireo.in,1,6649,ST3-2603-1
VR902607,C106555,VA-EB-PL2,2026-05-16,Amazon,1,2799,PL2-2603-1
VR903701,C109440,VA-SP-MINI,2026-05-16,Amazon,1,2499,MINI-2602-1
VR904218,C105936,VA-EB-AIR,2026-05-16,vireo.in,1,1799,AIR-2603-1
VR905086,C101839,VA-EB-AIR,2026-05-16,vireo.in,2,3598,AIR-2603-2
VR905371,C101748,VA-AC-CH65,2026-05-16,vireo.in,1,1424,CH65-2604-4
VR905998,C102269,VA-EB-PL2,2026-05-16,vireo.in,1,3324,PL2-2602-2
VR906811,C104912,VA-EB-PL2,2026-05-16,Amazon,1,3499,PL2-2604-3
VR907643,C108697,VA-SP-MINI,2026-05-16,vireo.in,2,4748,MINI-2604-1
VR908278,C109015,VA-AC-CH65,2026-05-16,vireo.in,1,1499,CH65-2603-2
VR909934,C104299,VA-EB-PL2,2026-05-16,vireo.in,1,2799,PL2-2602-1
VR883443,C105010,VA-SW-FIT,2026-05-17,vireo.in,2,3398,FIT-2602-4
VR884030,C107461,VA-EB-PL2,2026-05-17,vireo.in,1,3324,PL2-2603-2
VR886023,C101342,VA-EB-PL2,2026-05-17,vireo.in,1,3499,PL2-2604-3
VR887441,C103715,VA-EB-PL2,2026-05-17,vireo.in,1,2799,PL2-2603-1
VR888313,C109339,VA-HP-ST3,2026-05-17,vireo.in,1,6299,ST3-2603-3
VR890209,C102949,VA-HP-ST2,2026-05-17,Amazon,1,4499,ST2-2604-1
VR891056,C102446,VA-AC-CASE,2026-05-17,vireo.in,1,1299,CASE-2603-1
VR891642,C101220,VA-EB-PL2,2026-05-17,vireo.in,1,3149,PL2-2603-4
VR892285,C103227,VA-NB-ARC,2026-05-17,Amazon,1,1039,ARC-2603-3
VR892766,C101670,VA-AC-CASE,2026-05-17,vireo.in,1,1039,CASE-2603-3
VR892795,C104558,VA-SP-ORB,2026-05-17,Amazon,1,4799,ORB-2602-3
VR894350,C104939,VA-SW-NX1,2026-05-17,vireo.in,2,9998,NX1-2603-3
VR894611,C101790,VA-SW-NX2,2026-05-17,vireo.in,1,5849,NX2-2601-1
VR894832,C103223,VA-HP-ST3,2026-05-17,Amazon,1,6999,ST3-2602-3
VR896274,C106361,VA-EB-PL2,2026-05-17,vireo.in,2,6648,PL2-2604-4
VR898142,C102211,VA-EB-AIR,2026-05-17,Flipkart,1,1799,AIR-2604-1
VR898552,C104137,VA-EB-AIR,2026-05-17,vireo.in,1,1799,AIR-2604-3
VR899244,C106453,VA-SW-FIT,2026-05-17,Flipkart,1,1999,FIT-2604-4
VR899874,C105183,VA-SP-ORB,2026-05-17,Amazon,1,5999,ORB-2604-3
VR902085,C109476,VA-EB-PL2,2026-05-17,vireo.in,1,3499,PL2-2602-1
VR902096,C106619,VA-SW-NX1,2026-05-17,Amazon,1,4749,NX1-2602-4
VR903458,C107975,VA-EB-PL2,2026-05-17,vireo.in,1,3324,PL2-2603-3
VR906126,C107227,VA-HP-ST3,2026-05-17,vireo.in,1,6999,ST3-2603-4
VR909001,C101358,VA-SW-NX2,2026-05-17,vireo.in,1,6499,NX2-2603-2
VR909588,C102496,VA-SP-ORB,2026-05-17,vireo.in,1,5999,ORB-2604-1
VR909960,C102120,VA-SW-NX2,2026-05-17,Flipkart,1,5199,NX2-2602-1
VR881348,C100814,VA-SW-NX2,2026-05-18,Amazon,1,5199,NX2-2603-3
VR881672,C104786,VA-EB-PL1,2026-05-18,vireo.in,1,2499,PL1-2604-4
VR882712,C101819,VA-EB-PL2,2026-05-18,Flipkart,1,2974,PL2-2603-1
VR883169,C107740,VA-HP-ST3,2026-05-18,vireo.in,1,6999,ST3-2602-4
VR886833,C102477,VA-EB-PL2,2026-05-18,Amazon,1,2974,PL2-2603-4
VR886918,C105281,VA-EB-PL2,2026-05-18,Flipkart,1,3499,PL2-2603-4
VR887819,C104252,VA-SP-MINI,2026-05-18,vireo.in,1,2124,MINI-2604-4
VR889131,C106665,VA-EB-PL1,2026-05-18,vireo.in,1,1999,PL1-2603-2
VR890001,C102401,VA-SW-FIT,2026-05-18,Flipkart,1,1999,FIT-2603-4
VR890588,C108252,VA-EB-PL2,2026-05-18,Amazon,1,3324,PL2-2603-2
VR890928,C108641,VA-EB-PL2,2026-05-18,Amazon,1,3324,PL2-2603-1
VR891116,C104048,VA-SW-NX1,2026-05-18,vireo.in,2,9498,NX1-2602-3
VR893258,C100615,VA-NB-ARC,2026-05-18,vireo.in,1,1234,ARC-2603-1
VR894951,C103911,VA-EB-PL2,2026-05-18,vireo.in,1,3499,PL2-2604-1
VR895936,C103701,VA-SW-NX2,2026-05-18,vireo.in,1,5849,NX2-2603-1
VR897701,C107087,VA-SW-NX1,2026-05-18,vireo.in,1,3999,NX1-2602-3
VR897783,C102273,VA-EB-PL2,2026-05-18,Flipkart,1,3149,PL2-2602-1
VR899185,C104607,VA-SW-FIT,2026-05-18,Flipkart,2,3998,FIT-2602-3
VR899310,C107535,VA-AC-CASE,2026-05-18,Flipkart,2,2598,CASE-2602-3
VR900963,C108958,VA-EB-PL2,2026-05-18,Amazon,1,3149,PL2-2604-4
VR901095,C104063,VA-HP-ST2,2026-05-18,vireo.in,1,4749,ST2-2603-1
VR901281,C104224,VA-HP-ST3,2026-05-18,Amazon,1,5949,ST3-2602-2
VR901739,C100017,VA-EB-PL2,2026-05-18,Amazon,1,3324,PL2-2602-2
VR902038,C108911,VA-EB-PL1,2026-05-18,Flipkart,1,2374,PL1-2602-1
VR902876,C103946,VA-SW-FIT,2026-05-18,vireo.in,1,1999,FIT-2602-2
VR903108,C108748,VA-EB-PL1,2026-05-18,Amazon,1,2499,PL1-2604-1
VR903311,C108708,VA-EB-AIR,2026-05-18,Amazon,1,1799,AIR-2604-2
VR904082,C107044,VA-EB-PL2,2026-05-18,vireo.in,1,3324,PL2-2602-3
VR904625,C106690,VA-EB-PL2,2026-05-18,Amazon,1,2974,PL2-2603-2
VR905893,C104244,VA-EB-PL2,2026-05-18,Amazon,1,3499,PL2-2603-3
VR906692,C105016,VA-NB-ARC,2026-05-18,Amazon,1,1104,ARC-2603-4
VR907207,C101438,VA-EB-PL2,2026-05-18,Amazon,1,3499,PL2-2602-4
VR908675,C109251,VA-EB-PL2,2026-05-18,Amazon,1,2974,PL2-2602-1
VR909663,C107662,VA-SP-ORB,2026-05-18,Amazon,1,4799,ORB-2604-2
VR881201,C105253,VA-SP-MINI,2026-05-19,vireo.in,1,2499,MINI-2603-2
VR883612,C103539,VA-EB-PL1,2026-05-19,vireo.in,1,2499,PL1-2602-2
VR890039,C106488,VA-EB-PL2,2026-05-19,vireo.in,1,2799,PL2-2603-1
VR890092,C103872,VA-EB-PL2,2026-05-19,Flipkart,1,3499,PL2-2603-2
VR891885,C101064,VA-SW-FIT,2026-05-19,Amazon,2,3998,FIT-2604-2
VR893921,C105714,VA-HP-ST3,2026-05-19,vireo.in,1,6999,ST3-2603-1
VR894600,C104112,VA-EB-PL2,2026-05-19,Amazon,1,3499,PL2-2604-1
VR894602,C105901,VA-EB-AIR,2026-05-19,Amazon,1,1619,AIR-2602-4
VR894616,C103240,VA-EB-PL2,2026-05-19,vireo.in,1,3149,PL2-2603-1
VR895834,C106823,VA-NB-ARC,2026-05-19,Flipkart,1,1169,ARC-2602-2
VR896091,C100182,VA-SP-ORB,2026-05-19,vireo.in,1,5699,ORB-2603-1
VR897155,C106216,VA-SW-NX2,2026-05-19,vireo.in,1,6499,NX2-2603-3
VR897307,C106353,VA-NB-ARC,2026-05-19,Flipkart,1,1299,ARC-2604-1
VR898947,C106331,VA-SW-NX1,2026-05-19,vireo.in,1,4749,NX1-2603-1
VR899673,C108436,VA-AC-CBL,2026-05-19,vireo.in,1,399,CBL-2603-2
VR901119,C107594,VA-SW-NX2,2026-05-19,Amazon,1,6174,NX2-2602-2
VR902696,C107870,VA-EB-PL2,2026-05-19,Amazon,1,2799,PL2-2604-2
VR902699,C106283,VA-EB-PL1,2026-05-19,vireo.in,1,2499,PL1-2602-1
VR902747,C106865,VA-SW-NX2,2026-05-19,Amazon,1,5524,NX2-2604-4
VR904130,C105118,VA-EB-AIR,2026-05-19,Amazon,1,1529,AIR-2602-2
VR905273,C102251,VA-HP-ST3,2026-05-19,Flipkart,1,5599,ST3-2603-4
VR907533,C101453,VA-SW-NX2,2026-05-19,vireo.in,1,6499,NX2-2603-3
VR881509,C100186,VA-EB-PL2,2026-05-20,vireo.in,1,3499,PL2-2604-2
VR882123,C105933,VA-EB-PL2,2026-05-20,vireo.in,1,2799,PL2-2603-2
VR883527,C104268,VA-SP-MINI,2026-05-20,Amazon,1,2374,MINI-2604-2
VR883611,C103588,VA-SP-MINI,2026-05-20,Amazon,1,2374,MINI-2604-4
VR885828,C102034,VA-HP-ST3,2026-05-20,vireo.in,1,5949,ST3-2604-2
VR886902,C104612,VA-HP-ST3,2026-05-20,vireo.in,1,6299,ST3-2603-4
VR887513,C103221,VA-EB-PL2,2026-05-20,Amazon,1,3499,PL2-2604-2
VR888215,C102641,VA-SP-MINI,2026-05-20,Flipkart,1,2499,MINI-2604-2
VR889103,C107213,VA-SW-FIT,2026-05-20,Flipkart,1,1999,FIT-2604-3
VR889599,C103560,VA-EB-PL2,2026-05-20,Flipkart,1,2799,PL2-2603-1
VR890167,C107382,VA-HP-ST3,2026-05-20,vireo.in,2,12598,ST3-2604-2
VR890773,C108226,VA-AC-CH65,2026-05-20,Amazon,1,1499,CH65-2602-4
VR892695,C103367,VA-HP-ST3,2026-05-20,vireo.in,1,5949,ST3-2604-2
VR892928,C103528,VA-EB-PL2,2026-05-20,vireo.in,1,3499,PL2-2602-2
VR894479,C104485,VA-SP-ORB,2026-05-20,vireo.in,1,5099,ORB-2603-1
VR894744,C107102,VA-SW-NX2,2026-05-20,Amazon,1,5199,NX2-2602-1
VR895818,C101223,VA-HP-ST3,2026-05-20,Flipkart,2,13998,ST3-2603-3
VR895966,C104697,VA-EB-PL2,2026-05-20,vireo.in,1,3499,PL2-2602-4
VR897131,C100570,VA-EB-AIR,2026-05-20,vireo.in,1,1439,AIR-2602-3
VR897632,C107949,VA-SW-FIT,2026-05-20,Amazon,1,1799,FIT-2604-3
VR898078,C101259,VA-HP-ST2,2026-05-20,Amazon,1,4499,ST2-2604-1
VR899412,C108406,VA-EB-PL1,2026-05-20,Amazon,1,2499,PL1-2603-1
VR899794,C108849,VA-EB-AIR,2026-05-20,Amazon,1,1799,AIR-2603-1
VR900452,C108004,VA-SW-NX2,2026-05-20,vireo.in,1,6174,NX2-2604-3
VR900489,C100707,VA-SW-NX2,2026-05-20,Amazon,1,6499,NX2-2602-1
VR902977,C105993,VA-EB-AIR,2026-05-20,Flipkart,1,1799,AIR-2603-2
VR904137,C100802,VA-EB-PL1,2026-05-20,vireo.in,1,2124,PL1-2604-4
VR907429,C105701,VA-EB-PL2,2026-05-20,vireo.in,1,2974,PL2-2603-3
VR907456,C103188,VA-SP-ORB,2026-05-20,vireo.in,1,5399,ORB-2603-1
VR908307,C109345,VA-EB-PL2,2026-05-20,Amazon,1,3499,PL2-2602-4
VR883359,C103641,VA-EB-PL1,2026-05-21,Amazon,1,2374,PL1-2604-3
VR885114,C107721,VA-SP-MINI,2026-05-21,Amazon,1,2499,MINI-2602-1
VR886247,C100490,VA-EB-PL2,2026-05-21,vireo.in,1,3499,PL2-2602-4
VR887708,C103681,VA-EB-PL2,2026-05-21,vireo.in,1,3149,PL2-2604-4
VR888074,C100826,VA-EB-AIR,2026-05-21,Amazon,1,1799,AIR-2603-3
VR888257,C105475,VA-AC-CH65,2026-05-21,Flipkart,1,1499,CH65-2602-3
VR888433,C106312,VA-HP-ST2,2026-05-21,vireo.in,1,4999,ST2-2602-2
VR888669,C103569,VA-EB-PL2,2026-05-21,vireo.in,1,3324,PL2-2603-3
VR892113,C107700,VA-EB-PL2,2026-05-21,vireo.in,1,3499,PL2-2602-3
VR895302,C104892,VA-SW-FIT,2026-05-21,vireo.in,1,1699,FIT-2603-1
VR895483,C101086,VA-EB-PL2,2026-05-21,vireo.in,1,2974,PL2-2604-4
VR897002,C102934,VA-EB-PL2,2026-05-21,vireo.in,1,3149,PL2-2603-3
VR899688,C102298,VA-SW-NX2,2026-05-21,vireo.in,1,6499,NX2-2602-3
VR901301,C105269,VA-EB-AIR,2026-05-21,vireo.in,1,1619,AIR-2604-3
VR902310,C108157,VA-EB-PL2,2026-05-21,Flipkart,1,3499,PL2-2602-1
VR903155,C107126,VA-SW-NX2,2026-05-21,Flipkart,1,5849,NX2-2604-1
VR903373,C108053,VA-SP-ORB,2026-05-21,vireo.in,1,5699,ORB-2602-3
VR903696,C106209,VA-EB-PL1,2026-05-21,Amazon,1,2499,PL1-2603-2
VR906229,C106539,VA-EB-PL2,2026-05-21,vireo.in,1,3499,PL2-2601-4
VR906680,C103488,VA-EB-PL2,2026-05-21,Flipkart,1,2974,PL2-2604-3
VR908488,C101635,VA-SW-NX2,2026-05-21,vireo.in,1,5849,NX2-2602-3
VR908874,C103266,VA-EB-PL1,2026-05-21,vireo.in,1,2499,PL1-2603-2
VR908888,C108270,VA-SW-FIT,2026-05-21,vireo.in,1,1999,FIT-2603-4
VR909844,C108119,VA-EB-PL1,2026-05-21,Amazon,1,2124,PL1-2602-1
VR880539,C104770,VA-EB-PL1,2026-05-22,vireo.in,1,2374,PL1-2604-2
VR880679,C107825,VA-EB-PL2,2026-05-22,vireo.in,1,2974,PL2-2602-4
VR882726,C102815,VA-EB-PL2,2026-05-22,vireo.in,1,3149,PL2-2605-1
VR884120,C109038,VA-EB-AIR,2026-05-22,vireo.in,1,1619,AIR-2602-2
VR884263,C100465,VA-EB-AIR,2026-05-22,vireo.in,1,1439,AIR-2602-3
VR884456,C104662,VA-EB-PL2,2026-05-22,Flipkart,1,2799,PL2-2602-1
VR884504,C100837,VA-HP-ST2,2026-05-22,Flipkart,2,9998,ST2-2604-2
VR885953,C108670,VA-SW-NX1,2026-05-22,vireo.in,1,4499,NX1-2602-1
VR888063,C105513,VA-EB-AIR,2026-05-22,vireo.in,1,1799,AIR-2602-2
VR889791,C108351,VA-EB-PL2,2026-05-22,Flipkart,1,3324,PL2-2602-3
VR890189,C104328,VA-EB-AIR,2026-05-22,Amazon,1,1709,AIR-2602-3
VR893275,C103089,VA-SW-NX1,2026-05-22,vireo.in,2,9498,NX1-2604-4
VR896791,C106038,VA-HP-ST2,2026-05-22,vireo.in,1,4999,ST2-2603-3
VR897244,C100860,VA-SW-NX2,2026-05-22,Amazon,1,5524,NX2-2604-2
VR897417,C104852,VA-EB-PL2,2026-05-22,vireo.in,1,2799,PL2-2603-1
VR897511,C101767,VA-HP-ST3,2026-05-22,vireo.in,2,11898,ST3-2602-1
VR898707,C104009,VA-EB-PL2,2026-05-22,vireo.in,1,2799,PL2-2602-3
VR899044,C105845,VA-HP-ST2,2026-05-22,vireo.in,1,4999,ST2-2604-2
VR899126,C106670,VA-SW-NX1,2026-05-22,Amazon,1,3999,NX1-2603-1
VR899441,C102174,VA-EB-PL2,2026-05-22,Amazon,1,2974,PL2-2602-2
VR900074,C104027,VA-AC-CASE,2026-05-22,vireo.in,1,1299,CASE-2602-1
VR902485,C101210,VA-EB-PL2,2026-05-22,Flipkart,1,3324,PL2-2604-3
VR902892,C101212,VA-SP-MINI,2026-05-22,vireo.in,1,1999,MINI-2603-3
VR903863,C106059,VA-SP-ORB,2026-05-22,vireo.in,1,5099,ORB-2603-1
VR905401,C103479,VA-EB-PL2,2026-05-22,vireo.in,1,3499,PL2-2604-1
VR905531,C102793,VA-AC-CASE,2026-05-22,Flipkart,1,1039,CASE-2603-3
VR905812,C107327,VA-HP-ST2,2026-05-22,vireo.in,1,4999,ST2-2603-4
VR905979,C107751,VA-EB-PL2,2026-05-22,Amazon,1,3149,PL2-2604-2
VR906258,C105378,VA-EB-PL2,2026-05-22,vireo.in,1,3499,PL2-2603-2
VR906475,C107118,VA-EB-PL2,2026-05-22,vireo.in,1,2974,PL2-2602-3
VR906552,C104174,VA-EB-AIR,2026-05-22,Amazon,1,1439,AIR-2603-2
VR907099,C105174,VA-AC-CASE,2026-05-22,vireo.in,1,1299,CASE-2602-4
VR908742,C105160,VA-EB-PL1,2026-05-22,vireo.in,1,2499,PL1-2604-2
VR909237,C109425,VA-EB-PL2,2026-05-22,Amazon,1,3499,PL2-2603-4
VR880325,C104928,VA-HP-ST3,2026-05-23,vireo.in,2,13998,ST3-2603-4
VR881926,C108325,VA-EB-PL1,2026-05-23,Amazon,1,2499,PL1-2604-1
VR884910,C101131,VA-SW-NX2,2026-05-23,Amazon,1,6499,NX2-2603-2
VR886573,C108883,VA-HP-ST2,2026-05-23,Amazon,1,4499,ST2-2602-2
VR889539,C106502,VA-NB-ARC,2026-05-23,vireo.in,1,1299,ARC-2603-2
VR889962,C102205,VA-EB-PL2,2026-05-23,Amazon,1,2974,PL2-2604-3
VR891685,C107952,VA-AC-CASE,2026-05-23,Amazon,1,1234,CASE-2602-4
VR891741,C103958,VA-SP-MINI,2026-05-23,Amazon,1,2499,MINI-2602-3
VR891954,C102601,VA-SW-NX2,2026-05-23,vireo.in,1,6499,NX2-2603-3
VR893028,C102787,VA-SP-MINI,2026-05-23,Amazon,1,2249,MINI-2603-1
VR893141,C107141,VA-EB-PL2,2026-05-23,vireo.in,1,2799,PL2-2604-2
VR893142,C106029,VA-SW-NX2,2026-05-23,vireo.in,1,6499,NX2-2603-2
VR893253,C107801,VA-HP-ST2,2026-05-23,vireo.in,1,4249,ST2-2603-1
VR893967,C107483,VA-SW-FIT,2026-05-23,vireo.in,1,1799,FIT-2603-3
VR896361,C101579,VA-EB-PL1,2026-05-23,vireo.in,1,2374,PL1-2604-4
VR896398,C104208,VA-EB-PL2,2026-05-23,vireo.in,2,5948,PL2-2604-2
VR896775,C102825,VA-HP-ST3,2026-05-23,vireo.in,1,6999,ST3-2604-2
VR897268,C103335,VA-EB-AIR,2026-05-23,Amazon,1,1619,AIR-2602-3
VR900209,C103522,VA-EB-PL2,2026-05-23,Flipkart,1,3499,PL2-2602-3
VR900461,C100610,VA-SW-NX2,2026-05-23,Flipkart,1,6499,NX2-2602-4
VR901396,C105299,VA-EB-PL1,2026-05-23,vireo.in,1,2249,PL1-2604-3
VR901559,C108496,VA-SW-FIT,2026-05-23,vireo.in,1,1599,FIT-2603-4
VR902029,C108855,VA-EB-PL2,2026-05-23,vireo.in,1,3499,PL2-2604-1
VR904061,C100246,VA-AC-CASE,2026-05-23,vireo.in,1,1299,CASE-2602-2
VR904918,C104734,VA-EB-PL1,2026-05-23,Amazon,1,2499,PL1-2602-1
VR908554,C104673,VA-NB-ARC,2026-05-23,vireo.in,1,1299,ARC-2603-1
VR880944,C102475,VA-HP-ST3,2026-05-24,vireo.in,1,6999,ST3-2602-3
VR881592,C105001,VA-SW-NX1,2026-05-24,vireo.in,1,4499,NX1-2603-1
VR883722,C107400,VA-EB-PL2,2026-05-24,vireo.in,1,3499,PL2-2603-1
VR885451,C105385,VA-EB-AIR,2026-05-24,Amazon,1,1619,AIR-2602-1
VR885564,C104070,VA-SW-NX2,2026-05-24,Amazon,1,6174,NX2-2603-3
VR887919,C107021,VA-SP-MINI,2026-05-24,Flipkart,1,1999,MINI-2604-1
VR888054,C106274,VA-EB-AIR,2026-05-24,Amazon,1,1799,AIR-2604-4
VR888076,C106869,VA-EB-PL1,2026-05-24,Amazon,1,2499,PL1-2602-1
VR888111,C100307,VA-SP-MINI,2026-05-24,vireo.in,1,2124,MINI-2605-4
VR889798,C101970,VA-SW-FIT,2026-05-24,vireo.in,2,3998,FIT-2603-2
VR891896,C104761,VA-EB-PL2,2026-05-24,Amazon,1,3499,PL2-2602-2
VR892096,C101196,VA-SW-NX2,2026-05-24,vireo.in,2,11698,NX2-2604-1
VR897247,C105739,VA-EB-PL2,2026-05-24,vireo.in,1,3324,PL2-2602-2
VR897365,C106289,VA-SW-NX2,2026-05-24,vireo.in,1,5849,NX2-2604-2
VR899232,C106506,VA-EB-PL2,2026-05-24,vireo.in,1,3149,PL2-2604-1
VR899671,C109062,VA-EB-PL1,2026-05-24,Amazon,1,2499,PL1-2602-3
VR900494,C102741,VA-EB-PL2,2026-05-24,Flipkart,1,3324,PL2-2604-3
VR901962,C104288,VA-HP-ST2,2026-05-24,vireo.in,1,4499,ST2-2604-2
VR902668,C101820,VA-EB-PL1,2026-05-24,vireo.in,1,1999,PL1-2604-2
VR903048,C106757,VA-SW-NX1,2026-05-24,Amazon,1,4499,NX1-2602-2
VR904984,C103163,VA-EB-PL2,2026-05-24,vireo.in,1,2799,PL2-2604-3
VR905024,C101072,VA-SW-NX2,2026-05-24,Amazon,1,6499,NX2-2604-2
VR906326,C103740,VA-EB-PL2,2026-05-24,vireo.in,1,3149,PL2-2602-4
VR907726,C100102,VA-EB-PL2,2026-05-24,Amazon,1,2799,PL2-2603-1
VR908369,C105540,VA-HP-ST2,2026-05-24,vireo.in,1,4499,ST2-2604-2
VR908469,C107486,VA-NB-ARC,2026-05-24,vireo.in,1,1039,ARC-2604-2
VR909064,C106776,VA-EB-AIR,2026-05-24,Amazon,1,1799,AIR-2602-2
VR909302,C107673,VA-EB-PL2,2026-05-24,vireo.in,1,3499,PL2-2602-4
VR880461,C105764,VA-EB-AIR,2026-05-25,vireo.in,1,1439,AIR-2602-2
VR881198,C106874,VA-EB-PL2,2026-05-25,Amazon,1,3149,PL2-2602-3
VR881715,C103442,VA-SP-ORB,2026-05-25,vireo.in,1,5999,ORB-2603-3
VR884902,C105994,VA-EB-PL2,2026-05-25,Amazon,1,3499,PL2-2604-3
VR885311,C104880,VA-HP-ST3,2026-05-25,vireo.in,1,6999,ST3-2603-1
VR885583,C100801,VA-EB-PL1,2026-05-25,vireo.in,2,4248,PL1-2602-3
VR885933,C100004,VA-EB-PL1,2026-05-25,vireo.in,1,1999,PL1-2602-1
VR886928,C107041,VA-EB-PL2,2026-05-25,vireo.in,1,2974,PL2-2604-2
VR887457,C100226,VA-EB-PL1,2026-05-25,vireo.in,1,1999,PL1-2604-4
VR889900,C103226,VA-EB-PL2,2026-05-25,Flipkart,1,3324,PL2-2602-1
VR890029,C106501,VA-SP-ORB,2026-05-25,vireo.in,1,5999,ORB-2603-4
VR890389,C106958,VA-EB-PL1,2026-05-25,vireo.in,1,2249,PL1-2603-4
VR891268,C105254,VA-EB-PL2,2026-05-25,vireo.in,1,3499,PL2-2602-3
VR891298,C105168,VA-EB-PL1,2026-05-25,vireo.in,2,4248,PL1-2604-3
VR891346,C105732,VA-EB-PL2,2026-05-25,vireo.in,1,3499,PL2-2602-2
VR892004,C101686,VA-EB-PL1,2026-05-25,vireo.in,1,2124,PL1-2604-2
VR892999,C106076,VA-EB-PL2,2026-05-25,vireo.in,1,3324,PL2-2603-2
VR893593,C109023,VA-EB-PL2,2026-05-25,Flipkart,1,3149,PL2-2604-1
VR893945,C109434,VA-EB-PL1,2026-05-25,Amazon,1,2499,PL1-2604-4
VR894090,C105394,VA-EB-PL2,2026-05-25,Amazon,1,2974,PL2-2602-1
VR895003,C104336,VA-SP-ORB,2026-05-25,Amazon,1,5999,ORB-2604-3
VR895034,C103884,VA-AC-CASE,2026-05-25,vireo.in,1,1299,CASE-2603-4
VR898607,C101302,VA-EB-AIR,2026-05-25,Amazon,1,1709,AIR-2602-2
VR899210,C108560,VA-EB-PL2,2026-05-25,vireo.in,1,3149,PL2-2602-2
VR899945,C107481,VA-AC-CASE,2026-05-25,Amazon,1,1299,CASE-2604-4
VR900770,C107497,VA-EB-PL2,2026-05-25,Amazon,1,3499,PL2-2602-4
VR902140,C108138,VA-EB-AIR,2026-05-25,Flipkart,1,1799,AIR-2603-4
VR902601,C106286,VA-EB-PL2,2026-05-25,vireo.in,1,3499,PL2-2603-1
VR903378,C104633,VA-SW-NX1,2026-05-25,vireo.in,1,4249,NX1-2604-4
VR904070,C105225,VA-EB-PL2,2026-05-25,Amazon,1,2974,PL2-2604-2
VR905154,C106318,VA-EB-AIR,2026-05-25,Amazon,1,1619,AIR-2603-3
VR906919,C108365,VA-EB-PL2,2026-05-25,Flipkart,1,2974,PL2-2602-1
VR908437,C109426,VA-HP-ST3,2026-05-25,vireo.in,1,6999,ST3-2603-2
VR908956,C108818,VA-SW-NX2,2026-05-25,vireo.in,1,6499,NX2-2603-2
VR909324,C109395,VA-EB-AIR,2026-05-25,vireo.in,1,1709,AIR-2602-1
VR909452,C102936,VA-SW-NX2,2026-05-25,vireo.in,1,6499,NX2-2604-3
VR880751,C107857,VA-SW-FIT,2026-05-26,vireo.in,1,1699,FIT-2603-3
VR880931,C107451,VA-SW-NX1,2026-05-26,Amazon,1,4999,NX1-2603-4
VR881278,C108117,VA-EB-PL2,2026-05-26,Amazon,1,2799,PL2-2603-4
VR884091,C104032,VA-HP-ST3,2026-05-26,vireo.in,1,6999,ST3-2603-2
VR885736,C100906,VA-NB-ARC,2026-05-26,vireo.in,1,1234,ARC-2604-2
VR886522,C108202,VA-AC-CH65,2026-05-26,Amazon,1,1199,CH65-2602-4
VR887138,C104232,VA-EB-AIR,2026-05-26,vireo.in,1,1709,AIR-2604-3
VR889571,C107665,VA-SP-MINI,2026-05-26,Amazon,1,2374,MINI-2604-2
VR889688,C105855,VA-SP-ORB,2026-05-26,vireo.in,1,5399,ORB-2604-2
VR890495,C108853,VA-EB-PL2,2026-05-26,Amazon,1,3324,PL2-2602-1
VR891466,C108453,VA-EB-AIR,2026-05-26,vireo.in,1,1709,AIR-2603-3
VR891557,C103849,VA-EB-AIR,2026-05-26,Flipkart,1,1799,AIR-2603-4
VR891979,C104138,VA-EB-AIR,2026-05-26,Amazon,1,1529,AIR-2602-3
VR892033,C104907,VA-EB-PL2,2026-05-26,vireo.in,1,3499,PL2-2604-4
VR893561,C101861,VA-SP-MINI,2026-05-26,Amazon,1,1999,MINI-2603-3
VR894388,C106233,VA-SW-FIT,2026-05-26,vireo.in,1,1999,FIT-2603-2
VR895858,C106005,VA-HP-ST2,2026-05-26,vireo.in,1,4999,ST2-2604-3
VR896610,C101517,VA-SW-NX2,2026-05-26,vireo.in,1,5849,NX2-2603-3
VR897571,C100341,VA-EB-PL2,2026-05-26,Amazon,1,3499,PL2-2605-4
VR898013,C105763,VA-EB-PL2,2026-05-26,vireo.in,1,3499,PL2-2604-3
VR898489,C104563,VA-SW-FIT,2026-05-26,vireo.in,2,3398,FIT-2602-2
VR899278,C107220,VA-EB-PL2,2026-05-26,vireo.in,1,3324,PL2-2605-2
VR899835,C105918,VA-EB-PL2,2026-05-26,vireo.in,1,2799,PL2-2603-4
VR900158,C107449,VA-EB-PL2,2026-05-26,vireo.in,1,2974,PL2-2604-3
VR901892,C108436,VA-EB-PL2,2026-05-26,Amazon,1,2974,PL2-2602-1
VR902069,C108924,VA-EB-PL2,2026-05-26,Amazon,1,3499,PL2-2603-2
VR903161,C103523,VA-EB-PL2,2026-05-26,vireo.in,1,3324,PL2-2604-3
VR904763,C107863,VA-SW-NX1,2026-05-26,Amazon,1,4999,NX1-2603-4
VR904950,C102405,VA-EB-PL2,2026-05-26,vireo.in,1,3324,PL2-2603-3
VR904952,C103413,VA-EB-PL2,2026-05-26,Amazon,1,3324,PL2-2605-1
VR906315,C101036,VA-SW-NX2,2026-05-26,vireo.in,1,5199,NX2-2604-3
VR907828,C102208,VA-EB-PL2,2026-05-26,Amazon,1,2799,PL2-2602-2
VR908274,C106859,VA-EB-PL2,2026-05-26,Flipkart,1,3499,PL2-2604-4
VR880030,C102382,VA-HP-ST2,2026-05-27,vireo.in,1,4999,ST2-2602-4
VR880345,C103850,VA-EB-PL1,2026-05-27,Amazon,1,2124,PL1-2603-1
VR881040,C101945,VA-SP-ORB,2026-05-27,Amazon,1,5399,ORB-2604-1
VR881154,C100937,VA-EB-PL2,2026-05-27,Amazon,1,3499,PL2-2604-3
VR881675,C108132,VA-EB-PL2,2026-05-27,Amazon,1,3149,PL2-2603-3
VR883530,C102643,VA-SP-MINI,2026-05-27,Amazon,1,2374,MINI-2603-4
VR884668,C102183,VA-SW-NX1,2026-05-27,vireo.in,1,4749,NX1-2604-1
VR885520,C101921,VA-SP-MINI,2026-05-27,vireo.in,1,2124,MINI-2603-4
VR886472,C106712,VA-NB-ARC,2026-05-27,vireo.in,1,1299,ARC-2602-1
VR887455,C107945,VA-SW-NX1,2026-05-27,Amazon,1,4749,NX1-2604-4
VR889491,C100262,VA-EB-PL2,2026-05-27,Amazon,1,2799,PL2-2604-4
VR889552,C106915,VA-EB-PL1,2026-05-27,Amazon,1,1999,PL1-2602-1
VR891505,C100329,VA-EB-PL2,2026-05-27,Flipkart,1,2799,PL2-2604-3
VR893050,C102235,VA-EB-PL1,2026-05-27,vireo.in,1,2499,PL1-2603-3
VR894206,C106559,VA-EB-AIR,2026-05-27,Amazon,1,1619,AIR-2603-1
VR894907,C107749,VA-EB-PL2,2026-05-27,vireo.in,1,3499,PL2-2604-3
VR895419,C104401,VA-SP-ORB,2026-05-27,Amazon,1,5399,ORB-2603-4
VR895573,C105633,VA-AC-CASE,2026-05-27,Amazon,1,1104,CASE-2604-2
VR897011,C105880,VA-SW-NX2,2026-05-27,vireo.in,1,6174,NX2-2603-4
VR897293,C100016,VA-AC-CASE,2026-05-27,Amazon,1,1299,CASE-2602-1
VR901478,C109485,VA-SP-MINI,2026-05-27,Flipkart,1,2124,MINI-2603-4
VR902583,C109023,VA-EB-PL2,2026-05-27,Amazon,1,3499,PL2-2604-3
VR902597,C105817,VA-EB-AIR,2026-05-27,Amazon,1,1529,AIR-2603-2
VR903038,C100234,VA-EB-PL1,2026-05-27,vireo.in,1,2249,PL1-2604-4
VR904706,C105020,VA-SW-NX2,2026-05-27,Flipkart,2,10398,NX2-2604-2
VR906209,C105460,VA-SP-MINI,2026-05-27,Amazon,1,2499,MINI-2603-2
VR907247,C107432,VA-HP-ST2,2026-05-27,vireo.in,1,4999,ST2-2602-4
VR908021,C103212,VA-SW-FIT,2026-05-27,vireo.in,1,1999,FIT-2604-1
VR880178,C104290,VA-EB-PL1,2026-05-28,Flipkart,1,2124,PL1-2605-4
VR880214,C107999,VA-EB-PL2,2026-05-28,Flipkart,1,3499,PL2-2603-3
VR883088,C102120,VA-EB-PL1,2026-05-28,Amazon,1,1999,PL1-2603-4
VR884493,C101258,VA-EB-AIR,2026-05-28,Amazon,1,1799,AIR-2604-4
VR884702,C108681,VA-EB-PL1,2026-05-28,vireo.in,1,2249,PL1-2602-2
VR885037,C100422,VA-EB-PL2,2026-05-28,Flipkart,1,2799,PL2-2603-3
VR885885,C106290,VA-HP-ST2,2026-05-28,Amazon,1,4499,ST2-2602-2
VR890632,C104576,VA-EB-PL2,2026-05-28,Flipkart,1,3149,PL2-2604-1
VR890801,C103087,VA-SW-NX2,2026-05-28,vireo.in,1,6174,NX2-2604-1
VR891414,C101797,VA-HP-ST2,2026-05-28,vireo.in,1,4999,ST2-2603-4
VR893168,C103454,VA-EB-PL2,2026-05-28,Amazon,2,6998,PL2-2603-3
VR895676,C103622,VA-EB-PL2,2026-05-28,Flipkart,1,3149,PL2-2604-3
VR896471,C102218,VA-EB-AIR,2026-05-28,Amazon,1,1799,AIR-2604-2
VR897242,C107977,VA-SW-NX2,2026-05-28,vireo.in,1,5524,NX2-2603-4
VR898841,C107829,VA-SW-NX2,2026-05-28,vireo.in,1,6499,NX2-2602-1
VR898893,C103888,VA-EB-PL2,2026-05-28,Amazon,1,3324,PL2-2602-3
VR899969,C106153,VA-EB-AIR,2026-05-28,vireo.in,1,1799,AIR-2604-2
VR900705,C108476,VA-EB-PL2,2026-05-28,Amazon,1,3324,PL2-2602-3
VR900970,C101641,VA-SW-NX2,2026-05-28,vireo.in,1,6499,NX2-2602-2
VR904496,C105191,VA-EB-PL2,2026-05-28,vireo.in,1,2974,PL2-2605-3
VR904893,C107098,VA-EB-PL2,2026-05-28,vireo.in,1,2974,PL2-2603-4
VR905444,C104061,VA-EB-PL2,2026-05-28,vireo.in,2,6998,PL2-2602-3
VR909200,C102978,VA-EB-PL2,2026-05-28,Amazon,1,3149,PL2-2602-3
VR909269,C109395,VA-SW-NX2,2026-05-28,Flipkart,1,6499,NX2-2602-2
VR909778,C103785,VA-EB-PL2,2026-05-28,Flipkart,1,3499,PL2-2604-1
VR880633,C108375,VA-HP-ST3,2026-05-29,vireo.in,1,5599,ST3-2603-1
VR883134,C105504,VA-EB-PL2,2026-05-29,Amazon,2,5598,PL2-2603-2
VR883200,C102305,VA-EB-PL2,2026-05-29,Amazon,1,3499,PL2-2603-1
VR883482,C104046,VA-EB-PL2,2026-05-29,vireo.in,1,3149,PL2-2603-3
VR883502,C103886,VA-EB-PL2,2026-05-29,vireo.in,1,2799,PL2-2602-3
VR884225,C103737,VA-SW-FIT,2026-05-29,Amazon,1,1899,FIT-2604-2
VR888002,C107455,VA-EB-AIR,2026-05-29,vireo.in,1,1709,AIR-2604-4
VR888733,C108848,VA-SP-MINI,2026-05-29,vireo.in,1,2374,MINI-2603-3
VR889285,C104820,VA-SW-NX2,2026-05-29,vireo.in,1,5524,NX2-2605-4
VR890784,C108669,VA-NB-ARC,2026-05-29,vireo.in,1,1234,ARC-2604-2
VR893110,C105637,VA-EB-PL2,2026-05-29,Amazon,1,3499,PL2-2603-4
VR893687,C107069,VA-EB-PL2,2026-05-29,vireo.in,1,2799,PL2-2603-2
VR895276,C104303,VA-EB-PL2,2026-05-29,vireo.in,1,3499,PL2-2602-2
VR895607,C104370,VA-EB-PL1,2026-05-29,vireo.in,1,2249,PL1-2603-3
VR898059,C109341,VA-SP-MINI,2026-05-29,vireo.in,1,2124,MINI-2604-3
VR900423,C100919,VA-EB-PL1,2026-05-29,Amazon,2,4498,PL1-2603-4
VR901870,C101412,VA-SP-MINI,2026-05-29,vireo.in,1,2124,MINI-2603-4
VR904290,C100806,VA-EB-PL2,2026-05-29,Flipkart,1,2799,PL2-2605-1
VR905327,C101040,VA-SW-FIT,2026-05-29,Amazon,1,1999,FIT-2602-4
VR905476,C103980,VA-EB-PL2,2026-05-29,vireo.in,1,3499,PL2-2604-2
VR907444,C105466,VA-EB-PL2,2026-05-29,vireo.in,1,3324,PL2-2604-3
VR908693,C100842,VA-SW-FIT,2026-05-29,vireo.in,1,1999,FIT-2604-2
VR909278,C107875,VA-EB-PL1,2026-05-29,Flipkart,1,2124,PL1-2603-1
VR881707,C107376,VA-SP-ORB,2026-05-30,vireo.in,1,5999,ORB-2604-2
VR882348,C106926,VA-EB-PL2,2026-05-30,vireo.in,1,3324,PL2-2604-3
VR884146,C100642,VA-SW-NX2,2026-05-30,vireo.in,1,5524,NX2-2604-1
VR884336,C101464,VA-SP-MINI,2026-05-30,Amazon,1,2374,MINI-2603-2
VR885009,C107236,VA-HP-ST3,2026-05-30,Amazon,1,6999,ST3-2603-3
VR885177,C109486,VA-EB-PL2,2026-05-30,Flipkart,1,3499,PL2-2602-3
VR887593,C107492,VA-EB-PL1,2026-05-30,vireo.in,1,2499,PL1-2604-1
VR891004,C104625,VA-SP-ORB,2026-05-30,vireo.in,1,5999,ORB-2604-1
VR892024,C106085,VA-SW-NX1,2026-05-30,Amazon,1,4999,NX1-2603-2
VR896202,C102963,VA-HP-ST3,2026-05-30,Flipkart,1,6999,ST3-2602-3
VR897413,C105235,VA-EB-PL2,2026-05-30,vireo.in,1,2799,PL2-2604-3
VR897512,C106553,VA-EB-AIR,2026-05-30,vireo.in,1,1799,AIR-2603-4
VR898122,C101845,VA-EB-PL2,2026-05-30,Flipkart,1,3149,PL2-2604-1
VR902297,C100962,VA-HP-ST3,2026-05-30,vireo.in,1,6299,ST3-2602-2
VR903787,C101802,VA-AC-CASE,2026-05-30,vireo.in,1,1039,CASE-2603-4
VR905322,C102418,VA-EB-AIR,2026-05-30,Amazon,1,1709,AIR-2602-4
VR907128,C107119,VA-EB-PL2,2026-05-30,vireo.in,1,3149,PL2-2604-4
VR909836,C104674,VA-EB-PL2,2026-05-30,vireo.in,1,2974,PL2-2604-1
VR880105,C108336,VA-SP-ORB,2026-05-31,vireo.in,1,5999,ORB-2603-1
VR883414,C103017,VA-SP-MINI,2026-05-31,Flipkart,1,2499,MINI-2603-4
VR883452,C108866,VA-EB-PL2,2026-05-31,vireo.in,1,2799,PL2-2604-3
VR883635,C100081,VA-SW-NX2,2026-05-31,vireo.in,1,5849,NX2-2603-2
VR887564,C105791,VA-SW-NX2,2026-05-31,vireo.in,1,5524,NX2-2603-2
VR888409,C100689,VA-EB-PL1,2026-05-31,vireo.in,1,2124,PL1-2602-2
VR889635,C101195,VA-SW-FIT,2026-05-31,Amazon,1,1699,FIT-2604-1
VR890874,C108647,VA-EB-PL2,2026-05-31,vireo.in,1,2974,PL2-2604-4
VR892986,C102785,VA-EB-PL2,2026-05-31,Amazon,1,3499,PL2-2605-2
VR893683,C106187,VA-SP-ORB,2026-05-31,vireo.in,1,5999,ORB-2602-4
VR894542,C108843,VA-EB-PL2,2026-05-31,Flipkart,1,2799,PL2-2602-4
VR895856,C101946,VA-SW-NX2,2026-05-31,vireo.in,1,6174,NX2-2604-1
VR896094,C106996,VA-AC-CBL,2026-05-31,vireo.in,1,339,CBL-2604-2
VR896121,C108453,VA-SW-NX1,2026-05-31,Amazon,1,4999,NX1-2603-1
VR896156,C106006,VA-EB-PL2,2026-05-31,vireo.in,1,3324,PL2-2604-2
VR896237,C100599,VA-EB-PL2,2026-05-31,vireo.in,1,2974,PL2-2603-3
VR898003,C107822,VA-SW-FIT,2026-05-31,vireo.in,1,1899,FIT-2603-1
VR898994,C102341,VA-EB-PL2,2026-05-31,Amazon,1,3499,PL2-2602-4
VR899361,C103971,VA-EB-PL2,2026-05-31,Amazon,1,3324,PL2-2603-3
VR900051,C107816,VA-SP-MINI,2026-05-31,vireo.in,1,2499,MINI-2603-1
VR901313,C106917,VA-EB-PL2,2026-05-31,Flipkart,1,2799,PL2-2602-3
VR902126,C104894,VA-HP-ST3,2026-05-31,vireo.in,1,5599,ST3-2604-2
VR902279,C108902,VA-HP-ST3,2026-05-31,vireo.in,1,5949,ST3-2603-4
VR903711,C106828,VA-EB-PL2,2026-05-31,Flipkart,1,2799,PL2-2602-1
VR903894,C107894,VA-EB-PL2,2026-05-31,vireo.in,1,3324,PL2-2605-2
VR906110,C101078,VA-EB-PL1,2026-05-31,Amazon,1,2249,PL1-2603-2
VR907050,C102962,VA-EB-PL2,2026-05-31,vireo.in,1,2974,PL2-2602-3
VR907410,C102612,VA-SP-ORB,2026-05-31,vireo.in,1,4799,ORB-2604-2
VR907797,C100312,VA-HP-ST3,2026-05-31,vireo.in,2,11198,ST3-2603-1
VR880235,C103229,VA-HP-ST3,2026-06-01,vireo.in,1,5949,ST3-2602-1
VR880519,C107025,VA-EB-PL2,2026-06-01,vireo.in,1,3499,PL2-2602-3
VR881534,C106933,VA-EB-PL2,2026-06-01,vireo.in,1,3499,PL2-2603-4
VR881653,C104851,VA-EB-PL2,2026-06-01,vireo.in,2,5948,PL2-2603-2
VR881768,C107763,VA-SP-ORB,2026-06-01,Amazon,1,4799,ORB-2604-3
VR882984,C103470,VA-EB-PL2,2026-06-01,Amazon,1,3499,PL2-2604-1
VR883270,C104767,VA-HP-ST3,2026-06-01,vireo.in,1,6999,ST3-2604-3
VR883925,C103084,VA-HP-ST3,2026-06-01,Amazon,1,6299,ST3-2604-3
VR885085,C103925,VA-EB-PL2,2026-06-01,vireo.in,1,3324,PL2-2603-2
VR886419,C101883,VA-AC-CH65,2026-06-01,vireo.in,1,1499,CH65-2602-4
VR892613,C102319,VA-SW-NX2,2026-06-01,vireo.in,1,5199,NX2-2602-1
VR893447,C109319,VA-EB-PL1,2026-06-01,Amazon,1,2499,PL1-2602-3
VR894061,C103605,VA-HP-ST3,2026-06-01,vireo.in,1,6299,ST3-2602-4
VR895450,C101649,VA-SP-ORB,2026-06-01,vireo.in,1,4799,ORB-2603-4
VR896619,C104958,VA-SW-NX1,2026-06-01,vireo.in,1,4499,NX1-2602-3
VR897296,C104903,VA-EB-PL2,2026-06-01,Flipkart,1,3499,PL2-2603-3
VR898545,C105078,VA-EB-PL2,2026-06-01,vireo.in,1,3499,PL2-2602-2
VR899179,C107413,VA-EB-PL1,2026-06-01,vireo.in,1,2499,PL1-2603-4
VR900017,C106084,VA-AC-CASE,2026-06-01,vireo.in,1,1299,CASE-2603-3
VR901677,C103873,VA-HP-ST2,2026-06-01,Amazon,2,9498,ST2-2604-4
VR902775,C100765,VA-HP-ST3,2026-06-01,Amazon,1,6999,ST3-2604-4
VR905026,C108239,VA-EB-PL2,2026-06-01,Amazon,1,3499,PL2-2604-4
VR907178,C107971,VA-SW-NX2,2026-06-01,Amazon,1,6499,NX2-2603-1
VR908429,C104247,VA-HP-ST3,2026-06-01,Amazon,1,5949,ST3-2603-1
VR909120,C108810,VA-EB-PL2,2026-06-01,vireo.in,1,2974,PL2-2604-3
VR909264,C100981,VA-EB-PL1,2026-06-01,Amazon,1,2124,PL1-2605-3
VR909265,C101494,VA-EB-PL2,2026-06-01,vireo.in,1,3499,PL2-2603-3
VR909908,C102446,VA-EB-PL2,2026-06-01,vireo.in,1,3324,PL2-2603-3
VR881423,C105030,VA-EB-AIR,2026-06-02,vireo.in,1,1799,AIR-2604-1
VR881809,C102832,VA-HP-ST2,2026-06-02,vireo.in,1,4249,ST2-2603-1
VR882514,C100872,VA-EB-PL1,2026-06-02,Flipkart,1,2124,PL1-2604-3
VR882734,C102577,VA-EB-PL2,2026-06-02,vireo.in,1,2799,PL2-2605-2
VR883891,C105165,VA-SW-NX2,2026-06-02,vireo.in,1,5524,NX2-2605-3
VR885250,C106205,VA-SW-FIT,2026-06-02,vireo.in,1,1599,FIT-2602-3
VR889811,C102096,VA-EB-AIR,2026-06-02,vireo.in,1,1799,AIR-2604-2
VR890613,C101427,VA-EB-PL2,2026-06-02,Flipkart,1,3324,PL2-2603-4
VR892955,C102139,VA-EB-PL2,2026-06-02,Flipkart,1,3324,PL2-2604-1
VR893480,C109124,VA-SW-NX2,2026-06-02,Amazon,1,5849,NX2-2603-3
VR898341,C100088,VA-EB-AIR,2026-06-02,Amazon,1,1439,AIR-2605-2
VR902189,C106645,VA-EB-PL2,2026-06-02,vireo.in,1,3499,PL2-2602-2
VR902925,C107508,VA-HP-ST3,2026-06-02,vireo.in,1,5949,ST3-2605-3
VR904022,C102695,VA-EB-PL1,2026-06-02,vireo.in,1,2374,PL1-2605-2
VR907279,C107162,VA-EB-PL2,2026-06-02,vireo.in,1,2799,PL2-2603-1
VR907673,C100337,VA-EB-PL2,2026-06-02,Amazon,1,3499,PL2-2604-1
VR909897,C106066,VA-HP-ST3,2026-06-02,vireo.in,1,5599,ST3-2602-1
VR881565,C103408,VA-EB-AIR,2026-06-03,vireo.in,1,1529,AIR-2604-3
VR884621,C104803,VA-SW-NX2,2026-06-03,Amazon,1,6499,NX2-2604-2
VR886839,C103375,VA-HP-ST2,2026-06-03,Amazon,1,4999,ST2-2604-2
VR886976,C100844,VA-SW-NX2,2026-06-03,vireo.in,1,6499,NX2-2603-4
VR887238,C105131,VA-EB-PL2,2026-06-03,vireo.in,1,3324,PL2-2602-1
VR888680,C108925,VA-SP-MINI,2026-06-03,Flipkart,1,2499,MINI-2605-1
VR889832,C108862,VA-EB-AIR,2026-06-03,vireo.in,1,1619,AIR-2602-3
VR891634,C101122,VA-NB-ARC,2026-06-03,vireo.in,1,1104,ARC-2603-1
VR891651,C103406,VA-HP-ST3,2026-06-03,Flipkart,1,6999,ST3-2602-4
VR892579,C107116,VA-EB-PL2,2026-06-03,Amazon,1,3499,PL2-2604-4
VR893109,C108829,VA-EB-AIR,2026-06-03,vireo.in,1,1799,AIR-2603-3
VR893475,C108894,VA-EB-PL2,2026-06-03,Amazon,1,3499,PL2-2603-3
VR893771,C100425,VA-EB-PL2,2026-06-03,vireo.in,1,3499,PL2-2604-1
VR894049,C104861,VA-SP-ORB,2026-06-03,Amazon,1,5999,ORB-2603-2
VR895050,C104886,VA-EB-PL2,2026-06-03,vireo.in,2,6998,PL2-2602-2
VR895927,C101766,VA-SW-NX2,2026-06-03,vireo.in,1,5199,NX2-2604-3
VR896463,C108248,VA-EB-PL2,2026-06-03,vireo.in,1,3499,PL2-2602-2
VR896938,C101419,VA-EB-PL2,2026-06-03,vireo.in,1,3324,PL2-2602-1
VR899748,C102417,VA-EB-PL2,2026-06-03,vireo.in,1,3149,PL2-2603-3
VR900298,C101018,VA-EB-PL2,2026-06-03,Flipkart,1,3149,PL2-2604-4
VR900676,C108707,VA-NB-ARC,2026-06-03,vireo.in,1,1299,ARC-2603-2
VR901536,C104509,VA-SP-MINI,2026-06-03,vireo.in,1,1999,MINI-2603-4
VR903028,C108242,VA-EB-PL1,2026-06-03,Amazon,1,2499,PL1-2604-4
VR903964,C102010,VA-EB-AIR,2026-06-03,Amazon,1,1529,AIR-2604-1
VR903966,C107809,VA-HP-ST2,2026-06-03,Flipkart,1,4999,ST2-2603-1
VR905594,C106434,VA-AC-CH65,2026-06-03,vireo.in,1,1349,CH65-2605-1
VR905980,C108215,VA-SW-NX2,2026-06-03,vireo.in,1,6499,NX2-2603-1
VR905988,C102766,VA-EB-PL2,2026-06-03,vireo.in,2,5948,PL2-2603-2
VR906368,C103120,VA-EB-PL2,2026-06-03,Amazon,1,3499,PL2-2603-1
VR908115,C100180,VA-EB-PL2,2026-06-03,Flipkart,1,3499,PL2-2603-3
VR909009,C106567,VA-EB-PL2,2026-06-03,Amazon,1,3324,PL2-2603-2
VR909914,C108669,VA-EB-PL2,2026-06-03,Flipkart,1,3499,PL2-2605-3
VR880043,C104735,VA-SW-NX1,2026-06-04,vireo.in,1,4999,NX1-2603-2
VR881065,C102501,VA-EB-AIR,2026-06-04,vireo.in,1,1529,AIR-2602-3
VR881741,C108049,VA-EB-PL2,2026-06-04,Amazon,1,3499,PL2-2603-1
VR881803,C104991,VA-EB-PL2,2026-06-04,Amazon,1,3149,PL2-2603-1
VR881856,C100807,VA-HP-ST3,2026-06-04,Flipkart,1,6999,ST3-2603-4
VR882356,C106584,VA-AC-CASE,2026-06-04,Amazon,1,1169,CASE-2604-1
VR887158,C107930,VA-EB-PL2,2026-06-04,vireo.in,1,3324,PL2-2604-2
VR887211,C103878,VA-EB-PL2,2026-06-04,Amazon,2,5948,PL2-2602-1
VR887678,C102487,VA-EB-PL2,2026-06-04,Amazon,1,2974,PL2-2605-1
VR887750,C108854,VA-EB-PL1,2026-06-04,vireo.in,1,2124,PL1-2604-1
VR887816,C101685,VA-SP-MINI,2026-06-04,Amazon,1,1999,MINI-2603-1
VR887963,C106168,VA-HP-ST3,2026-06-04,Flipkart,1,6299,ST3-2603-2
VR888265,C104116,VA-EB-PL2,2026-06-04,Amazon,1,3499,PL2-2603-4
VR890348,C109255,VA-EB-PL2,2026-06-04,vireo.in,1,3324,PL2-2602-3
VR890724,C105995,VA-EB-PL2,2026-06-04,Flipkart,1,3499,PL2-2603-3
VR890919,C108120,VA-EB-PL2,2026-06-04,vireo.in,1,2799,PL2-2604-1
VR891637,C103577,VA-EB-PL2,2026-06-04,vireo.in,1,3499,PL2-2604-1
VR893706,C104661,VA-EB-PL2,2026-06-04,vireo.in,2,5948,PL2-2603-3
VR893996,C102603,VA-SW-FIT,2026-06-04,Flipkart,2,3998,FIT-2603-2
VR894367,C104095,VA-EB-PL2,2026-06-04,Amazon,1,2974,PL2-2603-1
VR896788,C100939,VA-SW-NX2,2026-06-04,Flipkart,1,6499,NX2-2604-3
VR897616,C103528,VA-EB-PL2,2026-06-04,vireo.in,1,3499,PL2-2604-2
VR901601,C105706,VA-EB-PL2,2026-06-04,vireo.in,1,2974,PL2-2602-4
VR902053,C107631,VA-AC-CASE,2026-06-04,Flipkart,1,1169,CASE-2604-4
VR902364,C106852,VA-HP-ST3,2026-06-04,vireo.in,1,6999,ST3-2605-3
VR902943,C109186,VA-EB-PL2,2026-06-04,vireo.in,1,3499,PL2-2603-2
VR902993,C107397,VA-SW-FIT,2026-06-04,vireo.in,1,1599,FIT-2603-3
VR904112,C108864,VA-SW-NX2,2026-06-04,vireo.in,1,6174,NX2-2605-4
VR907488,C100597,VA-EB-PL2,2026-06-04,Amazon,1,3149,PL2-2603-3
VR907555,C100754,VA-EB-PL2,2026-06-04,Amazon,1,3499,PL2-2603-4
VR907867,C107245,VA-EB-AIR,2026-06-04,Amazon,1,1799,AIR-2603-2
VR908037,C108660,VA-EB-PL1,2026-06-04,vireo.in,1,2124,PL1-2602-3
VR909641,C105480,VA-EB-PL1,2026-06-04,Amazon,1,2249,PL1-2604-1
VR880224,C107038,VA-EB-PL2,2026-06-05,vireo.in,1,3149,PL2-2602-2
VR880650,C106194,VA-EB-AIR,2026-06-05,Flipkart,2,3598,AIR-2602-3
VR880957,C108282,VA-EB-PL2,2026-06-05,Amazon,1,3499,PL2-2603-2
VR882383,C108512,VA-AC-CH65,2026-06-05,Amazon,1,1349,CH65-2604-1
VR882554,C106728,VA-EB-PL1,2026-06-05,vireo.in,1,2124,PL1-2603-1
VR883815,C109244,VA-EB-AIR,2026-06-05,vireo.in,1,1439,AIR-2602-2
VR884103,C104730,VA-EB-PL1,2026-06-05,vireo.in,1,2499,PL1-2604-4
VR884347,C101773,VA-EB-PL2,2026-06-05,Amazon,1,3149,PL2-2603-1
VR884519,C103352,VA-EB-PL2,2026-06-05,Amazon,1,2974,PL2-2603-4
VR886663,C106034,VA-SP-MINI,2026-06-05,Flipkart,1,2249,MINI-2604-2
VR887414,C104978,VA-AC-CH65,2026-06-05,Amazon,1,1499,CH65-2604-2
VR887591,C105613,VA-EB-PL2,2026-06-05,vireo.in,1,3499,PL2-2602-2
VR887822,C106352,VA-EB-PL2,2026-06-05,vireo.in,1,2974,PL2-2604-2
VR888293,C108981,VA-SP-MINI,2026-06-05,vireo.in,1,2499,MINI-2605-3
VR889212,C100443,VA-EB-PL2,2026-06-05,vireo.in,1,2799,PL2-2603-1
VR889274,C101002,VA-HP-ST3,2026-06-05,Flipkart,1,6999,ST3-2602-1
VR893916,C107699,VA-EB-PL2,2026-06-05,vireo.in,2,6298,PL2-2604-2
VR894216,C105792,VA-EB-PL2,2026-06-05,Flipkart,1,3324,PL2-2603-4
VR894484,C103720,VA-SP-ORB,2026-06-05,Amazon,1,5999,ORB-2604-4
VR896018,C102857,VA-EB-PL2,2026-06-05,vireo.in,1,3499,PL2-2603-4
VR897858,C108778,VA-EB-PL2,2026-06-05,vireo.in,1,3499,PL2-2603-1
VR899872,C102530,VA-EB-PL2,2026-06-05,Amazon,1,2974,PL2-2603-1
VR902679,C100759,VA-SW-NX2,2026-06-05,vireo.in,1,6499,NX2-2605-4
VR903531,C105727,VA-HP-ST2,2026-06-05,vireo.in,1,3999,ST2-2605-3
VR908942,C101669,VA-EB-PL2,2026-06-05,vireo.in,1,3499,PL2-2603-2
VR909938,C104254,VA-SP-ORB,2026-06-05,Flipkart,1,5699,ORB-2604-3
VR881947,C102552,VA-EB-PL2,2026-06-06,vireo.in,1,2974,PL2-2604-2
VR883792,C108775,VA-SW-NX2,2026-06-06,vireo.in,1,5524,NX2-2603-3
VR884127,C100035,VA-EB-PL1,2026-06-06,vireo.in,1,2124,PL1-2603-1
VR885015,C106430,VA-SW-NX2,2026-06-06,Amazon,2,11048,NX2-2603-3
VR885378,C102791,VA-EB-AIR,2026-06-06,vireo.in,1,1619,AIR-2605-3
VR888452,C107479,VA-EB-PL2,2026-06-06,Flipkart,2,5948,PL2-2604-1
VR889624,C108293,VA-EB-AIR,2026-06-06,vireo.in,1,1799,AIR-2605-4
VR890284,C108767,VA-EB-PL2,2026-06-06,vireo.in,1,3499,PL2-2604-2
VR894170,C107148,VA-SW-NX2,2026-06-06,Amazon,1,5524,NX2-2603-2
VR894614,C104756,VA-AC-CASE,2026-06-06,vireo.in,1,1039,CASE-2602-3
VR894764,C106446,VA-EB-PL2,2026-06-06,vireo.in,1,3499,PL2-2605-2
VR895701,C107645,VA-SW-NX2,2026-06-06,vireo.in,1,5199,NX2-2603-3
VR901149,C103412,VA-EB-PL2,2026-06-06,vireo.in,1,3499,PL2-2604-4
VR903120,C102708,VA-EB-PL2,2026-06-06,Flipkart,1,3499,PL2-2605-3
VR903464,C108912,VA-SW-NX2,2026-06-06,Amazon,1,5849,NX2-2603-1
VR904229,C108062,VA-EB-PL2,2026-06-06,Amazon,1,2974,PL2-2604-4
VR904469,C100808,VA-EB-PL2,2026-06-06,Amazon,1,3149,PL2-2604-2
VR904515,C103157,VA-EB-PL1,2026-06-06,vireo.in,1,2499,PL1-2605-4
VR904948,C104781,VA-EB-PL2,2026-06-06,vireo.in,1,2799,PL2-2605-3
VR908800,C100504,VA-EB-PL2,2026-06-06,vireo.in,1,3499,PL2-2604-1
VR908971,C106384,VA-EB-AIR,2026-06-06,Amazon,1,1799,AIR-2605-1
VR909016,C107052,VA-EB-PL2,2026-06-06,vireo.in,1,3499,PL2-2602-2
VR910041,C108382,VA-EB-PL2,2026-06-06,Amazon,1,2799,PL2-2605-1
VR882892,C107003,VA-EB-PL2,2026-06-07,Amazon,1,2974,PL2-2605-2
VR886901,C100236,VA-NB-ARC,2026-06-07,Amazon,1,1299,ARC-2602-4
VR887493,C107064,VA-EB-AIR,2026-06-07,Flipkart,1,1529,AIR-2605-4
VR888479,C106736,VA-EB-PL2,2026-06-07,Flipkart,1,3499,PL2-2605-2
VR888579,C101780,VA-EB-PL2,2026-06-07,Amazon,1,2799,PL2-2602-2
VR890487,C101018,VA-SW-NX2,2026-06-07,Amazon,1,6174,NX2-2603-4
VR891596,C100462,VA-SW-NX2,2026-06-07,vireo.in,1,6499,NX2-2605-2
VR892645,C104017,VA-NB-ARC,2026-06-07,vireo.in,1,1234,ARC-2603-3
VR894800,C108246,VA-EB-PL2,2026-06-07,Amazon,1,3324,PL2-2603-1
VR896266,C103274,VA-SW-FIT,2026-06-07,vireo.in,1,1899,FIT-2604-2
VR897600,C100695,VA-SW-NX2,2026-06-07,Amazon,2,12998,NX2-2603-4
VR899506,C105865,VA-EB-PL2,2026-06-07,vireo.in,1,3499,PL2-2604-4
VR903737,C107162,VA-SW-NX2,2026-06-07,Amazon,1,6499,NX2-2603-2
VR903775,C102678,VA-SW-NX2,2026-06-07,Amazon,1,5849,NX2-2603-4
VR903806,C101727,VA-EB-PL2,2026-06-07,vireo.in,1,3499,PL2-2603-2
VR905779,C102798,VA-EB-PL1,2026-06-07,Flipkart,1,2124,PL1-2604-2
VR906836,C108522,VA-AC-CBL,2026-06-07,vireo.in,1,399,CBL-2605-3
VR907616,C104377,VA-EB-PL2,2026-06-07,vireo.in,1,3149,PL2-2603-4
VR909375,C100504,VA-EB-PL2,2026-06-07,vireo.in,1,3324,PL2-2602-2
VR909429,C103609,VA-SP-MINI,2026-06-07,Amazon,2,4748,MINI-2604-4
VR880532,C101892,VA-EB-PL2,2026-06-08,Amazon,1,3149,PL2-2602-3
VR882129,C104126,VA-SW-NX2,2026-06-08,Flipkart,1,6174,NX2-2604-4
VR882230,C104603,VA-EB-AIR,2026-06-08,Amazon,1,1619,AIR-2604-3
VR882574,C108219,VA-EB-PL1,2026-06-08,Amazon,1,2499,PL1-2604-3
VR883777,C103407,VA-HP-ST3,2026-06-08,Amazon,1,5599,ST3-2604-4
VR884647,C103093,VA-EB-PL2,2026-06-08,vireo.in,1,3149,PL2-2605-2
VR885303,C100100,VA-EB-PL2,2026-06-08,Flipkart,1,2974,PL2-2603-2
VR885988,C101161,VA-EB-PL2,2026-06-08,vireo.in,1,3499,PL2-2604-3
VR890334,C107894,VA-EB-AIR,2026-06-08,Flipkart,1,1709,AIR-2605-1
VR890364,C104913,VA-SW-NX2,2026-06-08,vireo.in,2,11048,NX2-2605-2
VR892301,C101014,VA-EB-AIR,2026-06-08,Amazon,1,1799,AIR-2604-1
VR892683,C107451,VA-HP-ST3,2026-06-08,Flipkart,1,6649,ST3-2604-1
VR893209,C104114,VA-SW-NX2,2026-06-08,Flipkart,1,5524,NX2-2605-4
VR893947,C102405,VA-EB-PL2,2026-06-08,vireo.in,1,3324,PL2-2603-4
VR894121,C104483,VA-HP-ST3,2026-06-08,Amazon,1,6999,ST3-2603-4
VR894275,C101875,VA-HP-ST2,2026-06-08,vireo.in,1,4999,ST2-2603-2
VR898374,C100765,VA-EB-PL2,2026-06-08,Amazon,1,3149,PL2-2603-3
VR900248,C103811,VA-EB-AIR,2026-06-08,vireo.in,1,1799,AIR-2605-4
VR901512,C108374,VA-SP-ORB,2026-06-08,Flipkart,1,5999,ORB-2602-1
VR902002,C101321,VA-EB-PL2,2026-06-08,Flipkart,1,2974,PL2-2604-4
VR902777,C107855,VA-SW-NX2,2026-06-08,Amazon,1,5849,NX2-2604-4
VR903370,C109115,VA-AC-CASE,2026-06-08,Flipkart,1,1234,CASE-2603-1
VR903477,C105370,VA-SW-NX1,2026-06-08,vireo.in,1,3999,NX1-2605-3
VR904121,C109202,VA-EB-PL2,2026-06-08,vireo.in,1,2799,PL2-2603-2
VR905926,C109022,VA-EB-PL2,2026-06-08,vireo.in,1,3499,PL2-2604-3
VR906896,C109177,VA-EB-PL2,2026-06-08,Amazon,1,3324,PL2-2604-3
VR909436,C104262,VA-SW-FIT,2026-06-08,vireo.in,1,1599,FIT-2604-3
VR909693,C103101,VA-NB-ARC,2026-06-08,Flipkart,1,1234,ARC-2603-1
VR909889,C102266,VA-AC-CASE,2026-06-08,vireo.in,1,1169,CASE-2603-4
VR880107,C108263,VA-EB-PL2,2026-06-09,vireo.in,1,3499,PL2-2603-1
VR881257,C107398,VA-EB-PL2,2026-06-09,vireo.in,1,3499,PL2-2604-4
VR881279,C105043,VA-EB-PL2,2026-06-09,vireo.in,1,3499,PL2-2603-4
VR884726,C104494,VA-EB-PL2,2026-06-09,vireo.in,1,3499,PL2-2603-3
VR885077,C100587,VA-SW-NX2,2026-06-09,vireo.in,1,5524,NX2-2604-4
VR885760,C101139,VA-EB-PL2,2026-06-09,vireo.in,1,2799,PL2-2603-3
VR886018,C103311,VA-EB-PL2,2026-06-09,vireo.in,1,2974,PL2-2604-1
VR886820,C107523,VA-SW-NX1,2026-06-09,vireo.in,1,4749,NX1-2602-1
VR889715,C101255,VA-EB-PL2,2026-06-09,Flipkart,2,5948,PL2-2603-3
VR890796,C105676,VA-EB-PL2,2026-06-09,vireo.in,1,2799,PL2-2603-2
VR891375,C101602,VA-EB-PL1,2026-06-09,vireo.in,1,2124,PL1-2604-1
VR891413,C104444,VA-HP-ST3,2026-06-09,vireo.in,1,6649,ST3-2602-1
VR891542,C108641,VA-EB-PL1,2026-06-09,Flipkart,1,2124,PL1-2605-1
VR892373,C102927,VA-HP-ST2,2026-06-09,vireo.in,1,4249,ST2-2603-4
VR892846,C105999,VA-SW-FIT,2026-06-09,vireo.in,1,1799,FIT-2604-4
VR893160,C100409,VA-EB-PL2,2026-06-09,vireo.in,1,3499,PL2-2603-1
VR897870,C109003,VA-SP-ORB,2026-06-09,Amazon,1,5399,ORB-2603-1
VR898303,C103240,VA-SW-FIT,2026-06-09,vireo.in,1,1999,FIT-2603-4
VR898794,C105257,VA-EB-AIR,2026-06-09,Amazon,1,1799,AIR-2602-4
VR899763,C101423,VA-HP-ST3,2026-06-09,Flipkart,1,6299,ST3-2604-1
VR900408,C108801,VA-EB-PL2,2026-06-09,vireo.in,1,3499,PL2-2603-3
VR902849,C102775,VA-EB-PL2,2026-06-09,vireo.in,1,2799,PL2-2603-2
VR904260,C103320,VA-EB-AIR,2026-06-09,Flipkart,1,1709,AIR-2603-1
VR904534,C106665,VA-EB-PL2,2026-06-09,vireo.in,1,3324,PL2-2602-1
VR904576,C101328,VA-SW-NX2,2026-06-09,vireo.in,1,6499,NX2-2604-2
VR906668,C106440,VA-SW-NX2,2026-06-09,Amazon,1,6499,NX2-2604-4
VR907560,C107437,VA-SP-MINI,2026-06-09,vireo.in,1,1999,MINI-2603-1
VR907715,C103072,VA-EB-PL2,2026-06-09,Amazon,1,3324,PL2-2604-4
VR908468,C107735,VA-AC-CASE,2026-06-09,vireo.in,1,1299,CASE-2603-1
VR909173,C108962,VA-EB-PL2,2026-06-09,vireo.in,2,6298,PL2-2604-1
VR909874,C106627,VA-EB-PL2,2026-06-09,Amazon,1,3499,PL2-2604-1
VR882482,C104078,VA-EB-PL1,2026-06-10,vireo.in,1,2374,PL1-2602-2
VR883784,C107236,VA-EB-PL1,2026-06-10,Amazon,1,2499,PL1-2602-1
VR886364,C100484,VA-SP-ORB,2026-06-10,Amazon,1,5099,ORB-2605-3
VR886964,C103604,VA-EB-PL2,2026-06-10,vireo.in,1,3324,PL2-2602-1
VR887149,C102900,VA-SW-NX2,2026-06-10,Amazon,1,5199,NX2-2603-1
VR887306,C104178,VA-EB-PL2,2026-06-10,vireo.in,1,3499,PL2-2604-2
VR889554,C105086,VA-SW-FIT,2026-06-10,Amazon,1,1899,FIT-2604-1
VR889779,C105955,VA-HP-ST3,2026-06-10,Amazon,1,6999,ST3-2604-1
VR890559,C100334,VA-EB-PL2,2026-06-10,vireo.in,1,2974,PL2-2605-4
VR890581,C105593,VA-EB-PL2,2026-06-10,vireo.in,1,2799,PL2-2603-2
VR890959,C101477,VA-HP-ST3,2026-06-10,Amazon,1,6999,ST3-2603-3
VR890965,C106325,VA-EB-AIR,2026-06-10,vireo.in,1,1799,AIR-2605-4
VR892522,C102355,VA-SP-MINI,2026-06-10,vireo.in,2,4248,MINI-2602-3
VR893037,C105639,VA-SP-ORB,2026-06-10,vireo.in,1,5699,ORB-2604-4
VR895319,C101634,VA-SW-NX1,2026-06-10,Amazon,1,4999,NX1-2605-1
VR897794,C100110,VA-EB-AIR,2026-06-10,vireo.in,1,1529,AIR-2605-4
VR898248,C101588,VA-EB-AIR,2026-06-10,vireo.in,1,1799,AIR-2605-4
VR898658,C101024,VA-EB-PL1,2026-06-10,Flipkart,1,2499,PL1-2605-4
VR899577,C100006,VA-HP-ST3,2026-06-10,vireo.in,1,6999,ST3-2603-3
VR900592,C107496,VA-AC-CASE,2026-06-10,vireo.in,1,1299,CASE-2604-4
VR900720,C106003,VA-EB-PL1,2026-06-10,vireo.in,1,2499,PL1-2604-1
VR901796,C104519,VA-EB-PL1,2026-06-10,vireo.in,1,1999,PL1-2602-3
VR902932,C101773,VA-HP-ST2,2026-06-10,Amazon,1,4999,ST2-2605-4
VR903573,C105701,VA-SP-MINI,2026-06-10,vireo.in,1,2499,MINI-2604-4
VR903991,C104399,VA-AC-CH65,2026-06-10,vireo.in,1,1499,CH65-2603-4
VR906925,C103574,VA-HP-ST3,2026-06-10,Amazon,1,6999,ST3-2604-3
VR908156,C102365,VA-AC-CASE,2026-06-10,vireo.in,1,1169,CASE-2602-2
VR909448,C108263,VA-SP-MINI,2026-06-10,vireo.in,2,3998,MINI-2602-2
VR909658,C103130,VA-EB-PL2,2026-06-10,Amazon,1,3149,PL2-2604-3
VR882730,C108433,VA-EB-AIR,2026-06-11,Flipkart,1,1799,AIR-2605-2
VR883626,C105991,VA-EB-PL2,2026-06-11,vireo.in,1,3324,PL2-2603-4
VR884054,C107950,VA-SP-ORB,2026-06-11,Amazon,1,5999,ORB-2605-2
VR885780,C108040,VA-EB-AIR,2026-06-11,Amazon,1,1439,AIR-2603-4
VR888292,C100030,VA-HP-ST3,2026-06-11,Flipkart,1,6299,ST3-2604-4
VR888547,C103983,VA-SW-NX1,2026-06-11,Flipkart,1,4499,NX1-2604-3
VR888710,C107943,VA-AC-CASE,2026-06-11,vireo.in,1,1039,CASE-2603-2
VR891391,C104342,VA-SP-MINI,2026-06-11,Amazon,1,2499,MINI-2603-1
VR893454,C100565,VA-EB-PL2,2026-06-11,Flipkart,1,3499,PL2-2604-3
VR894084,C106089,VA-EB-AIR,2026-06-11,vireo.in,1,1439,AIR-2604-4
VR895761,C103612,VA-EB-PL2,2026-06-11,Flipkart,1,3499,PL2-2603-1
VR898101,C105266,VA-EB-PL1,2026-06-11,Flipkart,1,2499,PL1-2603-3
VR899861,C109370,VA-SW-NX2,2026-06-11,vireo.in,1,6499,NX2-2604-1
VR901268,C103673,VA-EB-PL2,2026-06-11,vireo.in,1,3499,PL2-2603-1
VR901606,C100273,VA-EB-AIR,2026-06-11,Amazon,1,1529,AIR-2603-1
VR902571,C105884,VA-SP-ORB,2026-06-11,Amazon,1,5399,ORB-2603-4
VR903809,C102128,VA-EB-PL2,2026-06-11,vireo.in,1,3499,PL2-2603-4
VR904045,C100467,VA-AC-CASE,2026-06-11,vireo.in,1,1299,CASE-2603-4
VR904481,C101917,VA-NB-ARC,2026-06-11,vireo.in,1,1299,ARC-2605-3
VR905605,C102828,VA-SP-MINI,2026-06-11,vireo.in,1,1999,MINI-2604-3
VR905860,C103430,VA-AC-CH65,2026-06-11,vireo.in,1,1499,CH65-2605-1
VR906267,C103838,VA-SW-NX2,2026-06-11,Flipkart,1,5849,NX2-2602-4
VR906948,C102743,VA-AC-CH65,2026-06-11,vireo.in,1,1499,CH65-2605-4
VR907878,C109223,VA-SW-NX1,2026-06-11,vireo.in,1,4749,NX1-2603-1
VR908410,C109246,VA-SW-NX2,2026-06-11,vireo.in,1,5524,NX2-2602-2
VR881789,C101845,VA-EB-PL2,2026-06-12,Amazon,1,2974,PL2-2605-3
VR881859,C106836,VA-HP-ST3,2026-06-12,vireo.in,2,11898,ST3-2604-4
VR882379,C102500,VA-HP-ST2,2026-06-12,vireo.in,1,4999,ST2-2603-1
VR883514,C101232,VA-SW-NX1,2026-06-12,Amazon,1,4999,NX1-2603-2
VR884637,C102839,VA-EB-PL2,2026-06-12,vireo.in,1,3149,PL2-2604-2
VR885226,C102299,VA-HP-ST3,2026-06-12,vireo.in,1,5949,ST3-2605-2
VR886040,C108234,VA-EB-AIR,2026-06-12,vireo.in,1,1709,AIR-2603-3
VR887403,C105367,VA-NB-ARC,2026-06-12,Amazon,1,1169,ARC-2605-1
VR889365,C104318,VA-EB-PL2,2026-06-12,Amazon,1,2799,PL2-2603-2
VR893412,C103459,VA-EB-PL1,2026-06-12,vireo.in,1,2124,PL1-2603-1
VR893579,C107435,VA-EB-PL2,2026-06-12,vireo.in,1,2974,PL2-2603-1
VR894385,C109124,VA-HP-ST3,2026-06-12,Flipkart,1,6649,ST3-2605-3
VR894814,C109195,VA-EB-PL2,2026-06-12,vireo.in,1,3499,PL2-2603-2
VR895948,C103342,VA-EB-PL2,2026-06-12,vireo.in,1,3324,PL2-2603-2
VR899846,C101596,VA-SW-NX1,2026-06-12,vireo.in,1,4499,NX1-2605-2
VR900597,C104009,VA-EB-PL2,2026-06-12,vireo.in,1,2799,PL2-2604-2
VR903507,C103754,VA-EB-AIR,2026-06-12,Amazon,1,1619,AIR-2603-4
VR907262,C105694,VA-SW-FIT,2026-06-12,Amazon,1,1999,FIT-2603-3
VR909328,C105381,VA-SW-NX1,2026-06-12,Amazon,1,4999,NX1-2605-2
VR880669,C104099,VA-EB-PL2,2026-06-13,Amazon,1,2974,PL2-2603-2
VR882327,C106922,VA-EB-PL2,2026-06-13,vireo.in,1,2974,PL2-2603-4
VR882912,C105116,VA-SP-MINI,2026-06-13,Amazon,1,2374,MINI-2605-1
VR883823,C101214,VA-EB-PL1,2026-06-13,Flipkart,1,2499,PL1-2603-2
VR885342,C102667,VA-EB-PL2,2026-06-13,vireo.in,1,3499,PL2-2605-4
VR885743,C104930,VA-EB-PL2,2026-06-13,Amazon,1,2974,PL2-2604-1
VR885880,C104108,VA-EB-PL1,2026-06-13,Amazon,1,2499,PL1-2604-2
VR887177,C108986,VA-SP-MINI,2026-06-13,Flipkart,1,2249,MINI-2605-4
VR890871,C109310,VA-EB-PL2,2026-06-13,vireo.in,1,2799,PL2-2602-1
VR891174,C107270,VA-EB-PL2,2026-06-13,vireo.in,2,6998,PL2-2604-2
VR891972,C108475,VA-EB-AIR,2026-06-13,vireo.in,1,1799,AIR-2605-1
VR893433,C107589,VA-EB-PL2,2026-06-13,Amazon,1,3499,PL2-2603-3
VR895040,C106592,VA-SW-NX2,2026-06-13,vireo.in,1,5524,NX2-2605-4
VR895964,C106054,VA-SP-MINI,2026-06-13,vireo.in,1,2499,MINI-2604-2
VR899709,C106160,VA-SW-NX2,2026-06-13,vireo.in,1,6499,NX2-2604-2
VR899966,C104556,VA-EB-PL2,2026-06-13,vireo.in,1,2974,PL2-2604-3
VR900107,C105020,VA-EB-PL2,2026-06-13,Amazon,1,2799,PL2-2605-2
VR900789,C104438,VA-EB-AIR,2026-06-13,vireo.in,1,1439,AIR-2605-2
VR900869,C106848,VA-EB-PL2,2026-06-13,vireo.in,1,2974,PL2-2604-2
VR901128,C103475,VA-EB-PL1,2026-06-13,Amazon,2,4998,PL1-2603-4
VR902068,C106247,VA-EB-AIR,2026-06-13,vireo.in,1,1799,AIR-2603-3
VR902076,C103158,VA-AC-CH65,2026-06-13,Flipkart,1,1499,CH65-2604-1
VR902961,C104201,VA-NB-ARC,2026-06-13,Amazon,1,1299,ARC-2605-1
VR903144,C104290,VA-SP-MINI,2026-06-13,vireo.in,1,2499,MINI-2603-4
VR906175,C106240,VA-EB-PL2,2026-06-13,Amazon,1,3499,PL2-2604-3
VR907201,C108987,VA-EB-AIR,2026-06-13,Flipkart,1,1619,AIR-2605-2
VR907764,C109312,VA-EB-PL2,2026-06-13,vireo.in,1,3324,PL2-2603-3
VR909207,C103725,VA-EB-PL2,2026-06-13,Flipkart,1,2799,PL2-2605-4
VR909548,C107598,VA-EB-PL2,2026-06-13,Flipkart,1,3324,PL2-2604-3
VR880365,C106592,VA-EB-PL2,2026-06-14,vireo.in,1,2974,PL2-2605-2
VR880981,C107430,VA-HP-ST3,2026-06-14,vireo.in,1,6649,ST3-2603-3
VR886724,C107576,VA-EB-PL1,2026-06-14,Amazon,2,4998,PL1-2605-1
VR888970,C108900,VA-EB-AIR,2026-06-14,Amazon,1,1799,AIR-2605-2
VR889847,C103078,VA-EB-AIR,2026-06-14,vireo.in,1,1799,AIR-2603-1
VR890868,C103943,VA-EB-PL2,2026-06-14,vireo.in,1,3499,PL2-2603-4
VR892212,C101761,VA-EB-PL1,2026-06-14,Amazon,1,2499,PL1-2604-3
VR894181,C109094,VA-SW-FIT,2026-06-14,Amazon,1,1699,FIT-2605-2
VR894409,C106879,VA-EB-PL2,2026-06-14,Flipkart,1,3499,PL2-2603-2
VR894450,C107215,VA-SW-FIT,2026-06-14,vireo.in,1,1999,FIT-2604-4
VR896469,C105129,VA-HP-ST3,2026-06-14,Amazon,1,5599,ST3-2603-4
VR896524,C104250,VA-EB-PL2,2026-06-14,vireo.in,1,3324,PL2-2605-1
VR897728,C109130,VA-EB-PL2,2026-06-14,Amazon,1,3499,PL2-2604-4
VR897900,C102702,VA-SW-NX2,2026-06-14,Flipkart,1,6174,NX2-2603-3
VR898153,C105259,VA-EB-PL2,2026-06-14,Amazon,1,3499,PL2-2603-1
VR898482,C106999,VA-EB-PL2,2026-06-14,Flipkart,1,2799,PL2-2604-3
VR900223,C108453,VA-SW-FIT,2026-06-14,vireo.in,1,1999,FIT-2603-1
VR900361,C100550,VA-HP-ST3,2026-06-14,vireo.in,1,6999,ST3-2603-2
VR900816,C104679,VA-HP-ST3,2026-06-14,Amazon,1,5599,ST3-2604-3
VR901130,C101025,VA-SW-FIT,2026-06-14,Flipkart,1,1599,FIT-2604-1
VR902474,C107980,VA-HP-ST3,2026-06-14,vireo.in,1,6999,ST3-2602-3
VR902561,C108225,VA-EB-AIR,2026-06-14,vireo.in,1,1709,AIR-2604-4
VR903302,C109275,VA-EB-PL2,2026-06-14,Amazon,1,2799,PL2-2602-3
VR903602,C104423,VA-EB-AIR,2026-06-14,vireo.in,1,1439,AIR-2603-4
VR903670,C102038,VA-EB-PL2,2026-06-14,vireo.in,1,3324,PL2-2603-2
VR905156,C100828,VA-EB-PL2,2026-06-14,Amazon,1,2799,PL2-2605-3
VR907787,C102399,VA-EB-PL1,2026-06-14,vireo.in,1,2499,PL1-2604-1
VR908297,C102284,VA-EB-PL2,2026-06-14,Amazon,2,6998,PL2-2605-2
VR909894,C107619,VA-SW-NX2,2026-06-14,vireo.in,2,12998,NX2-2603-1
VR909901,C100074,VA-SW-FIT,2026-06-14,vireo.in,2,3998,FIT-2605-4
VR880199,C106876,VA-SW-FIT,2026-06-15,vireo.in,1,1999,FIT-2604-2
VR880617,C105548,VA-NB-ARC,2026-06-15,vireo.in,1,1234,ARC-2604-4
VR881503,C105045,VA-SP-MINI,2026-06-15,vireo.in,1,2499,MINI-2603-4
VR882037,C103876,VA-HP-ST3,2026-06-15,Amazon,1,6299,ST3-2604-3
VR883716,C101720,VA-EB-PL2,2026-06-15,vireo.in,1,3324,PL2-2604-4
VR885571,C102869,VA-AC-CASE,2026-06-15,vireo.in,1,1299,CASE-2604-3
VR888332,C108126,VA-EB-PL2,2026-06-15,Flipkart,2,6998,PL2-2605-1
VR889511,C100082,VA-EB-AIR,2026-06-15,Amazon,1,1619,AIR-2604-1
VR890592,C106399,VA-EB-PL2,2026-06-15,Amazon,1,3499,PL2-2603-2
VR890689,C107310,VA-EB-PL1,2026-06-15,Flipkart,1,2499,PL1-2605-4
VR893463,C108937,VA-NB-ARC,2026-06-15,vireo.in,1,1039,ARC-2605-3
VR894053,C104607,VA-EB-AIR,2026-06-15,vireo.in,1,1619,AIR-2603-4
VR894229,C103602,VA-EB-PL1,2026-06-15,vireo.in,1,1999,PL1-2605-3
VR894900,C108036,VA-EB-PL2,2026-06-15,Flipkart,1,2974,PL2-2605-4
VR900573,C103109,VA-EB-PL2,2026-06-15,vireo.in,1,3149,PL2-2605-1
VR900714,C100822,VA-HP-ST2,2026-06-15,Amazon,1,4999,ST2-2605-3
VR906698,C100783,VA-HP-ST2,2026-06-15,vireo.in,1,4999,ST2-2604-1
VR907702,C100708,VA-HP-ST2,2026-06-15,Amazon,1,4999,ST2-2604-1
VR908959,C106079,VA-SP-ORB,2026-06-15,Flipkart,1,5999,ORB-2603-4
VR881114,C102281,VA-EB-PL2,2026-06-16,Amazon,1,2799,PL2-2603-1
VR881913,C102500,VA-SW-NX2,2026-06-16,vireo.in,1,6499,NX2-2603-4
VR885185,C102478,VA-SP-ORB,2026-06-16,vireo.in,1,4799,ORB-2605-1
VR885507,C102194,VA-EB-PL2,2026-06-16,vireo.in,1,3499,PL2-2603-4
VR889112,C101597,VA-EB-PL2,2026-06-16,Amazon,1,3499,PL2-2605-3
VR889292,C104068,VA-SW-NX2,2026-06-16,vireo.in,1,6499,NX2-2602-3
VR889438,C102911,VA-EB-PL2,2026-06-16,Amazon,2,6998,PL2-2605-3
VR889803,C109186,VA-EB-PL2,2026-06-16,Flipkart,1,2799,PL2-2604-2
VR890423,C107128,VA-HP-ST3,2026-06-16,Amazon,1,6999,ST3-2604-3
VR893365,C105477,VA-EB-PL2,2026-06-16,vireo.in,1,2974,PL2-2605-3
VR896071,C103657,VA-EB-PL2,2026-06-16,vireo.in,1,3499,PL2-2604-3
VR896694,C102477,VA-EB-PL2,2026-06-16,vireo.in,1,3149,PL2-2604-4
VR896754,C107323,VA-EB-PL2,2026-06-16,vireo.in,1,2974,PL2-2604-1
VR897406,C105297,VA-EB-PL2,2026-06-16,Flipkart,1,3499,PL2-2603-1
VR897449,C105173,VA-EB-PL2,2026-06-16,Flipkart,2,5948,PL2-2603-1
VR898875,C101610,VA-SW-NX2,2026-06-16,vireo.in,1,5849,NX2-2605-4
VR900306,C104586,VA-SW-NX1,2026-06-16,vireo.in,1,3999,NX1-2603-3
VR900857,C109161,VA-EB-PL2,2026-06-16,vireo.in,1,3324,PL2-2605-3
VR901025,C105964,VA-EB-PL2,2026-06-16,Amazon,1,3324,PL2-2605-4
VR901351,C100786,VA-EB-PL2,2026-06-16,vireo.in,1,3149,PL2-2605-2
VR901402,C109228,VA-EB-PL2,2026-06-16,vireo.in,1,3499,PL2-2604-3
VR901460,C104951,VA-EB-PL2,2026-06-16,vireo.in,1,3324,PL2-2603-3
VR903388,C109255,VA-HP-ST3,2026-06-16,vireo.in,2,11198,ST3-2604-2
VR903419,C106577,VA-EB-PL2,2026-06-16,vireo.in,1,3149,PL2-2604-1
VR905553,C100004,VA-EB-PL2,2026-06-16,vireo.in,1,3499,PL2-2604-1
VR905865,C101134,VA-SW-FIT,2026-06-16,Flipkart,1,1999,FIT-2605-3
VR907362,C106554,VA-EB-PL2,2026-06-16,vireo.in,1,2799,PL2-2605-3
VR907583,C108267,VA-EB-PL2,2026-06-16,vireo.in,1,3499,PL2-2605-2
VR908567,C105135,VA-EB-PL2,2026-06-16,Amazon,1,3324,PL2-2604-2
VR883974,C109425,VA-SW-FIT,2026-06-17,Amazon,1,1899,FIT-2604-1
VR885506,C103456,VA-EB-PL2,2026-06-17,Flipkart,1,3499,PL2-2605-2
VR887568,C108167,VA-EB-PL2,2026-06-17,vireo.in,1,3499,PL2-2604-4
VR888708,C106997,VA-NB-ARC,2026-06-17,vireo.in,1,1299,ARC-2605-4
VR889380,C102668,VA-AC-CH65,2026-06-17,Amazon,1,1274,CH65-2602-2
VR890037,C106650,VA-SW-NX2,2026-06-17,vireo.in,1,6174,NX2-2603-3
VR892511,C108228,VA-HP-ST3,2026-06-17,vireo.in,1,6649,ST3-2605-3
VR894553,C100588,VA-SW-NX2,2026-06-17,vireo.in,1,6499,NX2-2604-1
VR896051,C105293,VA-EB-PL2,2026-06-17,Flipkart,1,2799,PL2-2605-4
VR900187,C105543,VA-EB-PL2,2026-06-17,Flipkart,1,2799,PL2-2604-2
VR900665,C108119,VA-NB-ARC,2026-06-17,Amazon,1,1299,ARC-2603-2
VR901373,C101557,VA-EB-PL1,2026-06-17,Flipkart,1,2499,PL1-2603-2
VR906334,C106081,VA-AC-CASE,2026-06-17,Amazon,1,1039,CASE-2603-4
VR907843,C101122,VA-AC-CH65,2026-06-17,vireo.in,1,1424,CH65-2603-3
VR908357,C105042,VA-EB-PL2,2026-06-17,vireo.in,1,3324,PL2-2603-4
VR909171,C101414,VA-EB-PL2,2026-06-17,Flipkart,1,2974,PL2-2605-4
VR909854,C107800,VA-EB-PL2,2026-06-17,Flipkart,1,3499,PL2-2603-2
VR910021,C102054,VA-HP-ST3,2026-06-17,Flipkart,1,6999,ST3-2604-4
VR881260,C100730,VA-EB-PL2,2026-06-18,Amazon,1,3499,PL2-2603-3
VR882509,C104937,VA-EB-PL2,2026-06-18,Amazon,1,3324,PL2-2605-2
VR883057,C108826,VA-EB-PL1,2026-06-18,Amazon,1,2499,PL1-2603-3
VR884822,C106045,VA-SP-MINI,2026-06-18,Flipkart,2,4748,MINI-2605-2
VR886756,C106369,VA-EB-PL2,2026-06-18,Amazon,1,3499,PL2-2603-1
VR886857,C108160,VA-EB-PL2,2026-06-18,Amazon,1,2974,PL2-2605-3
VR891333,C103984,VA-AC-CH65,2026-06-18,vireo.in,2,2398,CH65-2603-3
VR892170,C102347,VA-EB-PL2,2026-06-18,Amazon,1,2974,PL2-2605-4
VR892875,C104132,VA-EB-PL2,2026-06-18,Flipkart,2,6998,PL2-2603-4
VR894515,C101075,VA-EB-PL1,2026-06-18,vireo.in,1,2124,PL1-2603-2
VR898105,C108669,VA-EB-PL2,2026-06-18,vireo.in,1,3324,PL2-2603-1
VR899325,C102645,VA-SW-NX2,2026-06-18,vireo.in,1,6499,NX2-2604-1
VR899364,C102613,VA-HP-ST2,2026-06-18,Amazon,1,4499,ST2-2603-2
VR903831,C102642,VA-AC-CASE,2026-06-18,vireo.in,2,2598,CASE-2605-3
VR904380,C100218,VA-EB-PL1,2026-06-18,vireo.in,1,2374,PL1-2604-1
VR904847,C102745,VA-EB-PL2,2026-06-18,vireo.in,1,3149,PL2-2605-1
VR905443,C106766,VA-EB-PL2,2026-06-18,Amazon,1,3499,PL2-2604-2
VR906108,C100982,VA-AC-CASE,2026-06-18,vireo.in,1,1234,CASE-2605-3
VR906590,C100484,VA-EB-PL2,2026-06-18,vireo.in,1,3499,PL2-2604-3
VR907015,C104240,VA-HP-ST2,2026-06-18,vireo.in,1,3999,ST2-2603-4
VR907475,C109293,VA-SP-MINI,2026-06-18,Amazon,1,2249,MINI-2605-3
VR908211,C104964,VA-AC-CASE,2026-06-18,vireo.in,1,1299,CASE-2604-1
VR909765,C103334,VA-NB-ARC,2026-06-18,vireo.in,1,1169,ARC-2604-2
VR882253,C107778,VA-EB-PL1,2026-06-19,vireo.in,1,2499,PL1-2604-2
VR882897,C102299,VA-SP-ORB,2026-06-19,vireo.in,1,5099,ORB-2605-1
VR884846,C102913,VA-SP-MINI,2026-06-19,Amazon,1,2499,MINI-2603-3
VR886286,C101458,VA-EB-PL1,2026-06-19,vireo.in,1,2249,PL1-2605-4
VR887124,C105405,VA-SW-FIT,2026-06-19,vireo.in,1,1899,FIT-2603-4
VR887841,C102533,VA-SW-NX1,2026-06-19,vireo.in,1,4249,NX1-2603-2
VR887971,C104475,VA-EB-AIR,2026-06-19,Amazon,1,1439,AIR-2605-3
VR889575,C101197,VA-EB-PL2,2026-06-19,Flipkart,1,2974,PL2-2603-4
VR890317,C107772,VA-SP-MINI,2026-06-19,vireo.in,1,2374,MINI-2604-2
VR892039,C106770,VA-SW-NX2,2026-06-19,vireo.in,1,6499,NX2-2603-4
VR892101,C105237,VA-EB-PL2,2026-06-19,vireo.in,1,3499,PL2-2604-3
VR892200,C108655,VA-AC-CH65,2026-06-19,Amazon,1,1274,CH65-2604-2
VR894137,C107334,VA-EB-PL2,2026-06-19,vireo.in,1,2799,PL2-2603-1
VR894530,C106069,VA-EB-PL2,2026-06-19,vireo.in,1,3324,PL2-2605-1
VR894637,C106635,VA-EB-PL2,2026-06-19,Amazon,1,3324,PL2-2604-4
VR895090,C106826,VA-EB-PL1,2026-06-19,Amazon,1,2374,PL1-2603-1
VR895204,C101918,VA-SW-NX1,2026-06-19,vireo.in,1,3999,NX1-2605-1
VR895554,C106272,VA-EB-PL1,2026-06-19,Amazon,1,2499,PL1-2605-2
VR895758,C104965,VA-SP-MINI,2026-06-19,Amazon,1,2499,MINI-2604-1
VR897105,C103747,VA-HP-ST3,2026-06-19,Amazon,1,6299,ST3-2604-2
VR897278,C108319,VA-EB-PL2,2026-06-19,vireo.in,1,3324,PL2-2604-3
VR897700,C107728,VA-SW-NX1,2026-06-19,vireo.in,1,4499,NX1-2605-3
VR898155,C102120,VA-EB-PL2,2026-06-19,Amazon,1,3499,PL2-2605-4
VR898266,C102053,VA-SW-NX2,2026-06-19,vireo.in,1,5199,NX2-2605-4
VR898461,C104112,VA-EB-PL2,2026-06-19,vireo.in,1,3324,PL2-2603-2
VR901598,C104311,VA-EB-PL2,2026-06-19,Amazon,1,3499,PL2-2604-1
VR903293,C102703,VA-EB-PL2,2026-06-19,vireo.in,1,3499,PL2-2603-1
VR904628,C106578,VA-EB-AIR,2026-06-19,vireo.in,1,1619,AIR-2603-3
VR905418,C102241,VA-EB-PL2,2026-06-19,Amazon,1,3149,PL2-2603-2
VR905453,C109287,VA-EB-PL2,2026-06-19,Amazon,1,3324,PL2-2605-1
VR906721,C100583,VA-EB-PL2,2026-06-19,Amazon,1,2799,PL2-2605-4
VR907497,C107599,VA-HP-ST3,2026-06-19,vireo.in,1,6299,ST3-2604-2
VR907656,C105852,VA-HP-ST3,2026-06-19,vireo.in,1,6999,ST3-2603-2
VR907938,C102712,VA-EB-PL2,2026-06-19,vireo.in,1,2974,PL2-2603-1
VR908147,C106091,VA-EB-PL1,2026-06-19,vireo.in,1,1999,PL1-2605-1
VR881794,C103137,VA-EB-PL2,2026-06-20,Amazon,1,3324,PL2-2604-1
VR883215,C106022,VA-EB-PL2,2026-06-20,vireo.in,1,3149,PL2-2605-3
VR884062,C105864,VA-EB-PL2,2026-06-20,Flipkart,1,2799,PL2-2603-4
VR885297,C103556,VA-SP-MINI,2026-06-20,vireo.in,1,2499,MINI-2604-3
VR886333,C102355,VA-EB-PL2,2026-06-20,vireo.in,1,3499,PL2-2603-1
VR887180,C100633,VA-EB-PL2,2026-06-20,Amazon,1,2799,PL2-2603-1
VR888888,C102674,VA-EB-PL2,2026-06-20,Flipkart,1,3499,PL2-2605-1
VR890908,C101261,VA-HP-ST3,2026-06-20,Flipkart,1,6999,ST3-2604-3
VR891124,C104744,VA-EB-PL2,2026-06-20,vireo.in,1,3324,PL2-2605-1
VR892403,C108294,VA-EB-AIR,2026-06-20,Amazon,1,1709,AIR-2605-1
VR893848,C104593,VA-EB-PL2,2026-06-20,vireo.in,1,3499,PL2-2603-1
VR893913,C105230,VA-SW-NX2,2026-06-20,vireo.in,1,5524,NX2-2604-3
VR894356,C103778,VA-NB-ARC,2026-06-20,vireo.in,1,1104,ARC-2605-4
VR894494,C100474,VA-EB-PL2,2026-06-20,Flipkart,1,2799,PL2-2603-4
VR899107,C100429,VA-EB-PL2,2026-06-20,vireo.in,1,2974,PL2-2604-1
VR900028,C107743,VA-EB-PL1,2026-06-20,Amazon,1,2124,PL1-2604-1
VR900169,C102263,VA-SP-ORB,2026-06-20,vireo.in,1,4799,ORB-2603-4
VR900699,C105039,VA-EB-PL2,2026-06-20,Amazon,1,2974,PL2-2603-3
VR901084,C108801,VA-EB-PL2,2026-06-20,vireo.in,1,3499,PL2-2605-4
VR901805,C106774,VA-EB-PL1,2026-06-20,Flipkart,1,2499,PL1-2603-4
VR902146,C105391,VA-SP-MINI,2026-06-20,vireo.in,1,2124,MINI-2604-1
VR902173,C101347,VA-HP-ST3,2026-06-20,Amazon,1,6299,ST3-2605-3
VR902702,C104158,VA-EB-PL2,2026-06-20,Flipkart,1,3499,PL2-2605-1
VR902715,C100014,VA-EB-PL1,2026-06-20,vireo.in,1,1999,PL1-2604-4
VR902967,C105889,VA-EB-PL1,2026-06-20,vireo.in,1,2499,PL1-2604-1
VR903868,C106673,VA-EB-PL2,2026-06-20,Amazon,1,3499,PL2-2605-3
VR904550,C104270,VA-SW-FIT,2026-06-20,vireo.in,1,1899,FIT-2605-1
VR905294,C102357,VA-EB-PL2,2026-06-20,Amazon,1,3499,PL2-2604-3
VR905296,C102152,VA-EB-AIR,2026-06-20,vireo.in,2,3058,AIR-2605-4
VR907273,C106090,VA-EB-PL2,2026-06-20,Amazon,1,3499,PL2-2604-3
VR907383,C107448,VA-EB-PL2,2026-06-20,vireo.in,1,3149,PL2-2605-3
VR907862,C100561,VA-EB-PL2,2026-06-20,Amazon,1,2799,PL2-2605-3
VR908229,C100564,VA-SW-NX1,2026-06-20,Flipkart,1,4999,NX1-2605-4
VR908426,C100696,VA-EB-PL2,2026-06-20,vireo.in,1,3324,PL2-2604-1
VR908849,C103900,VA-EB-PL2,2026-06-20,vireo.in,1,3499,PL2-2604-2
VR909812,C101602,VA-EB-PL1,2026-06-20,vireo.in,1,2374,PL1-2605-3
VR880277,C107103,VA-EB-PL2,2026-06-21,vireo.in,1,3499,PL2-2604-4
VR880543,C106993,VA-SP-MINI,2026-06-21,vireo.in,1,2499,MINI-2603-1
VR881456,C102872,VA-HP-ST3,2026-06-21,Amazon,1,5599,ST3-2604-1
VR881487,C103489,VA-HP-ST2,2026-06-21,vireo.in,1,4999,ST2-2605-1
VR882012,C105976,VA-EB-PL1,2026-06-21,Flipkart,1,2374,PL1-2603-3
VR882989,C102055,VA-SP-MINI,2026-06-21,vireo.in,1,2499,MINI-2605-3
VR884224,C108862,VA-EB-PL2,2026-06-21,vireo.in,1,3499,PL2-2603-3
VR884678,C105053,VA-SP-MINI,2026-06-21,Flipkart,1,2374,MINI-2604-4
VR885663,C108559,VA-EB-AIR,2026-06-21,Amazon,1,1529,AIR-2605-1
VR886562,C106821,VA-EB-AIR,2026-06-21,Flipkart,1,1529,AIR-2605-4
VR888080,C103936,VA-EB-PL2,2026-06-21,vireo.in,1,2799,PL2-2604-3
VR890321,C106866,VA-EB-AIR,2026-06-21,vireo.in,1,1709,AIR-2605-1
VR890962,C106403,VA-NB-ARC,2026-06-21,vireo.in,1,1299,ARC-2604-3
VR891033,C107591,VA-SW-FIT,2026-06-21,Amazon,1,1799,FIT-2603-3
VR892668,C106745,VA-EB-PL2,2026-06-21,vireo.in,1,3324,PL2-2604-1
VR894037,C105944,VA-EB-PL2,2026-06-21,Amazon,1,3499,PL2-2605-2
VR894471,C106246,VA-HP-ST3,2026-06-21,Amazon,1,6999,ST3-2603-3
VR896531,C101463,VA-SW-NX2,2026-06-21,Amazon,1,6499,NX2-2604-4
VR897890,C100197,VA-SP-ORB,2026-06-21,Amazon,1,5999,ORB-2603-3
VR898679,C107775,VA-NB-ARC,2026-06-21,Amazon,1,1299,ARC-2603-4
VR898967,C104777,VA-SP-ORB,2026-06-21,Amazon,1,5399,ORB-2603-3
VR899790,C100328,VA-SP-MINI,2026-06-21,Amazon,1,1999,MINI-2603-1
VR900795,C109325,VA-HP-ST3,2026-06-21,vireo.in,1,5949,ST3-2603-3
VR903798,C108215,VA-AC-CASE,2026-06-21,vireo.in,1,1299,CASE-2603-4
VR903820,C104326,VA-EB-PL1,2026-06-21,Amazon,1,2499,PL1-2604-3
VR904013,C103265,VA-EB-PL1,2026-06-21,Amazon,1,2499,PL1-2603-4
VR904144,C104439,VA-EB-AIR,2026-06-21,Flipkart,1,1799,AIR-2605-3
VR904536,C100584,VA-EB-AIR,2026-06-21,vireo.in,1,1529,AIR-2605-3
VR904762,C107304,VA-SW-NX2,2026-06-21,vireo.in,1,6499,NX2-2603-1
VR907420,C101543,VA-AC-CASE,2026-06-21,vireo.in,1,1299,CASE-2605-4
VR909624,C100132,VA-EB-PL2,2026-06-21,Amazon,1,2799,PL2-2604-2
VR884471,C100035,VA-EB-PL2,2026-06-22,Amazon,1,3499,PL2-2603-4
VR884760,C109025,VA-AC-CBL,2026-06-22,Amazon,1,399,CBL-2603-1
VR885519,C109475,VA-EB-PL2,2026-06-22,vireo.in,1,2974,PL2-2605-4
VR886726,C105670,VA-AC-CASE,2026-06-22,Amazon,1,1299,CASE-2604-3
VR887227,C100876,VA-EB-PL2,2026-06-22,Amazon,1,2974,PL2-2603-1
VR888523,C102046,VA-SW-FIT,2026-06-22,vireo.in,1,1599,FIT-2604-2
VR890143,C100503,VA-EB-PL1,2026-06-22,vireo.in,1,2499,PL1-2604-2
VR891632,C101419,VA-SW-NX1,2026-06-22,vireo.in,1,3999,NX1-2603-2
VR892896,C106518,VA-EB-PL1,2026-06-22,vireo.in,1,2499,PL1-2604-1
VR893053,C105859,VA-AC-CASE,2026-06-22,vireo.in,1,1104,CASE-2604-3
VR894981,C105339,VA-EB-PL2,2026-06-22,vireo.in,1,3149,PL2-2603-3
VR895290,C106836,VA-SW-NX2,2026-06-22,vireo.in,1,6499,NX2-2606-4
VR895696,C104875,VA-SW-NX2,2026-06-22,vireo.in,1,5849,NX2-2605-2
VR897092,C107915,VA-HP-ST2,2026-06-22,vireo.in,2,9498,ST2-2604-4
VR897250,C102889,VA-EB-PL1,2026-06-22,vireo.in,1,2499,PL1-2605-4
VR898308,C103831,VA-EB-PL2,2026-06-22,vireo.in,1,2974,PL2-2605-1
VR900807,C103301,VA-EB-AIR,2026-06-22,vireo.in,1,1799,AIR-2605-4
VR905962,C103666,VA-EB-PL2,2026-06-22,Amazon,1,2974,PL2-2604-1
VR906899,C102890,VA-NB-ARC,2026-06-22,Amazon,1,1299,ARC-2603-1
VR907453,C109031,VA-EB-PL2,2026-06-22,vireo.in,1,3499,PL2-2604-2
VR908578,C100823,VA-HP-ST3,2026-06-22,vireo.in,1,6299,ST3-2603-1
VR882502,C101267,VA-SW-FIT,2026-06-23,Amazon,1,1999,FIT-2605-3
VR882715,C105167,VA-EB-PL2,2026-06-23,Amazon,1,3324,PL2-2605-1
VR883004,C104844,VA-SW-NX2,2026-06-23,vireo.in,2,12998,NX2-2603-2
VR884068,C104324,VA-SP-MINI,2026-06-23,vireo.in,1,2249,MINI-2605-2
VR884885,C102484,VA-EB-PL2,2026-06-23,vireo.in,1,3149,PL2-2605-1
VR885280,C104060,VA-SW-NX2,2026-06-23,Flipkart,2,10398,NX2-2604-4
VR885287,C107448,VA-SW-NX1,2026-06-23,Flipkart,1,4999,NX1-2604-4
VR886792,C105958,VA-AC-CASE,2026-06-23,Amazon,1,1039,CASE-2603-4
VR888461,C105197,VA-SW-NX1,2026-06-23,vireo.in,1,4499,NX1-2605-3
VR890551,C102295,VA-EB-PL1,2026-06-23,Amazon,1,2499,PL1-2604-3
VR890685,C104411,VA-SW-NX1,2026-06-23,Amazon,1,4999,NX1-2605-1
VR890701,C109166,VA-HP-ST3,2026-06-23,Amazon,1,6999,ST3-2605-1
VR891564,C108324,VA-SW-NX1,2026-06-23,vireo.in,1,4749,NX1-2605-4
VR892813,C106666,VA-SP-ORB,2026-06-23,Amazon,1,5699,ORB-2604-1
VR893113,C105993,VA-NB-ARC,2026-06-23,Amazon,1,1299,ARC-2603-1
VR894188,C104729,VA-AC-CH65,2026-06-23,vireo.in,1,1424,CH65-2603-3
VR895260,C107555,VA-AC-CH65,2026-06-23,vireo.in,1,1499,CH65-2605-1
VR895491,C102230,VA-EB-PL2,2026-06-23,vireo.in,1,3149,PL2-2603-2
VR895618,C108437,VA-EB-AIR,2026-06-23,Amazon,1,1799,AIR-2604-1
VR897479,C103802,VA-EB-AIR,2026-06-23,vireo.in,1,1799,AIR-2605-2
VR897825,C103526,VA-SW-NX2,2026-06-23,vireo.in,1,5199,NX2-2605-1
VR900619,C101625,VA-EB-PL2,2026-06-23,vireo.in,1,3499,PL2-2605-4
VR900696,C103168,VA-EB-PL1,2026-06-23,vireo.in,1,2499,PL1-2603-3
VR902997,C100762,VA-SP-MINI,2026-06-23,vireo.in,1,1999,MINI-2605-1
VR903498,C106837,VA-SW-FIT,2026-06-23,vireo.in,1,1999,FIT-2603-4
VR905270,C106405,VA-EB-AIR,2026-06-23,Amazon,2,3058,AIR-2605-4
VR909512,C108566,VA-SP-ORB,2026-06-23,Amazon,1,5999,ORB-2603-2
VR880458,C106506,VA-EB-PL1,2026-06-24,vireo.in,1,1999,PL1-2605-2
VR880794,C108534,VA-EB-PL2,2026-06-24,vireo.in,1,3499,PL2-2606-2
VR880832,C102499,VA-SW-NX2,2026-06-24,Flipkart,1,5524,NX2-2603-1
VR882018,C100813,VA-HP-ST3,2026-06-24,vireo.in,1,6999,ST3-2604-4
VR882411,C109381,VA-EB-PL2,2026-06-24,vireo.in,1,3149,PL2-2605-2
VR882876,C100623,VA-EB-PL2,2026-06-24,vireo.in,2,6998,PL2-2604-1
VR885092,C108243,VA-EB-AIR,2026-06-24,Flipkart,1,1799,AIR-2604-4
VR886929,C107506,VA-SW-NX2,2026-06-24,vireo.in,1,6499,NX2-2605-2
VR887000,C103651,VA-EB-PL1,2026-06-24,vireo.in,1,1999,PL1-2605-2
VR889032,C107202,VA-SW-NX2,2026-06-24,vireo.in,2,11698,NX2-2603-2
VR890925,C102876,VA-SW-NX1,2026-06-24,vireo.in,1,3999,NX1-2603-1
VR891209,C104597,VA-EB-PL2,2026-06-24,Flipkart,1,3149,PL2-2604-4
VR892456,C107493,VA-EB-PL2,2026-06-24,vireo.in,1,3149,PL2-2605-2
VR892961,C104928,VA-EB-PL1,2026-06-24,vireo.in,1,2374,PL1-2604-2
VR895118,C109177,VA-NB-ARC,2026-06-24,vireo.in,1,1039,ARC-2604-3
VR896214,C100500,VA-EB-PL2,2026-06-24,vireo.in,1,3499,PL2-2605-1
VR896298,C108353,VA-SW-NX1,2026-06-24,vireo.in,1,4499,NX1-2603-1
VR897217,C100735,VA-EB-PL2,2026-06-24,vireo.in,1,3499,PL2-2605-1
VR897311,C101329,VA-HP-ST3,2026-06-24,vireo.in,1,6999,ST3-2605-4
VR897860,C106921,VA-EB-PL1,2026-06-24,Flipkart,1,1999,PL1-2603-2
VR899315,C103622,VA-SW-NX2,2026-06-24,Amazon,2,11048,NX2-2606-1
VR899520,C102209,VA-EB-PL1,2026-06-24,Flipkart,1,2499,PL1-2604-2
VR900773,C109464,VA-SW-FIT,2026-06-24,vireo.in,2,3598,FIT-2603-1
VR900781,C107766,VA-SP-MINI,2026-06-24,vireo.in,2,4998,MINI-2605-4
VR901392,C104424,VA-EB-PL2,2026-06-24,vireo.in,1,3324,PL2-2604-2
VR904238,C107354,VA-EB-PL2,2026-06-24,vireo.in,1,2799,PL2-2604-3
VR905451,C109066,VA-AC-CH65,2026-06-24,vireo.in,1,1274,CH65-2603-2
VR906023,C102259,VA-EB-PL2,2026-06-24,vireo.in,1,3499,PL2-2604-1
VR907967,C104381,VA-HP-ST2,2026-06-24,Flipkart,1,4499,ST2-2604-3
VR908686,C104008,VA-EB-PL1,2026-06-24,vireo.in,1,2374,PL1-2603-2
VR880639,C104169,VA-EB-PL2,2026-06-25,vireo.in,1,3324,PL2-2604-4
VR880718,C109132,VA-EB-PL2,2026-06-25,Amazon,1,2799,PL2-2603-1
VR880921,C104280,VA-EB-AIR,2026-06-25,vireo.in,1,1799,AIR-2603-3
VR881539,C101842,VA-EB-AIR,2026-06-25,vireo.in,1,1529,AIR-2605-3
VR882239,C103766,VA-SW-NX2,2026-06-25,Amazon,1,6499,NX2-2603-4
VR884989,C103865,VA-SP-MINI,2026-06-25,Amazon,1,2499,MINI-2605-2
VR885212,C103719,VA-EB-PL2,2026-06-25,Flipkart,1,3499,PL2-2605-2
VR886178,C102935,VA-SP-ORB,2026-06-25,vireo.in,1,5699,ORB-2603-4
VR886361,C109223,VA-SP-MINI,2026-06-25,vireo.in,2,4998,MINI-2604-2
VR887451,C108014,VA-HP-ST2,2026-06-25,vireo.in,2,9498,ST2-2604-2
VR890315,C107049,VA-SP-ORB,2026-06-25,Flipkart,1,5099,ORB-2605-3
VR891089,C102599,VA-SP-MINI,2026-06-25,Flipkart,1,2249,MINI-2604-4
VR891881,C107722,VA-AC-CH65,2026-06-25,vireo.in,1,1499,CH65-2605-2
VR893531,C101746,VA-SP-MINI,2026-06-25,Amazon,1,2499,MINI-2604-2
VR893547,C107741,VA-EB-PL2,2026-06-25,vireo.in,1,3499,PL2-2604-4
VR893757,C103256,VA-EB-PL2,2026-06-25,Flipkart,1,2799,PL2-2605-3
VR895542,C100686,VA-EB-PL1,2026-06-25,Amazon,1,2249,PL1-2604-1
VR895572,C105903,VA-EB-PL2,2026-06-25,vireo.in,1,3149,PL2-2603-3
VR896442,C107090,VA-EB-PL1,2026-06-25,vireo.in,1,1999,PL1-2606-2
VR897165,C100021,VA-EB-PL2,2026-06-25,Amazon,1,3499,PL2-2605-3
VR899998,C100711,VA-EB-PL2,2026-06-25,Amazon,1,3324,PL2-2604-1
VR903836,C108377,VA-EB-PL1,2026-06-25,vireo.in,1,2249,PL1-2603-4
VR906482,C105868,VA-EB-AIR,2026-06-25,vireo.in,1,1709,AIR-2605-3
VR907428,C102528,VA-EB-AIR,2026-06-25,vireo.in,1,1619,AIR-2603-4
VR908303,C104160,VA-EB-PL1,2026-06-25,Amazon,1,2374,PL1-2604-3
VR908722,C104745,VA-EB-PL2,2026-06-25,vireo.in,1,2974,PL2-2605-1
VR909777,C107475,VA-EB-PL2,2026-06-25,Amazon,1,2974,PL2-2604-1
VR883087,C108521,VA-EB-PL2,2026-06-26,vireo.in,1,3149,PL2-2606-3
VR887243,C102381,VA-EB-PL2,2026-06-26,Flipkart,1,3499,PL2-2604-4
VR887687,C104344,VA-SP-MINI,2026-06-26,vireo.in,1,1999,MINI-2605-2
VR888952,C102885,VA-EB-PL2,2026-06-26,Amazon,1,2799,PL2-2605-3
VR890825,C107079,VA-EB-PL1,2026-06-26,vireo.in,1,2374,PL1-2604-1
VR891882,C100977,VA-EB-PL2,2026-06-26,vireo.in,1,3499,PL2-2604-2
VR892436,C106640,VA-SW-NX2,2026-06-26,vireo.in,1,5524,NX2-2603-1
VR893851,C105645,VA-SW-NX2,2026-06-26,Amazon,1,5524,NX2-2605-2
VR894035,C100499,VA-SP-ORB,2026-06-26,vireo.in,1,5399,ORB-2605-4
VR894161,C100349,VA-EB-PL2,2026-06-26,vireo.in,1,3499,PL2-2604-3
VR894734,C105732,VA-EB-PL2,2026-06-26,Flipkart,1,3149,PL2-2604-4
VR894809,C103363,VA-EB-PL2,2026-06-26,Flipkart,1,3499,PL2-2604-1
VR895563,C106360,VA-SW-NX2,2026-06-26,Amazon,1,5849,NX2-2605-2
VR896249,C101589,VA-NB-ARC,2026-06-26,Amazon,2,2078,ARC-2604-3
VR896447,C108682,VA-HP-ST3,2026-06-26,Amazon,1,5599,ST3-2604-1
VR896514,C101395,VA-EB-PL2,2026-06-26,Flipkart,1,2974,PL2-2605-1
VR897897,C107080,VA-SP-ORB,2026-06-26,Amazon,1,4799,ORB-2603-2
VR898202,C104293,VA-EB-PL2,2026-06-26,Flipkart,1,3149,PL2-2605-1
VR898343,C104114,VA-SP-MINI,2026-06-26,Flipkart,1,2374,MINI-2605-4
VR902347,C105795,VA-SW-FIT,2026-06-26,Amazon,1,1999,FIT-2605-4
VR909088,C104837,VA-EB-PL2,2026-06-26,vireo.in,1,3499,PL2-2605-4
VR880160,C106642,VA-SP-MINI,2026-06-27,vireo.in,1,2499,MINI-2606-4
VR880406,C106567,VA-EB-AIR,2026-06-27,Amazon,1,1799,AIR-2604-2
VR881282,C101213,VA-HP-ST3,2026-06-27,vireo.in,2,12598,ST3-2604-1
VR881952,C101404,VA-HP-ST3,2026-06-27,vireo.in,1,6649,ST3-2603-3
VR883911,C104811,VA-SW-FIT,2026-06-27,Flipkart,1,1999,FIT-2604-1
VR884681,C104699,VA-EB-PL1,2026-06-27,vireo.in,1,2124,PL1-2605-1
VR885142,C104833,VA-EB-AIR,2026-06-27,vireo.in,1,1799,AIR-2605-4
VR885241,C104350,VA-SP-MINI,2026-06-27,vireo.in,1,1999,MINI-2604-4
VR885447,C102776,VA-EB-PL2,2026-06-27,Amazon,1,3499,PL2-2604-4
VR886046,C101028,VA-HP-ST3,2026-06-27,Amazon,1,6999,ST3-2606-4
VR887496,C102170,VA-SW-FIT,2026-06-27,Amazon,1,1999,FIT-2604-4
VR887526,C104040,VA-EB-PL2,2026-06-27,Flipkart,1,3324,PL2-2603-2
VR887977,C100728,VA-EB-PL1,2026-06-27,Amazon,1,2499,PL1-2604-4
VR888269,C103596,VA-SW-NX2,2026-06-27,Flipkart,1,5199,NX2-2605-3
VR890534,C100859,VA-SP-MINI,2026-06-27,Amazon,1,2499,MINI-2603-2
VR890584,C101770,VA-EB-AIR,2026-06-27,vireo.in,1,1799,AIR-2604-3
VR892830,C105464,VA-EB-AIR,2026-06-27,vireo.in,1,1709,AIR-2605-3
VR895145,C107149,VA-EB-PL2,2026-06-27,Amazon,2,6648,PL2-2606-1
VR897079,C103743,VA-SP-MINI,2026-06-27,Amazon,1,2249,MINI-2604-1
VR898978,C108928,VA-SP-MINI,2026-06-27,vireo.in,1,2374,MINI-2605-2
VR900980,C105529,VA-EB-PL2,2026-06-27,vireo.in,1,2974,PL2-2604-1
VR903844,C105770,VA-EB-PL2,2026-06-27,vireo.in,1,3499,PL2-2603-2
VR908372,C106606,VA-HP-ST3,2026-06-27,vireo.in,1,6649,ST3-2606-1
VR908434,C101269,VA-HP-ST2,2026-06-27,Amazon,1,3999,ST2-2605-1
VR908828,C108671,VA-EB-PL2,2026-06-27,vireo.in,1,3499,PL2-2603-1
VR880245,C103208,VA-EB-AIR,2026-06-28,Amazon,1,1529,AIR-2604-1
VR880787,C106340,VA-EB-AIR,2026-06-28,vireo.in,1,1799,AIR-2606-1
VR883457,C100751,VA-EB-PL2,2026-06-28,vireo.in,1,3149,PL2-2604-4
VR885061,C105471,VA-EB-PL2,2026-06-28,Flipkart,1,2974,PL2-2605-4
VR885783,C105496,VA-EB-PL1,2026-06-28,vireo.in,1,2499,PL1-2604-3
VR885841,C104592,VA-NB-ARC,2026-06-28,vireo.in,1,1039,ARC-2605-4
VR885927,C109037,VA-EB-AIR,2026-06-28,vireo.in,1,1799,AIR-2604-3
VR888187,C107822,VA-EB-PL2,2026-06-28,vireo.in,1,3499,PL2-2605-4
VR892781,C100650,VA-EB-PL2,2026-06-28,vireo.in,1,2974,PL2-2605-3
VR893369,C100624,VA-EB-PL2,2026-06-28,Amazon,1,2974,PL2-2604-2
VR895054,C102722,VA-EB-PL2,2026-06-28,vireo.in,2,6998,PL2-2605-4
VR897668,C108352,VA-EB-PL2,2026-06-28,Amazon,1,2799,PL2-2604-2
VR897997,C105636,VA-NB-ARC,2026-06-28,Amazon,1,1299,ARC-2605-4
VR898371,C107463,VA-EB-PL2,2026-06-28,vireo.in,2,6998,PL2-2603-3
VR898786,C108341,VA-EB-PL2,2026-06-28,Flipkart,1,3499,PL2-2605-4
VR900020,C100322,VA-EB-AIR,2026-06-28,Amazon,1,1709,AIR-2603-3
VR901061,C106393,VA-HP-ST2,2026-06-28,vireo.in,1,4749,ST2-2603-2
VR901879,C104328,VA-SP-ORB,2026-06-28,Amazon,1,5099,ORB-2605-1
VR902368,C107886,VA-EB-PL2,2026-06-28,vireo.in,1,3499,PL2-2603-4
VR903224,C100666,VA-EB-PL2,2026-06-28,vireo.in,1,3324,PL2-2604-3
VR903348,C103005,VA-EB-PL2,2026-06-28,Amazon,1,2974,PL2-2603-1
VR903808,C104866,VA-EB-PL2,2026-06-28,Amazon,1,2974,PL2-2605-1
VR906981,C102028,VA-EB-AIR,2026-06-28,vireo.in,1,1799,AIR-2605-4
VR907714,C100045,VA-EB-PL2,2026-06-28,vireo.in,1,3499,PL2-2603-2
VR907723,C100775,VA-SP-ORB,2026-06-28,vireo.in,1,5099,ORB-2605-3
VR908477,C104152,VA-EB-PL2,2026-06-28,vireo.in,2,6648,PL2-2604-3
VR880062,C107032,VA-SW-NX2,2026-06-29,Flipkart,2,12998,NX2-2605-4
VR880623,C107867,VA-AC-CBL,2026-06-29,vireo.in,1,339,CBL-2604-1
VR881141,C100532,VA-NB-ARC,2026-06-29,vireo.in,1,1299,ARC-2604-4
VR883719,C101564,VA-EB-PL2,2026-06-29,Amazon,1,3149,PL2-2605-1
VR883841,C103900,VA-EB-PL2,2026-06-29,vireo.in,1,3499,PL2-2603-2
VR886145,C100523,VA-EB-PL2,2026-06-29,Amazon,1,3499,PL2-2604-4
VR886858,C100418,VA-HP-ST3,2026-06-29,vireo.in,1,6999,ST3-2605-2
VR886969,C103019,VA-EB-PL2,2026-06-29,vireo.in,1,3324,PL2-2606-4
VR887897,C107856,VA-NB-ARC,2026-06-29,vireo.in,1,1299,ARC-2604-3
VR888065,C101260,VA-SW-NX1,2026-06-29,vireo.in,1,3999,NX1-2604-1
VR888899,C104225,VA-SP-ORB,2026-06-29,vireo.in,1,5999,ORB-2604-1
VR889696,C103284,VA-EB-PL2,2026-06-29,vireo.in,1,3499,PL2-2605-4
VR889809,C109189,VA-SW-NX2,2026-06-29,vireo.in,1,5199,NX2-2604-2
VR890515,C105660,VA-SP-MINI,2026-06-29,vireo.in,1,2499,MINI-2604-1
VR891670,C100629,VA-EB-PL2,2026-06-29,Flipkart,1,3499,PL2-2603-3
VR892769,C103802,VA-SW-NX2,2026-06-29,vireo.in,1,5849,NX2-2604-2
VR893855,C108576,VA-EB-PL2,2026-06-29,Amazon,1,3324,PL2-2606-3
VR894818,C101408,VA-NB-ARC,2026-06-29,vireo.in,1,1299,ARC-2603-3
VR895532,C100187,VA-HP-ST3,2026-06-29,Amazon,1,6999,ST3-2605-1
VR898195,C102727,VA-SW-NX1,2026-06-29,vireo.in,1,3999,NX1-2604-2
VR898503,C108244,VA-SW-NX2,2026-06-29,vireo.in,1,6174,NX2-2603-1
VR898956,C106638,VA-EB-PL2,2026-06-29,Flipkart,2,5598,PL2-2605-2
VR899271,C102918,VA-HP-ST2,2026-06-29,vireo.in,1,4249,ST2-2605-1
VR902498,C100598,VA-HP-ST3,2026-06-29,vireo.in,1,5599,ST3-2603-3
VR903758,C107915,VA-EB-AIR,2026-06-29,Amazon,1,1799,AIR-2605-4
VR904037,C107740,VA-EB-PL2,2026-06-29,vireo.in,1,3499,PL2-2603-3
VR904211,C107752,VA-AC-CASE,2026-06-29,vireo.in,1,1039,CASE-2603-2
VR908628,C106416,VA-EB-PL2,2026-06-29,vireo.in,1,3499,PL2-2604-3
VR880370,C106291,VA-EB-PL2,2026-06-30,vireo.in,1,2974,PL2-2603-3
VR881975,C100017,VA-AC-CASE,2026-06-30,vireo.in,1,1299,CASE-2606-1
VR882710,C107100,VA-SP-MINI,2026-06-30,Flipkart,1,2124,MINI-2604-2
VR884384,C102037,VA-EB-PL2,2026-06-30,Amazon,1,3499,PL2-2604-3
VR884416,C109239,VA-SP-MINI,2026-06-30,vireo.in,1,2124,MINI-2605-4
VR884488,C100299,VA-SW-NX2,2026-06-30,vireo.in,1,5524,NX2-2603-3
VR888725,C108942,VA-EB-PL2,2026-06-30,Amazon,1,3499,PL2-2604-2
VR888753,C108399,VA-HP-ST2,2026-06-30,Amazon,1,4999,ST2-2605-3
VR890713,C100328,VA-EB-PL2,2026-06-30,vireo.in,1,2799,PL2-2604-3
VR892662,C105576,VA-HP-ST3,2026-06-30,Amazon,1,6999,ST3-2606-3
VR894094,C102245,VA-EB-PL1,2026-06-30,vireo.in,1,2124,PL1-2604-1
VR894319,C104056,VA-HP-ST2,2026-06-30,vireo.in,2,8998,ST2-2605-1
VR897843,C108964,VA-HP-ST3,2026-06-30,Amazon,1,5949,ST3-2605-4
VR899338,C103525,VA-EB-PL2,2026-06-30,vireo.in,1,2799,PL2-2604-1
VR899942,C103618,VA-EB-PL2,2026-06-30,vireo.in,1,3499,PL2-2605-2
VR900233,C100440,VA-AC-CASE,2026-06-30,Amazon,1,1169,CASE-2605-4
VR901829,C104543,VA-EB-PL2,2026-06-30,vireo.in,1,3499,PL2-2605-1
VR904885,C105131,VA-EB-AIR,2026-06-30,vireo.in,2,2878,AIR-2603-2
VR906060,C100412,VA-EB-PL2,2026-06-30,vireo.in,2,6998,PL2-2605-4
VR906536,C108593,VA-EB-PL2,2026-06-30,vireo.in,1,3499,PL2-2605-2
VR909557,C103739,VA-EB-PL2,2026-06-30,Amazon,1,2974,PL2-2604-1
